timestamp: 2026-08-30T22:53:44+00:00
challenge_json: /data2/nfs/wangyingqi/CTF-Dojo/ctf-archive/angstromctf2016/drag/challenge.json
repo_path: /data2/nfs/wangyingqi/CTF-Dojo/ctf-archive/angstromctf2016/drag
dockerfile_path: (none)
command: /home/ubuntu/miniconda3/envs/enigma/bin/python /data2/nfs/wangyingqi/Cyber-Zero/enigma-plus/run.py --model_name glm52_10 --image_name sweagent/enigma:latest --data_path /tmp/enigma-drag-6r1_x9km/repo/challenge.json --repo_path /tmp/enigma-drag-6r1_x9km/repo --config_file config/default_ctf.yaml --per_instance_step_limit 200 --trajectory_path /data2/nfs/wangyingqi/Cyber-Zero/trajectories/ctfdojo_3traj_20260830_232646/traj_001/angstromctf2016__drag-6b2e194935/enigma_output/attempt-20260831T055344747765-2f604502 --messages_api_url http://127.0.0.1:23106/v1/messages --messages_api_key EMPTY

error:
batch task timeout after 3600 seconds

stdout:
ERROR    keys.cfg not found in                                                  
         /data2/nfs/wangyingqi/Cyber-Zero/enigma-plus/sweagent                  
INFO     Logging to                                                             
         /data2/nfs/wangyingqi/Cyber-Zero/trajectories/ctfdojo_3traj_20260830_23
         2646/traj_001/angstromctf2016__drag-6b2e194935/enigma_output/attempt-20
         260831T055344747765-2f604502/glm52_10__challenge__default_ctf__t-0.00__
         p-0.95__k-20__c-0.00__install-1/run-260831055347.log                   
INFO     濠电姷鏁告慨鐑姐€傞挊澹╋綁宕ㄩ弶鎴狅紱闂佽宕樺▔娑氭閵堝悿褰掓偐瀹革拷
         閸庡繘鏌ｉ妶搴℃灍闁靛洤瀚板浠嬶拷鎰垫線缁墎绱?Arguments: actions:    
           apply_patch_locally: false                                           
           open_pr: false                                                       
           push_gh_repo_url: ''                                                 
           skip_if_commits_reference_issue: true                                
         agent:                                                                 
           config:                                                              
             _commands:                                                         
             - arguments:                                                       
                 line_number:                                                   
                   description: the line number to move the window to (if not   
         provided, the                                                          
                     window will start at the top of the file)                  
                   required: false                                              
                   type: integer                                                
                 path:                                                          
                   description: the path to the file to open                    
                   required: true                                               
                   type: string                                                 
               code: "open() {    if [ -z \"$1\" ]    then        echo \"Usage: 
         open \\\"<file>\\\                                                     
                 \"\"        return    fi    # Check if the second argument is  
         provided   \                                                           
                 \ if [ -n \"$2\" ]; then        # Check if the provided        
         argument is a valid\                                                   
                 \ number        if ! [[ $2 =~ ^[0-9]+$ ]]; then            echo
         \"Usage: open\                                                         
                 \ \\\"<file>\\\" [<line_number>]\"            echo \"Error:    
         <line_number>\                                                         
                 \ must be a number\"            return  # Exit if the line     
         number is not valid\                                                   
                 \        fi        local max_line=$(awk 'END {print NR}' $1)   
         if [ $2\                                                               
                 \ -gt $max_line ]; then            echo \"Warning:             
         <line_number> ($2) is greater\                                         
                 \ than the number of lines in the file ($max_line)\"           
         echo \"Warning:\                                                       
                 \ Setting <line_number> to $max_line\"            local        
         line_number=$(jq -n\                                                   
                 \ \"$max_line\")  # Set line number to max if greater than max 
         elif\                                                                  
                 \ [ $2 -lt 1 ]; then            echo \"Warning: <line_number>  
         ($2) is less\                                                          
                 \ than 1\"            echo \"Warning: Setting <line_number> to 
         1\"       \                                                            
                 \     local line_number=$(jq -n \"1\")  # Set line number to 1 
         if less than\                                                          
                 \ 1        else            local OFFSET=$(jq -n \"$WINDOW/6\" |
         jq 'floor')\                                                           
                 \            local line_number=$(jq -n \"[$2 + $WINDOW/2 -     
         $OFFSET, 1] | max\                                                     
                 \ | floor\")        fi    else        local line_number=$(jq -n
         \"$WINDOW/2\"\                                                         
                 )  # Set default line number if not provided    fi    if [ -f  
         \"$1\" ]; then\                                                        
                 \        export CURRENT_FILE=$(realpath \"$1\")        export  
         CURRENT_LINE=$line_number\                                             
                 \        _constrain_line                # Check if this is a   
         summarizer output\                                                     
                 \ file and warn the user        if [[ \"$CURRENT_FILE\" ==     
         */output/* ]];\                                                        
                 \ then            echo \"\u26A0\uFE0F  WARNING: You are now    
         opening a summarizer\                                                  
                 \ output file.\"            echo \"    Current file:           
         $CURRENT_FILE\"     \                                                  
                 \       echo \"    Any EDIT commands will modify THIS file, not
         your original\                                                         
                 \ source file.\"            echo \"    If you want to edit your
         original source\                                                       
                 \ file, use 'open <original_file_path>' first.\"               
         echo \"\"    \                                                         
                 \    fi                _print    elif [ -d \"$1\" ]; then      
         echo \"Error:\                                                         
                 \ $1 is a directory. You can only open files. Use cd or ls to  
         navigate directories.\"\                                               
                 \    else        echo \"File $1 not found\"    fi}"            
               docstring: opens the file at the given path in the editor. If    
         line_number is                                                         
                 provided, the window will be move to include that line         
               end_name: null                                                   
               name: open                                                       
               signature: open "<path>" [<line_number>]                         
             - arguments:                                                       
                 line_number:                                                   
                   description: the line number to move the window to           
                   required: true                                               
                   type: integer                                                
               code: 'goto() {    if [ $# -gt 1 ]; then        echo "goto allows
         only one line                                                          
                 number at a time."        return    fi    if [ -z              
         "$CURRENT_FILE" ]    then        echo                                  
                 "No file open. Use the open command first."        return    fi
         if [ -z                                                                
                 "$1" ]    then        echo "Usage: goto <line>"        return  
         fi    if                                                               
                 ! [[ $1 =~ ^[0-9]+$ ]]    then        echo "Usage: goto <line>"
         echo                                                                   
                 "Error: <line> must be a number"        return    fi    local  
         max_line=$(awk                                                         
                 ''END {print NR}'' "$CURRENT_FILE")    if [ $1 -gt $max_line ] 
         then        echo                                                       
                 "Error: <line> must be less than or equal to $max_line"        
         return    fi    local                                                  
                 OFFSET=$(jq -n "$WINDOW/6" | jq ''floor'')    export           
         CURRENT_LINE=$(jq -n                                                   
                 "[$1 + $WINDOW/2 - $OFFSET, 1] | max | floor")                 
         _constrain_line    _print}'                                            
               docstring: moves the window to show <line_number>                
               end_name: null                                                   
               name: goto                                                       
               signature: goto <line_number>                                    
             - arguments: null                                                  
               code: scroll_down() {    if [ -z "$CURRENT_FILE" ]    then       
         echo "No file                                                          
                 open. Use the open command first."        return    fi         
         export CURRENT_LINE=$(jq                                               
                 -n "$CURRENT_LINE + $WINDOW - $OVERLAP")    _constrain_line    
         _print    _scroll_warning_message}                                     
               docstring: moves the window down {WINDOW} lines                  
               end_name: null                                                   
               name: scroll_down                                                
               signature: scroll_down                                           
             - arguments: null                                                  
               code: scroll_up() {    if [ -z "$CURRENT_FILE" ]    then         
         echo "No file                                                          
                 open. Use the open command first."        return    fi         
         export CURRENT_LINE=$(jq                                               
                 -n "$CURRENT_LINE - $WINDOW + $OVERLAP")    _constrain_line    
         _print    _scroll_warning_message}                                     
               docstring: moves the window down {WINDOW} lines                  
               end_name: null                                                   
               name: scroll_up                                                  
               signature: scroll_up                                             
             - arguments:                                                       
                 filename:                                                      
                   description: the name of the file to create                  
                   required: true                                               
                   type: string                                                 
               code: "create() {    if [ -z \"$1\" ]; then        echo \"Usage: 
         create <filename>\"\                                                   
                 \        return    fi    # Check if the file already exists    
         if [ -e \"\                                                            
                 $1\" ]; then        echo \"Error: File '$1' already            
         exists.\"\t\topen \"$1\"\                                              
                 \        return    fi    # Create the file an empty new line   
         printf \"\\\                                                           
                 n\" > \"$1\"    # Use the existing open command to open the    
         created file \                                                         
                 \   open \"$1\"}"                                              
               docstring: creates and opens a new file with the given name      
               end_name: null                                                   
               name: create                                                     
               signature: create <filename>                                     
             - arguments:                                                       
                 dir:                                                           
                   description: the directory to search in (if not provided,    
         searches in the                                                        
                     current directory)                                         
                   required: false                                              
                   type: string                                                 
                 search_term:                                                   
                   description: the term to search for                          
                   required: true                                               
                   type: string                                                 
               code: 'search_dir() {    if [ $# -eq 1 ]; then        local      
         search_term="$1"        local                                          
                 dir="./"    elif [ $# -eq 2 ]; then        local               
         search_term="$1"        if                                             
                 [ -d "$2" ]; then            local dir="$2"        else        
         echo "Directory                                                        
                 $2 not found"            return        fi    else        echo  
         "Usage: search_dir                                                     
                 <search_term> [<dir>]"        return    fi    dir=$(realpath   
         "$dir")    local                                                       
                 matches=$(find "$dir" -type f ! -path ''*/.*'' -exec grep -nIH 
         -- "$search_term"                                                      
                 {} + | cut -d: -f1 | sort | uniq -c)    # if no matches, return
         if [ -z                                                                
                 "$matches" ]; then        echo "No matches found for           
         \"$search_term\" in $dir"        return    fi    #                     
                 Calculate total number of matches    local num_matches=$(echo  
         "$matches" |                                                           
                 awk ''{sum+=$1} END {print sum}'')    # calculate total number 
         of files matched    local                                              
                 num_files=$(echo "$matches" | wc -l | awk ''{$1=$1; print      
         $0}'')    # if num_files                                               
                 is > 100, print an error    if [ $num_files -gt 100 ]; then    
         echo "More                                                             
                 than $num_files files matched for \"$search_term\" in $dir.    
         Please narrow                                                          
                 your search."        return    fi    echo "Found $num_matches  
         matches for                                                            
                 \"$search_term\" in $dir:"    echo "$matches" | awk ''{$2=$2;  
         gsub(/^\.+\/+/,                                                        
                 "./", $2); print $2 " ("$1" matches)"}''    echo "End of       
         matches for \"$search_term\"                                           
                 in $dir"}'                                                     
               docstring: searches for search_term in all files in dir. If dir  
         is not provided,                                                       
                 searches in the current directory                              
               end_name: null                                                   
               name: search_dir                                                 
               signature: search_dir <search_term> [<dir>]                      
             - arguments:                                                       
                 file:                                                          
                   description: the file to search in (if not provided, searches
         in the current                                                         
                     open file)                                                 
                   required: false                                              
                   type: string                                                 
                 search_term:                                                   
                   description: the term to search for                          
                   required: true                                               
                   type: string                                                 
               code: 'search_file() {    # Check if the first argument is       
         provided    if [                                                       
                 -z "$1" ]; then        echo "Usage: search_file <search_term>  
         [<file>]"        return    fi    #                                     
                 Check if the second argument is provided    if [ -n "$2" ];    
         then        #                                                          
                 Check if the provided argument is a valid file        if [ -f  
         "$2" ]; then            local                                          
                 file="$2"  # Set file if valid        else            echo     
         "Usage: search_file                                                    
                 <search_term> [<file>]"            echo "Error: File name $2   
         not found. Please                                                      
                 provide a valid file name."            return  # Exit if the   
         file is not valid        fi    else        #                           
                 Check if a file is open        if [ -z "$CURRENT_FILE" ]; then 
         echo                                                                   
                 "No file open. Use the open command first."            return  
         # Exit if no                                                           
                 file is open        fi        local file="$CURRENT_FILE"  # Set
         file to the                                                            
                 current open file    fi    local search_term="$1"              
         file=$(realpath "$file")    #                                          
                 Use grep to directly get the desired formatted output    local 
         matches=$(grep                                                         
                 -nH -- "$search_term" "$file")    # Check if no matches were   
         found    if [                                                          
                 -z "$matches" ]; then        echo "No matches found for        
         \"$search_term\" in                                                    
                 $file"        return    fi    # Calculate total number of      
         matches    local                                                       
                 num_matches=$(echo "$matches" | wc -l | awk ''{$1=$1; print    
         $0}'')    # calculate                                                  
                 total number of lines matched    local num_lines=$(echo        
         "$matches" | cut -d:                                                   
                 -f1 | sort | uniq | wc -l | awk ''{$1=$1; print $0}'')    # if 
         num_lines is                                                           
                 > 100, print an error    if [ $num_lines -gt 100 ]; then       
         echo "More                                                             
                 than $num_lines lines matched for \"$search_term\" in $file.   
         Please narrow                                                          
                 your search."        return    fi    # Print the total number  
         of matches and                                                         
                 the matches themselves    echo "Found $num_matches matches for 
         \"$search_term\"                                                       
                 in $file:"    echo "$matches" | cut -d: -f1-2 | sort -u -t:    
         -k2,2n | while                                                         
                 IFS=: read -r filename line_number; do        echo "Line       
         $line_number:$(sed                                                     
                 -n "${line_number}p" "$file")"    done    echo "End of matches 
         for \"$search_term\"                                                   
                 in $file"}'                                                    
               docstring: searches for search_term in file. If file is not      
         provided, searches                                                     
                 in the current open file                                       
               end_name: null                                                   
               name: search_file                                                
               signature: search_file <search_term> [<file>]                    
             - arguments:                                                       
                 dir:                                                           
                   description: the directory to search in (if not provided,    
         searches in the                                                        
                     current directory)                                         
                   required: false                                              
                   type: string                                                 
                 file_name:                                                     
                   description: the name of the file to search for              
                   required: true                                               
                   type: string                                                 
               code: 'find_file() {    if [ $# -eq 1 ]; then        local       
         file_name="$1"        local                                            
                 dir="./"    elif [ $# -eq 2 ]; then        local file_name="$1"
         if                                                                     
                 [ -d "$2" ]; then            local dir="$2"        else        
         echo "Directory                                                        
                 $2 not found"            return        fi    else        echo  
         "Usage: find_file                                                      
                 <file_name> [<dir>]"        return    fi    dir=$(realpath     
         "$dir")    local                                                       
                 matches=$(find "$dir" -type f -name "$file_name")    # if no   
         matches, return    if                                                  
                 [ -z "$matches" ]; then        echo "No matches found for      
         \"$file_name\" in                                                      
                 $dir"        return    fi    # Calculate total number of       
         matches    local                                                       
                 num_matches=$(echo "$matches" | wc -l | awk ''{$1=$1; print    
         $0}'')    echo                                                         
                 "Found $num_matches matches for \"$file_name\" in $dir:"       
         echo "$matches"                                                        
                 | awk ''{print $0}''}'                                         
               docstring: finds all files with the given name in dir. If dir is 
         not provided,                                                          
                 searches in the current directory                              
               end_name: null                                                   
               name: find_file                                                  
               signature: find_file <file_name> [<dir>]                         
             - arguments:                                                       
                 end_line:                                                      
                   description: the line number to end the edit at (inclusive)  
                   required: true                                               
                   type: integer                                                
                 replacement_text:                                              
                   description: the text to replace the current selection with  
                   required: true                                               
                   type: string                                                 
                 start_line:                                                    
                   description: the line number to start the edit at            
                   required: true                                               
                   type: integer                                                
               code: 'edit() {    if [ -z "$CURRENT_FILE" ]    then        echo 
         ''No file open.                                                        
                 Use the `open` command first.''        return    fi    local   
         start_line="$(echo                                                     
                 $1: | cut -d: -f1)"    local end_line="$(echo $1: | cut -d:    
         -f2)"    if [                                                          
                 -z "$start_line" ] || [ -z "$end_line" ]    then        echo   
         "Usage: edit                                                           
                 <start_line>:<end_line>"        return    fi    local          
         re=''^[0-9]+$''    if                                                  
                 ! [[ $start_line =~ $re ]]; then        echo "Usage: edit      
         <start_line>:<end_line>"        echo                                   
                 "Error: start_line must be a number"        return    fi    if 
         ! [[ $end_line                                                         
                 =~ $re ]]; then        echo "Usage: edit                       
         <start_line>:<end_line>"        echo                                   
                 "Error: end_line must be a number"        return    fi    local
         linter_cmd="flake8                                                     
                 --isolated --select=F821,F822,F831,E111,E112,E113,E999,E902"   
         local linter_before_edit=$($linter_cmd                                 
                 "$CURRENT_FILE" 2>&1)    # Bash array starts at 0, so let''s   
         adjust    local                                                        
                 start_line=$((start_line - 1))    local end_line=$((end_line)) 
         local line_count=0    local                                            
                 replacement=()    while IFS= read -r line    do                
         replacement+=("$line")        ((line_count++))    done    #            
                 Create a backup of the current file    cp "$CURRENT_FILE"      
         "/root/$(basename                                                      
                 "$CURRENT_FILE")_backup"    # Read the file line by line into  
         an array    mapfile                                                    
                 -t lines < "$CURRENT_FILE"    local                            
         new_lines=("${lines[@]:0:$start_line}"                                 
                 "${replacement[@]}" "${lines[@]:$((end_line))}")    # Write the
         new stuff                                                              
                 directly back into the original file    printf "%s\n"          
         "${new_lines[@]}" >|                                                   
                 "$CURRENT_FILE"    # Run linter    if [[ $CURRENT_FILE == *.py 
         ]]; then        _lint_output=$($linter_cmd                             
                 "$CURRENT_FILE" 2>&1)        lint_output=$(_split_string       
         "$_lint_output" "$linter_before_edit"                                  
                 "$((start_line+1))" "$end_line" "$line_count")    else        #
         do nothing        lint_output=""    fi    #                            
                 if there is no output, then the file is good    if [ -z        
         "$lint_output" ];                                                      
                 then        export CURRENT_LINE=$start_line                    
         _constrain_line        _print        echo                              
                 "File updated. Please review the changes and make sure they are
         correct (correct                                                       
                 indentation, no duplicate lines, etc). Edit the file again if  
         necessary."    else        echo                                        
                 "Your proposed edit has introduced new syntax error(s). Please 
         read this error                                                        
                 message carefully and then retry editing the file."        echo
         ""        echo                                                         
                 "ERRORS:"        echo "$lint_output"        echo ""        #   
         Save original                                                          
                 values        original_current_line=$CURRENT_LINE              
         original_window=$WINDOW        #                                       
                 Update values        export CURRENT_LINE=$(( (line_count / 2) +
         start_line                                                             
                 )) # Set to "center" of edit        export WINDOW=$((line_count
         + 10)) # Show                                                          
                 +/- 5 lines around edit        echo "This is how your edit     
         would have looked                                                      
                 if applied"        echo                                        
         "-------------------------------------------------"                    
         _constrain_line        _print        echo                              
                 "-------------------------------------------------"        echo
         ""        #                                                            
                 Restoring CURRENT_FILE to original contents.        cp         
         "/root/$(basename "$CURRENT_FILE")_backup"                             
                 "$CURRENT_FILE"        export CURRENT_LINE=$(( ((end_line -    
         start_line + 1)                                                        
                 / 2) + start_line ))        export WINDOW=$((end_line -        
         start_line + 10))        echo                                          
                 "This is the original code before your edit"        echo       
         "-------------------------------------------------"                    
         _constrain_line        _print        echo                              
                 "-------------------------------------------------"        #   
         Restore original                                                       
                 values        export CURRENT_LINE=$original_current_line       
         export WINDOW=$original_window        echo                             
                 "Your changes have NOT been applied. Please fix your edit      
         command and try                                                        
                 again."        echo "You either need to 1) Specify the correct 
         start/end line                                                         
                 arguments or 2) Correct your edit code."        echo "DO NOT   
         re-run the same                                                        
                 failed edit command. Running it again will lead to the same    
         error."    fi    #                                                     
                 Remove backup file    rm -f "/root/$(basename                  
         "$CURRENT_FILE")_backup"}'                                             
               docstring: replaces lines <start_line> through <end_line>        
         (inclusive) with the                                                   
                 given text in the open file. The replacement text is terminated
         by a line                                                              
                 with only end_of_edit on it. All of the <replacement text> will
         be entered,                                                            
                 so make sure your indentation is formatted properly. Python    
         files will be                                                          
                 checked for syntax errors after the edit. If the system detects
         a syntax error,                                                        
                 the edit will not be executed. Simply try to edit the file     
         again, but make                                                        
                 sure to read the error message and modify the edit command you 
         issue accordingly.                                                     
                 Issuing the same command a second time will just lead to the   
         same error message                                                     
                 again.                                                         
               end_name: end_of_edit                                            
               name: edit                                                       
               signature: |-                                                    
                 edit <start_line>:<end_line>                                   
                 <replacement_text>                                             
                 end_of_edit                                                    
             - arguments:                                                       
                 flag:                                                          
                   description: the flag found                                  
                   required: true                                               
                   type: string                                                 
               code: 'submit() {    if [ -z "$1" ]; then        echo "Usage:    
         submit <flag>"        return    fi    echo                             
                 -n "<<SUBMISSION||"    echo -n "$@"    echo "||SUBMISSION>>"}' 
               docstring: submits your current flag and terminates the session, 
         you should                                                             
                 be aware to properly escape the flag as this is a bash command 
         and to put                                                             
                 your flag under single quotes.                                 
               end_name: null                                                   
               name: submit                                                     
               signature: submit '<flag>'                                       
             - arguments:                                                       
                 binary_path:                                                   
                   description: The path to the binary to be decompiled         
                   required: true                                               
                   type: file path                                              
                 function_name:                                                 
                   description: The function name to be decompiled, or main by  
         default                                                                
                   required: false                                              
                   type: string                                                 
               code: "#!/usr/bin/env python3\n# Copyright Amazon.com, Inc. or   
         its affiliates.\                                                       
                 \ All Rights Reserved.  \n\n# SPDX-License-Identifier:         
         CC-BY-NC-4.0\n\n\n\                                                    
                 #!/root/miniconda3/bin/python\n\n#\n# @yaml\n# signature:      
         decompile <binary_path>\                                               
                 \ [--function_name <function_name>]\n# docstring: Decompile a  
         binary and prints\                                                     
                 \ the decompilation of a given function name\n# arguments:\n#  
         binary_path:\n\                                                        
                 #       type: file path\n#       description: The path to the  
         binary to be\                                                          
                 \ decompiled\n#       required: true\n#   function_name:\n#    
         type: string\n\                                                        
                 #       description: The function name to be decompiled, or    
         main by default\n\                                                     
                 #       required: false\n\nimport argparse\nimport             
         subprocess\nimport re\n\                                               
                 import json\nimport tempfile\nfrom typing import               
         Annotated\nfrom pathlib import\                                        
                 \ Path\n\nGHIDRA_BINARY = \"analyzeHeadless\"\n\nclass         
         Decompile:\n    def\                                                   
                 \ __init__(self):\n        pass\n\n    def __call__(self,\n    
         \                                                                      
                 \   path: Annotated[str,\"path to the binary to decompile\"],\n
         \                                                                      
                 \       function: Annotated[str,\"the function to decompile\"] 
         = 'main'):\n\                                                          
                 \        \"\"\"Decompile a function from a binary using        
         Ghidra.\"\"\"\n  \                                                     
                 \      if path is None or not Path(path).is_file():\n          
         return f\"\                                                            
                 Error: Binary {path} does not exist! Please try again with a   
         real binary file.\"\                                                   
                 \n        if function is None:\n            function =         
         \"main\"\n        return\                                              
                 \ self.decompile(path, function)\n\n    def find_function(self,
         dis, function):\n\                                                     
                 \        \"\"\"Returns the name of the function found in the   
         dict\"\"\"\n\                                                          
                 \        if function in dis[\"functions\"]:\n            return
         function\n\                                                            
                 \        # Looking for main entry point, so try other names    
         also\n       \                                                         
                 \ if function == \"main\":\n            if \"main\" in dis:\n  
         \                                                                      
                 \    return dis[\"main\"]\n            if \"_start\" in        
         dis[\"functions\"\                                                     
                 ]:\n                return \"_start\"\n            if          
         \"invoke_main\" in dis[\"\                                             
                 functions\"]:\n                return \"invoke_main\"\n        
         if \"entry\"\                                                          
                 \ in dis[\"functions\"]:\n                return \"entry\"\n   
         # Check\                                                               
                 \ if requesting radare2 unnamed function with address\n        
         if re.match(r\"\                                                       
                 fcn\\.[0-9a-f]+$\", function):\n            addr =             
         function[4:]\n        \                                                
                 \    if addr in dis[\"addresses\"]:\n                return    
         dis[\"addresses\"\                                                     
                 ][addr]\n        # Nothing found\n        return None\n\n      
         def decompile(self,\                                                   
                 \ binary: str, function: str) -> str:\n        # Look for the  
         decompilation\                                                         
                 \ output in \"decomp\"\n        basename = Path(binary).name\n 
         decomp_output_path\                                                    
                 \ = Path(f\"/ghidra_out/{basename}.decomp.json\")\n        if  
         not decomp_output_path.exists():\n\                                    
                 \            if not self.run_ghidra(basename,                  
         decomp_output_path):\n     \                                           
                 \           return f\"Error: Decompilation for {binary} not    
         available\"\n\                                                         
                 \        decomp_output = decomp_output_path.read_text()\n      
         try:\n  \                                                              
                 \          self.ghidra_out = json.loads(decomp_output)\n       
         except json.JSONDecodeError\                                           
                 \ as e:\n            msg = (\n                f\"Error: Failed 
         to parse Ghidra\                                                       
                 \ output {decomp_output!r} for {binary}. \"\n                  
         \"Please report\                                                       
                 \ this bug.\"\n            )\n            raise ValueError(msg)
         from e\n\n\                                                            
                 \        if found := self.find_function(self.ghidra_out,       
         function):\n    \                                                      
                 \        ret = self.ghidra_out[\"functions\"][found]\n         
         if found\                                                              
                 \ == function:\n                # Exact name found\n           
         return\                                                                
                 \ f\"Decompilation Found!\\n{ret}\"\n            else:\n       
         return\                                                                
                 \ f\"Function {function} not found! Instead, here is the       
         decompilation of\                                                      
                 \ equivalent function {found}:\\n{ret}\"\n        else:\n      
         funclist\                                                              
                 \ = \", \".join(self.ghidra_out['functions'].keys())\n         
         return f\"\                                                            
                 Error: Function {function} not found in {binary}.\\nThese are  
         the available\                                                         
                 \ functions found: {funclist}\"\n\n    def run_ghidra(self,    
         binary: str, output:\                                                  
                 \ Path) -> bool:\n        \"\"\"Run ghidra if possible.\n\n    
         Returns:\n\                                                            
                 \            bool: True if successful, False otherwise\n       
         \"\"\"\n \                                                             
                 \       real_binary = Path(binary)\n        if not real_binary 
         or not real_binary.exists():\n\                                        
                 \            return False\n                                    
         output.parent.mkdir(parents=True, exist_ok=True)\n\                    
                 \        with tempfile.TemporaryDirectory() as tmpdir:\n       
         tmpdir\                                                                
                 \ = Path(tmpdir)\n            subprocess.run(\n                
         [GHIDRA_BINARY,\                                                       
                 \ tmpdir, \"DummyProj\", \"-scriptpath\", '/ghidra_scripts',\n 
         \                                                                      
                 \      \"-import\", real_binary, \"-postscript\",              
         \"DecompileToJson.java\"\                                              
                 , output],\n                check=False, capture_output=True,\n
         \                                                                      
                 \  )\n            return output.exists()\n\n\nif __name__ ==   
         \"__main__\"\                                                          
                 :\n    parser = argparse.ArgumentParser(\n                     
         description=\"Print the\                                               
                 \ contents of a Python file, skipping lengthy function and     
         method definitions.\"\                                                 
                 \n    )\n    parser.add_argument(\"file_path\", type=str,      
         help=\"The path\                                                       
                 \ to the binary to be decompiled\")\n                          
         parser.add_argument(\"--function_name\"\                               
                 , type=str, help=\"The function name to be decompiled\",       
         required=False, default=\"\                                            
                 main\")\n    args = parser.parse_args()\n                      
         print(Decompile()(args.file_path,\                                     
                 \ args.function_name))\n"                                      
               docstring: Decompile a binary and prints the decompilation of a  
         given function                                                         
                 name                                                           
               end_name: null                                                   
               name: decompile                                                  
               signature: decompile <binary_path> [--function_name              
         <function_name>]                                                       
             - arguments:                                                       
                 binary_path:                                                   
                   description: The path to the binary to be disassembled       
                   required: true                                               
                   type: file path                                              
                 function_name:                                                 
                   description: The function name to be disassembled, or main by
         default                                                                
                   required: false                                              
                   type: string                                                 
               code: "#!/usr/bin/env python3\n# Copyright Amazon.com, Inc. or   
         its affiliates.\                                                       
                 \ All Rights Reserved.  \n\n# SPDX-License-Identifier:         
         CC-BY-NC-4.0\n\n\n\                                                    
                 #!/root/miniconda3/bin/python\n\n#\n# @yaml\n# signature:      
         disassemble <binary_path>\                                             
                 \ [--function_name <function_name>]\n# docstring: Disassembles 
         a binary and\                                                          
                 \ prints the disassembly of a given function name\n#           
         arguments:\n#   binary_path:\n\                                        
                 #       type: file path\n#       description: The path to the  
         binary to be\                                                          
                 \ disassembled\n#       required: true\n#   function_name:\n#  
         type:\                                                                 
                 \ string\n#       description: The function name to be         
         disassembled, or main\                                                 
                 \ by default\n#       required: false\n\nimport                
         argparse\nimport subprocess\n\                                         
                 import re\nimport json\nimport tempfile\nfrom typing import    
         Annotated\nfrom\                                                       
                 \ pathlib import Path\n\nGHIDRA_BINARY =                       
         \"analyzeHeadless\"\n\nclass Disassemble:\n\                           
                 \    def __init__(self):\n        pass\n\n    def              
         __call__(self,\n       \                                               
                 \          path: Annotated[str,\"path to the binary to         
         disassemble\"],\n \                                                    
                 \                function: Annotated[str,\"the function to     
         disassemble\"]\                                                        
                 \ = 'main'):\n        \"\"\"Disassemble a function from a      
         binary using Ghidra.\"\                                                
                 \"\"\n        if path is None or not Path(path).is_file():\n   
         return\                                                                
                 \ f\"Error: Binary {path} does not exist! Please try again with
         a real binary\                                                         
                 \ file.\"\n        if function is None:\n            function =
         \"main\"\n\                                                            
                 \        return self.disassemble(path, function)\n\n    def    
         find_function(self,\                                                   
                 \ dis, function):\n        \"\"\"Returns the name of the       
         function found in\                                                     
                 \ the dict\"\"\"\n        if function in dis[\"functions\"]:\n 
         \                                                                      
                 \ return function\n        # Looking for main entry point, so  
         try other names\                                                       
                 \ also\n        if function == \"main\":\n            if       
         \"main\" in dis:\n\                                                    
                 \                return dis[\"main\"]\n            if          
         \"_start\" in dis[\"\                                                  
                 functions\"]:\n                return \"_start\"\n             
         if \"invoke_main\"\                                                    
                 \ in dis[\"functions\"]:\n                return               
         \"invoke_main\"\n       \                                              
                 \     if \"entry\" in dis[\"functions\"]:\n                    
         return \"entry\"\                                                      
                 \n        # Check if requesting radare2 unnamed function with  
         address\n  \                                                           
                 \      if re.match(r\"fcn\\.[0-9a-f]+$\", function):\n         
         addr = function[4:]\n\                                                 
                 \            if addr in dis[\"addresses\"]:\n                  
         return dis[\"\                                                         
                 addresses\"][addr]\n        # Nothing found\n        return    
         None\n\n    def\                                                       
                 \ disassemble(self, binary, function):\n        # Look for the 
         disassembly\                                                           
                 \ output in \"disas\"\n        basename = Path(binary).name\n  
         disas_output_path\                                                     
                 \ = Path(f\"/ghidra_out/{basename}.disas.json\")\n        if   
         not disas_output_path.exists():\n\                                     
                 \            if not self.run_ghidra(basename,                  
         disas_output_path):\n      \                                           
                 \          return f\"Error: Disassembly for {binary} not       
         available\"\n   \                                                      
                 \     disas_output = disas_output_path.read_text()\n           
         try:\n       \                                                         
                 \     self.ghidra_out = json.loads(disas_output)\n             
         except json.JSONDecodeError\                                           
                 \ as e:\n            msg = (\n                f\"Error: Failed 
         to parse Ghidra\                                                       
                 \ output {disas_output!r} for {binary}. \"\n                   
         \"Please report\                                                       
                 \ this bug.\"\n            )\n            raise ValueError(msg)
         from e\n\n\                                                            
                 \        if found := self.find_function(self.ghidra_out,       
         function):\n    \                                                      
                 \        ret = self.ghidra_out[\"functions\"][found]\n         
         if found\                                                              
                 \ == function:\n                # Exact name found\n           
         return\                                                                
                 \ f\"Disassembly Found!\\n{ret}\"\n            else:\n         
         return\                                                                
                 \ f\"Function {function} not found! Instead, here is the       
         disassembly of equivalent\                                             
                 \ function {found}:\\n{ret}\"\n        else:\n                 
         funclist = \", \"\                                                     
                 .join(self.ghidra_out[\"functions\"].keys())\n                 
         return f\"Error:\                                                      
                 \ Function {function} not found in {binary}.\\nThese are the   
         available functions\                                                   
                 \ found: {funclist}\"\n\n    def run_ghidra(self, binary,      
         output):\n     \                                                       
                 \   real_binary = Path(binary)\n        if not real_binary or  
         not real_binary.exists():\n\                                           
                 \            return False\n                                    
         output.parent.mkdir(parents=True, exist_ok=True)\n\                    
                 \        with tempfile.TemporaryDirectory() as tmpdir:\n       
         tmpdir\                                                                
                 \ = Path(tmpdir)\n            subprocess.run(\n                
         [GHIDRA_BINARY,\                                                       
                 \ tmpdir, \"DummyProj\", \"-scriptpath\", '/ghidra_scripts',\n 
         \                                                                      
                 \      \"-import\", real_binary, \"-postscript\",              
         \"DisassembleToJson.java\"\                                            
                 , output],\n                check=False, capture_output=True,\n
         \                                                                      
                 \  )\n            return output.exists()\n\n\nif __name__ ==   
         \"__main__\"\                                                          
                 :\n    parser = argparse.ArgumentParser(\n                     
         description=\"Print the\                                               
                 \ contents of a Python file, skipping lengthy function and     
         method definitions.\"\                                                 
                 \n    )\n    parser.add_argument(\"file_path\", type=str,      
         help=\"The path\                                                       
                 \ to the binary to be disassembled\")\n                        
         parser.add_argument(\"--function_name\"\                               
                 , type=str, help=\"The function name to be disassembled\",     
         required=False,\                                                       
                 \ default=\"main\")\n    args = parser.parse_args()\n          
         print(Disassemble()(args.file_path,\                                   
                 \ args.function_name))\n"                                      
               docstring: Disassembles a binary and prints the disassembly of a 
         given function                                                         
                 name                                                           
               end_name: null                                                   
               name: disassemble                                                
               signature: disassemble <binary_path> [--function_name            
         <function_name>]                                                       
             - arguments:                                                       
                 args:                                                          
                   description: optional command-line arguments for the binary  
                   required: false                                              
                   type: string                                                 
                 binary:                                                        
                   description: the path to the binary to debug                 
                   required: true                                               
                   type: string                                                 
               code: 'debug_start() {    if [ -z "$1" ]    then        echo     
         "Usage: debug_start                                                    
                 <binary>"        return    fi    if [ ! -x "$1" ]    then      
         echo "Error:                                                           
                 File $1 does not exist, or is not executable"        return    
         fi    fp=$(realpath                                                    
                 $1)    _debug_command "SESSION=gdb"    _debug_command "START"  
         _debug_command                                                         
                 "set confirm off"    _debug_command "file $fp"    if [ ! -z    
         "$2" ]    then        _debug_command                                   
                 "set args ${@:2:$#}" # Set arguments from 2 until the end    fi
         _debug_command                                                         
                 "starti"    export INTERACTIVE_SESSION="gdb $@"}'              
               docstring: Starts a debug session with the given binary.         
               end_name: null                                                   
               name: debug_start                                                
               signature: debug_start <binary> [<args>]                         
             - arguments:                                                       
                 breakpoint:                                                    
                   description: The breakpoint location, which may be a function
         name, address,                                                         
                     or filename and line number.                               
                   required: true                                               
                   type: string                                                 
               code: 'debug_add_breakpoint() {    if [ -z "$1" ]    then        
         echo "Usage:                                                           
                 debug_add_breakpoint <breakpoint>"        return    fi         
         _debug_command "SESSION=gdb"    _debug_command                         
                 ''break ''$1}'                                                 
               docstring: Adds a breakpoint in the debug session                
               end_name: null                                                   
               name: debug_add_breakpoint                                       
               signature: debug_add_breakpoint <breakpoint>                     
             - arguments: null                                                  
               code: debug_continue() {    _debug_command "SESSION=gdb"         
         _debug_command 'continue'}                                             
               docstring: Continues the program execution in the debug session. 
               end_name: null                                                   
               name: debug_continue                                             
               signature: debug_continue                                        
             - arguments:                                                       
                 number:                                                        
                   description: number of instructions to step (default is 1)   
                   required: false                                              
                   type: integer                                                
               code: 'debug_step() {    if [ -z "$1" ]    then                  
         _debug_command "SESSION=gdb"        _debug_command                     
                 ''stepi''    elif [[ (("$1" -eq "$1") && ("$1" -gt "0")) ]] #  
         Check if integer                                                       
                 and positive    then        _debug_command "SESSION=gdb"       
         _debug_command                                                         
                 ''stepi ''$1    else        echo "Please provide a positive    
         integer for number                                                     
                 of instructions."        echo "Usage: debug_step [number]"     
         fi}'                                                                   
               docstring: Steps number of instructions in the debug session.    
               end_name: null                                                   
               name: debug_step                                                 
               signature: debug_step [number]                                   
             - arguments:                                                       
                 command:                                                       
                   description: command to execute (wrap in single quotes to    
         avoid shell escaping                                                   
                     and substitution)                                          
                   required: true                                               
                   type: string                                                 
               code: 'debug_exec() {    if [ -z "$1" ]    then        echo      
         "Usage: debug_exec                                                     
                 <command>"        return    fi    _debug_command "SESSION=gdb" 
         _debug_command                                                         
                 "$1"}'                                                         
               docstring: Executes arbitrary gdb command in debug session.      
               end_name: null                                                   
               name: debug_exec                                                 
               signature: debug_exec <command>                                  
             - arguments: null                                                  
               code: debug_stop() {    _debug_command "SESSION=gdb"             
         _debug_command "quit"    _debug_command                                
                 "STOP"    unset INTERACTIVE_SESSION}                           
               docstring: Stops the current debug session.                      
               end_name: null                                                   
               name: debug_stop                                                 
               signature: debug_stop                                            
             - arguments:                                                       
                 port:                                                          
                   description: desired port for connection                     
                   required: true                                               
                   type: int                                                    
                 server_address:                                                
                   description: the server address to initiate connection to    
                   required: true                                               
                   type: string                                                 
               code: 'connect_start() {    if [ -z "$1" ] || [ -z "$2" ]    then
         echo                                                                   
                 "Usage: connect_start <server_address> <port>"        return   
         fi    _connect_command                                                 
                 "SESSION=connect"    _connect_command "START"                  
         _connect_command "connect                                              
                 $1 $2"    export INTERACTIVE_SESSION="connect $@"}'            
               docstring: Starts a new interactive connection to the server     
         address and port.                                                      
               end_name: null                                                   
               name: connect_start                                              
               signature: connect_start <server_address> <port>                 
             - arguments:                                                       
                 line:                                                          
                   description: The line to send to the connection              
                   required: false                                              
                   type: string                                                 
               code: connect_sendline() {    _connect_command "SESSION=connect" 
         _connect_command                                                       
                 'sendline '$@}                                                 
               docstring: Sends a line with unicode/hexadecimal values to the   
         connection. Sending                                                    
                 hexadecimal bytes should be done using \x<hh> where hh stands  
         for the sepecific                                                      
                 byte you want to send.                                         
               end_name: null                                                   
               name: connect_sendline                                           
               signature: connect_sendline [<line>]                             
             - arguments:                                                       
                 command:                                                       
                   description: command to execute (wrap in single quotes to    
         avoid shell escaping                                                   
                     and substitution)                                          
                   required: true                                               
                   type: string                                                 
               code: 'connect_exec() {    if [ -z "$1" ]    then        echo    
         "Usage: connect_exec                                                   
                 <command>"        return    fi    _connect_command             
         "SESSION=connect"    _connect_command                                  
                 "$@"}'                                                         
               docstring: Executes arbitrary connect command in connect session.
               end_name: null                                                   
               name: connect_exec                                               
               signature: connect_exec <command>                                
             - arguments: null                                                  
               code: connect_stop() {    _connect_command "SESSION=connect"     
         _connect_command                                                       
                 "quit"    _connect_command "STOP"    unset INTERACTIVE_SESSION}
               docstring: Stops the current connect session.                    
               end_name: null                                                   
               name: connect_stop                                               
               signature: connect_stop                                          
             - arguments: null                                                  
               code: "exit_forfeit() {    echo \"Forfeit \U0001F625\"    #      
         Implementation note:\                                                  
                 \ This is actually caught directly in swe_env.py    # We only  
         include this\                                                          
                 \ stub so that the command is shown to the agent.}"            
               docstring: Give up on the current challenge and terminate the    
         session.                                                               
               end_name: null                                                   
               name: exit_forfeit                                               
               signature: exit_forfeit                                          
             _subroutines: {}                                                   
             block_unless_regex:                                                
               r2: \b(?:radare2)\b.*\s+-c\s+.*                                  
               radare2: \b(?:radare2)\b.*\s+-c\s+.*                             
             blocklist:                                                         
             - vim                                                              
             - vi                                                               
             - emacs                                                            
             - nano                                                             
             - nohup                                                            
             - gdb                                                              
             blocklist_error_template: |                                        
               Interactive operation '{name}' is not supported by this          
         environment.                                                           
               Please consider using one of the interactive commands available  
         to you in this environment.                                            
             blocklist_standalone:                                              
             - python                                                           
             - python3                                                          
             - ipython                                                          
             - bash                                                             
             - sh                                                               
             - exit                                                             
             - /bin/bash                                                        
             - /bin/sh                                                          
             - nohup                                                            
             - vi                                                               
             - vim                                                              
             - emacs                                                            
             - nano                                                             
             - su                                                               
             command_docs: |+                                                   
               open:                                                            
                 docstring: opens the file at the given path in the editor. If  
         line_number is provided, the window will be move to include that line  
                 signature: open "<path>" [<line_number>]                       
                 arguments:                                                     
                   - path (string) [required]: the path to the file to open     
                   - line_number (integer) [optional]: the line number to move  
         the window to (if not provided, the window will start at the top of the
         file)                                                                  
                                                                                
               goto:                                                            
                 docstring: moves the window to show <line_number>              
                 signature: goto <line_number>                                  
                 arguments:                                                     
                   - line_number (integer) [required]: the line number to move  
         the window to                                                          
                                                                                
               scroll_down:                                                     
                 docstring: moves the window down 100 lines                     
                 signature: scroll_down                                         
                                                                                
               scroll_up:                                                       
                 docstring: moves the window down 100 lines                     
                 signature: scroll_up                                           
                                                                                
               create:                                                          
                 docstring: creates and opens a new file with the given name    
                 signature: create <filename>                                   
                 arguments:                                                     
                   - filename (string) [required]: the name of the file to      
         create                                                                 
                                                                                
               search_dir:                                                      
                 docstring: searches for search_term in all files in dir. If dir
         is not provided, searches in the current directory                     
                 signature: search_dir <search_term> [<dir>]                    
                 arguments:                                                     
                   - search_term (string) [required]: the term to search for    
                   - dir (string) [optional]: the directory to search in (if not
         provided, searches in the current directory)                           
                                                                                
               search_file:                                                     
                 docstring: searches for search_term in file. If file is not    
         provided, searches in the current open file                            
                 signature: search_file <search_term> [<file>]                  
                 arguments:                                                     
                   - search_term (string) [required]: the term to search for    
                   - file (string) [optional]: the file to search in (if not    
         provided, searches in the current open file)                           
                                                                                
               find_file:                                                       
                 docstring: finds all files with the given name in dir. If dir  
         is not provided, searches in the current directory                     
                 signature: find_file <file_name> [<dir>]                       
                 arguments:                                                     
                   - file_name (string) [required]: the name of the file to     
         search for                                                             
                   - dir (string) [optional]: the directory to search in (if not
         provided, searches in the current directory)                           
                                                                                
               edit:                                                            
                 docstring: replaces lines <start_line> through <end_line>      
         (inclusive) with the given text in the open file. The replacement text 
         is terminated by a line with only end_of_edit on it. All of the        
         <replacement text> will be entered, so make sure your indentation is   
         formatted properly. Python files will be checked for syntax errors     
         after the edit. If the system detects a syntax error, the edit will not
         be executed. Simply try to edit the file again, but make sure to read  
         the error message and modify the edit command you issue accordingly.   
         Issuing the same command a second time will just lead to the same error
         message again.                                                         
                 signature: edit <start_line>:<end_line>                        
               <replacement_text>                                               
               end_of_edit                                                      
                 arguments:                                                     
                   - start_line (integer) [required]: the line number to start  
         the edit at                                                            
                   - end_line (integer) [required]: the line number to end the  
         edit at (inclusive)                                                    
                   - replacement_text (string) [required]: the text to replace  
         the current selection with                                             
                                                                                
               submit:                                                          
                 docstring: submits your current flag and terminates the        
         session, you should be aware to properly escape the flag as this is a  
         bash command and to put your flag under single quotes.                 
                 signature: submit '<flag>'                                     
                 arguments:                                                     
                   - flag (string) [required]: the flag found                   
                                                                                
               decompile:                                                       
                 docstring: Decompile a binary and prints the decompilation of a
         given function name                                                    
                 signature: decompile <binary_path> [--function_name            
         <function_name>]                                                       
                 arguments:                                                     
                   - binary_path (file path) [required]: The path to the binary 
         to be decompiled                                                       
                   - function_name (string) [optional]: The function name to be 
         decompiled, or main by default                                         
                                                                                
               disassemble:                                                     
                 docstring: Disassembles a binary and prints the disassembly of 
         a given function name                                                  
                 signature: disassemble <binary_path> [--function_name          
         <function_name>]                                                       
                 arguments:                                                     
                   - binary_path (file path) [required]: The path to the binary 
         to be disassembled                                                     
                   - function_name (string) [optional]: The function name to be 
         disassembled, or main by default                                       
                                                                                
               debug_start:                                                     
                 docstring: Starts a debug session with the given binary.       
                 signature: debug_start <binary> [<args>]                       
                 arguments:                                                     
                   - binary (string) [required]: the path to the binary to debug
                   - args (string) [optional]: optional command-line arguments  
         for the binary                                                         
                                                                                
               debug_add_breakpoint:                                            
                 docstring: Adds a breakpoint in the debug session              
                 signature: debug_add_breakpoint <breakpoint>                   
                 arguments:                                                     
                   - breakpoint (string) [required]: The breakpoint location,   
         which may be a function name, address, or filename and line number.    
                                                                                
               debug_continue:                                                  
                 docstring: Continues the program execution in the debug        
         session.                                                               
                 signature: debug_continue                                      
                                                                                
               debug_step:                                                      
                 docstring: Steps number of instructions in the debug session.  
                 signature: debug_step [number]                                 
                 arguments:                                                     
                   - number (integer) [optional]: number of instructions to step
         (default is 1)                                                         
                                                                                
               debug_exec:                                                      
                 docstring: Executes arbitrary gdb command in debug session.    
                 signature: debug_exec <command>                                
                 arguments:                                                     
                   - command (string) [required]: command to execute (wrap in   
         single quotes to avoid shell escaping and substitution)                
                                                                                
               debug_stop:                                                      
                 docstring: Stops the current debug session.                    
                 signature: debug_stop                                          
                                                                                
               connect_start:                                                   
                 docstring: Starts a new interactive connection to the server   
         address and port.                                                      
                 signature: connect_start <server_address> <port>               
                 arguments:                                                     
                   - server_address (string) [required]: the server address to  
         initiate connection to                                                 
                   - port (int) [required]: desired port for connection         
                                                                                
               connect_sendline:                                                
                 docstring: Sends a line with unicode/hexadecimal values to the 
         connection. Sending hexadecimal bytes should be done using \x<hh> where
         hh stands for the sepecific byte you want to send.                     
                 signature: connect_sendline [<line>]                           
                 arguments:                                                     
                   - line (string) [optional]: The line to send to the          
         connection                                                             
                                                                                
               connect_exec:                                                    
                 docstring: Executes arbitrary connect command in connect       
         session.                                                               
                 signature: connect_exec <command>                              
                 arguments:                                                     
                   - command (string) [required]: command to execute (wrap in   
         single quotes to avoid shell escaping and substitution)                
                                                                                
               connect_stop:                                                    
                 docstring: Stops the current connect session.                  
                 signature: connect_stop                                        
                                                                                
               exit_forfeit:                                                    
                 docstring: Give up on the current challenge and terminate the  
         session.                                                               
                 signature: exit_forfeit                                        
                                                                                
             command_files:                                                     
             -                                                                  
         /data2/nfs/wangyingqi/Cyber-Zero/enigma-plus/config/commands/defaults.s
         h                                                                      
             -                                                                  
         /data2/nfs/wangyingqi/Cyber-Zero/enigma-plus/config/commands/search.sh 
             -                                                                  
         /data2/nfs/wangyingqi/Cyber-Zero/enigma-plus/config/commands/edit_linti
         ng.sh                                                                  
             -                                                                  
         /data2/nfs/wangyingqi/Cyber-Zero/enigma-plus/config/commands/_split_str
         ing.py                                                                 
             -                                                                  
         /data2/nfs/wangyingqi/Cyber-Zero/enigma-plus/config/commands/submit_ctf
         .sh                                                                    
             -                                                                  
         /data2/nfs/wangyingqi/Cyber-Zero/enigma-plus/config/commands/decompile.
         py                                                                     
             -                                                                  
         /data2/nfs/wangyingqi/Cyber-Zero/enigma-plus/config/commands/disassembl
         e.py                                                                   
             -                                                                  
         /data2/nfs/wangyingqi/Cyber-Zero/enigma-plus/config/commands/debug.sh  
             -                                                                  
         /data2/nfs/wangyingqi/Cyber-Zero/enigma-plus/config/commands/_connect.p
         y                                                                      
             -                                                                  
         /data2/nfs/wangyingqi/Cyber-Zero/enigma-plus/config/commands/server_con
         nection.sh                                                             
             -                                                                  
         /data2/nfs/wangyingqi/Cyber-Zero/enigma-plus/config/commands/forfeit.sh
             context_compression:                                               
               enabled: true                                                    
               max_context_tokens: 32000                                        
               max_summary_input_chars: 120000                                  
               max_summary_output_chars: 24000                                  
               summary_model: same_as_agent                                     
               trigger_ratio: 0.75                                              
             demonstration_template: null                                       
             demonstrations: []                                                 
             enable_context_compression: true                                   
             enable_thought_recording: true                                     
             env_variables:                                                     
               CURRENT_FILE: ''                                                 
               CURRENT_LINE: '0'                                                
               OVERLAP: '2'                                                     
               SEARCH_FILES: ()                                                 
               SEARCH_INDEX: '0'                                                
               SEARCH_RESULTS: ()                                               
               WINDOW: '100'                                                    
             format_error_template: |                                           
               Your output was not formatted correctly. You must always include 
         one discussion and one command as part of your response. Make sure you 
         do not have multiple discussion/command tags.                          
               The command may be multiline (for example a single heredoc or    
         `python3 -c` block), but it must be contained in exactly one fenced    
         code block. Do not include a second command block.                     
               Please make sure your output precisely matches the following     
         format:                                                                
               DISCUSSION                                                       
               Discuss here with yourself about what your planning and what     
         you're going to do in this step.                                       
                                                                                
               ```                                                              
               command(s) that you're going to run                              
               ```                                                              
             history_processor: {}                                              
             history_processor_args: {}                                         
             instance_template: |-                                              
               We're currently solving the following CTF challenge. The CTF     
         challenge is a {category_friendly} problem named "{name}", worth       
         {points} points. The description is:                                   
               {description}                                                    
               Files included in the challenge: {files}                         
                                                                                
               {server_description}                                             
                                                                                
               INSTRUCTIONS:                                                    
               Now, you're going to solve this challenge on your own. Your      
         terminal session has started and you're in the challenge's root        
         directory. You can use any bash commands or the special interface to   
         help you.                                                              
               Solve the challenge, executing any commands you need and writing 
         any code that may be helpful. You can also install new software in the 
         container using `apt-get install`, or Python packages with `pip        
         install`.                                                              
               Remember, YOU CAN ONLY ENTER ONE COMMAND AT A TIME. You should   
         always wait for feedback after every command.                          
               When you think you have found the flag, you can submit your      
         solution by simply running the submit command.                         
               Note however that you cannot use any interactive session commands
         (e.g. python, vim) in this environment, but you can write scripts and  
         run them. E.g. you can write a python script and then run it with      
         `python <script_name>.py`.                                             
                                                                                
               NOTE ABOUT THE EDIT COMMAND: Indentation really matters! When    
         editing a file, make sure to insert appropriate indentation before each
         line!                                                                  
                                                                                
               IMPORTANT TIPS:                                                  
               1. When you edit an existing file, try to minimize the changes   
         you make to the file.                                                  
                                                                                
               2. Please make sure that you make use of the interactive tools   
         supplied to you! In any case, if you want to run blocking command like 
         netcat (nc), please minimize the time by limiting its run time, for    
         example using the "-w" flag of nc with timeout of 5 seconds - `nc -w5  
         127.0.0.1 80`.                                                         
                                                                                
               3. Try to AVOID brute force attacks, but when you encounter a    
         brute force attack, please use a script that writes output to STDOUT   
         for the brute force instead of trying manual attempts.                 
                                                                                
               4. Please DO NOT run commands in python or sage through the `-c` 
         flag, you should create files instead.                                 
                                                                                
               5. Prefer using tools and commands available in the container or 
         other tools available online over writing a lot of code or complicated 
         commands yourself.                                                     
                  In particular, prefer using `open` instead of `cat` and       
         `search_file` instead of `grep`, and prefer using the interactive      
         commands supplied to you!                                              
                                                                                
               6. DO NOT run any command that produces binary output! Instead   
         try to use `hexdump` or `xxd`.                                         
                                                                                
               7. Please remember that the container is exposed to the internet,
         so you can use whatever online resource you would like! Use it wisely! 
                                                                                
               8. Do not use any interactive commands AT ALL! Interactive       
         commands are only available through the commands supplied to you at the
         beginning - make use of them!                                          
                                                                                
               9. Never run unbounded exploit I/O such as `p.interactive()`,    
         `python -i`,                                                           
                   `input()`, or a socket read without a timeout. Use bounded   
         calls such as                                                          
                   `remote(host, port, timeout=15)`, `recvuntil(...,            
         timeout=15)`, and run                                                  
                   exploit programs with `timeout --foreground -k 5 60s python3 
         exploit.py`.                                                           
                   If the exploit is incomplete, stop and analyze the output    
         instead of                                                             
                   entering an interactive session.                             
                                                                                
               10. A single fenced command block may contain a multiline heredoc
         or                                                                     
                   multiline `python3 -c` command. Keep exactly one command     
         block and do                                                           
                   not repeat the DISCUSSION/command labels.                    
                                                                                
               11. YOU CAN SOLVE THE CHALLENGES BY YOURSELF COMPLETELY - I TRUST
         IN YOU!                                                                
                                                                                
               (Open file: {open_file})                                         
               (Current directory: {working_dir})                               
               (Interactive session: {interactive_session})                     
               bash-$                                                           
             next_step_no_output_template: |-                                   
               Your command ran successfully and did not produce any output.    
               (Open file: {open_file})                                         
               (Current directory: {working_dir})                               
               (Interactive session: {interactive_session})                     
               bash-$                                                           
             next_step_template: |-                                             
               {observation}                                                    
               (Open file: {open_file})                                         
               (Current directory: {working_dir})                               
               (Interactive session: {interactive_session})                     
               bash-$                                                           
             parse_command: {}                                                  
             parse_function: {}                                                 
             put_demos_in_history: false                                        
             state_command:                                                     
               arguments: null                                                  
               code: |                                                          
                 state() {                                                      
                   local working_dir="$PWD";                                    
                   local open_file="n/a";                                       
                   local interactive_session="${INTERACTIVE_SESSION:-n/a}";     
                   if [ ! -z $CURRENT_FILE ]; then                              
                       open_file=$(realpath $CURRENT_FILE);                     
                   fi                                                           
                                                                                
                   echo '{"open_file": "'$open_file'", "working_dir":           
         "'$working_dir'", "interactive_session": "'$interactive_session'"}'    
                 };                                                             
               docstring: null                                                  
               end_name: null                                                   
               name: state                                                      
               signature: null                                                  
             strategy_template: null                                            
             submit_command: submit                                             
             subroutine_types: []                                               
             summarizer_config:                                                 
               function: {}                                                     
               instance_template: null                                          
               model: null                                                      
               system_template: null                                            
               template: null                                                   
               window_length: 100                                               
             system_template: |-                                                
               SETTING: You are a skilled cybersecurity professional and top CTF
         player.                                                                
               Your goal is to solve the CTF challenge and find the flag. The   
         flag format for this CTF is {flag_format}.                             
                                                                                
               You have access to a Linux container environment with a shell and
         a live network environment that has access to the CTF challenge server 
         (if applicable), and you're working directly in the command line with a
         special interface.                                                     
               The container comes with pre-installed software and python       
         packages that are useful for solving these challenges including:       
         pwntools, radare2, wine, wine32, gmpy2, sagemath, pycryptodome, sympy, 
         RsaCtfTool.py, tshark, sqlmap and nikto.                               
                                                                                
               The special interface consists of a file editor that shows you   
         {WINDOW} lines of a file at a time.                                    
               In addition to typical bash commands, you can also use the       
         following commands to help you navigate and edit files.                
                                                                                
               COMMANDS:                                                        
               {command_docs}                                                   
                                                                                
               Please note that THE EDIT COMMAND REQUIRES PROPER INDENTATION.   
               If you'd like to add the line '        print(x)' you must fully  
         write that out, with all those spaces before the code! Indentation is  
         important and code that is not indented correctly will fail and require
         fixing before it can be run.                                           
                                                                                
               RESPONSE FORMAT:                                                 
               Your shell prompt is formatted as follows:                       
               (Open file: <path>) <cwd> $                                      
                                                                                
               You need to format your output using two fields; discussion and  
         command.                                                               
               Your output should always include _one_ discussion and _one_     
         command field EXACTLY as in the following example:                     
               DISCUSSION                                                       
               First I'll start by using ls to see what files are in the current
         directory. Then maybe we can look at some relevant files to see what   
         they look like.                                                        
               ```                                                              
               ls -a                                                            
               ```                                                              
                                                                                
               You should only include a *SINGLE* command in the command section
         and then wait for a response from the shell before continuing with more
         discussion and commands. Everything you include in the DISCUSSION      
         section will be saved for future reference.                            
               If you'd like to issue two commands at once, PLEASE DO NOT DO    
         THAT! Please instead first submit just the first command, and then     
         after receiving a response you'll be able to issue the second command. 
               You're free to use any other bash commands you want (e.g. find,  
         grep, cat, ls, cd) in addition to the special commands listed above.   
               However, the environment does NOT support interactive session    
         commands (e.g. python, vim), so please do not invoke them.             
                                                                                
               YOU CANNOT ACCESS ANY WEBSITE EXCEPT FOR THE CTF CHALLENGE       
         SERVER! DO NOT PEFORM PORT SCANNING OR ANY OTHER NETWORK SCANNING!     
             util_functions:                                                    
             - arguments: null                                                  
               code: "_print() {    local total_lines=$(awk 'END {print NR}'    
         \"$CURRENT_FILE\"\                                                     
                 )    local file_path=$(realpath \"$CURRENT_FILE\")        # Add
         indicator\                                                             
                 \ if this is a summarizer output file    if [[ \"$file_path\"  
         == */output/*\                                                         
                 \ ]]; then        echo \"[File: $file_path ($total_lines lines 
         total)] \u26A0\                                                        
                 \uFE0F  SUMMARIZER OUTPUT FILE\"    else        echo \"[File:  
         $file_path ($total_lines\                                              
                 \ lines total)]\"    fi        lines_above=$(jq -n             
         \"$CURRENT_LINE - $WINDOW/2\"\                                         
                 \ | jq '[0, .] | max | floor')    lines_below=$(jq -n          
         \"$total_lines - $CURRENT_LINE\                                        
                 \ - $WINDOW/2\" | jq '[0, .] | max | round')    if [           
         $lines_above -gt 0 ];\                                                 
                 \ then        echo \"($lines_above more lines above)\"    fi   
         cat \"$CURRENT_FILE\"\                                                 
                 \ | grep -n $ | head -n $(jq -n \"[$CURRENT_LINE + $WINDOW/2,  
         $WINDOW/2] |\                                                          
                 \ max | floor\") | tail -n $(jq -n \"$WINDOW\")    if [        
         $lines_below -gt 0\                                                    
                 \ ]; then        echo \"($lines_below more lines below)\"      
         fi}"                                                                   
               docstring: null                                                  
               end_name: null                                                   
               name: _print                                                     
               signature: _print                                                
             - arguments: null                                                  
               code: _constrain_line() {    if [ -z "$CURRENT_FILE" ]    then   
         echo "No                                                               
                 file open. Use the open command first."        return    fi    
         local max_line=$(awk                                                   
                 'END {print NR}' "$CURRENT_FILE")    local half_window=$(jq -n 
         "$WINDOW/2"                                                            
                 | jq 'floor')    export CURRENT_LINE=$(jq -n "[$CURRENT_LINE,  
         $max_line -                                                            
                 $half_window] | min")    export CURRENT_LINE=$(jq -n           
         "[$CURRENT_LINE, $half_window]                                         
                 | max")}                                                       
               docstring: null                                                  
               end_name: null                                                   
               name: _constrain_line                                            
               signature: _constrain_line                                       
             - arguments: null                                                  
               code: '_scroll_warning_message() {    # Warn the agent if we     
         scroll too many                                                        
                 times    # Message will be shown if scroll is called more than 
         WARN_AFTER_SCROLLING_TIMES                                             
                 (default 3) times    # Initialize variable if it''s not set    
         export SCROLL_COUNT=${SCROLL_COUNT:-0}    #                            
                 Reset if the last command wasn''t about scrolling    if [      
         "$LAST_ACTION" !=                                                      
                 "scroll_up" ] && [ "$LAST_ACTION" != "scroll_down" ]; then     
         export SCROLL_COUNT=0    fi    #                                       
                 Increment because we''re definitely scrolling now    export    
         SCROLL_COUNT=$((SCROLL_COUNT                                           
                 + 1))    if [ $SCROLL_COUNT -ge                                
         ${WARN_AFTER_SCROLLING_TIMES:-3} ]; then        echo                   
                 ""        echo "WARNING: Scrolling many times in a row is very 
         inefficient."        echo                                              
                 "If you know what you are looking for, use \`search_file       
         <pattern>\` instead."        echo                                      
                 ""    fi}'                                                     
               docstring: null                                                  
               end_name: null                                                   
               name: _scroll_warning_message                                    
               signature: _scroll_warning_message                               
             - arguments: null                                                  
               code: _debug_command() {    echo                                 
         "<<INTERACTIVE||$@||INTERACTIVE>>"}                                    
               docstring: null                                                  
               end_name: null                                                   
               name: _debug_command                                             
               signature: _debug_command                                        
             - arguments: null                                                  
               code: _connect_command() {    echo                               
         "<<INTERACTIVE||$@||INTERACTIVE>>"}                                    
               docstring: null                                                  
               end_name: null                                                   
               name: _connect_command                                           
               signature: _connect_command                                      
           config_file: config/default_ctf.yaml                                 
           model:                                                               
             host_url: localhost:11434                                          
             messages_api_key: EMPTY                                            
             messages_api_url: http://127.0.0.1:23106/v1/messages               
             model_name: glm52_10                                               
             per_instance_cost_limit: 0.0                                       
             per_instance_step_limit: 200                                       
             replay_path: null                                                  
             temperature: 0.0                                                   
             top_k: 20                                                          
             top_p: 0.95                                                        
             total_cost_limit: 0.0                                              
         bypass_step_limit_history: false                                       
         container_only: false                                                  
         ctf: true                                                              
         environment:                                                           
           allow_dirty_repo: false                                              
           base_commit: null                                                    
           cache_task_images: false                                             
           container_mounts: []                                                 
           container_name: null                                                 
           data_path: /tmp/enigma-drag-6r1_x9km/repo/challenge.json             
           enable_dynamic_ports: true                                           
           enable_network_restrictions: false                                   
           environment_setup: null                                              
           image_name: sweagent/enigma:latest                                   
           install_environment: true                                            
           interactive_sessions_config:                                         
             connect:                                                           
               cmdline: /root/commands/_connect                                 
               exit_command: connect_stop                                       
               quit_commands_in_session:                                        
               - quit                                                           
               signal_for_interrupt_limit: 3                                    
               start_command: connect_start                                     
               terminal_prompt_pattern: '(nc) '                                 
               timeout_duration_on_interrupt: 5                                 
             dummy:                                                             
               cmdline: /root/commands/_interactive_dummy                       
               exit_command: dummy_stop                                         
               quit_commands_in_session:                                        
               - stop                                                           
               signal_for_interrupt_limit: 3                                    
               start_command: dummy_start                                       
               terminal_prompt_pattern: '(dummy) '                              
               timeout_duration_on_interrupt: 5                                 
             gdb:                                                               
               cmdline: gdb                                                     
               exit_command: debug_stop                                         
               quit_commands_in_session:                                        
               - quit                                                           
               signal_for_interrupt_limit: 3                                    
               start_command: debug_start                                       
               terminal_prompt_pattern: '(gdb) '                                
               timeout_duration_on_interrupt: 5                                 
           no_mirror: false                                                     
           repo_path: /tmp/enigma-drag-6r1_x9km/repo                            
           split: ''                                                            
           timeout: null                                                        
           verbose: true                                                        
         instance_filter: .*                                                    
         num_trajectories: 1                                                    
         print_config: true                                                     
         raise_exceptions: false                                                
         skip_existing: true                                                    
         suffix: ''                                                             
         trajectories_per_task: 1                                               
         trajectory_path:                                                       
         /data2/nfs/wangyingqi/Cyber-Zero/trajectories/ctfdojo_3traj_20260830_23
         2646/traj_001/angstromctf2016__drag-6b2e194935/enigma_output/attempt-20
         260831T055344747765-2f604502                                           
         workers: 1                                                             
         writeup: ''                                                            
                                                                                
INFO     💽 Loaded dataset from /tmp/enigma-drag-6r1_x9km/repo/challenge.json   
INFO     Found image sweagent/enigma:latest with tags:                          
         ['sweagent/enigma:latest'], created: 2024-08-29T19:52:43.576514108Z for
         linux amd64.                                                           
DEBUG    Starting container with image: sweagent/enigma:latest, name:           
         batch-831e81a6ba4b-sweagent-enigma-latest-4de793a08a                   
DEBUG    Resource limits: mem=2g, cpu_quota=150000, pids=1000                   
DEBUG    Starting container with command: docker exec -i                        
         batch-831e81a6ba4b-sweagent-enigma-latest-4de793a08a /bin/bash -l      
DEBUG    Container batch-831e81a6ba4b-sweagent-enigma-latest-4de793a08a passed  
         health check                                                           
DEBUG    ✅ Successfully retrieved container object for                         
         batch-831e81a6ba4b-sweagent-enigma-latest-4de793a08a                   
INFO     🌱 Environment Initialized                                             
DEBUG    Environment initialization took 3.59 seconds                           
INFO     闂傚倸鍊搁崐鎼佸磹閹间礁纾圭€瑰嫭鍣磋ぐ鎺戠倞鐟滃寮稿澶嬬厸闁搞儮鏅涢
         埀锟介敐澶嬫櫜濠㈣泛锕﹂濠傗攽鎺抽崐鏇㈡晝閵夆晛鐤鹃柍鍝勬噺閳锋垹鎲搁
         悧鍫濈瑨濞存粈鍗抽弻娑㈡偐閾忥拷閻ㄦ垹绱? Beginning task 0             
DEBUG    Generated unique container suffix:                                     
         batch-831e81a6ba4b-8f9b79504c89deff882c                                
INFO     🔗 Using unique network name:                                          
         ctfnet-batch-831e81a6ba4b-8f9b79504c89deff882c                         
INFO     Created agent network ctfnet-batch-831e81a6ba4b-8f9b79504c89deff882c   
DEBUG    Found network ctfnet-batch-831e81a6ba4b-8f9b79504c89deff882c           
DEBUG    Found container batch-831e81a6ba4b-sweagent-enigma-latest-4de793a08a   
INFO     Successfully connected container                                       
         batch-831e81a6ba4b-sweagent-enigma-latest-4de793a08a to network        
         ctfnet-batch-831e81a6ba4b-8f9b79504c89deff882c                         
DEBUG    Container batch-831e81a6ba4b-sweagent-enigma-latest-4de793a08a assigned
         IP 172.26.0.2 on network ctfnet-batch-831e81a6ba4b-8f9b79504c89deff882c
DEBUG    Verified: Container                                                    
         batch-831e81a6ba4b-sweagent-enigma-latest-4de793a08a is properly       
         connected to network ctfnet-batch-831e81a6ba4b-8f9b79504c89deff882c    
INFO     ✅ Successfully attached container to network                          
         ctfnet-batch-831e81a6ba4b-8f9b79504c89deff882c                         
DEBUG    Container network interfaces after attachment: 1: lo:                  
         <LOOPBACK,UP,LOWER_UP> mtu 65536 qdisc noqueue state UNKNOWN group     
         default qlen 1000                                                      
             inet 127.0.0.1/8 scope host lo                                     
         2: eth0@if7230: <BROADCAST,MULTICAST,UP,LOWER_UP> mtu 1500 qdisc       
         noqueue state UP group default                                         
             inet 172.17.0.16/16 brd 172.17.255.255 scope global eth0           
         3: eth1@if7232: <BROADCAST,MULTICAST,UP,LOWER_UP> mtu 1500 qdisc       
         noqueue state UP group default                                         
             inet 172.26.0.2/16 brd 172.26.255.255 scope global eth1            
DEBUG    Container routing table after attachment: default via 172.17.0.1 dev   
         eth0                                                                   
         172.17.0.0/16 dev eth0 proto kernel scope link src 172.17.0.16         
         172.26.0.0/16 dev eth1 proto kernel scope link src 172.26.0.2          
DEBUG    Container has 3 network interfaces - looks good                        
DEBUG    Can reach gateway 172.18.0.1 - network attachment likely successful    
DEBUG    ✅ Validated container object:                                         
         batch-831e81a6ba4b-sweagent-enigma-latest-4de793a08a                   
DEBUG    Copying file ciphertext.txt to container                               
         batch-831e81a6ba4b-sweagent-enigma-latest-4de793a08a                   
DEBUG    📂 Copying /tmp/enigma-drag-6r1_x9km/repo/ciphertext.txt to container  
         batch-831e81a6ba4b-sweagent-enigma-latest-4de793a08a (ID: f15c0883682a)
         at /__tmp__enigma-drag-6r1_x9km__repo                                  
DEBUG    Copying /tmp/enigma-drag-6r1_x9km/repo/ciphertext.txt to container at  
         /__tmp__enigma-drag-6r1_x9km__repo with command: docker cp             
         /tmp/enigma-drag-6r1_x9km/repo/ciphertext.txt                          
         f15c0883682aef0a6be69cd55aff55d1761f7eccfa676a34ad0e268918c2ca7b:/__tmp
         __enigma-drag-6r1_x9km__repo                                           
DEBUG    ✅ Successfully copied /tmp/enigma-drag-6r1_x9km/repo/ciphertext.txt to
         container batch-831e81a6ba4b-sweagent-enigma-latest-4de793a08a         
DEBUG    Copying file hint.txt to container                                     
         batch-831e81a6ba4b-sweagent-enigma-latest-4de793a08a                   
DEBUG    📂 Copying /tmp/enigma-drag-6r1_x9km/repo/hint.txt to container        
         batch-831e81a6ba4b-sweagent-enigma-latest-4de793a08a (ID: f15c0883682a)
         at /__tmp__enigma-drag-6r1_x9km__repo                                  
DEBUG    Copying /tmp/enigma-drag-6r1_x9km/repo/hint.txt to container at        
         /__tmp__enigma-drag-6r1_x9km__repo with command: docker cp             
         /tmp/enigma-drag-6r1_x9km/repo/hint.txt                                
         f15c0883682aef0a6be69cd55aff55d1761f7eccfa676a34ad0e268918c2ca7b:/__tmp
         __enigma-drag-6r1_x9km__repo                                           
DEBUG    ✅ Successfully copied /tmp/enigma-drag-6r1_x9km/repo/hint.txt to      
         container batch-831e81a6ba4b-sweagent-enigma-latest-4de793a08a         
WARNING  install_environment is set to True, but the data path is a GitHub URL  
         without an environment config file (environment_config key/flag).      
         Skipping conda environment installation.                               
INFO     Initializing agent settings for container                              
         f15c0883682aef0a6be69cd55aff55d1761f7eccfa676a34ad0e268918c2ca7b       
DEBUG    Setting up state command in container: state                           
DEBUG    State command code: state() {                                          
           local working_dir="$PWD";                                            
           local open_file="n/a";                                               
           local interactive_session="${INTERACTIVE_SESSION:-n/a}";             
           if [ ! -z $CURRENT_FILE ]; then                                      
               open_file=$(realpath $CURRENT_FILE);                             
           fi                                                                   
                                                                                
           echo '{"open_file": "'$open_file'", "working_dir": "'$working_dir'", 
         "interactive_session": "'$interactive_session'"}'                      
         };                                                                     
                                                                                
DEBUG    Environment variables and state command setup completed successfully   
DEBUG    State command successfully defined as a function                       
INFO     Resetting model stats                                                  
INFO     SYSTEM (primary)                                                       
         SETTING: You are a skilled cybersecurity professional and top CTF      
         player.                                                                
         Your goal is to solve the CTF challenge and find the flag. The flag    
         format for this CTF is actf{...}.                                      
                                                                                
         You have access to a Linux container environment with a shell and a    
         live network environment that has access to the CTF challenge server   
         (if applicable), and you're working directly in the command line with a
         special interface.                                                     
         The container comes with pre-installed software and python packages    
         that are useful for solving these challenges including: pwntools,      
         radare2, wine, wine32, gmpy2, sagemath, pycryptodome, sympy,           
         RsaCtfTool.py, tshark, sqlmap and nikto.                               
                                                                                
         The special interface consists of a file editor that shows you 100     
         lines of a file at a time.                                             
         In addition to typical bash commands, you can also use the following   
         commands to help you navigate and edit files.                          
                                                                                
         COMMANDS:                                                              
         open:                                                                  
           docstring: opens the file at the given path in the editor. If        
         line_number is provided, the window will be move to include that line  
           signature: open "<path>" [<line_number>]                             
           arguments:                                                           
             - path (string) [required]: the path to the file to open           
             - line_number (integer) [optional]: the line number to move the    
         window to (if not provided, the window will start at the top of the    
         file)                                                                  
                                                                                
         goto:                                                                  
           docstring: moves the window to show <line_number>                    
           signature: goto <line_number>                                        
           arguments:                                                           
             - line_number (integer) [required]: the line number to move the    
         window to                                                              
                                                                                
         scroll_down:                                                           
           docstring: moves the window down 100 lines                           
           signature: scroll_down                                               
                                                                                
         scroll_up:                                                             
           docstring: moves the window down 100 lines                           
           signature: scroll_up                                                 
                                                                                
         create:                                                                
           docstring: creates and opens a new file with the given name          
           signature: create <filename>                                         
           arguments:                                                           
             - filename (string) [required]: the name of the file to create     
                                                                                
         search_dir:                                                            
           docstring: searches for search_term in all files in dir. If dir is   
         not provided, searches in the current directory                        
           signature: search_dir <search_term> [<dir>]                          
           arguments:                                                           
             - search_term (string) [required]: the term to search for          
             - dir (string) [optional]: the directory to search in (if not      
         provided, searches in the current directory)                           
                                                                                
         search_file:                                                           
           docstring: searches for search_term in file. If file is not provided,
         searches in the current open file                                      
           signature: search_file <search_term> [<file>]                        
           arguments:                                                           
             - search_term (string) [required]: the term to search for          
             - file (string) [optional]: the file to search in (if not provided,
         searches in the current open file)                                     
                                                                                
         find_file:                                                             
           docstring: finds all files with the given name in dir. If dir is not 
         provided, searches in the current directory                            
           signature: find_file <file_name> [<dir>]                             
           arguments:                                                           
             - file_name (string) [required]: the name of the file to search for
             - dir (string) [optional]: the directory to search in (if not      
         provided, searches in the current directory)                           
                                                                                
         edit:                                                                  
           docstring: replaces lines <start_line> through <end_line> (inclusive)
         with the given text in the open file. The replacement text is          
         terminated by a line with only end_of_edit on it. All of the           
         <replacement text> will be entered, so make sure your indentation is   
         formatted properly. Python files will be checked for syntax errors     
         after the edit. If the system detects a syntax error, the edit will not
         be executed. Simply try to edit the file again, but make sure to read  
         the error message and modify the edit command you issue accordingly.   
         Issuing the same command a second time will just lead to the same error
         message again.                                                         
           signature: edit <start_line>:<end_line>                              
         <replacement_text>                                                     
         end_of_edit                                                            
           arguments:                                                           
             - start_line (integer) [required]: the line number to start the    
         edit at                                                                
             - end_line (integer) [required]: the line number to end the edit at
         (inclusive)                                                            
             - replacement_text (string) [required]: the text to replace the    
         current selection with                                                 
                                                                                
         submit:                                                                
           docstring: submits your current flag and terminates the session, you 
         should be aware to properly escape the flag as this is a bash command  
         and to put your flag under single quotes.                              
           signature: submit '<flag>'                                           
           arguments:                                                           
             - flag (string) [required]: the flag found                         
                                                                                
         decompile:                                                             
           docstring: Decompile a binary and prints the decompilation of a given
         function name                                                          
           signature: decompile <binary_path> [--function_name <function_name>] 
           arguments:                                                           
             - binary_path (file path) [required]: The path to the binary to be 
         decompiled                                                             
             - function_name (string) [optional]: The function name to be       
         decompiled, or main by default                                         
                                                                                
         disassemble:                                                           
           docstring: Disassembles a binary and prints the disassembly of a     
         given function name                                                    
           signature: disassemble <binary_path> [--function_name                
         <function_name>]                                                       
           arguments:                                                           
             - binary_path (file path) [required]: The path to the binary to be 
         disassembled                                                           
             - function_name (string) [optional]: The function name to be       
         disassembled, or main by default                                       
                                                                                
         debug_start:                                                           
           docstring: Starts a debug session with the given binary.             
           signature: debug_start <binary> [<args>]                             
           arguments:                                                           
             - binary (string) [required]: the path to the binary to debug      
             - args (string) [optional]: optional command-line arguments for the
         binary                                                                 
                                                                                
         debug_add_breakpoint:                                                  
           docstring: Adds a breakpoint in the debug session                    
           signature: debug_add_breakpoint <breakpoint>                         
           arguments:                                                           
             - breakpoint (string) [required]: The breakpoint location, which   
         may be a function name, address, or filename and line number.          
                                                                                
         debug_continue:                                                        
           docstring: Continues the program execution in the debug session.     
           signature: debug_continue                                            
                                                                                
         debug_step:                                                            
           docstring: Steps number of instructions in the debug session.        
           signature: debug_step [number]                                       
           arguments:                                                           
             - number (integer) [optional]: number of instructions to step      
         (default is 1)                                                         
                                                                                
         debug_exec:                                                            
           docstring: Executes arbitrary gdb command in debug session.          
           signature: debug_exec <command>                                      
           arguments:                                                           
             - command (string) [required]: command to execute (wrap in single  
         quotes to avoid shell escaping and substitution)                       
                                                                                
         debug_stop:                                                            
           docstring: Stops the current debug session.                          
           signature: debug_stop                                                
                                                                                
         connect_start:                                                         
           docstring: Starts a new interactive connection to the server address 
         and port.                                                              
           signature: connect_start <server_address> <port>                     
           arguments:                                                           
             - server_address (string) [required]: the server address to        
         initiate connection to                                                 
             - port (int) [required]: desired port for connection               
                                                                                
         connect_sendline:                                                      
           docstring: Sends a line with unicode/hexadecimal values to the       
         connection. Sending hexadecimal bytes should be done using \x<hh> where
         hh stands for the sepecific byte you want to send.                     
           signature: connect_sendline [<line>]                                 
           arguments:                                                           
             - line (string) [optional]: The line to send to the connection     
                                                                                
         connect_exec:                                                          
           docstring: Executes arbitrary connect command in connect session.    
           signature: connect_exec <command>                                    
           arguments:                                                           
             - command (string) [required]: command to execute (wrap in single  
         quotes to avoid shell escaping and substitution)                       
                                                                                
         connect_stop:                                                          
           docstring: Stops the current connect session.                        
           signature: connect_stop                                              
                                                                                
         exit_forfeit:                                                          
           docstring: Give up on the current challenge and terminate the        
         session.                                                               
           signature: exit_forfeit                                              
                                                                                
                                                                                
                                                                                
         Please note that THE EDIT COMMAND REQUIRES PROPER INDENTATION.         
         If you'd like to add the line '        print(x)' you must fully write  
         that out, with all those spaces before the code! Indentation is        
         important and code that is not indented correctly will fail and require
         fixing before it can be run.                                           
                                                                                
         RESPONSE FORMAT:                                                       
         Your shell prompt is formatted as follows:                             
         (Open file: <path>) <cwd> $                                            
                                                                                
         You need to format your output using two fields; discussion and        
         command.                                                               
         Your output should always include _one_ discussion and _one_ command   
         field EXACTLY as in the following example:                             
         DISCUSSION                                                             
         First I'll start by using ls to see what files are in the current      
         directory. Then maybe we can look at some relevant files to see what   
         they look like.                                                        
         ```                                                                    
         ls -a                                                                  
         ```                                                                    
                                                                                
         You should only include a *SINGLE* command in the command section and  
         then wait for a response from the shell before continuing with more    
         discussion and commands. Everything you include in the DISCUSSION      
         section will be saved for future reference.                            
         If you'd like to issue two commands at once, PLEASE DO NOT DO THAT!    
         Please instead first submit just the first command, and then after     
         receiving a response you'll be able to issue the second command.       
         You're free to use any other bash commands you want (e.g. find, grep,  
         cat, ls, cd) in addition to the special commands listed above.         
         However, the environment does NOT support interactive session commands 
         (e.g. python, vim), so please do not invoke them.                      
                                                                                
         YOU CANNOT ACCESS ANY WEBSITE EXCEPT FOR THE CTF CHALLENGE SERVER! DO  
         NOT PEFORM PORT SCANNING OR ANY OTHER NETWORK SCANNING!                
INFO     Trajectory will be saved to                                            
         /data2/nfs/wangyingqi/Cyber-Zero/trajectories/ctfdojo_3traj_20260830_23
         2646/traj_001/angstromctf2016__drag-6b2e194935/enigma_output/attempt-20
         260831T055344747765-2f604502/glm52_10__challenge__default_ctf__t-0.00__
         p-0.95__k-20__c-0.00__install-1/misc_drag.traj                         
INFO     濠电姷顣藉Σ鍛村磻閹捐泛绶ゅù鐘差儏缁愭鎱ㄥ鍡楀姦?MODEL INPUT         
         We're currently solving the following CTF challenge. The CTF challenge 
         is a miscellaneous problem named "drag", worth 10 points. The          
         description is:                                                        
         We have found a hex string that we believe is encrypted using a        
         multiple time pad. Can you crack it given just the ciphertext? If you  
         need a hint, check hint.txt.                                           
         Files included in the challenge: ['ciphertext.txt', 'hint.txt']        
                                                                                
                                                                                
                                                                                
         INSTRUCTIONS:                                                          
         Now, you're going to solve this challenge on your own. Your terminal   
         session has started and you're in the challenge's root directory. You  
         can use any bash commands or the special interface to help you.        
         Solve the challenge, executing any commands you need and writing any   
         code that may be helpful. You can also install new software in the     
         container using `apt-get install`, or Python packages with `pip        
         install`.                                                              
         Remember, YOU CAN ONLY ENTER ONE COMMAND AT A TIME. You should always  
         wait for feedback after every command.                                 
         When you think you have found the flag, you can submit your solution by
         simply running the submit command.                                     
         Note however that you cannot use any interactive session commands (e.g.
         python, vim) in this environment, but you can write scripts and run    
         them. E.g. you can write a python script and then run it with `python  
         <script_name>.py`.                                                     
                                                                                
         NOTE ABOUT THE EDIT COMMAND: Indentation really matters! When editing a
         file, make sure to insert appropriate indentation before each line!    
                                                                                
         IMPORTANT TIPS:                                                        
         1. When you edit an existing file, try to minimize the changes you make
         to the file.                                                           
                                                                                
         2. Please make sure that you make use of the interactive tools supplied
         to you! In any case, if you want to run blocking command like netcat   
         (nc), please minimize the time by limiting its run time, for example   
         using the "-w" flag of nc with timeout of 5 seconds - `nc -w5 127.0.0.1
         80`.                                                                   
                                                                                
         3. Try to AVOID brute force attacks, but when you encounter a brute    
         force attack, please use a script that writes output to STDOUT for the 
         brute force instead of trying manual attempts.                         
                                                                                
         4. Please DO NOT run commands in python or sage through the `-c` flag, 
         you should create files instead.                                       
                                                                                
         5. Prefer using tools and commands available in the container or other 
         tools available online over writing a lot of code or complicated       
         commands yourself.                                                     
            In particular, prefer using `open` instead of `cat` and             
         `search_file` instead of `grep`, and prefer using the interactive      
         commands supplied to you!                                              
                                                                                
         6. DO NOT run any command that produces binary output! Instead try to  
         use `hexdump` or `xxd`.                                                
                                                                                
         7. Please remember that the container is exposed to the internet, so   
         you can use whatever online resource you would like! Use it wisely!    
                                                                                
         8. Do not use any interactive commands AT ALL! Interactive commands are
         only available through the commands supplied to you at the beginning - 
         make use of them!                                                      
                                                                                
         9. Never run unbounded exploit I/O such as `p.interactive()`, `python  
         -i`,                                                                   
             `input()`, or a socket read without a timeout. Use bounded calls   
         such as                                                                
             `remote(host, port, timeout=15)`, `recvuntil(..., timeout=15)`, and
         run                                                                    
             exploit programs with `timeout --foreground -k 5 60s python3       
         exploit.py`.                                                           
             If the exploit is incomplete, stop and analyze the output instead  
         of                                                                     
             entering an interactive session.                                   
                                                                                
         10. A single fenced command block may contain a multiline heredoc or   
             multiline `python3 -c` command. Keep exactly one command block and 
         do                                                                     
             not repeat the DISCUSSION/command labels.                          
                                                                                
         11. YOU CAN SOLVE THE CHALLENGES BY YOURSELF COMPLETELY - I TRUST IN   
         YOU!                                                                   
                                                                                
         (Open file: n/a)                                                       
         (Current directory: /__tmp__enigma-drag-6r1_x9km__repo)                
         (Interactive session: n/a)                                             
         bash-$                                                                 
INFO     Messages API request start: model=glm52_10 messages=1 timeout=1170.0s  
         max_tokens=8192 native_tools=False thinking=auto shape=[{'role':       
         'user', 'type': 'str', 'chars': 3565}]                                 
INFO     Messages API response received: status=200 elapsed=1.9s                
DEBUG    input_tokens=2,820, output_tokens=45, instance_cost=0.00, cost=0.00    
DEBUG    total_tokens_sent=2,820, total_tokens_received=45, total_cost=0.00,    
         total_api_calls=1                                                      
INFO     濠电姷顣藉Σ鍛村磻閹捐泛绶ゅù鐘差儏閻ゎ喗銇勯弽銊х焼闁?THOUGHT (primary)
         DISCUSSION                                                             
         Let me start by examining the challenge files to understand what we're 
         working with.                                                          
                                                                                
INFO     濠电姷顣藉Σ鍛村磻閹捐泛绶ゅù鐘差儏閻ゎ喗銇勯幇鈺佲偓妤佺▔?ACTION       
         (primary)                                                              
         ls -a                                                                  
                                                                                
INFO     濠电姷顣藉Σ鍛村磻閹捐泛绶ゅù鐘差儏缁愭鎱ㄥ鍡楀姦?MODEL INPUT         
         .                                                                      
         ..                                                                     
         ciphertext.txt                                                         
         hint.txt                                                               
         (Open file: n/a)                                                       
         (Current directory: /__tmp__enigma-drag-6r1_x9km__repo)                
         (Interactive session: n/a)                                             
         bash-$                                                                 
INFO     Messages API request start: model=glm52_10 messages=3 timeout=1170.0s  
         max_tokens=8192 native_tools=False thinking=auto shape=[{'role':       
         'user', 'type': 'str', 'chars': 3565}, {'role': 'assistant', 'type':   
         'str', 'chars': 109}, {'role': 'user', 'type': 'str', 'chars': 135}]   
INFO     Messages API response received: status=200 elapsed=1.7s                
DEBUG    input_tokens=2,897, output_tokens=35, instance_cost=0.00, cost=0.00    
DEBUG    total_tokens_sent=5,717, total_tokens_received=80, total_cost=0.00,    
         total_api_calls=2                                                      
INFO     濠电姷顣藉Σ鍛村磻閹捐泛绶ゅù鐘差儏閻ゎ喗銇勯弽銊х焼闁?THOUGHT (primary)
         DISCUSSION                                                             
         Let me look at both files to understand the challenge.                 
                                                                                
INFO     濠电姷顣藉Σ鍛村磻閹捐泛绶ゅù鐘差儏閻ゎ喗銇勯幇鈺佲偓妤佺▔?ACTION       
         (primary)                                                              
         open ciphertext.txt                                                    
                                                                                
INFO     濠电姷顣藉Σ鍛村磻閹捐泛绶ゅù鐘差儏缁愭鎱ㄥ鍡楀姦?MODEL INPUT         
         [File: /__tmp__enigma-drag-6r1_x9km__repo/ciphertext.txt (1 lines      
         total)]                                                                
         1:2c0d16191a540943500504121b130d5d144376030d0e5813544f1f165b13450f531f1
         356501758570904401354411f161b570418161f1a18040b5804004b52170d4b50105f12
         451e45131018030c17030a4b42171f5d50005605004b5910545f1c0c451e0a1e45563b5
         c091044121018161f1a18040b52573119591c1556500058020b1f440f5818070b520500
         4b41135479130b561e04054556074d16055205000f161b1d4b15115e12165016101b4a5
         02a1719001d5304544b111417030d0e16111b5c0343441f0a1c5f1813180316541f4504
         46131a1811055112061f5f191a181110172704075a17071831175f120b0e1a560050154
         340161c4b451e111803175818014b541307511406171f0c061a561b48150d5b0e5e4b5f
         10544b180617000a1e5a12545c150a5019451f595618570606170e0a1e16170718030b5
         257010252561c511d4f17160b0f1615154a15435118174b4f190118190d171f0019161e
         115902171b5711035318544b1f0e52570a0d16021c57030617070004461a11181d0a501
         f114b4113185450055805020e4256155a1f164357080a44040d511e041950453f5e131a
         18040b52571103590313500405421b453f531a115511005f18164b45171d5c501758570
         d025b561d5650025904120e444c541f3f0f53571602445a547150175f1e0b0016021c59
         0443401f041f160f1b4d500b5601004b45171d5c50145e1b094b5819001812061716060
         8591b045419105f12014516211c5904434e18104b5b131556500a445711045956165117
         4d173e114b541303511c075205164b5b135a18240b5603451c5e1f1750502a171f0a1b5
         356125702435418100752561a5d060645570d0a4606115650175857080e1a561a570443
         52010005161f1218040b525702045205544b1f43401e090753125451044d1716061f500
         d45671b064e280c186903075d143c5819060e4b                                
         (Open file: /__tmp__enigma-drag-6r1_x9km__repo/ciphertext.txt)         
         (Current directory: /__tmp__enigma-drag-6r1_x9km__repo)                
         (Interactive session: n/a)                                             
         bash-$                                                                 
INFO     Messages API request start: model=glm52_10 messages=5 timeout=1170.0s  
         max_tokens=8192 native_tools=False thinking=auto shape=[{'role':       
         'user', 'type': 'str', 'chars': 3565}, {'role': 'assistant', 'type':   
         'str', 'chars': 109}, {'role': 'user', 'type': 'str', 'chars': 135},   
         {'role': 'assistant', 'type': 'str', 'chars': 93}, {'role': 'user',    
         'type': 'str', 'chars': 1615}]                                         
INFO     Messages API response received: status=200 elapsed=1.9s                
DEBUG    input_tokens=3,892, output_tokens=32, instance_cost=0.00, cost=0.00    
DEBUG    total_tokens_sent=9,609, total_tokens_received=112, total_cost=0.00,   
         total_api_calls=3                                                      
INFO     濠电姷顣藉Σ鍛村磻閹捐泛绶ゅù鐘差儏閻ゎ喗銇勯弽銊х焼闁?THOUGHT (primary)
         DISCUSSION                                                             
         Now let me look at the hint file.                                      
                                                                                
INFO     濠电姷顣藉Σ鍛村磻閹捐泛绶ゅù鐘差儏閻ゎ喗銇勯幇鈺佲偓妤佺▔?ACTION       
         (primary)                                                              
         open hint.txt                                                          
                                                                                
INFO     濠电姷顣藉Σ鍛村磻閹捐泛绶ゅù鐘差儏缁愭鎱ㄥ鍡楀姦?MODEL INPUT         
         [File: /__tmp__enigma-drag-6r1_x9km__repo/hint.txt (1 lines total)]    
         1:"hint": "The first step is to determine the key length.  The flag is 
         a string, ASCII-encoded.                                               
         (Open file: /__tmp__enigma-drag-6r1_x9km__repo/hint.txt)               
         (Current directory: /__tmp__enigma-drag-6r1_x9km__repo)                
         (Interactive session: n/a)                                             
         bash-$                                                                 
INFO     Messages API request start: model=glm52_10 messages=7 timeout=1170.0s  
         max_tokens=8192 native_tools=False thinking=auto shape=[{'role':       
         'user', 'type': 'str', 'chars': 3565}, {'role': 'assistant', 'type':   
         'str', 'chars': 109}, {'role': 'user', 'type': 'str', 'chars': 135},   
         {'role': 'assistant', 'type': 'str', 'chars': 93}, {'role': 'user',    
         'type': 'str', 'chars': 1615}, {'role': 'assistant', 'type': 'str',    
         'chars': 66}, {'role': 'user', 'type': 'str', 'chars': 310}]           
INFO     Messages API response received: status=200 elapsed=22.7s               
DEBUG    input_tokens=4,024, output_tokens=756, instance_cost=0.00, cost=0.00   
DEBUG    total_tokens_sent=13,633, total_tokens_received=868, total_cost=0.00,  
         total_api_calls=4                                                      
INFO     濠电姷顣藉Σ鍛村磻閹捐泛绶ゅù鐘差儏閻ゎ喗銇勯弽銊х焼闁?THOUGHT (primary)
         DISCUSSION                                                             
         This is a repeating-key XOR (multiple time pad) challenge. The hint    
         says to first determine the key length, and the flag is ASCII-encoded. 
         Let me write a Python script to analyze the ciphertext and crack it.   
                                                                                
INFO     濠电姷顣藉Σ鍛村磻閹捐泛绶ゅù鐘差儏閻ゎ喗銇勯幇鈺佲偓妤佺▔?ACTION       
         (primary)                                                              
         cat > solve.py << 'EOF'                                                
         import binascii                                                        
         from collections import Counter                                        
                                                                                
         # Read ciphertext                                                      
         with open('ciphertext.txt', 'r') as f:                                 
             hex_str = f.read().strip()                                         
                                                                                
         ct = bytes.fromhex(hex_str)                                            
         print(f"Ciphertext length: {len(ct)} bytes")                           
                                                                                
         # Try to find key length using Hamming distance / Index of Coincidence 
         def hamming_distance(a, b):                                            
             return sum(bin(x ^ y).count('1') for x, y in zip(a, b))            
                                                                                
         # Try different key lengths                                            
         print("\nKey length analysis (normalized Hamming distance):")          
         results = []                                                           
         for keylen in range(1, 50):                                            
             blocks = [ct[i:i+keylen] for i in range(0, len(ct) - keylen,       
         keylen)]                                                               
             if len(blocks) < 2:                                                
                 continue                                                       
             total_dist = 0                                                     
             num_pairs = 0                                                      
             for i in range(min(len(blocks)-1, 10)):                            
                 dist = hamming_distance(blocks[i], blocks[i+1])                
                 total_dist += dist / keylen                                    
                 num_pairs += 1                                                 
             avg_dist = total_dist / num_pairs                                  
             results.append((avg_dist, keylen))                                 
                                                                                
         results.sort()                                                         
         for dist, keylen in results[:10]:                                      
             print(f"  Key length {keylen}: {dist:.4f}")                        
                                                                                
         EOF                                                                    
         python3 solve.py                                                       
                                                                                
INFO     濠电姷顣藉Σ鍛村磻閹捐泛绶ゅù鐘差儏缁愭鎱ㄥ鍡楀姦?MODEL INPUT         
         /bin/bash: line 35: warning: here-document at line 1 delimited by      
         end-of-file (wanted `EOF')                                             
         python3: can't open file '/__tmp__enigma-drag-6r1_x9km__repo/solve.py':
         [Errno 2] No such file or directory                                    
         /bin/bash: line 307: EOF: command not found                            
         (Open file: /__tmp__enigma-drag-6r1_x9km__repo/hint.txt)               
         (Current directory: /__tmp__enigma-drag-6r1_x9km__repo)                
         (Interactive session: n/a)                                             
         bash-$                                                                 
INFO     Messages API request start: model=glm52_10 messages=9 timeout=1170.0s  
         max_tokens=8192 native_tools=False thinking=auto shape=[{'role':       
         'user', 'type': 'str', 'chars': 3565}, {'role': 'assistant', 'type':   
         'str', 'chars': 109}, {'role': 'user', 'type': 'str', 'chars': 135},   
         {'role': 'assistant', 'type': 'str', 'chars': 93}, {'role': 'user',    
         'type': 'str', 'chars': 1615}, {'role': 'assistant', 'type': 'str',    
         'chars': 66}, {'role': 'user', 'type': 'str', 'chars': 310}, {'role':  
         'assistant', 'type': 'str', 'chars': 1265}, {'role': 'user', 'type':   
         'str', 'chars': 391}]                                                  
INFO     Messages API response received: status=200 elapsed=2.1s                
DEBUG    input_tokens=4,512, output_tokens=59, instance_cost=0.00, cost=0.00    
DEBUG    total_tokens_sent=18,145, total_tokens_received=927, total_cost=0.00,  
         total_api_calls=5                                                      
INFO     濠电姷顣藉Σ鍛村磻閹捐泛绶ゅù鐘差儏閻ゎ喗銇勯弽銊х焼闁?THOUGHT (primary)
         DISCUSSION                                                             
         The heredoc didn't work properly. Let me use the `create` command to   
         make the file instead.                                                 
                                                                                
INFO     濠电姷顣藉Σ鍛村磻閹捐泛绶ゅù鐘差儏閻ゎ喗銇勯幇鈺佲偓妤佺▔?ACTION       
         (primary)                                                              
         create solve.py                                                        
                                                                                
INFO     濠电姷顣藉Σ鍛村磻閹捐泛绶ゅù鐘差儏缁愭鎱ㄥ鍡楀姦?MODEL INPUT         
         [File: /__tmp__enigma-drag-6r1_x9km__repo/solve.py (1 lines total)]    
         1:                                                                     
         (Open file: /__tmp__enigma-drag-6r1_x9km__repo/solve.py)               
         (Current directory: /__tmp__enigma-drag-6r1_x9km__repo)                
         (Interactive session: n/a)                                             
         bash-$                                                                 
INFO     Messages API request start: model=glm52_10 messages=11 timeout=1170.0s 
         max_tokens=8192 native_tools=False thinking=auto shape=[{'role':       
         'user', 'type': 'str', 'chars': 3565}, {'role': 'assistant', 'type':   
         'str', 'chars': 109}, {'role': 'user', 'type': 'str', 'chars': 135},   
         {'role': 'assistant', 'type': 'str', 'chars': 93}, {'role': 'user',    
         'type': 'str', 'chars': 1615}, {'role': 'assistant', 'type': 'str',    
         'chars': 66}, {'role': 'user', 'type': 'str', 'chars': 310}, {'role':  
         'assistant', 'type': 'str', 'chars': 1265}, {'role': 'user', 'type':   
         'str', 'chars': 391}, {'role': 'assistant', 'type': 'str', 'chars':    
         126}, {'role': 'user', 'type': 'str', 'chars': 217}]                   
INFO     Messages API response received: status=200 elapsed=9.5s                
DEBUG    input_tokens=4,635, output_tokens=309, instance_cost=0.00, cost=0.00   
DEBUG    total_tokens_sent=22,780, total_tokens_received=1,236, total_cost=0.00,
         total_api_calls=6                                                      
INFO     濠电姷顣藉Σ鍛村磻閹捐泛绶ゅù鐘差儏閻ゎ喗銇勯弽銊х焼闁?THOUGHT (primary)
         DISCUSSION                                                             
         Now let me write the solve script using the edit command.              
                                                                                
INFO     濠电姷顣藉Σ鍛村磻閹捐泛绶ゅù鐘差儏閻ゎ喗銇勯幇鈺佲偓妤佺▔?ACTION       
         (primary)                                                              
         edit 1:1                                                               
         import binascii                                                        
         from collections import Counter                                        
                                                                                
         # Read ciphertext                                                      
         with open('ciphertext.txt', 'r') as f:                                 
             hex_str = f.read().strip()                                         
                                                                                
         ct = bytes.fromhex(hex_str)                                            
         print(f"Ciphertext length: {len(ct)} bytes")                           
                                                                                
         # Try to find key length using Hamming distance                        
         def hamming_distance(a, b):                                            
             return sum(bin(x ^ y).count('1') for x, y in zip(a, b))            
                                                                                
         # Try different key lengths                                            
         print("\nKey length analysis (normalized Hamming distance):")          
         results = []                                                           
         for keylen in range(1, 50):                                            
             blocks = [ct[i:i+keylen] for i in range(0, len(ct) - keylen,       
         keylen)]                                                               
             if len(blocks) < 2:                                                
                 continue                                                       
             total_dist = 0                                                     
             num_pairs = 0                                                      
             for i in range(min(len(blocks)-1, 10)):                            
                 dist = hamming_distance(blocks[i], blocks[i+1])                
                 total_dist += dist / keylen                                    
                 num_pairs += 1                                                 
             avg_dist = total_dist / num_pairs                                  
             results.append((avg_dist, keylen))                                 
                                                                                
         results.sort()                                                         
         for dist, keylen in results[:10]:                                      
             print(f"  Key length {keylen}: {dist:.4f}")                        
         end_of_edit                                                            
                                                                                
INFO     濠电姷顣藉Σ鍛村磻閹捐泛绶ゅù鐘差儏缁愭鎱ㄥ鍡楀姦?MODEL INPUT         
         [File: /__tmp__enigma-drag-6r1_x9km__repo/solve.py (33 lines total)]   
         1:import binascii                                                      
         2:from collections import Counter                                      
         3:                                                                     
         4:# Read ciphertext                                                    
         5:with open('ciphertext.txt', 'r') as f:                               
         6:    hex_str = f.read().strip()                                       
         7:                                                                     
         8:ct = bytes.fromhex(hex_str)                                          
         9:print(f"Ciphertext length: {len(ct)} bytes")                         
         10:                                                                    
         11:# Try to find key length using Hamming distance                     
         12:def hamming_distance(a, b):                                         
         13:    return sum(bin(x ^ y).count('1') for x, y in zip(a, b))         
         14:                                                                    
         15:# Try different key lengths                                         
         16:print("\nKey length analysis (normalized Hamming distance):")       
         17:results = []                                                        
         18:for keylen in range(1, 50):                                         
         19:    blocks = [ct[i:i+keylen] for i in range(0, len(ct) - keylen,    
         keylen)]                                                               
         20:    if len(blocks) < 2:                                             
         21:        continue                                                    
         22:    total_dist = 0                                                  
         23:    num_pairs = 0                                                   
         24:    for i in range(min(len(blocks)-1, 10)):                         
         25:        dist = hamming_distance(blocks[i], blocks[i+1])             
         26:        total_dist += dist / keylen                                 
         27:        num_pairs += 1                                              
         28:    avg_dist = total_dist / num_pairs                               
         29:    results.append((avg_dist, keylen))                              
         30:                                                                    
         31:results.sort()                                                      
         32:for dist, keylen in results[:10]:                                   
         33:    print(f"  Key length {keylen}: {dist:.4f}")                     
         File updated. Please review the changes and make sure they are correct 
         (correct indentation, no duplicate lines, etc). Edit the file again if 
         necessary.                                                             
         (Open file: /__tmp__enigma-drag-6r1_x9km__repo/solve.py)               
         (Current directory: /__tmp__enigma-drag-6r1_x9km__repo)                
         (Interactive session: n/a)                                             
         bash-$                                                                 
INFO     Messages API request start: model=glm52_10 messages=13 timeout=1170.0s 
         max_tokens=8192 native_tools=False thinking=auto shape=[{'role':       
         'user', 'type': 'str', 'chars': 3565}, {'role': 'assistant', 'type':   
         'str', 'chars': 109}, {'role': 'user', 'type': 'str', 'chars': 28},    
         {'role': 'assistant', 'type': 'str', 'chars': 93}, {'role': 'user',    
         'type': 'str', 'chars': 1615}, {'role': 'assistant', 'type': 'str',    
         'chars': 66}, {'role': 'user', 'type': 'str', 'chars': 310}, {'role':  
         'assistant', 'type': 'str', 'chars': 1265}, {'role': 'user', 'type':   
         'str', 'chars': 391}, {'role': 'assistant', 'type': 'str', 'chars':    
         126}, {'role': 'user', 'type': 'str', 'chars': 217}, {'role':          
         'assistant', 'type': 'str', 'chars': 1067}, {'role': 'user', 'type':   
         'str', 'chars': 1428}]                                                 
INFO     Messages API response received: status=200 elapsed=1.5s                
DEBUG    input_tokens=5,360, output_tokens=25, instance_cost=0.00, cost=0.00    
DEBUG    total_tokens_sent=28,140, total_tokens_received=1,261, total_cost=0.00,
         total_api_calls=7                                                      
INFO     濠电姷顣藉Σ鍛村磻閹捐泛绶ゅù鐘差儏閻ゎ喗銇勯弽銊х焼闁?THOUGHT (primary)
         DISCUSSION                                                             
         Let me run the script to analyze the key length.                       
                                                                                
INFO     濠电姷顣藉Σ鍛村磻閹捐泛绶ゅù鐘差儏閻ゎ喗銇勯幇鈺佲偓妤佺▔?ACTION       
         (primary)                                                              
         python3 solve.py                                                       
                                                                                
INFO     濠电姷顣藉Σ鍛村磻閹捐泛绶ゅù鐘差儏缁愭鎱ㄥ鍡楀姦?MODEL INPUT         
         Ciphertext length: 693 bytes                                           
                                                                                
         Key length analysis (normalized Hamming distance):                     
           Key length 20: 2.5300                                                
           Key length 40: 2.6375                                                
           Key length 6: 2.6667                                                 
           Key length 30: 2.6700                                                
           Key length 11: 2.8273                                                
           Key length 10: 2.8600                                                
           Key length 36: 2.8639                                                
           Key length 24: 2.8833                                                
           Key length 17: 2.9118                                                
           Key length 34: 2.9206                                                
         (Open file: /__tmp__enigma-drag-6r1_x9km__repo/solve.py)               
         (Current directory: /__tmp__enigma-drag-6r1_x9km__repo)                
         (Interactive session: n/a)                                             
         bash-$                                                                 
INFO     Messages API request start: model=glm52_10 messages=15 timeout=1170.0s 
         max_tokens=8192 native_tools=False thinking=auto shape=[{'role':       
         'user', 'type': 'str', 'chars': 3565}, {'role': 'assistant', 'type':   
         'str', 'chars': 109}, {'role': 'user', 'type': 'str', 'chars': 28},    
         {'role': 'assistant', 'type': 'str', 'chars': 93}, {'role': 'user',    
         'type': 'str', 'chars': 28}, {'role': 'assistant', 'type': 'str',      
         'chars': 66}, {'role': 'user', 'type': 'str', 'chars': 310}, {'role':  
         'assistant', 'type': 'str', 'chars': 1265}, {'role': 'user', 'type':   
         'str', 'chars': 391}, {'role': 'assistant', 'type': 'str', 'chars':    
         126}, {'role': 'user', 'type': 'str', 'chars': 217}, {'role':          
         'assistant', 'type': 'str', 'chars': 1067}, {'role': 'user', 'type':   
         'str', 'chars': 1428}, {'role': 'assistant', 'type': 'str', 'chars':   
         84}, {'role': 'user', 'type': 'str', 'chars': 466}]                    
INFO     Messages API response received: status=200 elapsed=11.6s               
DEBUG    input_tokens=4,628, output_tokens=445, instance_cost=0.00, cost=0.00   
DEBUG    total_tokens_sent=32,768, total_tokens_received=1,706, total_cost=0.00,
         total_api_calls=8                                                      
INFO     濠电姷顣藉Σ鍛村磻閹捐泛绶ゅù鐘差儏閻ゎ喗銇勯弽銊х焼闁?THOUGHT (primary)
         DISCUSSION                                                             
         Key length 20 seems most likely. Let me now crack the XOR key by using 
         frequency analysis on each byte position, assuming the plaintext is    
         printable ASCII.                                                       
                                                                                
INFO     濠电姷顣藉Σ鍛村磻閹捐泛绶ゅù鐘差儏閻ゎ喗銇勯幇鈺佲偓妤佺▔?ACTION       
         (primary)                                                              
         edit 1:33                                                              
         import binascii                                                        
         from collections import Counter                                        
         import string                                                          
                                                                                
         # Read ciphertext                                                      
         with open('ciphertext.txt', 'r') as f:                                 
             hex_str = f.read().strip()                                         
                                                                                
         ct = bytes.fromhex(hex_str)                                            
         print(f"Ciphertext length: {len(ct)} bytes")                           
                                                                                
         KEYLEN = 20                                                            
                                                                                
         # For each position in the key, try all possible byte values           
         # and score based on how many produce printable ASCII                  
         key = []                                                               
         for pos in range(KEYLEN):                                              
             best_score = -1                                                    
             best_byte = 0                                                      
             for candidate in range(256):                                       
                 score = 0                                                      
                 for i in range(pos, len(ct), KEYLEN):                          
                     pt_byte = ct[i] ^ candidate                                
                     if chr(pt_byte) in string.printable:                       
                         score += 1                                             
                         # Extra weight for common characters                   
                         if chr(pt_byte) in string.ascii_lowercase + ' ':       
                             score += 2                                         
                         if chr(pt_byte) in string.ascii_uppercase:             
                             score += 1                                         
                 if score > best_score:                                         
                     best_score = score                                         
                     best_byte = candidate                                      
             key.append(best_byte)                                              
                                                                                
         key_bytes = bytes(key)                                                 
         print(f"Key (hex): {key_bytes.hex()}")                                 
         print(f"Key (repr): {repr(key_bytes)}")                                
                                                                                
         # Decrypt                                                              
         plaintext = bytes(ct[i] ^ key[i % KEYLEN] for i in range(len(ct)))     
         print(f"\nPlaintext:\n{plaintext.decode('ascii', errors='replace')}")  
         end_of_edit                                                            
                                                                                
INFO     濠电姷顣藉Σ鍛村磻閹捐泛绶ゅù鐘差儏缁愭鎱ㄥ鍡楀姦?MODEL INPUT         
         [File: /__tmp__enigma-drag-6r1_x9km__repo/solve.py (42 lines total)]   
         1:import binascii                                                      
         2:from collections import Counter                                      
         3:import string                                                        
         4:                                                                     
         5:# Read ciphertext                                                    
         6:with open('ciphertext.txt', 'r') as f:                               
         7:    hex_str = f.read().strip()                                       
         8:                                                                     
         9:ct = bytes.fromhex(hex_str)                                          
         10:print(f"Ciphertext length: {len(ct)} bytes")                        
         11:                                                                    
         12:KEYLEN = 20                                                         
         13:                                                                    
         14:# For each position in the key, try all possible byte values        
         15:# and score based on how many produce printable ASCII               
         16:key = []                                                            
         17:for pos in range(KEYLEN):                                           
         18:    best_score = -1                                                 
         19:    best_byte = 0                                                   
         20:    for candidate in range(256):                                    
         21:        score = 0                                                   
         22:        for i in range(pos, len(ct), KEYLEN):                       
         23:            pt_byte = ct[i] ^ candidate                             
         24:            if chr(pt_byte) in string.printable:                    
         25:                score += 1                                          
         26:                # Extra weight for common characters                
         27:                if chr(pt_byte) in string.ascii_lowercase + ' ':    
         28:                    score += 2                                      
         29:                if chr(pt_byte) in string.ascii_uppercase:          
         30:                    score += 1                                      
         31:        if score > best_score:                                      
         32:            best_score = score                                      
         33:            best_byte = candidate                                   
         34:    key.append(best_byte)                                           
         35:                                                                    
         36:key_bytes = bytes(key)                                              
         37:print(f"Key (hex): {key_bytes.hex()}")                              
         38:print(f"Key (repr): {repr(key_bytes)}")                             
         39:                                                                    
         40:# Decrypt                                                           
         41:plaintext = bytes(ct[i] ^ key[i % KEYLEN] for i in range(len(ct)))  
         42:print(f"\nPlaintext:\n{plaintext.decode('ascii',                    
         errors='replace')}")                                                   
         File updated. Please review the changes and make sure they are correct 
         (correct indentation, no duplicate lines, etc). Edit the file again if 
         necessary.                                                             
         (Open file: /__tmp__enigma-drag-6r1_x9km__repo/solve.py)               
         (Current directory: /__tmp__enigma-drag-6r1_x9km__repo)                
         (Interactive session: n/a)                                             
         bash-$                                                                 
INFO     Messages API request start: model=glm52_10 messages=17 timeout=1170.0s 
         max_tokens=8192 native_tools=False thinking=auto shape=[{'role':       
         'user', 'type': 'str', 'chars': 3565}, {'role': 'assistant', 'type':   
         'str', 'chars': 109}, {'role': 'user', 'type': 'str', 'chars': 28},    
         {'role': 'assistant', 'type': 'str', 'chars': 93}, {'role': 'user',    
         'type': 'str', 'chars': 28}, {'role': 'assistant', 'type': 'str',      
         'chars': 66}, {'role': 'user', 'type': 'str', 'chars': 28}, {'role':   
         'assistant', 'type': 'str', 'chars': 1265}, {'role': 'user', 'type':   
         'str', 'chars': 391}, {'role': 'assistant', 'type': 'str', 'chars':    
         126}, {'role': 'user', 'type': 'str', 'chars': 217}, {'role':          
         'assistant', 'type': 'str', 'chars': 1067}, {'role': 'user', 'type':   
         'str', 'chars': 1428}, {'role': 'assistant', 'type': 'str', 'chars':   
         84}, {'role': 'user', 'type': 'str', 'chars': 466}, {'role':           
         'assistant', 'type': 'str', 'chars': 1448}, {'role': 'user', 'type':   
         'str', 'chars': 1737}]                                                 
INFO     Messages API response received: status=200 elapsed=1.5s                
DEBUG    input_tokens=5,396, output_tokens=26, instance_cost=0.00, cost=0.00    
DEBUG    total_tokens_sent=38,164, total_tokens_received=1,732, total_cost=0.00,
         total_api_calls=9                                                      
INFO     濠电姷顣藉Σ鍛村磻閹捐泛绶ゅù鐘差儏閻ゎ喗銇勯弽銊х焼闁?THOUGHT (primary)
         DISCUSSION                                                             
         Let me run the updated script to crack the XOR key.                    
                                                                                
INFO     濠电姷顣藉Σ鍛村磻閹捐泛绶ゅù鐘差儏閻ゎ喗銇勯幇鈺佲偓妤佺▔?ACTION       
         (primary)                                                              
         python3 solve.py                                                       
                                                                                
INFO     濠电姷顣藉Σ鍛村磻閹捐泛绶ゅù鐘差儏缁愭鎱ㄥ鍡楀姦?MODEL INPUT         
         Ciphertext length: 693 bytes                                           
         Key (hex): 656b3676743870633777656b3676743870633777                    
         Key (repr): b'ek6vt8pc7wek6vt8pc7w'                                    
                                                                                
         Plaintext:                                                             
         If only gray-eyed Athene would deign to love you, as in those days she 
         used so to take care of glorious Odysseus in the Trojan country, where 
         we Achaians suffered miseries; for I never saw the gods showing such   
         open affection as Pallas Athene, the way she stood beside him, openly; 
         if she would deign to love you as she did him, and care for you in her 
         heart, then some of those people might well forget about marrying.'    
         Then the thoughtful Telemachos said to him in answer: 'Old sir, I think
         that what you have said will not be accomplished. What you mean is too 
         big. It bewilders me. That which I hope for could never happen to me,  
         not even if the gods so willed it. actf{1_key_is_used_once}            
         (Open file: /__tmp__enigma-drag-6r1_x9km__repo/solve.py)               
         (Current directory: /__tmp__enigma-drag-6r1_x9km__repo)                
         (Interactive session: n/a)                                             
         bash-$                                                                 
INFO     Messages API request start: model=glm52_10 messages=19 timeout=1170.0s 
         max_tokens=8192 native_tools=False thinking=auto shape=[{'role':       
         'user', 'type': 'str', 'chars': 3565}, {'role': 'assistant', 'type':   
         'str', 'chars': 109}, {'role': 'user', 'type': 'str', 'chars': 28},    
         {'role': 'assistant', 'type': 'str', 'chars': 93}, {'role': 'user',    
         'type': 'str', 'chars': 28}, {'role': 'assistant', 'type': 'str',      
         'chars': 66}, {'role': 'user', 'type': 'str', 'chars': 28}, {'role':   
         'assistant', 'type': 'str', 'chars': 1265}, {'role': 'user', 'type':   
         'str', 'chars': 28}, {'role': 'assistant', 'type': 'str', 'chars':     
         126}, {'role': 'user', 'type': 'str', 'chars': 217}, {'role':          
         'assistant', 'type': 'str', 'chars': 1067}, {'role': 'user', 'type':   
         'str', 'chars': 1428}, {'role': 'assistant', 'type': 'str', 'chars':   
         84}, {'role': 'user', 'type': 'str', 'chars': 466}, {'role':           
         'assistant', 'type': 'str', 'chars': 1448}, {'role': 'user', 'type':   
         'str', 'chars': 1737}, {'role': 'assistant', 'type': 'str', 'chars':   
         87}, {'role': 'user', 'type': 'str', 'chars': 969}]                    
INFO     Messages API response received: status=200 elapsed=3.8s                
DEBUG    input_tokens=5,591, output_tokens=121, instance_cost=0.00, cost=0.00   
DEBUG    total_tokens_sent=43,755, total_tokens_received=1,853, total_cost=0.00,
         total_api_calls=10                                                     
INFO     濠电姷顣藉Σ鍛村磻閹捐泛绶ゅù鐘差儏閻ゎ喗銇勯弽銊х焼闁?THOUGHT (primary)
         DISCUSSION                                                             
         I found the flag in the decrypted plaintext:                           
         `actf{1_key_is_used_once}`. The key was a repeating 10-byte key        
         (`ek6vt8pc7w`) used as a 20-byte key (repeated twice), which is the    
         classic "multiple time pad" vulnerability - using the same key more    
         than once. Let me submit the flag.                                     
                                                                                
INFO     濠电姷顣藉Σ鍛村磻閹捐泛绶ゅù鐘差儏閻ゎ喗銇勯幇鈺佲偓妤佺▔?ACTION       
         (primary)                                                              
         submit 'actf{1_key_is_used_once}'                                      
                                                                                
WARNING  Wrong flag submission found.                                           
INFO     濠电姷顣藉Σ鍛村磻閹捐泛绶ゅù鐘差儏缁愭鎱ㄥ鍡楀姦?MODEL INPUT         
         Wrong flag!                                                            
         (Open file: /__tmp__enigma-drag-6r1_x9km__repo/solve.py)               
         (Current directory: /__tmp__enigma-drag-6r1_x9km__repo)                
         (Interactive session: n/a)                                             
         bash-$                                                                 
INFO     Messages API request start: model=glm52_10 messages=21 timeout=1170.0s 
         max_tokens=8192 native_tools=False thinking=auto shape=[{'role':       
         'user', 'type': 'str', 'chars': 3565}, {'role': 'assistant', 'type':   
         'str', 'chars': 109}, {'role': 'user', 'type': 'str', 'chars': 28},    
         {'role': 'assistant', 'type': 'str', 'chars': 93}, {'role': 'user',    
         'type': 'str', 'chars': 28}, {'role': 'assistant', 'type': 'str',      
         'chars': 66}, {'role': 'user', 'type': 'str', 'chars': 28}, {'role':   
         'assistant', 'type': 'str', 'chars': 1265}, {'role': 'user', 'type':   
         'str', 'chars': 28}, {'role': 'assistant', 'type': 'str', 'chars':     
         126}, {'role': 'user', 'type': 'str', 'chars': 28}, {'role':           
         'assistant', 'type': 'str', 'chars': 1067}, {'role': 'user', 'type':   
         'str', 'chars': 1428}, {'role': 'assistant', 'type': 'str', 'chars':   
         84}, {'role': 'user', 'type': 'str', 'chars': 466}, {'role':           
         'assistant', 'type': 'str', 'chars': 1448}, {'role': 'user', 'type':   
         'str', 'chars': 1737}, {'role': 'assistant', 'type': 'str', 'chars':   
         87}, {'role': 'user', 'type': 'str', 'chars': 969}, {'role':           
         'assistant', 'type': 'str', 'chars': 332}, {'role': 'user', 'type':    
         'str', 'chars': 158}]                                                  
INFO     Messages API response received: status=200 elapsed=17.6s               
DEBUG    input_tokens=5,668, output_tokens=620, instance_cost=0.00, cost=0.00   
DEBUG    total_tokens_sent=49,423, total_tokens_received=2,473, total_cost=0.00,
         total_api_calls=11                                                     
INFO     濠电姷顣藉Σ鍛村磻閹捐泛绶ゅù鐘差儏閻ゎ喗銇勯弽銊х焼闁?THOUGHT (primary)
         DISCUSSION                                                             
         The flag was wrong. Let me look more carefully at the output. The key  
         seems to be repeating with period 10 (`ek6vt8pc7w`), not 20. Let me    
         also check if there's more text after the flag or if the flag is       
         slightly different. Let me re-examine with key length 10 and print the 
         raw bytes at the end.                                                  
                                                                                
INFO     濠电姷顣藉Σ鍛村磻閹捐泛绶ゅù鐘差儏閻ゎ喗銇勯幇鈺佲偓妤佺▔?ACTION       
         (primary)                                                              
         edit 1:42                                                              
         import binascii                                                        
         from collections import Counter                                        
         import string                                                          
                                                                                
         # Read ciphertext                                                      
         with open('ciphertext.txt', 'r') as f:                                 
             hex_str = f.read().strip()                                         
                                                                                
         ct = bytes.fromhex(hex_str)                                            
         print(f"Ciphertext length: {len(ct)} bytes")                           
                                                                                
         # Try key length 10                                                    
         KEYLEN = 10                                                            
                                                                                
         # For each position in the key, try all possible byte values           
         key = []                                                               
         for pos in range(KEYLEN):                                              
             best_score = -1                                                    
             best_byte = 0                                                      
             for candidate in range(256):                                       
                 score = 0                                                      
                 for i in range(pos, len(ct), KEYLEN):                          
                     pt_byte = ct[i] ^ candidate                                
                     if chr(pt_byte) in string.printable:                       
                         score += 1                                             
                         if chr(pt_byte) in string.ascii_lowercase + ' ':       
                             score += 2                                         
                         if chr(pt_byte) in string.ascii_uppercase:             
                             score += 1                                         
                 if score > best_score:                                         
                     best_score = score                                         
                     best_byte = candidate                                      
             key.append(best_byte)                                              
                                                                                
         key_bytes = bytes(key)                                                 
         print(f"Key (hex): {key_bytes.hex()}")                                 
         print(f"Key (repr): {repr(key_bytes)}")                                
                                                                                
         # Decrypt                                                              
         plaintext = bytes(ct[i] ^ key[i % KEYLEN] for i in range(len(ct)))     
         print(f"\nPlaintext:")                                                 
         print(repr(plaintext))                                                 
         print()                                                                
         print(plaintext.decode('ascii', errors='replace'))                     
                                                                                
         # Also print last 50 bytes in hex                                      
         print(f"\nLast 50 bytes (hex): {ct[-50:].hex()}")                      
         print(f"Last 50 bytes (decrypted hex): {plaintext[-50:].hex()}")       
         print(f"Last 50 bytes (decrypted): {plaintext[-50:]}")                 
         end_of_edit                                                            
                                                                                
INFO     濠电姷顣藉Σ鍛村磻閹捐泛绶ゅù鐘差儏缁愭鎱ㄥ鍡楀姦?MODEL INPUT         
         [File: /__tmp__enigma-drag-6r1_x9km__repo/solve.py (49 lines total)]   
         1:import binascii                                                      
         2:from collections import Counter                                      
         3:import string                                                        
         4:                                                                     
         5:# Read ciphertext                                                    
         6:with open('ciphertext.txt', 'r') as f:                               
         7:    hex_str = f.read().strip()                                       
         8:                                                                     
         9:ct = bytes.fromhex(hex_str)                                          
         10:print(f"Ciphertext length: {len(ct)} bytes")                        
         11:                                                                    
         12:# Try key length 10                                                 
         13:KEYLEN = 10                                                         
         14:                                                                    
         15:# For each position in the key, try all possible byte values        
         16:key = []                                                            
         17:for pos in range(KEYLEN):                                           
         18:    best_score = -1                                                 
         19:    best_byte = 0                                                   
         20:    for candidate in range(256):                                    
         21:        score = 0                                                   
         22:        for i in range(pos, len(ct), KEYLEN):                       
         23:            pt_byte = ct[i] ^ candidate                             
         24:            if chr(pt_byte) in string.printable:                    
         25:                score += 1                                          
         26:                if chr(pt_byte) in string.ascii_lowercase + ' ':    
         27:                    score += 2                                      
         28:                if chr(pt_byte) in string.ascii_uppercase:          
         29:                    score += 1                                      
         30:        if score > best_score:                                      
         31:            best_score = score                                      
         32:            best_byte = candidate                                   
         33:    key.append(best_byte)                                           
         34:                                                                    
         35:key_bytes = bytes(key)                                              
         36:print(f"Key (hex): {key_bytes.hex()}")                              
         37:print(f"Key (repr): {repr(key_bytes)}")                             
         38:                                                                    
         39:# Decrypt                                                           
         40:plaintext = bytes(ct[i] ^ key[i % KEYLEN] for i in range(len(ct)))  
         41:print(f"\nPlaintext:")                                              
         42:print(repr(plaintext))                                              
         43:print()                                                             
         44:print(plaintext.decode('ascii', errors='replace'))                  
         45:                                                                    
         46:# Also print last 50 bytes in hex                                   
         47:print(f"\nLast 50 bytes (hex): {ct[-50:].hex()}")                   
         48:print(f"Last 50 bytes (decrypted hex): {plaintext[-50:].hex()}")    
         49:print(f"Last 50 bytes (decrypted): {plaintext[-50:]}")              
         File updated. Please review the changes and make sure they are correct 
         (correct indentation, no duplicate lines, etc). Edit the file again if 
         necessary.                                                             
         (Open file: /__tmp__enigma-drag-6r1_x9km__repo/solve.py)               
         (Current directory: /__tmp__enigma-drag-6r1_x9km__repo)                
         (Interactive session: n/a)                                             
         bash-$                                                                 
INFO     Messages API request start: model=glm52_10 messages=23 timeout=1170.0s 
         max_tokens=8192 native_tools=False thinking=auto shape=[{'role':       
         'user', 'type': 'str', 'chars': 3565}, {'role': 'assistant', 'type':   
         'str', 'chars': 109}, {'role': 'user', 'type': 'str', 'chars': 28},    
         {'role': 'assistant', 'type': 'str', 'chars': 93}, {'role': 'user',    
         'type': 'str', 'chars': 28}, {'role': 'assistant', 'type': 'str',      
         'chars': 66}, {'role': 'user', 'type': 'str', 'chars': 28}, {'role':   
         'assistant', 'type': 'str', 'chars': 1265}, {'role': 'user', 'type':   
         'str', 'chars': 28}, {'role': 'assistant', 'type': 'str', 'chars':     
         126}, {'role': 'user', 'type': 'str', 'chars': 28}, {'role':           
         'assistant', 'type': 'str', 'chars': 1067}, {'role': 'user', 'type':   
         'str', 'chars': 29}, {'role': 'assistant', 'type': 'str', 'chars': 84},
         {'role': 'user', 'type': 'str', 'chars': 466}, {'role': 'assistant',   
         'type': 'str', 'chars': 1448}, {'role': 'user', 'type': 'str', 'chars':
         1737}, {'role': 'assistant', 'type': 'str', 'chars': 87}, {'role':     
         'user', 'type': 'str', 'chars': 969}, {'role': 'assistant', 'type':    
         'str', 'chars': 332}, {'role': 'user', 'type': 'str', 'chars': 158},   
         {'role': 'assistant', 'type': 'str', 'chars': 1741}, {'role': 'user',  
         'type': 'str', 'chars': 1911}]                                         
INFO     Messages API response received: status=200 elapsed=1.8s                
DEBUG    input_tokens=6,274, output_tokens=31, instance_cost=0.00, cost=0.00    
DEBUG    total_tokens_sent=55,697, total_tokens_received=2,504, total_cost=0.00,
         total_api_calls=12                                                     
INFO     濠电姷顣藉Σ鍛村磻閹捐泛绶ゅù鐘差儏閻ゎ喗銇勯弽銊х焼闁?THOUGHT (primary)
         DISCUSSION                                                             
         Let me run the updated script to see the full plaintext and check the  
         exact flag.                                                            
                                                                                
INFO     濠电姷顣藉Σ鍛村磻閹捐泛绶ゅù鐘差儏閻ゎ喗銇勯幇鈺佲偓妤佺▔?ACTION       
         (primary)                                                              
         python3 solve.py                                                       
                                                                                
INFO     濠电姷顣藉Σ鍛村磻閹捐泛绶ゅù鐘差儏缁愭鎱ㄥ鍡楀姦?MODEL INPUT         
         Ciphertext length: 693 bytes                                           
         Key (hex): 656b3676743870633777                                        
         Key (repr): b'ek6vt8pc7w'                                              
                                                                                
         Plaintext:                                                             
         b"If only gray-eyed Athene would deign to love you, as in those days   
         she used so to take care of glorious Odysseus in the Trojan country,   
         where we Achaians suffered miseries; for I never saw the gods showing  
         such open affection as Pallas Athene, the way she stood beside him,    
         openly; if she would deign to love you as she did him, and care for you
         in her heart, then some of those people might well forget about        
         marrying.' Then the thoughtful Telemachos said to him in answer: 'Old  
         sir, I think that what you have said will not be accomplished. What you
         mean is too big. It bewilders me. That which I hope for could never    
         happen to me, not even if the gods so willed it.                       
         actf{1_key_is_used_once}"                                              
                                                                                
         If only gray-eyed Athene would deign to love you, as in those days she 
         used so to take care of glorious Odysseus in the Trojan country, where 
         we Achaians suffered miseries; for I never saw the gods showing such   
         open affection as Pallas Athene, the way she stood beside him, openly; 
         if she would deign to love you as she did him, and care for you in her 
         heart, then some of those people might well forget about marrying.'    
         Then the thoughtful Telemachos said to him in answer: 'Old sir, I think
         that what you have said will not be accomplished. What you mean is too 
         big. It bewilders me. That which I hope for could never happen to me,  
         not even if the gods so willed it. actf{1_key_is_used_once}            
                                                                                
         Last 50 bytes (hex):                                                   
         1f1218040b525702045205544b1f43401e090753125451044d1716061f500d45671b064
         e280c186903075d143c5819060e4b                                          
         Last 50 bytes (decrypted hex):                                         
         69662074686520676f647320736f2077696c6c65642069742e20616374667b315f6b657
         95f69735f757365645f6f6e63657d                                          
         Last 50 bytes (decrypted): b'if the gods so willed it.                 
         actf{1_key_is_used_once}'                                              
         (Open file: /__tmp__enigma-drag-6r1_x9km__repo/solve.py)               
         (Current directory: /__tmp__enigma-drag-6r1_x9km__repo)                
         (Interactive session: n/a)                                             
         bash-$                                                                 
INFO     Messages API request start: model=glm52_10 messages=25 timeout=1170.0s 
         max_tokens=8192 native_tools=False thinking=auto shape=[{'role':       
         'user', 'type': 'str', 'chars': 3565}, {'role': 'assistant', 'type':   
         'str', 'chars': 109}, {'role': 'user', 'type': 'str', 'chars': 28},    
         {'role': 'assistant', 'type': 'str', 'chars': 93}, {'role': 'user',    
         'type': 'str', 'chars': 28}, {'role': 'assistant', 'type': 'str',      
         'chars': 66}, {'role': 'user', 'type': 'str', 'chars': 28}, {'role':   
         'assistant', 'type': 'str', 'chars': 1265}, {'role': 'user', 'type':   
         'str', 'chars': 28}, {'role': 'assistant', 'type': 'str', 'chars':     
         126}, {'role': 'user', 'type': 'str', 'chars': 28}, {'role':           
         'assistant', 'type': 'str', 'chars': 1067}, {'role': 'user', 'type':   
         'str', 'chars': 29}, {'role': 'assistant', 'type': 'str', 'chars': 84},
         {'role': 'user', 'type': 'str', 'chars': 29}, {'role': 'assistant',    
         'type': 'str', 'chars': 1448}, {'role': 'user', 'type': 'str', 'chars':
         1737}, {'role': 'assistant', 'type': 'str', 'chars': 87}, {'role':     
         'user', 'type': 'str', 'chars': 969}, {'role': 'assistant', 'type':    
         'str', 'chars': 332}, {'role': 'user', 'type': 'str', 'chars': 158},   
         {'role': 'assistant', 'type': 'str', 'chars': 1741}, {'role': 'user',  
         'type': 'str', 'chars': 1911}, {'role': 'assistant', 'type': 'str',    
         'chars': 117}, {'role': 'user', 'type': 'str', 'chars': 1973}]         
INFO     Messages API response received: status=200 elapsed=24.4s               
DEBUG    input_tokens=6,731, output_tokens=787, instance_cost=0.00, cost=0.00   
DEBUG    total_tokens_sent=62,428, total_tokens_received=3,291, total_cost=0.00,
         total_api_calls=13                                                     
INFO     濠电姷顣藉Σ鍛村磻閹捐泛绶ゅù鐘差儏閻ゎ喗銇勯弽銊х焼闁?THOUGHT (primary)
         DISCUSSION                                                             
         The decryption looks clean and the flag appears to be                  
         `actf{1_key_is_used_once}`, but it was rejected. Let me try different  
         key lengths to see if there's a different flag, and also check for any 
         edge cases.                                                            
                                                                                
INFO     濠电姷顣藉Σ鍛村磻閹捐泛绶ゅù鐘差儏閻ゎ喗銇勯幇鈺佲偓妤佺▔?ACTION       
         (primary)                                                              
         create solve2.py                                                       
                                                                                
INFO     濠电姷顣藉Σ鍛村磻閹捐泛绶ゅù鐘差儏缁愭鎱ㄥ鍡楀姦?MODEL INPUT         
         [File: /__tmp__enigma-drag-6r1_x9km__repo/solve2.py (1 lines total)]   
         1:                                                                     
         (Open file: /__tmp__enigma-drag-6r1_x9km__repo/solve2.py)              
         (Current directory: /__tmp__enigma-drag-6r1_x9km__repo)                
         (Interactive session: n/a)                                             
         bash-$                                                                 
INFO     Messages API request start: model=glm52_10 messages=27 timeout=1170.0s 
         max_tokens=8192 native_tools=False thinking=auto shape=[{'role':       
         'user', 'type': 'str', 'chars': 3565}, {'role': 'assistant', 'type':   
         'str', 'chars': 109}, {'role': 'user', 'type': 'str', 'chars': 28},    
         {'role': 'assistant', 'type': 'str', 'chars': 93}, {'role': 'user',    
         'type': 'str', 'chars': 28}, {'role': 'assistant', 'type': 'str',      
         'chars': 66}, {'role': 'user', 'type': 'str', 'chars': 28}, {'role':   
         'assistant', 'type': 'str', 'chars': 1265}, {'role': 'user', 'type':   
         'str', 'chars': 28}, {'role': 'assistant', 'type': 'str', 'chars':     
         126}, {'role': 'user', 'type': 'str', 'chars': 28}, {'role':           
         'assistant', 'type': 'str', 'chars': 1067}, {'role': 'user', 'type':   
         'str', 'chars': 29}, {'role': 'assistant', 'type': 'str', 'chars': 84},
         {'role': 'user', 'type': 'str', 'chars': 29}, {'role': 'assistant',    
         'type': 'str', 'chars': 1448}, {'role': 'user', 'type': 'str', 'chars':
         29}, {'role': 'assistant', 'type': 'str', 'chars': 87}, {'role':       
         'user', 'type': 'str', 'chars': 969}, {'role': 'assistant', 'type':    
         'str', 'chars': 332}, {'role': 'user', 'type': 'str', 'chars': 158},   
         {'role': 'assistant', 'type': 'str', 'chars': 1741}, {'role': 'user',  
         'type': 'str', 'chars': 1911}, {'role': 'assistant', 'type': 'str',    
         'chars': 117}, {'role': 'user', 'type': 'str', 'chars': 1973}, {'role':
         'assistant', 'type': 'str', 'chars': 242}, {'role': 'user', 'type':    
         'str', 'chars': 219}]                                                  
INFO     Messages API response received: status=200 elapsed=35.3s               
DEBUG    input_tokens=6,385, output_tokens=1,235, instance_cost=0.00, cost=0.00 
DEBUG    total_tokens_sent=68,813, total_tokens_received=4,526, total_cost=0.00,
         total_api_calls=14                                                     
INFO     濠电姷顣藉Σ鍛村磻閹捐泛绶ゅù鐘差儏閻ゎ喗銇勯弽銊х焼闁?THOUGHT (primary)
         DISCUSSION                                                             
         Let me check the ciphertext file more carefully and also try different 
         key lengths to see if there's a different flag.                        
                                                                                
INFO     濠电姷顣藉Σ鍛村磻閹捐泛绶ゅù鐘差儏閻ゎ喗銇勯幇鈺佲偓妤佺▔?ACTION       
         (primary)                                                              
         edit 1:1                                                               
         import binascii                                                        
         import string                                                          
                                                                                
         # Read ciphertext                                                      
         with open('ciphertext.txt', 'r') as f:                                 
             hex_str = f.read().strip()                                         
                                                                                
         ct = bytes.fromhex(hex_str)                                            
         print(f"Ciphertext length: {len(ct)} bytes")                           
         print(f"Ciphertext hex (first 100 chars): {hex_str[:100]}")            
         print(f"Ciphertext hex (last 100 chars): {hex_str[-100:]}")            
                                                                                
         # Try all key lengths from 1 to 50                                     
         for KEYLEN in range(1, 51):                                            
             key = []                                                           
             for pos in range(KEYLEN):                                          
                 best_score = -1                                                
                 best_byte = 0                                                  
                 for candidate in range(256):                                   
                     score = 0                                                  
                     for i in range(pos, len(ct), KEYLEN):                      
                         pt_byte = ct[i] ^ candidate                            
                         if chr(pt_byte) in string.printable:                   
                             score += 1                                         
                             if chr(pt_byte) in string.ascii_lowercase + ' ':   
                                 score += 2                                     
                             if chr(pt_byte) in string.ascii_uppercase:         
                                 score += 1                                     
                     if score > best_score:                                     
                         best_score = score                                     
                         best_byte = candidate                                  
                 key.append(best_byte)                                          
                                                                                
             key_bytes = bytes(key)                                             
             plaintext = bytes(ct[i] ^ key[i % KEYLEN] for i in range(len(ct))) 
                                                                                
             # Check if flag pattern exists                                     
             if b'actf{' in plaintext:                                          
                 idx = plaintext.index(b'actf{')                                
                 end_idx = plaintext.index(b'}', idx) + 1 if b'}' in            
         plaintext[idx:] else len(plaintext)                                    
                 flag = plaintext[idx:end_idx]                                  
                 print(f"Key length {KEYLEN}: flag = {flag}")                   
                 # Check if key is repeating                                    
                 for k in range(1, KEYLEN):                                     
                     if KEYLEN % k == 0 and key_bytes[:k] * (KEYLEN // k) ==    
         key_bytes:                                                             
                         print(f"  -> Key is actually length {k}:               
         {key_bytes[:k]}")                                                      
                         break                                                  
         end_of_edit                                                            
                                                                                
INFO     濠电姷顣藉Σ鍛村磻閹捐泛绶ゅù鐘差儏缁愭鎱ㄥ鍡楀姦?MODEL INPUT         
         [File: /__tmp__enigma-drag-6r1_x9km__repo/solve2.py (47 lines total)]  
         1:import binascii                                                      
         2:import string                                                        
         3:                                                                     
         4:# Read ciphertext                                                    
         5:with open('ciphertext.txt', 'r') as f:                               
         6:    hex_str = f.read().strip()                                       
         7:                                                                     
         8:ct = bytes.fromhex(hex_str)                                          
         9:print(f"Ciphertext length: {len(ct)} bytes")                         
         10:print(f"Ciphertext hex (first 100 chars): {hex_str[:100]}")         
         11:print(f"Ciphertext hex (last 100 chars): {hex_str[-100:]}")         
         12:                                                                    
         13:# Try all key lengths from 1 to 50                                  
         14:for KEYLEN in range(1, 51):                                         
         15:    key = []                                                        
         16:    for pos in range(KEYLEN):                                       
         17:        best_score = -1                                             
         18:        best_byte = 0                                               
         19:        for candidate in range(256):                                
         20:            score = 0                                               
         21:            for i in range(pos, len(ct), KEYLEN):                   
         22:                pt_byte = ct[i] ^ candidate                         
         23:                if chr(pt_byte) in string.printable:                
         24:                    score += 1                                      
         25:                    if chr(pt_byte) in string.ascii_lowercase + ' ':
         26:                        score += 2                                  
         27:                    if chr(pt_byte) in string.ascii_uppercase:      
         28:                        score += 1                                  
         29:            if score > best_score:                                  
         30:                best_score = score                                  
         31:                best_byte = candidate                               
         32:        key.append(best_byte)                                       
         33:                                                                    
         34:    key_bytes = bytes(key)                                          
         35:    plaintext = bytes(ct[i] ^ key[i % KEYLEN] for i in              
         range(len(ct)))                                                        
         36:                                                                    
         37:    # Check if flag pattern exists                                  
         38:    if b'actf{' in plaintext:                                       
         39:        idx = plaintext.index(b'actf{')                             
         40:        end_idx = plaintext.index(b'}', idx) + 1 if b'}' in         
         plaintext[idx:] else len(plaintext)                                    
         41:        flag = plaintext[idx:end_idx]                               
         42:        print(f"Key length {KEYLEN}: flag = {flag}")                
         43:        # Check if key is repeating                                 
         44:        for k in range(1, KEYLEN):                                  
         45:            if KEYLEN % k == 0 and key_bytes[:k] * (KEYLEN // k) == 
         key_bytes:                                                             
         46:                print(f"  -> Key is actually length {k}:            
         {key_bytes[:k]}")                                                      
         47:                break                                               
         File updated. Please review the changes and make sure they are correct 
         (correct indentation, no duplicate lines, etc). Edit the file again if 
         necessary.                                                             
         (Open file: /__tmp__enigma-drag-6r1_x9km__repo/solve2.py)              
         (Current directory: /__tmp__enigma-drag-6r1_x9km__repo)                
         (Interactive session: n/a)                                             
         bash-$                                                                 
INFO     Messages API request start: model=glm52_10 messages=29 timeout=1170.0s 
         max_tokens=8192 native_tools=False thinking=auto shape=[{'role':       
         'user', 'type': 'str', 'chars': 3565}, {'role': 'assistant', 'type':   
         'str', 'chars': 109}, {'role': 'user', 'type': 'str', 'chars': 28},    
         {'role': 'assistant', 'type': 'str', 'chars': 93}, {'role': 'user',    
         'type': 'str', 'chars': 28}, {'role': 'assistant', 'type': 'str',      
         'chars': 66}, {'role': 'user', 'type': 'str', 'chars': 28}, {'role':   
         'assistant', 'type': 'str', 'chars': 1265}, {'role': 'user', 'type':   
         'str', 'chars': 28}, {'role': 'assistant', 'type': 'str', 'chars':     
         126}, {'role': 'user', 'type': 'str', 'chars': 28}, {'role':           
         'assistant', 'type': 'str', 'chars': 1067}, {'role': 'user', 'type':   
         'str', 'chars': 29}, {'role': 'assistant', 'type': 'str', 'chars': 84},
         {'role': 'user', 'type': 'str', 'chars': 29}, {'role': 'assistant',    
         'type': 'str', 'chars': 1448}, {'role': 'user', 'type': 'str', 'chars':
         29}, {'role': 'assistant', 'type': 'str', 'chars': 87}, {'role':       
         'user', 'type': 'str', 'chars': 29}, {'role': 'assistant', 'type':     
         'str', 'chars': 332}, {'role': 'user', 'type': 'str', 'chars': 158},   
         {'role': 'assistant', 'type': 'str', 'chars': 1741}, {'role': 'user',  
         'type': 'str', 'chars': 1911}, {'role': 'assistant', 'type': 'str',    
         'chars': 117}, {'role': 'user', 'type': 'str', 'chars': 1973}, {'role':
         'assistant', 'type': 'str', 'chars': 242}, {'role': 'user', 'type':    
         'str', 'chars': 219}, {'role': 'assistant', 'type': 'str', 'chars':    
         1848}, {'role': 'user', 'type': 'str', 'chars': 2192}]                 
INFO     Messages API response received: status=200 elapsed=2.3s                
DEBUG    input_tokens=7,215, output_tokens=30, instance_cost=0.00, cost=0.00    
DEBUG    total_tokens_sent=76,028, total_tokens_received=4,556, total_cost=0.00,
         total_api_calls=15                                                     
INFO     濠电姷顣藉Σ鍛村磻閹捐泛绶ゅù鐘差儏閻ゎ喗銇勯弽銊х焼闁?THOUGHT (primary)
         DISCUSSION                                                             
         Let me run this script to see all possible flags across different key  
         lengths.                                                               
                                                                                
INFO     濠电姷顣藉Σ鍛村磻閹捐泛绶ゅù鐘差儏閻ゎ喗銇勯幇鈺佲偓妤佺▔?ACTION       
         (primary)                                                              
         python3 solve2.py                                                      
                                                                                
INFO     濠电姷顣藉Σ鍛村磻閹捐泛绶ゅù鐘差儏缁愭鎱ㄥ鍡楀姦?MODEL INPUT         
         Ciphertext length: 693 bytes                                           
         Ciphertext hex (first 100 chars):                                      
         2c0d16191a540943500504121b130d5d144376030d0e5813544f1f165b13450f531f135
         6501758570904401354411f161b57                                          
         Ciphertext hex (last 100 chars):                                       
         1f1218040b525702045205544b1f43401e090753125451044d1716061f500d45671b064
         e280c186903075d143c5819060e4b                                          
         Key length 10: flag = b'actf{1_key_is_used_once}'                      
         Key length 20: flag = b'actf{1_key_is_used_once}'                      
           -> Key is actually length 10: b'ek6vt8pc7w'                          
         Key length 30: flag = b'actf{1_key_is_used_once}'                      
           -> Key is actually length 10: b'ek6vt8pc7w'                          
         Key length 40: flag = b'actf{1_key_is_used_once}'                      
           -> Key is actually length 10: b'ek6vt8pc7w'                          
         Key length 50: flag = b'actf{1_kgy_is_used_once}'                      
         (Open file: /__tmp__enigma-drag-6r1_x9km__repo/solve2.py)              
         (Current directory: /__tmp__enigma-drag-6r1_x9km__repo)                
         (Interactive session: n/a)                                             
         bash-$                                                                 
INFO     Messages API request start: model=glm52_10 messages=31 timeout=1170.0s 
         max_tokens=8192 native_tools=False thinking=auto shape=[{'role':       
         'user', 'type': 'str', 'chars': 3565}, {'role': 'assistant', 'type':   
         'str', 'chars': 109}, {'role': 'user', 'type': 'str', 'chars': 28},    
         {'role': 'assistant', 'type': 'str', 'chars': 93}, {'role': 'user',    
         'type': 'str', 'chars': 28}, {'role': 'assistant', 'type': 'str',      
         'chars': 66}, {'role': 'user', 'type': 'str', 'chars': 28}, {'role':   
         'assistant', 'type': 'str', 'chars': 1265}, {'role': 'user', 'type':   
         'str', 'chars': 28}, {'role': 'assistant', 'type': 'str', 'chars':     
         126}, {'role': 'user', 'type': 'str', 'chars': 28}, {'role':           
         'assistant', 'type': 'str', 'chars': 1067}, {'role': 'user', 'type':   
         'str', 'chars': 29}, {'role': 'assistant', 'type': 'str', 'chars': 84},
         {'role': 'user', 'type': 'str', 'chars': 29}, {'role': 'assistant',    
         'type': 'str', 'chars': 1448}, {'role': 'user', 'type': 'str', 'chars':
         29}, {'role': 'assistant', 'type': 'str', 'chars': 87}, {'role':       
         'user', 'type': 'str', 'chars': 29}, {'role': 'assistant', 'type':     
         'str', 'chars': 332}, {'role': 'user', 'type': 'str', 'chars': 28},    
         {'role': 'assistant', 'type': 'str', 'chars': 1741}, {'role': 'user',  
         'type': 'str', 'chars': 1911}, {'role': 'assistant', 'type': 'str',    
         'chars': 117}, {'role': 'user', 'type': 'str', 'chars': 1973}, {'role':
         'assistant', 'type': 'str', 'chars': 242}, {'role': 'user', 'type':    
         'str', 'chars': 219}, {'role': 'assistant', 'type': 'str', 'chars':    
         1848}, {'role': 'user', 'type': 'str', 'chars': 2192}, {'role':        
         'assistant', 'type': 'str', 'chars': 115}, {'role': 'user', 'type':    
         'str', 'chars': 833}]                                                  
INFO     Messages API response received: status=200 elapsed=14.0s               
DEBUG    input_tokens=7,557, output_tokens=426, instance_cost=0.00, cost=0.00   
DEBUG    total_tokens_sent=83,585, total_tokens_received=4,982, total_cost=0.00,
         total_api_calls=16                                                     
INFO     濠电姷顣藉Σ鍛村磻閹捐泛绶ゅù鐘差儏閻ゎ喗銇勯弽銊х焼闁?THOUGHT (primary)
         DISCUSSION                                                             
         The flag is consistently `actf{1_key_is_used_once}` across all key     
         lengths. Let me verify the exact hex bytes of the flag to make sure    
         there are no hidden characters, and try submitting again.              
                                                                                
INFO     濠电姷顣藉Σ鍛村磻閹捐泛绶ゅù鐘差儏閻ゎ喗銇勯幇鈺佲偓妤佺▔?ACTION       
         (primary)                                                              
         python3 -c                                                             
         "print(bytes.fromhex('616374667b315f6b65795f69735f757365645f6f6e63657d'
         ))"                                                                    
                                                                                
INFO     濠电姷顣藉Σ鍛村磻閹捐泛绶ゅù鐘差儏缁愭鎱ㄥ鍡楀姦?MODEL INPUT         
         b'actf{1_key_is_used_once}'                                            
         (Open file: /__tmp__enigma-drag-6r1_x9km__repo/solve2.py)              
         (Current directory: /__tmp__enigma-drag-6r1_x9km__repo)                
         (Interactive session: n/a)                                             
         bash-$                                                                 
INFO     Messages API request start: model=glm52_10 messages=33 timeout=1170.0s 
         max_tokens=8192 native_tools=False thinking=auto shape=[{'role':       
         'user', 'type': 'str', 'chars': 3565}, {'role': 'assistant', 'type':   
         'str', 'chars': 109}, {'role': 'user', 'type': 'str', 'chars': 28},    
         {'role': 'assistant', 'type': 'str', 'chars': 93}, {'role': 'user',    
         'type': 'str', 'chars': 28}, {'role': 'assistant', 'type': 'str',      
         'chars': 66}, {'role': 'user', 'type': 'str', 'chars': 28}, {'role':   
         'assistant', 'type': 'str', 'chars': 1265}, {'role': 'user', 'type':   
         'str', 'chars': 28}, {'role': 'assistant', 'type': 'str', 'chars':     
         126}, {'role': 'user', 'type': 'str', 'chars': 28}, {'role':           
         'assistant', 'type': 'str', 'chars': 1067}, {'role': 'user', 'type':   
         'str', 'chars': 29}, {'role': 'assistant', 'type': 'str', 'chars': 84},
         {'role': 'user', 'type': 'str', 'chars': 29}, {'role': 'assistant',    
         'type': 'str', 'chars': 1448}, {'role': 'user', 'type': 'str', 'chars':
         29}, {'role': 'assistant', 'type': 'str', 'chars': 87}, {'role':       
         'user', 'type': 'str', 'chars': 29}, {'role': 'assistant', 'type':     
         'str', 'chars': 332}, {'role': 'user', 'type': 'str', 'chars': 28},    
         {'role': 'assistant', 'type': 'str', 'chars': 1741}, {'role': 'user',  
         'type': 'str', 'chars': 29}, {'role': 'assistant', 'type': 'str',      
         'chars': 117}, {'role': 'user', 'type': 'str', 'chars': 1973}, {'role':
         'assistant', 'type': 'str', 'chars': 242}, {'role': 'user', 'type':    
         'str', 'chars': 219}, {'role': 'assistant', 'type': 'str', 'chars':    
         1848}, {'role': 'user', 'type': 'str', 'chars': 2192}, {'role':        
         'assistant', 'type': 'str', 'chars': 115}, {'role': 'user', 'type':    
         'str', 'chars': 833}, {'role': 'assistant', 'type': 'str', 'chars':    
         297}, {'role': 'user', 'type': 'str', 'chars': 175}]                   
INFO     Messages API response received: status=200 elapsed=5.9s                
DEBUG    input_tokens=7,151, output_tokens=160, instance_cost=0.00, cost=0.00   
DEBUG    total_tokens_sent=90,736, total_tokens_received=5,142, total_cost=0.00,
         total_api_calls=17                                                     
INFO     濠电姷顣藉Σ鍛村磻閹捐泛绶ゅù鐘差儏閻ゎ喗銇勯弽銊х焼闁?THOUGHT (primary)
         DISCUSSION                                                             
         The flag is definitely `actf{1_key_is_used_once}`. Let me try          
         submitting it again - perhaps there was an issue with the first        
         attempt.                                                               
                                                                                
INFO     濠电姷顣藉Σ鍛村磻閹捐泛绶ゅù鐘差儏閻ゎ喗銇勯幇鈺佲偓妤佺▔?ACTION       
         (primary)                                                              
         submit 'actf{1_key_is_used_once}'                                      
                                                                                
WARNING  Wrong flag submission found.                                           
INFO     濠电姷顣藉Σ鍛村磻閹捐泛绶ゅù鐘差儏缁愭鎱ㄥ鍡楀姦?MODEL INPUT         
         Wrong flag!                                                            
         (Open file: /__tmp__enigma-drag-6r1_x9km__repo/solve2.py)              
         (Current directory: /__tmp__enigma-drag-6r1_x9km__repo)                
         (Interactive session: n/a)                                             
         bash-$                                                                 
INFO     Messages API request start: model=glm52_10 messages=35 timeout=1170.0s 
         max_tokens=8192 native_tools=False thinking=auto shape=[{'role':       
         'user', 'type': 'str', 'chars': 3565}, {'role': 'assistant', 'type':   
         'str', 'chars': 109}, {'role': 'user', 'type': 'str', 'chars': 28},    
         {'role': 'assistant', 'type': 'str', 'chars': 93}, {'role': 'user',    
         'type': 'str', 'chars': 28}, {'role': 'assistant', 'type': 'str',      
         'chars': 66}, {'role': 'user', 'type': 'str', 'chars': 28}, {'role':   
         'assistant', 'type': 'str', 'chars': 1265}, {'role': 'user', 'type':   
         'str', 'chars': 28}, {'role': 'assistant', 'type': 'str', 'chars':     
         126}, {'role': 'user', 'type': 'str', 'chars': 28}, {'role':           
         'assistant', 'type': 'str', 'chars': 1067}, {'role': 'user', 'type':   
         'str', 'chars': 29}, {'role': 'assistant', 'type': 'str', 'chars': 84},
         {'role': 'user', 'type': 'str', 'chars': 29}, {'role': 'assistant',    
         'type': 'str', 'chars': 1448}, {'role': 'user', 'type': 'str', 'chars':
         29}, {'role': 'assistant', 'type': 'str', 'chars': 87}, {'role':       
         'user', 'type': 'str', 'chars': 29}, {'role': 'assistant', 'type':     
         'str', 'chars': 332}, {'role': 'user', 'type': 'str', 'chars': 28},    
         {'role': 'assistant', 'type': 'str', 'chars': 1741}, {'role': 'user',  
         'type': 'str', 'chars': 29}, {'role': 'assistant', 'type': 'str',      
         'chars': 117}, {'role': 'user', 'type': 'str', 'chars': 29}, {'role':  
         'assistant', 'type': 'str', 'chars': 242}, {'role': 'user', 'type':    
         'str', 'chars': 219}, {'role': 'assistant', 'type': 'str', 'chars':    
         1848}, {'role': 'user', 'type': 'str', 'chars': 2192}, {'role':        
         'assistant', 'type': 'str', 'chars': 115}, {'role': 'user', 'type':    
         'str', 'chars': 833}, {'role': 'assistant', 'type': 'str', 'chars':    
         297}, {'role': 'user', 'type': 'str', 'chars': 175}, {'role':          
         'assistant', 'type': 'str', 'chars': 187}, {'role': 'user', 'type':    
         'str', 'chars': 159}]                                                  
INFO     Messages API response received: status=200 elapsed=3.7s                
DEBUG    input_tokens=6,651, output_tokens=109, instance_cost=0.00, cost=0.00   
DEBUG    total_tokens_sent=97,387, total_tokens_received=5,251, total_cost=0.00,
         total_api_calls=18                                                     
INFO     濠电姷顣藉Σ鍛村磻閹捐泛绶ゅù鐘差儏閻ゎ喗銇勯弽銊х焼闁?THOUGHT (primary)
         DISCUSSION                                                             
         The flag is being rejected. Let me look at the full decrypted plaintext
         more carefully - maybe the flag is different or there's something I'm  
         missing. Let me also re-read the hint file.                            
                                                                                
INFO     濠电姷顣藉Σ鍛村磻閹捐泛绶ゅù鐘差儏閻ゎ喗銇勯幇鈺佲偓妤佺▔?ACTION       
         (primary)                                                              
         open hint.txt                                                          
                                                                                
INFO     濠电姷顣藉Σ鍛村磻閹捐泛绶ゅù鐘差儏缁愭鎱ㄥ鍡楀姦?MODEL INPUT         
         [File: /__tmp__enigma-drag-6r1_x9km__repo/hint.txt (1 lines total)]    
         1:"hint": "The first step is to determine the key length.  The flag is 
         a string, ASCII-encoded.                                               
         (Open file: /__tmp__enigma-drag-6r1_x9km__repo/hint.txt)               
         (Current directory: /__tmp__enigma-drag-6r1_x9km__repo)                
         (Interactive session: n/a)                                             
         bash-$                                                                 
INFO     Messages API request start: model=glm52_10 messages=37 timeout=1170.0s 
         max_tokens=8192 native_tools=False thinking=auto shape=[{'role':       
         'user', 'type': 'str', 'chars': 3565}, {'role': 'assistant', 'type':   
         'str', 'chars': 109}, {'role': 'user', 'type': 'str', 'chars': 28},    
         {'role': 'assistant', 'type': 'str', 'chars': 93}, {'role': 'user',    
         'type': 'str', 'chars': 28}, {'role': 'assistant', 'type': 'str',      
         'chars': 66}, {'role': 'user', 'type': 'str', 'chars': 28}, {'role':   
         'assistant', 'type': 'str', 'chars': 1265}, {'role': 'user', 'type':   
         'str', 'chars': 28}, {'role': 'assistant', 'type': 'str', 'chars':     
         126}, {'role': 'user', 'type': 'str', 'chars': 28}, {'role':           
         'assistant', 'type': 'str', 'chars': 1067}, {'role': 'user', 'type':   
         'str', 'chars': 29}, {'role': 'assistant', 'type': 'str', 'chars': 84},
         {'role': 'user', 'type': 'str', 'chars': 29}, {'role': 'assistant',    
         'type': 'str', 'chars': 1448}, {'role': 'user', 'type': 'str', 'chars':
         29}, {'role': 'assistant', 'type': 'str', 'chars': 87}, {'role':       
         'user', 'type': 'str', 'chars': 29}, {'role': 'assistant', 'type':     
         'str', 'chars': 332}, {'role': 'user', 'type': 'str', 'chars': 28},    
         {'role': 'assistant', 'type': 'str', 'chars': 1741}, {'role': 'user',  
         'type': 'str', 'chars': 29}, {'role': 'assistant', 'type': 'str',      
         'chars': 117}, {'role': 'user', 'type': 'str', 'chars': 29}, {'role':  
         'assistant', 'type': 'str', 'chars': 242}, {'role': 'user', 'type':    
         'str', 'chars': 28}, {'role': 'assistant', 'type': 'str', 'chars':     
         1848}, {'role': 'user', 'type': 'str', 'chars': 2192}, {'role':        
         'assistant', 'type': 'str', 'chars': 115}, {'role': 'user', 'type':    
         'str', 'chars': 833}, {'role': 'assistant', 'type': 'str', 'chars':    
         297}, {'role': 'user', 'type': 'str', 'chars': 175}, {'role':          
         'assistant', 'type': 'str', 'chars': 187}, {'role': 'user', 'type':    
         'str', 'chars': 159}, {'role': 'assistant', 'type': 'str', 'chars':    
         218}, {'role': 'user', 'type': 'str', 'chars': 310}]                   
INFO     Messages API response received: status=200 elapsed=3.0s                
DEBUG    input_tokens=6,733, output_tokens=79, instance_cost=0.00, cost=0.00    
DEBUG    total_tokens_sent=104,120, total_tokens_received=5,330,                
         total_cost=0.00, total_api_calls=19                                    
INFO     濠电姷顣藉Σ鍛村磻閹捐泛绶ゅù鐘差儏閻ゎ喗銇勯弽銊х焼闁?THOUGHT (primary)
         DISCUSSION                                                             
         Let me look at the full decrypted plaintext more carefully to see if   
         there's a different flag or if I'm missing something.                  
                                                                                
INFO     濠电姷顣藉Σ鍛村磻閹捐泛绶ゅù鐘差儏閻ゎ喗銇勯幇鈺佲偓妤佺▔?ACTION       
         (primary)                                                              
         create solve3.py                                                       
                                                                                
INFO     濠电姷顣藉Σ鍛村磻閹捐泛绶ゅù鐘差儏缁愭鎱ㄥ鍡楀姦?MODEL INPUT         
         [File: /__tmp__enigma-drag-6r1_x9km__repo/solve3.py (1 lines total)]   
         1:                                                                     
         (Open file: /__tmp__enigma-drag-6r1_x9km__repo/solve3.py)              
         (Current directory: /__tmp__enigma-drag-6r1_x9km__repo)                
         (Interactive session: n/a)                                             
         bash-$                                                                 
INFO     Messages API request start: model=glm52_10 messages=39 timeout=1170.0s 
         max_tokens=8192 native_tools=False thinking=auto shape=[{'role':       
         'user', 'type': 'str', 'chars': 3565}, {'role': 'assistant', 'type':   
         'str', 'chars': 109}, {'role': 'user', 'type': 'str', 'chars': 28},    
         {'role': 'assistant', 'type': 'str', 'chars': 93}, {'role': 'user',    
         'type': 'str', 'chars': 28}, {'role': 'assistant', 'type': 'str',      
         'chars': 66}, {'role': 'user', 'type': 'str', 'chars': 28}, {'role':   
         'assistant', 'type': 'str', 'chars': 1265}, {'role': 'user', 'type':   
         'str', 'chars': 28}, {'role': 'assistant', 'type': 'str', 'chars':     
         126}, {'role': 'user', 'type': 'str', 'chars': 28}, {'role':           
         'assistant', 'type': 'str', 'chars': 1067}, {'role': 'user', 'type':   
         'str', 'chars': 29}, {'role': 'assistant', 'type': 'str', 'chars': 84},
         {'role': 'user', 'type': 'str', 'chars': 29}, {'role': 'assistant',    
         'type': 'str', 'chars': 1448}, {'role': 'user', 'type': 'str', 'chars':
         29}, {'role': 'assistant', 'type': 'str', 'chars': 87}, {'role':       
         'user', 'type': 'str', 'chars': 29}, {'role': 'assistant', 'type':     
         'str', 'chars': 332}, {'role': 'user', 'type': 'str', 'chars': 28},    
         {'role': 'assistant', 'type': 'str', 'chars': 1741}, {'role': 'user',  
         'type': 'str', 'chars': 29}, {'role': 'assistant', 'type': 'str',      
         'chars': 117}, {'role': 'user', 'type': 'str', 'chars': 29}, {'role':  
         'assistant', 'type': 'str', 'chars': 242}, {'role': 'user', 'type':    
         'str', 'chars': 28}, {'role': 'assistant', 'type': 'str', 'chars':     
         1848}, {'role': 'user', 'type': 'str', 'chars': 29}, {'role':          
         'assistant', 'type': 'str', 'chars': 115}, {'role': 'user', 'type':    
         'str', 'chars': 833}, {'role': 'assistant', 'type': 'str', 'chars':    
         297}, {'role': 'user', 'type': 'str', 'chars': 175}, {'role':          
         'assistant', 'type': 'str', 'chars': 187}, {'role': 'user', 'type':    
         'str', 'chars': 159}, {'role': 'assistant', 'type': 'str', 'chars':    
         218}, {'role': 'user', 'type': 'str', 'chars': 310}, {'role':          
         'assistant', 'type': 'str', 'chars': 158}, {'role': 'user', 'type':    
         'str', 'chars': 219}]                                                  
INFO     Messages API response received: status=200 elapsed=12.0s               
DEBUG    input_tokens=6,228, output_tokens=399, instance_cost=0.00, cost=0.00   
DEBUG    total_tokens_sent=110,348, total_tokens_received=5,729,                
         total_cost=0.00, total_api_calls=20                                    
INFO     濠电姷顣藉Σ鍛村磻閹捐泛绶ゅù鐘差儏閻ゎ喗銇勯弽銊х焼闁?THOUGHT (primary)
         DISCUSSION                                                             
         Let me write a script to print the full decrypted plaintext and examine
         it carefully.                                                          
                                                                                
INFO     濠电姷顣藉Σ鍛村磻閹捐泛绶ゅù鐘差儏閻ゎ喗銇勯幇鈺佲偓妤佺▔?ACTION       
         (primary)                                                              
         edit 1:1                                                               
         import string                                                          
                                                                                
         # Read ciphertext                                                      
         with open('ciphertext.txt', 'r') as f:                                 
             hex_str = f.read().strip()                                         
                                                                                
         ct = bytes.fromhex(hex_str)                                            
         print(f"Ciphertext length: {len(ct)} bytes")                           
                                                                                
         KEYLEN = 10                                                            
                                                                                
         # For each position in the key, try all possible byte values           
         key = []                                                               
         for pos in range(KEYLEN):                                              
             best_score = -1                                                    
             best_byte = 0                                                      
             for candidate in range(256):                                       
                 score = 0                                                      
                 for i in range(pos, len(ct), KEYLEN):                          
                     pt_byte = ct[i] ^ candidate                                
                     if chr(pt_byte) in string.printable:                       
                         score += 1                                             
                         if chr(pt_byte) in string.ascii_lowercase + ' ':       
                             score += 2                                         
                         if chr(pt_byte) in string.ascii_uppercase:             
                             score += 1                                         
                 if score > best_score:                                         
                     best_score = score                                         
                     best_byte = candidate                                      
             key.append(best_byte)                                              
                                                                                
         key_bytes = bytes(key)                                                 
         print(f"Key (hex): {key_bytes.hex()}")                                 
         print(f"Key (repr): {repr(key_bytes)}")                                
                                                                                
         # Decrypt                                                              
         plaintext = bytes(ct[i] ^ key[i % KEYLEN] for i in range(len(ct)))     
         print(f"\nFull plaintext (repr):")                                     
         print(repr(plaintext))                                                 
         print(f"\nFull plaintext:")                                            
         print(plaintext.decode('ascii', errors='replace'))                     
                                                                                
         # Print each character with its index                                  
         print("\nCharacter by character:")                                     
         for i, c in enumerate(plaintext):                                      
             print(f"  [{i}] {c} (0x{c:02x})")                                  
         end_of_edit                                                            
                                                                                
INFO     濠电姷顣藉Σ鍛村磻閹捐泛绶ゅù鐘差儏缁愭鎱ㄥ鍡楀姦?MODEL INPUT         
         [File: /__tmp__enigma-drag-6r1_x9km__repo/solve3.py (46 lines total)]  
         1:import string                                                        
         2:                                                                     
         3:# Read ciphertext                                                    
         4:with open('ciphertext.txt', 'r') as f:                               
         5:    hex_str = f.read().strip()                                       
         6:                                                                     
         7:ct = bytes.fromhex(hex_str)                                          
         8:print(f"Ciphertext length: {len(ct)} bytes")                         
         9:                                                                     
         10:KEYLEN = 10                                                         
         11:                                                                    
         12:# For each position in the key, try all possible byte values        
         13:key = []                                                            
         14:for pos in range(KEYLEN):                                           
         15:    best_score = -1                                                 
         16:    best_byte = 0                                                   
         17:    for candidate in range(256):                                    
         18:        score = 0                                                   
         19:        for i in range(pos, len(ct), KEYLEN):                       
         20:            pt_byte = ct[i] ^ candidate                             
         21:            if chr(pt_byte) in string.printable:                    
         22:                score += 1                                          
         23:                if chr(pt_byte) in string.ascii_lowercase + ' ':    
         24:                    score += 2                                      
         25:                if chr(pt_byte) in string.ascii_uppercase:          
         26:                    score += 1                                      
         27:        if score > best_score:                                      
         28:            best_score = score                                      
         29:            best_byte = candidate                                   
         30:    key.append(best_byte)                                           
         31:                                                                    
         32:key_bytes = bytes(key)                                              
         33:print(f"Key (hex): {key_bytes.hex()}")                              
         34:print(f"Key (repr): {repr(key_bytes)}")                             
         35:                                                                    
         36:# Decrypt                                                           
         37:plaintext = bytes(ct[i] ^ key[i % KEYLEN] for i in range(len(ct)))  
         38:print(f"\nFull plaintext (repr):")                                  
         39:print(repr(plaintext))                                              
         40:print(f"\nFull plaintext:")                                         
         41:print(plaintext.decode('ascii', errors='replace'))                  
         42:                                                                    
         43:# Print each character with its index                               
         44:print("\nCharacter by character:")                                  
         45:for i, c in enumerate(plaintext):                                   
         46:    print(f"  [{i}] {c} (0x{c:02x})")                               
         File updated. Please review the changes and make sure they are correct 
         (correct indentation, no duplicate lines, etc). Edit the file again if 
         necessary.                                                             
         (Open file: /__tmp__enigma-drag-6r1_x9km__repo/solve3.py)              
         (Current directory: /__tmp__enigma-drag-6r1_x9km__repo)                
         (Interactive session: n/a)                                             
         bash-$                                                                 
INFO     Messages API request start: model=glm52_10 messages=41 timeout=1170.0s 
         max_tokens=8192 native_tools=False thinking=auto shape=[{'role':       
         'user', 'type': 'str', 'chars': 3565}, {'role': 'assistant', 'type':   
         'str', 'chars': 109}, {'role': 'user', 'type': 'str', 'chars': 28},    
         {'role': 'assistant', 'type': 'str', 'chars': 93}, {'role': 'user',    
         'type': 'str', 'chars': 28}, {'role': 'assistant', 'type': 'str',      
         'chars': 66}, {'role': 'user', 'type': 'str', 'chars': 28}, {'role':   
         'assistant', 'type': 'str', 'chars': 1265}, {'role': 'user', 'type':   
         'str', 'chars': 28}, {'role': 'assistant', 'type': 'str', 'chars':     
         126}, {'role': 'user', 'type': 'str', 'chars': 28}, {'role':           
         'assistant', 'type': 'str', 'chars': 1067}, {'role': 'user', 'type':   
         'str', 'chars': 29}, {'role': 'assistant', 'type': 'str', 'chars': 84},
         {'role': 'user', 'type': 'str', 'chars': 29}, {'role': 'assistant',    
         'type': 'str', 'chars': 1448}, {'role': 'user', 'type': 'str', 'chars':
         29}, {'role': 'assistant', 'type': 'str', 'chars': 87}, {'role':       
         'user', 'type': 'str', 'chars': 29}, {'role': 'assistant', 'type':     
         'str', 'chars': 332}, {'role': 'user', 'type': 'str', 'chars': 28},    
         {'role': 'assistant', 'type': 'str', 'chars': 1741}, {'role': 'user',  
         'type': 'str', 'chars': 29}, {'role': 'assistant', 'type': 'str',      
         'chars': 117}, {'role': 'user', 'type': 'str', 'chars': 29}, {'role':  
         'assistant', 'type': 'str', 'chars': 242}, {'role': 'user', 'type':    
         'str', 'chars': 28}, {'role': 'assistant', 'type': 'str', 'chars':     
         1848}, {'role': 'user', 'type': 'str', 'chars': 29}, {'role':          
         'assistant', 'type': 'str', 'chars': 115}, {'role': 'user', 'type':    
         'str', 'chars': 29}, {'role': 'assistant', 'type': 'str', 'chars':     
         297}, {'role': 'user', 'type': 'str', 'chars': 175}, {'role':          
         'assistant', 'type': 'str', 'chars': 187}, {'role': 'user', 'type':    
         'str', 'chars': 159}, {'role': 'assistant', 'type': 'str', 'chars':    
         218}, {'role': 'user', 'type': 'str', 'chars': 310}, {'role':          
         'assistant', 'type': 'str', 'chars': 158}, {'role': 'user', 'type':    
         'str', 'chars': 219}, {'role': 'assistant', 'type': 'str', 'chars':    
         1435}, {'role': 'user', 'type': 'str', 'chars': 1809}]                 
INFO     Messages API response received: status=200 elapsed=1.7s                
DEBUG    input_tokens=6,800, output_tokens=29, instance_cost=0.00, cost=0.00    
DEBUG    total_tokens_sent=117,148, total_tokens_received=5,758,                
         total_cost=0.00, total_api_calls=21                                    
INFO     濠电姷顣藉Σ鍛村磻閹捐泛绶ゅù鐘差儏閻ゎ喗銇勯弽銊х焼闁?THOUGHT (primary)
         DISCUSSION                                                             
         Let me run this script to see the full plaintext character by          
         character.                                                             
                                                                                
INFO     濠电姷顣藉Σ鍛村磻閹捐泛绶ゅù鐘差儏閻ゎ喗銇勯幇鈺佲偓妤佺▔?ACTION       
         (primary)                                                              
         python3 solve3.py                                                      
                                                                                
DEBUG    Summarizing current observation for input python3 solve3.py            
                                                                                
DEBUG    📂 Copying /tmp/tmpzlomg5e3 to container                               
         batch-831e81a6ba4b-sweagent-enigma-latest-4de793a08a (ID: f15c0883682a)
         at /output/python3_solve3_py__1788127044612                            
DEBUG    Copying /tmp/tmpzlomg5e3 to container at                               
         /output/python3_solve3_py__1788127044612 with command: docker cp       
         /tmp/tmpzlomg5e3                                                       
         f15c0883682aef0a6be69cd55aff55d1761f7eccfa676a34ad0e268918c2ca7b:/outpu
         t/python3_solve3_py__1788127044612                                     
DEBUG    ✅ Successfully copied /tmp/tmpzlomg5e3 to container                   
         batch-831e81a6ba4b-sweagent-enigma-latest-4de793a08a                   
INFO     濠电姷顣藉Σ鍛村磻閹捐泛绶ゅù鐘差儏缁愭鎱ㄥ鍡楀姦?MODEL INPUT         
         Warning: Command output exceeded window, saved command to a file       
         /output/python3_solve3_py__1788127044612. Use 'open                    
         /output/python3_solve3_py__1788127044612' to view the full output.     
                                                                                
                                                                                
         Ciphertext length: 693 bytes                                           
         Key (hex): 656b3676743870633777                                        
         Key (repr): b'ek6vt8pc7w'                                              
                                                                                
         Full plaintext (repr):                                                 
         b"If only gray-eyed Athene would deign to love you, as in those days   
         she used so to take care of glorious Odysseus in the Trojan country,   
         where we Achaians suffered miseries; for I never saw the gods showing  
         such open affection as Pallas Athene, the way she stood beside him,    
         openly; if she would deign to love you as she did him, and care for you
         in her heart, then some of those people might well forget about        
         marrying.' Then the thoughtful Telemachos said to him in answer: 'Old  
         sir, I think that what you have said will not be accomplished. What you
         mean is too big. It bewilders me. That which I hope for could never    
         happen to me, not even if the gods so willed it.                       
         actf{1_key_is_used_once}"                                              
                                                                                
         Full plaintext:                                                        
         If only gray-eyed Athene would deign to love you, as in those days she 
         used so to take care of glorious Odysseus in the Trojan country, where 
         we Achaians suffered miseries; for I never saw the gods showing such   
         open affection as Pallas Athene, the way she stood beside him, openly; 
         if she would deign to love you as she did him, and care for you in her 
         heart, then some of those people might well forget about marrying.'    
         Then the thoughtful Telemachos said to him in answer: 'Old sir, I think
         that what you have said will not be accomplished. What you mean is too 
         big. It bewilders me. That which I hope for could never happen to me,  
         not even if the gods so willed it. actf{1_key_is_used_once}            
                                                                                
                                                                                
         ... (694 more lines in /output/python3_solve3_py__1788127044612)       
         (Open file: /__tmp__enigma-drag-6r1_x9km__repo/solve3.py)              
         (Current directory: /__tmp__enigma-drag-6r1_x9km__repo)                
         (Interactive session: n/a)                                             
         bash-$                                                                 
INFO     Messages API request start: model=glm52_10 messages=43 timeout=1170.0s 
         max_tokens=8192 native_tools=False thinking=auto shape=[{'role':       
         'user', 'type': 'str', 'chars': 3565}, {'role': 'assistant', 'type':   
         'str', 'chars': 109}, {'role': 'user', 'type': 'str', 'chars': 28},    
         {'role': 'assistant', 'type': 'str', 'chars': 93}, {'role': 'user',    
         'type': 'str', 'chars': 28}, {'role': 'assistant', 'type': 'str',      
         'chars': 66}, {'role': 'user', 'type': 'str', 'chars': 28}, {'role':   
         'assistant', 'type': 'str', 'chars': 1265}, {'role': 'user', 'type':   
         'str', 'chars': 28}, {'role': 'assistant', 'type': 'str', 'chars':     
         126}, {'role': 'user', 'type': 'str', 'chars': 28}, {'role':           
         'assistant', 'type': 'str', 'chars': 1067}, {'role': 'user', 'type':   
         'str', 'chars': 29}, {'role': 'assistant', 'type': 'str', 'chars': 84},
         {'role': 'user', 'type': 'str', 'chars': 29}, {'role': 'assistant',    
         'type': 'str', 'chars': 1448}, {'role': 'user', 'type': 'str', 'chars':
         29}, {'role': 'assistant', 'type': 'str', 'chars': 87}, {'role':       
         'user', 'type': 'str', 'chars': 29}, {'role': 'assistant', 'type':     
         'str', 'chars': 332}, {'role': 'user', 'type': 'str', 'chars': 28},    
         {'role': 'assistant', 'type': 'str', 'chars': 1741}, {'role': 'user',  
         'type': 'str', 'chars': 29}, {'role': 'assistant', 'type': 'str',      
         'chars': 117}, {'role': 'user', 'type': 'str', 'chars': 29}, {'role':  
         'assistant', 'type': 'str', 'chars': 242}, {'role': 'user', 'type':    
         'str', 'chars': 28}, {'role': 'assistant', 'type': 'str', 'chars':     
         1848}, {'role': 'user', 'type': 'str', 'chars': 29}, {'role':          
         'assistant', 'type': 'str', 'chars': 115}, {'role': 'user', 'type':    
         'str', 'chars': 29}, {'role': 'assistant', 'type': 'str', 'chars':     
         297}, {'role': 'user', 'type': 'str', 'chars': 28}, {'role':           
         'assistant', 'type': 'str', 'chars': 187}, {'role': 'user', 'type':    
         'str', 'chars': 159}, {'role': 'assistant', 'type': 'str', 'chars':    
         218}, {'role': 'user', 'type': 'str', 'chars': 310}, {'role':          
         'assistant', 'type': 'str', 'chars': 158}, {'role': 'user', 'type':    
         'str', 'chars': 219}, {'role': 'assistant', 'type': 'str', 'chars':    
         1435}, {'role': 'user', 'type': 'str', 'chars': 1809}, {'role':        
         'assistant', 'type': 'str', 'chars': 109}, {'role': 'user', 'type':    
         'str', 'chars': 1919}]                                                 
INFO     Messages API response received: status=200 elapsed=8.4s                
DEBUG    input_tokens=7,300, output_tokens=296, instance_cost=0.00, cost=0.00   
DEBUG    total_tokens_sent=124,448, total_tokens_received=6,054,                
         total_cost=0.00, total_api_calls=22                                    
INFO     濠电姷顣藉Σ鍛村磻閹捐泛绶ゅù鐘差儏閻ゎ喗銇勯弽銊х焼闁?THOUGHT (primary)
         DISCUSSION                                                             
         The flag looks correct but is being rejected. Let me check the exact   
         hex bytes of the flag portion and also try different key candidates to 
         see if there's a slightly different flag.                              
                                                                                
INFO     濠电姷顣藉Σ鍛村磻閹捐泛绶ゅù鐘差儏閻ゎ喗銇勯幇鈺佲偓妤佺▔?ACTION       
         (primary)                                                              
         create solve4.py                                                       
                                                                                
INFO     濠电姷顣藉Σ鍛村磻閹捐泛绶ゅù鐘差儏缁愭鎱ㄥ鍡楀姦?MODEL INPUT         
         [File: /__tmp__enigma-drag-6r1_x9km__repo/solve4.py (1 lines total)]   
         1:                                                                     
         (Open file: /__tmp__enigma-drag-6r1_x9km__repo/solve4.py)              
         (Current directory: /__tmp__enigma-drag-6r1_x9km__repo)                
         (Interactive session: n/a)                                             
         bash-$                                                                 
INFO     Messages API request start: model=glm52_10 messages=45 timeout=1170.0s 
         max_tokens=8192 native_tools=False thinking=auto shape=[{'role':       
         'user', 'type': 'str', 'chars': 3565}, {'role': 'assistant', 'type':   
         'str', 'chars': 109}, {'role': 'user', 'type': 'str', 'chars': 28},    
         {'role': 'assistant', 'type': 'str', 'chars': 93}, {'role': 'user',    
         'type': 'str', 'chars': 28}, {'role': 'assistant', 'type': 'str',      
         'chars': 66}, {'role': 'user', 'type': 'str', 'chars': 28}, {'role':   
         'assistant', 'type': 'str', 'chars': 1265}, {'role': 'user', 'type':   
         'str', 'chars': 28}, {'role': 'assistant', 'type': 'str', 'chars':     
         126}, {'role': 'user', 'type': 'str', 'chars': 28}, {'role':           
         'assistant', 'type': 'str', 'chars': 1067}, {'role': 'user', 'type':   
         'str', 'chars': 29}, {'role': 'assistant', 'type': 'str', 'chars': 84},
         {'role': 'user', 'type': 'str', 'chars': 29}, {'role': 'assistant',    
         'type': 'str', 'chars': 1448}, {'role': 'user', 'type': 'str', 'chars':
         29}, {'role': 'assistant', 'type': 'str', 'chars': 87}, {'role':       
         'user', 'type': 'str', 'chars': 29}, {'role': 'assistant', 'type':     
         'str', 'chars': 332}, {'role': 'user', 'type': 'str', 'chars': 28},    
         {'role': 'assistant', 'type': 'str', 'chars': 1741}, {'role': 'user',  
         'type': 'str', 'chars': 29}, {'role': 'assistant', 'type': 'str',      
         'chars': 117}, {'role': 'user', 'type': 'str', 'chars': 29}, {'role':  
         'assistant', 'type': 'str', 'chars': 242}, {'role': 'user', 'type':    
         'str', 'chars': 28}, {'role': 'assistant', 'type': 'str', 'chars':     
         1848}, {'role': 'user', 'type': 'str', 'chars': 29}, {'role':          
         'assistant', 'type': 'str', 'chars': 115}, {'role': 'user', 'type':    
         'str', 'chars': 29}, {'role': 'assistant', 'type': 'str', 'chars':     
         297}, {'role': 'user', 'type': 'str', 'chars': 28}, {'role':           
         'assistant', 'type': 'str', 'chars': 187}, {'role': 'user', 'type':    
         'str', 'chars': 28}, {'role': 'assistant', 'type': 'str', 'chars':     
         218}, {'role': 'user', 'type': 'str', 'chars': 310}, {'role':          
         'assistant', 'type': 'str', 'chars': 158}, {'role': 'user', 'type':    
         'str', 'chars': 219}, {'role': 'assistant', 'type': 'str', 'chars':    
         1435}, {'role': 'user', 'type': 'str', 'chars': 1809}, {'role':        
         'assistant', 'type': 'str', 'chars': 109}, {'role': 'user', 'type':    
         'str', 'chars': 1919}, {'role': 'assistant', 'type': 'str', 'chars':   
         217}, {'role': 'user', 'type': 'str', 'chars': 219}]                   
INFO     Messages API response received: status=200 elapsed=25.5s               
DEBUG    input_tokens=7,387, output_tokens=896, instance_cost=0.00, cost=0.00   
DEBUG    total_tokens_sent=131,835, total_tokens_received=6,950,                
         total_cost=0.00, total_api_calls=23                                    
INFO     濠电姷顣藉Σ鍛村磻閹捐泛绶ゅù鐘差儏閻ゎ喗銇勯弽銊х焼闁?THOUGHT (primary)
         DISCUSSION                                                             
         Let me write a script to examine the exact bytes of the flag and try   
         alternative key candidates for positions near the flag.                
                                                                                
INFO     濠电姷顣藉Σ鍛村磻閹捐泛绶ゅù鐘差儏閻ゎ喗銇勯幇鈺佲偓妤佺▔?ACTION       
         (primary)                                                              
         edit 1:1                                                               
         import string                                                          
                                                                                
         # Read ciphertext                                                      
         with open('ciphertext.txt', 'r') as f:                                 
             hex_str = f.read().strip()                                         
                                                                                
         ct = bytes.fromhex(hex_str)                                            
         print(f"Ciphertext length: {len(ct)} bytes")                           
                                                                                
         KEYLEN = 10                                                            
                                                                                
         # For each position in the key, try all possible byte values           
         key = []                                                               
         for pos in range(KEYLEN):                                              
             best_score = -1                                                    
             best_byte = 0                                                      
             for candidate in range(256):                                       
                 score = 0                                                      
                 for i in range(pos, len(ct), KEYLEN):                          
                     pt_byte = ct[i] ^ candidate                                
                     if chr(pt_byte) in string.printable:                       
                         score += 1                                             
                         if chr(pt_byte) in string.ascii_lowercase + ' ':       
                             score += 2                                         
                         if chr(pt_byte) in string.ascii_uppercase:             
                             score += 1                                         
                 if score > best_score:                                         
                     best_score = score                                         
                     best_byte = candidate                                      
             key.append(best_byte)                                              
                                                                                
         key_bytes = bytes(key)                                                 
         plaintext = bytes(ct[i] ^ key[i % KEYLEN] for i in range(len(ct)))     
                                                                                
         # Find the flag                                                        
         flag_start = plaintext.index(b'actf{')                                 
         flag_end = plaintext.index(b'}', flag_start) + 1                       
         flag = plaintext[flag_start:flag_end]                                  
         print(f"Flag: {flag}")                                                 
         print(f"Flag hex: {flag.hex()}")                                       
         print(f"Flag repr: {repr(flag)}")                                      
         print(f"Flag length: {len(flag)}")                                     
                                                                                
         # Print each byte of the flag                                          
         for i, b in enumerate(flag):                                           
             print(f"  [{i}] '{chr(b)}' (0x{b:02x})")                           
                                                                                
         # Also check if there are multiple candidates for key bytes at flag    
         positions                                                              
         print("\nAlternative key candidates at flag positions:")               
         for pos_in_flag in range(len(flag)):                                   
             pos_in_ct = flag_start + pos_in_flag                               
             key_pos = pos_in_ct % KEYLEN                                       
             ct_byte = ct[pos_in_ct]                                            
                                                                                
             # What key byte gives us this flag byte?                           
             current_key_byte = key[key_pos]                                    
             current_pt = ct_byte ^ current_key_byte                            
                                                                                
             # Try all key bytes and see which ones give printable ASCII        
             alternatives = []                                                  
             for candidate in range(256):                                       
                 pt = ct_byte ^ candidate                                       
                 if chr(pt) in string.printable:                                
                     alternatives.append((chr(pt), candidate))                  
                                                                                
             print(f"  Flag pos {pos_in_flag} (key pos {key_pos}):              
         current='{chr(current_pt)}' (key=0x{current_key_byte:02x}),            
         {len(alternatives)} alternatives")                                     
         end_of_edit                                                            
                                                                                
INFO     濠电姷顣藉Σ鍛村磻閹捐泛绶ゅù鐘差儏缁愭鎱ㄥ鍡楀姦?MODEL INPUT         
         [File: /__tmp__enigma-drag-6r1_x9km__repo/solve4.py (66 lines total)]  
         1:import string                                                        
         2:                                                                     
         3:# Read ciphertext                                                    
         4:with open('ciphertext.txt', 'r') as f:                               
         5:    hex_str = f.read().strip()                                       
         6:                                                                     
         7:ct = bytes.fromhex(hex_str)                                          
         8:print(f"Ciphertext length: {len(ct)} bytes")                         
         9:                                                                     
         10:KEYLEN = 10                                                         
         11:                                                                    
         12:# For each position in the key, try all possible byte values        
         13:key = []                                                            
         14:for pos in range(KEYLEN):                                           
         15:    best_score = -1                                                 
         16:    best_byte = 0                                                   
         17:    for candidate in range(256):                                    
         18:        score = 0                                                   
         19:        for i in range(pos, len(ct), KEYLEN):                       
         20:            pt_byte = ct[i] ^ candidate                             
         21:            if chr(pt_byte) in string.printable:                    
         22:                score += 1                                          
         23:                if chr(pt_byte) in string.ascii_lowercase + ' ':    
         24:                    score += 2                                      
         25:                if chr(pt_byte) in string.ascii_uppercase:          
         26:                    score += 1                                      
         27:        if score > best_score:                                      
         28:            best_score = score                                      
         29:            best_byte = candidate                                   
         30:    key.append(best_byte)                                           
         31:                                                                    
         32:key_bytes = bytes(key)                                              
         33:plaintext = bytes(ct[i] ^ key[i % KEYLEN] for i in range(len(ct)))  
         34:                                                                    
         35:# Find the flag                                                     
         36:flag_start = plaintext.index(b'actf{')                              
         37:flag_end = plaintext.index(b'}', flag_start) + 1                    
         38:flag = plaintext[flag_start:flag_end]                               
         39:print(f"Flag: {flag}")                                              
         40:print(f"Flag hex: {flag.hex()}")                                    
         41:print(f"Flag repr: {repr(flag)}")                                   
         42:print(f"Flag length: {len(flag)}")                                  
         43:                                                                    
         44:# Print each byte of the flag                                       
         45:for i, b in enumerate(flag):                                        
         46:    print(f"  [{i}] '{chr(b)}' (0x{b:02x})")                        
         47:                                                                    
         48:# Also check if there are multiple candidates for key bytes at flag 
         positions                                                              
         49:print("\nAlternative key candidates at flag positions:")            
         50:for pos_in_flag in range(len(flag)):                                
         51:    pos_in_ct = flag_start + pos_in_flag                            
         52:    key_pos = pos_in_ct % KEYLEN                                    
         53:    ct_byte = ct[pos_in_ct]                                         
         54:                                                                    
         55:    # What key byte gives us this flag byte?                        
         56:    current_key_byte = key[key_pos]                                 
         57:    current_pt = ct_byte ^ current_key_byte                         
         58:                                                                    
         59:    # Try all key bytes and see which ones give printable ASCII     
         60:    alternatives = []                                               
         61:    for candidate in range(256):                                    
         62:        pt = ct_byte ^ candidate                                    
         63:        if chr(pt) in string.printable:                             
         64:            alternatives.append((chr(pt), candidate))               
         65:                                                                    
         66:    print(f"  Flag pos {pos_in_flag} (key pos {key_pos}):           
         current='{chr(current_pt)}' (key=0x{current_key_byte:02x}),            
         {len(alternatives)} alternatives")                                     
         File updated. Please review the changes and make sure they are correct 
         (correct indentation, no duplicate lines, etc). Edit the file again if 
         necessary.                                                             
         (Open file: /__tmp__enigma-drag-6r1_x9km__repo/solve4.py)              
         (Current directory: /__tmp__enigma-drag-6r1_x9km__repo)                
         (Interactive session: n/a)                                             
         bash-$                                                                 
INFO     Messages API request start: model=glm52_10 messages=47 timeout=1170.0s 
         max_tokens=8192 native_tools=False thinking=auto shape=[{'role':       
         'user', 'type': 'str', 'chars': 3565}, {'role': 'assistant', 'type':   
         'str', 'chars': 109}, {'role': 'user', 'type': 'str', 'chars': 28},    
         {'role': 'assistant', 'type': 'str', 'chars': 93}, {'role': 'user',    
         'type': 'str', 'chars': 28}, {'role': 'assistant', 'type': 'str',      
         'chars': 66}, {'role': 'user', 'type': 'str', 'chars': 28}, {'role':   
         'assistant', 'type': 'str', 'chars': 1265}, {'role': 'user', 'type':   
         'str', 'chars': 28}, {'role': 'assistant', 'type': 'str', 'chars':     
         126}, {'role': 'user', 'type': 'str', 'chars': 28}, {'role':           
         'assistant', 'type': 'str', 'chars': 1067}, {'role': 'user', 'type':   
         'str', 'chars': 29}, {'role': 'assistant', 'type': 'str', 'chars': 84},
         {'role': 'user', 'type': 'str', 'chars': 29}, {'role': 'assistant',    
         'type': 'str', 'chars': 1448}, {'role': 'user', 'type': 'str', 'chars':
         29}, {'role': 'assistant', 'type': 'str', 'chars': 87}, {'role':       
         'user', 'type': 'str', 'chars': 29}, {'role': 'assistant', 'type':     
         'str', 'chars': 332}, {'role': 'user', 'type': 'str', 'chars': 28},    
         {'role': 'assistant', 'type': 'str', 'chars': 1741}, {'role': 'user',  
         'type': 'str', 'chars': 29}, {'role': 'assistant', 'type': 'str',      
         'chars': 117}, {'role': 'user', 'type': 'str', 'chars': 29}, {'role':  
         'assistant', 'type': 'str', 'chars': 242}, {'role': 'user', 'type':    
         'str', 'chars': 28}, {'role': 'assistant', 'type': 'str', 'chars':     
         1848}, {'role': 'user', 'type': 'str', 'chars': 29}, {'role':          
         'assistant', 'type': 'str', 'chars': 115}, {'role': 'user', 'type':    
         'str', 'chars': 29}, {'role': 'assistant', 'type': 'str', 'chars':     
         297}, {'role': 'user', 'type': 'str', 'chars': 28}, {'role':           
         'assistant', 'type': 'str', 'chars': 187}, {'role': 'user', 'type':    
         'str', 'chars': 28}, {'role': 'assistant', 'type': 'str', 'chars':     
         218}, {'role': 'user', 'type': 'str', 'chars': 28}, {'role':           
         'assistant', 'type': 'str', 'chars': 158}, {'role': 'user', 'type':    
         'str', 'chars': 219}, {'role': 'assistant', 'type': 'str', 'chars':    
         1435}, {'role': 'user', 'type': 'str', 'chars': 1809}, {'role':        
         'assistant', 'type': 'str', 'chars': 109}, {'role': 'user', 'type':    
         'str', 'chars': 1919}, {'role': 'assistant', 'type': 'str', 'chars':   
         217}, {'role': 'user', 'type': 'str', 'chars': 219}, {'role':          
         'assistant', 'type': 'str', 'chars': 2288}, {'role': 'user', 'type':   
         'str', 'chars': 2683}]                                                 
INFO     Messages API response received: status=200 elapsed=2.0s                
DEBUG    input_tokens=8,684, output_tokens=28, instance_cost=0.00, cost=0.00    
DEBUG    total_tokens_sent=140,519, total_tokens_received=6,978,                
         total_cost=0.00, total_api_calls=24                                    
INFO     濠电姷顣藉Σ鍛村磻閹捐泛绶ゅù鐘差儏閻ゎ喗銇勯弽銊х焼闁?THOUGHT (primary)
         DISCUSSION                                                             
         Let me run this script to examine the flag bytes in detail.            
                                                                                
INFO     濠电姷顣藉Σ鍛村磻閹捐泛绶ゅù鐘差儏閻ゎ喗銇勯幇鈺佲偓妤佺▔?ACTION       
         (primary)                                                              
         python3 solve4.py                                                      
                                                                                
INFO     濠电姷顣藉Σ鍛村磻閹捐泛绶ゅù鐘差儏缁愭鎱ㄥ鍡楀姦?MODEL INPUT         
         Ciphertext length: 693 bytes                                           
         Flag: b'actf{1_key_is_used_once}'                                      
         Flag hex: 616374667b315f6b65795f69735f757365645f6f6e63657d             
         Flag repr: b'actf{1_key_is_used_once}'                                 
         Flag length: 24                                                        
           [0] 'a' (0x61)                                                       
           [1] 'c' (0x63)                                                       
           [2] 't' (0x74)                                                       
           [3] 'f' (0x66)                                                       
           [4] '{' (0x7b)                                                       
           [5] '1' (0x31)                                                       
           [6] '_' (0x5f)                                                       
           [7] 'k' (0x6b)                                                       
           [8] 'e' (0x65)                                                       
           [9] 'y' (0x79)                                                       
           [10] '_' (0x5f)                                                      
           [11] 'i' (0x69)                                                      
           [12] 's' (0x73)                                                      
           [13] '_' (0x5f)                                                      
           [14] 'u' (0x75)                                                      
           [15] 's' (0x73)                                                      
           [16] 'e' (0x65)                                                      
           [17] 'd' (0x64)                                                      
           [18] '_' (0x5f)                                                      
           [19] 'o' (0x6f)                                                      
           [20] 'n' (0x6e)                                                      
           [21] 'c' (0x63)                                                      
           [22] 'e' (0x65)                                                      
           [23] '}' (0x7d)                                                      
                                                                                
         Alternative key candidates at flag positions:                          
           Flag pos 0 (key pos 9): current='a' (key=0x77), 100 alternatives     
           Flag pos 1 (key pos 0): current='c' (key=0x65), 100 alternatives     
           Flag pos 2 (key pos 1): current='t' (key=0x6b), 100 alternatives     
           Flag pos 3 (key pos 2): current='f' (key=0x36), 100 alternatives     
           Flag pos 4 (key pos 3): current='{' (key=0x76), 100 alternatives     
           Flag pos 5 (key pos 4): current='1' (key=0x74), 100 alternatives     
           Flag pos 6 (key pos 5): current='_' (key=0x38), 100 alternatives     
           Flag pos 7 (key pos 6): current='k' (key=0x70), 100 alternatives     
           Flag pos 8 (key pos 7): current='e' (key=0x63), 100 alternatives     
           Flag pos 9 (key pos 8): current='y' (key=0x37), 100 alternatives     
           Flag pos 10 (key pos 9): current='_' (key=0x77), 100 alternatives    
           Flag pos 11 (key pos 0): current='i' (key=0x65), 100 alternatives    
           Flag pos 12 (key pos 1): current='s' (key=0x6b), 100 alternatives    
           Flag pos 13 (key pos 2): current='_' (key=0x36), 100 alternatives    
           Flag pos 14 (key pos 3): current='u' (key=0x76), 100 alternatives    
           Flag pos 15 (key pos 4): current='s' (key=0x74), 100 alternatives    
           Flag pos 16 (key pos 5): current='e' (key=0x38), 100 alternatives    
           Flag pos 17 (key pos 6): current='d' (key=0x70), 100 alternatives    
           Flag pos 18 (key pos 7): current='_' (key=0x63), 100 alternatives    
           Flag pos 19 (key pos 8): current='o' (key=0x37), 100 alternatives    
           Flag pos 20 (key pos 9): current='n' (key=0x77), 100 alternatives    
           Flag pos 21 (key pos 0): current='c' (key=0x65), 100 alternatives    
           Flag pos 22 (key pos 1): current='e' (key=0x6b), 100 alternatives    
           Flag pos 23 (key pos 2): current='}' (key=0x36), 100 alternatives    
         (Open file: /__tmp__enigma-drag-6r1_x9km__repo/solve4.py)              
         (Current directory: /__tmp__enigma-drag-6r1_x9km__repo)                
         (Interactive session: n/a)                                             
         bash-$                                                                 
INFO     Messages API request start: model=glm52_10 messages=49 timeout=1170.0s 
         max_tokens=8192 native_tools=False thinking=auto shape=[{'role':       
         'user', 'type': 'str', 'chars': 3565}, {'role': 'assistant', 'type':   
         'str', 'chars': 109}, {'role': 'user', 'type': 'str', 'chars': 28},    
         {'role': 'assistant', 'type': 'str', 'chars': 93}, {'role': 'user',    
         'type': 'str', 'chars': 28}, {'role': 'assistant', 'type': 'str',      
         'chars': 66}, {'role': 'user', 'type': 'str', 'chars': 28}, {'role':   
         'assistant', 'type': 'str', 'chars': 1265}, {'role': 'user', 'type':   
         'str', 'chars': 28}, {'role': 'assistant', 'type': 'str', 'chars':     
         126}, {'role': 'user', 'type': 'str', 'chars': 28}, {'role':           
         'assistant', 'type': 'str', 'chars': 1067}, {'role': 'user', 'type':   
         'str', 'chars': 29}, {'role': 'assistant', 'type': 'str', 'chars': 84},
         {'role': 'user', 'type': 'str', 'chars': 29}, {'role': 'assistant',    
         'type': 'str', 'chars': 1448}, {'role': 'user', 'type': 'str', 'chars':
         29}, {'role': 'assistant', 'type': 'str', 'chars': 87}, {'role':       
         'user', 'type': 'str', 'chars': 29}, {'role': 'assistant', 'type':     
         'str', 'chars': 332}, {'role': 'user', 'type': 'str', 'chars': 28},    
         {'role': 'assistant', 'type': 'str', 'chars': 1741}, {'role': 'user',  
         'type': 'str', 'chars': 29}, {'role': 'assistant', 'type': 'str',      
         'chars': 117}, {'role': 'user', 'type': 'str', 'chars': 29}, {'role':  
         'assistant', 'type': 'str', 'chars': 242}, {'role': 'user', 'type':    
         'str', 'chars': 28}, {'role': 'assistant', 'type': 'str', 'chars':     
         1848}, {'role': 'user', 'type': 'str', 'chars': 29}, {'role':          
         'assistant', 'type': 'str', 'chars': 115}, {'role': 'user', 'type':    
         'str', 'chars': 29}, {'role': 'assistant', 'type': 'str', 'chars':     
         297}, {'role': 'user', 'type': 'str', 'chars': 28}, {'role':           
         'assistant', 'type': 'str', 'chars': 187}, {'role': 'user', 'type':    
         'str', 'chars': 28}, {'role': 'assistant', 'type': 'str', 'chars':     
         218}, {'role': 'user', 'type': 'str', 'chars': 28}, {'role':           
         'assistant', 'type': 'str', 'chars': 158}, {'role': 'user', 'type':    
         'str', 'chars': 28}, {'role': 'assistant', 'type': 'str', 'chars':     
         1435}, {'role': 'user', 'type': 'str', 'chars': 1809}, {'role':        
         'assistant', 'type': 'str', 'chars': 109}, {'role': 'user', 'type':    
         'str', 'chars': 1919}, {'role': 'assistant', 'type': 'str', 'chars':   
         217}, {'role': 'user', 'type': 'str', 'chars': 219}, {'role':          
         'assistant', 'type': 'str', 'chars': 2288}, {'role': 'user', 'type':   
         'str', 'chars': 2683}, {'role': 'assistant', 'type': 'str', 'chars':   
         96}, {'role': 'user', 'type': 'str', 'chars': 2415}]                   
INFO     Messages API response received: status=200 elapsed=207.6s              
DEBUG    input_tokens=9,685, output_tokens=7,290, instance_cost=0.00, cost=0.00 
DEBUG    total_tokens_sent=150,204, total_tokens_received=14,268,               
         total_cost=0.00, total_api_calls=25                                    
INFO     濠电姷顣藉Σ鍛村磻閹捐泛绶ゅù鐘差儏閻ゎ喗銇勯弽銊х焼闁?THOUGHT (primary)
         DISCUSSION                                                             
         The flag `actf{1_key_is_used_once}` looks correct but was rejected. Let
         me try a more sophisticated approach using English letter frequency    
         analysis (chi-squared) to see if a slightly different key produces a   
         different flag.                                                        
                                                                                
INFO     濠电姷顣藉Σ鍛村磻閹捐泛绶ゅù鐘差儏閻ゎ喗銇勯幇鈺佲偓妤佺▔?ACTION       
         (primary)                                                              
         create solve5.py                                                       
                                                                                
INFO     濠电姷顣藉Σ鍛村磻閹捐泛绶ゅù鐘差儏缁愭鎱ㄥ鍡楀姦?MODEL INPUT         
         [File: /__tmp__enigma-drag-6r1_x9km__repo/solve5.py (1 lines total)]   
         1:                                                                     
         (Open file: /__tmp__enigma-drag-6r1_x9km__repo/solve5.py)              
         (Current directory: /__tmp__enigma-drag-6r1_x9km__repo)                
         (Interactive session: n/a)                                             
         bash-$                                                                 
INFO     Messages API request start: model=glm52_10 messages=51 timeout=1170.0s 
         max_tokens=8192 native_tools=False thinking=auto shape=[{'role':       
         'user', 'type': 'str', 'chars': 3565}, {'role': 'assistant', 'type':   
         'str', 'chars': 109}, {'role': 'user', 'type': 'str', 'chars': 28},    
         {'role': 'assistant', 'type': 'str', 'chars': 93}, {'role': 'user',    
         'type': 'str', 'chars': 28}, {'role': 'assistant', 'type': 'str',      
         'chars': 66}, {'role': 'user', 'type': 'str', 'chars': 28}, {'role':   
         'assistant', 'type': 'str', 'chars': 1265}, {'role': 'user', 'type':   
         'str', 'chars': 28}, {'role': 'assistant', 'type': 'str', 'chars':     
         126}, {'role': 'user', 'type': 'str', 'chars': 28}, {'role':           
         'assistant', 'type': 'str', 'chars': 1067}, {'role': 'user', 'type':   
         'str', 'chars': 29}, {'role': 'assistant', 'type': 'str', 'chars': 84},
         {'role': 'user', 'type': 'str', 'chars': 29}, {'role': 'assistant',    
         'type': 'str', 'chars': 1448}, {'role': 'user', 'type': 'str', 'chars':
         29}, {'role': 'assistant', 'type': 'str', 'chars': 87}, {'role':       
         'user', 'type': 'str', 'chars': 29}, {'role': 'assistant', 'type':     
         'str', 'chars': 332}, {'role': 'user', 'type': 'str', 'chars': 28},    
         {'role': 'assistant', 'type': 'str', 'chars': 1741}, {'role': 'user',  
         'type': 'str', 'chars': 29}, {'role': 'assistant', 'type': 'str',      
         'chars': 117}, {'role': 'user', 'type': 'str', 'chars': 29}, {'role':  
         'assistant', 'type': 'str', 'chars': 242}, {'role': 'user', 'type':    
         'str', 'chars': 28}, {'role': 'assistant', 'type': 'str', 'chars':     
         1848}, {'role': 'user', 'type': 'str', 'chars': 29}, {'role':          
         'assistant', 'type': 'str', 'chars': 115}, {'role': 'user', 'type':    
         'str', 'chars': 29}, {'role': 'assistant', 'type': 'str', 'chars':     
         297}, {'role': 'user', 'type': 'str', 'chars': 28}, {'role':           
         'assistant', 'type': 'str', 'chars': 187}, {'role': 'user', 'type':    
         'str', 'chars': 28}, {'role': 'assistant', 'type': 'str', 'chars':     
         218}, {'role': 'user', 'type': 'str', 'chars': 28}, {'role':           
         'assistant', 'type': 'str', 'chars': 158}, {'role': 'user', 'type':    
         'str', 'chars': 28}, {'role': 'assistant', 'type': 'str', 'chars':     
         1435}, {'role': 'user', 'type': 'str', 'chars': 29}, {'role':          
         'assistant', 'type': 'str', 'chars': 109}, {'role': 'user', 'type':    
         'str', 'chars': 1919}, {'role': 'assistant', 'type': 'str', 'chars':   
         217}, {'role': 'user', 'type': 'str', 'chars': 219}, {'role':          
         'assistant', 'type': 'str', 'chars': 2288}, {'role': 'user', 'type':   
         'str', 'chars': 2683}, {'role': 'assistant', 'type': 'str', 'chars':   
         96}, {'role': 'user', 'type': 'str', 'chars': 2415}, {'role':          
         'assistant', 'type': 'str', 'chars': 260}, {'role': 'user', 'type':    
         'str', 'chars': 219}]                                                  
INFO     Messages API response received: status=200 elapsed=36.1s               
DEBUG    input_tokens=9,297, output_tokens=1,326, instance_cost=0.00, cost=0.00 
DEBUG    total_tokens_sent=159,501, total_tokens_received=15,594,               
         total_cost=0.00, total_api_calls=26                                    
INFO     濠电姷顣藉Σ鍛村磻閹捐泛绶ゅù鐘差儏閻ゎ喗銇勯弽銊х焼闁?THOUGHT (primary)
         DISCUSSION                                                             
         Let me try a more sophisticated approach using chi-squared scoring with
         English letter frequencies, and also try to see if there are           
         alternative decryptions that produce a different flag.                 
                                                                                
INFO     濠电姷顣藉Σ鍛村磻閹捐泛绶ゅù鐘差儏閻ゎ喗銇勯幇鈺佲偓妤佺▔?ACTION       
         (primary)                                                              
         edit 1:1                                                               
         import string                                                          
         from collections import Counter                                        
                                                                                
         # Read ciphertext                                                      
         with open('ciphertext.txt', 'r') as f:                                 
             hex_str = f.read().strip()                                         
                                                                                
         ct = bytes.fromhex(hex_str)                                            
                                                                                
         # English letter frequencies (as percentages)                          
         ENGLISH_FREQ = {                                                       
             'a': 8.167, 'b': 1.492, 'c': 2.782, 'd': 4.253, 'e': 12.702,       
             'f': 2.228, 'g': 2.015, 'h': 6.094, 'i': 6.966, 'j': 0.153,        
             'k': 0.772, 'l': 4.025, 'm': 2.406, 'n': 6.749, 'o': 7.507,        
             'p': 1.929, 'q': 0.095, 'r': 5.987, 's': 6.327, 't': 9.056,        
             'u': 2.758, 'v': 0.978, 'w': 2.360, 'x': 0.150, 'y': 1.974,        
             'z': 0.074, ' ': 13.0                                              
         }                                                                      
                                                                                
         def score_text(text_bytes):                                            
             """Score text using chi-squared test against English frequencies"""
             text = text_bytes.decode('ascii', errors='replace').lower()        
             total = len(text)                                                  
             if total == 0:                                                     
                 return float('inf')                                            
                                                                                
             freq = Counter(text)                                               
             chi2 = 0                                                           
             for char, count in freq.items():                                   
                 if char in ENGLISH_FREQ:                                       
                     expected = ENGLISH_FREQ[char] / 100 * total                
                     chi2 += (count - expected) ** 2 / expected                 
                 elif char in string.printable:                                 
                     chi2 += 0.1  # small penalty for other printable chars     
                 else:                                                          
                     chi2 += 10  # big penalty for non-printable                
             return chi2                                                        
                                                                                
         # Try key lengths 1 to 50                                              
         for KEYLEN in [10, 20, 5, 15, 30]:                                     
             key = []                                                           
             for pos in range(KEYLEN):                                          
                 best_score = float('inf')                                      
                 best_byte = 0                                                  
                 for candidate in range(256):                                   
                     decrypted = bytes(ct[i] ^ candidate for i in range(pos,    
         len(ct), KEYLEN))                                                      
                     score = score_text(decrypted)                              
                     if score < best_score:                                     
                         best_score = score                                     
                         best_byte = candidate                                  
                 key.append(best_byte)                                          
                                                                                
             key_bytes = bytes(key)                                             
             plaintext = bytes(ct[i] ^ key[i % KEYLEN] for i in range(len(ct))) 
                                                                                
             if b'actf{' in plaintext:                                          
                 idx = plaintext.index(b'actf{')                                
                 end_idx = plaintext.index(b'}', idx) + 1 if b'}' in            
         plaintext[idx:] else len(plaintext)                                    
                 flag = plaintext[idx:end_idx]                                  
                 print(f"Key length {KEYLEN}: flag = {flag}")                   
                 print(f"  Key: {repr(key_bytes)}")                             
                 # Check if key repeats                                         
                 for k in range(1, KEYLEN):                                     
                     if KEYLEN % k == 0 and key_bytes[:k] * (KEYLEN // k) ==    
         key_bytes:                                                             
                         print(f"  -> Key is actually length {k}:               
         {repr(key_bytes[:k])}")                                                
                         break                                                  
                 # Print context around flag                                    
                 start = max(0, idx - 20)                                       
                 end = min(len(plaintext), end_idx + 20)                        
                 print(f"  Context: ...{plaintext[start:end]}...")              
                 print()                                                        
         end_of_edit                                                            
                                                                                
INFO     濠电姷顣藉Σ鍛村磻閹捐泛绶ゅù鐘差儏缁愭鎱ㄥ鍡楀姦?MODEL INPUT         
         [File: /__tmp__enigma-drag-6r1_x9km__repo/solve5.py (71 lines total)]  
         1:import string                                                        
         2:from collections import Counter                                      
         3:                                                                     
         4:# Read ciphertext                                                    
         5:with open('ciphertext.txt', 'r') as f:                               
         6:    hex_str = f.read().strip()                                       
         7:                                                                     
         8:ct = bytes.fromhex(hex_str)                                          
         9:                                                                     
         10:# English letter frequencies (as percentages)                       
         11:ENGLISH_FREQ = {                                                    
         12:    'a': 8.167, 'b': 1.492, 'c': 2.782, 'd': 4.253, 'e': 12.702,    
         13:    'f': 2.228, 'g': 2.015, 'h': 6.094, 'i': 6.966, 'j': 0.153,     
         14:    'k': 0.772, 'l': 4.025, 'm': 2.406, 'n': 6.749, 'o': 7.507,     
         15:    'p': 1.929, 'q': 0.095, 'r': 5.987, 's': 6.327, 't': 9.056,     
         16:    'u': 2.758, 'v': 0.978, 'w': 2.360, 'x': 0.150, 'y': 1.974,     
         17:    'z': 0.074, ' ': 13.0                                           
         18:}                                                                   
         19:                                                                    
         20:def score_text(text_bytes):                                         
         21:    """Score text using chi-squared test against English            
         frequencies"""                                                         
         22:    text = text_bytes.decode('ascii', errors='replace').lower()     
         23:    total = len(text)                                               
         24:    if total == 0:                                                  
         25:        return float('inf')                                         
         26:                                                                    
         27:    freq = Counter(text)                                            
         28:    chi2 = 0                                                        
         29:    for char, count in freq.items():                                
         30:        if char in ENGLISH_FREQ:                                    
         31:            expected = ENGLISH_FREQ[char] / 100 * total             
         32:            chi2 += (count - expected) ** 2 / expected              
         33:        elif char in string.printable:                              
         34:            chi2 += 0.1  # small penalty for other printable chars  
         35:        else:                                                       
         36:            chi2 += 10  # big penalty for non-printable             
         37:    return chi2                                                     
         38:                                                                    
         39:# Try key lengths 1 to 50                                           
         40:for KEYLEN in [10, 20, 5, 15, 30]:                                  
         41:    key = []                                                        
         42:    for pos in range(KEYLEN):                                       
         43:        best_score = float('inf')                                   
         44:        best_byte = 0                                               
         45:        for candidate in range(256):                                
         46:            decrypted = bytes(ct[i] ^ candidate for i in range(pos, 
         len(ct), KEYLEN))                                                      
         47:            score = score_text(decrypted)                           
         48:            if score < best_score:                                  
         49:                best_score = score                                  
         50:                best_byte = candidate                               
         51:        key.append(best_byte)                                       
         52:                                                                    
         53:    key_bytes = bytes(key)                                          
         54:    plaintext = bytes(ct[i] ^ key[i % KEYLEN] for i in              
         range(len(ct)))                                                        
         55:                                                                    
         56:    if b'actf{' in plaintext:                                       
         57:        idx = plaintext.index(b'actf{')                             
         58:        end_idx = plaintext.index(b'}', idx) + 1 if b'}' in         
         plaintext[idx:] else len(plaintext)                                    
         59:        flag = plaintext[idx:end_idx]                               
         60:        print(f"Key length {KEYLEN}: flag = {flag}")                
         61:        print(f"  Key: {repr(key_bytes)}")                          
         62:        # Check if key repeats                                      
         63:        for k in range(1, KEYLEN):                                  
         64:            if KEYLEN % k == 0 and key_bytes[:k] * (KEYLEN // k) == 
         key_bytes:                                                             
         65:                print(f"  -> Key is actually length {k}:            
         {repr(key_bytes[:k])}")                                                
         66:                break                                               
         67:        # Print context around flag                                 
         68:        start = max(0, idx - 20)                                    
         69:        end = min(len(plaintext), end_idx + 20)                     
         70:        print(f"  Context: ...{plaintext[start:end]}...")           
         71:        print()                                                     
         File updated. Please review the changes and make sure they are correct 
         (correct indentation, no duplicate lines, etc). Edit the file again if 
         necessary.                                                             
         (Open file: /__tmp__enigma-drag-6r1_x9km__repo/solve5.py)              
         (Current directory: /__tmp__enigma-drag-6r1_x9km__repo)                
         (Interactive session: n/a)                                             
         bash-$                                                                 
INFO     Messages API request start: model=glm52_10 messages=53 timeout=1170.0s 
         max_tokens=8192 native_tools=False thinking=auto shape=[{'role':       
         'user', 'type': 'str', 'chars': 3565}, {'role': 'assistant', 'type':   
         'str', 'chars': 109}, {'role': 'user', 'type': 'str', 'chars': 28},    
         {'role': 'assistant', 'type': 'str', 'chars': 93}, {'role': 'user',    
         'type': 'str', 'chars': 28}, {'role': 'assistant', 'type': 'str',      
         'chars': 66}, {'role': 'user', 'type': 'str', 'chars': 28}, {'role':   
         'assistant', 'type': 'str', 'chars': 1265}, {'role': 'user', 'type':   
         'str', 'chars': 28}, {'role': 'assistant', 'type': 'str', 'chars':     
         126}, {'role': 'user', 'type': 'str', 'chars': 28}, {'role':           
         'assistant', 'type': 'str', 'chars': 1067}, {'role': 'user', 'type':   
         'str', 'chars': 29}, {'role': 'assistant', 'type': 'str', 'chars': 84},
         {'role': 'user', 'type': 'str', 'chars': 29}, {'role': 'assistant',    
         'type': 'str', 'chars': 1448}, {'role': 'user', 'type': 'str', 'chars':
         29}, {'role': 'assistant', 'type': 'str', 'chars': 87}, {'role':       
         'user', 'type': 'str', 'chars': 29}, {'role': 'assistant', 'type':     
         'str', 'chars': 332}, {'role': 'user', 'type': 'str', 'chars': 28},    
         {'role': 'assistant', 'type': 'str', 'chars': 1741}, {'role': 'user',  
         'type': 'str', 'chars': 29}, {'role': 'assistant', 'type': 'str',      
         'chars': 117}, {'role': 'user', 'type': 'str', 'chars': 29}, {'role':  
         'assistant', 'type': 'str', 'chars': 242}, {'role': 'user', 'type':    
         'str', 'chars': 28}, {'role': 'assistant', 'type': 'str', 'chars':     
         1848}, {'role': 'user', 'type': 'str', 'chars': 29}, {'role':          
         'assistant', 'type': 'str', 'chars': 115}, {'role': 'user', 'type':    
         'str', 'chars': 29}, {'role': 'assistant', 'type': 'str', 'chars':     
         297}, {'role': 'user', 'type': 'str', 'chars': 28}, {'role':           
         'assistant', 'type': 'str', 'chars': 187}, {'role': 'user', 'type':    
         'str', 'chars': 28}, {'role': 'assistant', 'type': 'str', 'chars':     
         218}, {'role': 'user', 'type': 'str', 'chars': 28}, {'role':           
         'assistant', 'type': 'str', 'chars': 158}, {'role': 'user', 'type':    
         'str', 'chars': 28}, {'role': 'assistant', 'type': 'str', 'chars':     
         1435}, {'role': 'user', 'type': 'str', 'chars': 29}, {'role':          
         'assistant', 'type': 'str', 'chars': 109}, {'role': 'user', 'type':    
         'str', 'chars': 29}, {'role': 'assistant', 'type': 'str', 'chars':     
         217}, {'role': 'user', 'type': 'str', 'chars': 219}, {'role':          
         'assistant', 'type': 'str', 'chars': 2288}, {'role': 'user', 'type':   
         'str', 'chars': 2683}, {'role': 'assistant', 'type': 'str', 'chars':   
         96}, {'role': 'user', 'type': 'str', 'chars': 2415}, {'role':          
         'assistant', 'type': 'str', 'chars': 260}, {'role': 'user', 'type':    
         'str', 'chars': 219}, {'role': 'assistant', 'type': 'str', 'chars':    
         2765}, {'role': 'user', 'type': 'str', 'chars': 3112}]                 
INFO     Messages API response received: status=200 elapsed=2.0s                
DEBUG    input_tokens=10,700, output_tokens=32, instance_cost=0.00, cost=0.00   
DEBUG    total_tokens_sent=170,201, total_tokens_received=15,626,               
         total_cost=0.00, total_api_calls=27                                    
INFO     濠电姷顣藉Σ鍛村磻閹捐泛绶ゅù鐘差儏閻ゎ喗銇勯弽銊х焼闁?THOUGHT (primary)
         DISCUSSION                                                             
         Let me run this script to see if chi-squared scoring gives a different 
         result.                                                                
                                                                                
INFO     濠电姷顣藉Σ鍛村磻閹捐泛绶ゅù鐘差儏閻ゎ喗銇勯幇鈺佲偓妤佺▔?ACTION       
         (primary)                                                              
         python3 solve5.py                                                      
                                                                                
INFO     濠电姷顣藉Σ鍛村磻閹捐泛绶ゅù鐘差儏缁愭鎱ㄥ鍡楀姦?MODEL INPUT         
         Your command ran successfully and did not produce any output.          
         (Open file: /__tmp__enigma-drag-6r1_x9km__repo/solve5.py)              
         (Current directory: /__tmp__enigma-drag-6r1_x9km__repo)                
         (Interactive session: n/a)                                             
         bash-$                                                                 
INFO     Messages API request start: model=glm52_10 messages=55 timeout=1170.0s 
         max_tokens=8192 native_tools=False thinking=auto shape=[{'role':       
         'user', 'type': 'str', 'chars': 3565}, {'role': 'assistant', 'type':   
         'str', 'chars': 109}, {'role': 'user', 'type': 'str', 'chars': 28},    
         {'role': 'assistant', 'type': 'str', 'chars': 93}, {'role': 'user',    
         'type': 'str', 'chars': 28}, {'role': 'assistant', 'type': 'str',      
         'chars': 66}, {'role': 'user', 'type': 'str', 'chars': 28}, {'role':   
         'assistant', 'type': 'str', 'chars': 1265}, {'role': 'user', 'type':   
         'str', 'chars': 28}, {'role': 'assistant', 'type': 'str', 'chars':     
         126}, {'role': 'user', 'type': 'str', 'chars': 28}, {'role':           
         'assistant', 'type': 'str', 'chars': 1067}, {'role': 'user', 'type':   
         'str', 'chars': 29}, {'role': 'assistant', 'type': 'str', 'chars': 84},
         {'role': 'user', 'type': 'str', 'chars': 29}, {'role': 'assistant',    
         'type': 'str', 'chars': 1448}, {'role': 'user', 'type': 'str', 'chars':
         29}, {'role': 'assistant', 'type': 'str', 'chars': 87}, {'role':       
         'user', 'type': 'str', 'chars': 29}, {'role': 'assistant', 'type':     
         'str', 'chars': 332}, {'role': 'user', 'type': 'str', 'chars': 28},    
         {'role': 'assistant', 'type': 'str', 'chars': 1741}, {'role': 'user',  
         'type': 'str', 'chars': 29}, {'role': 'assistant', 'type': 'str',      
         'chars': 117}, {'role': 'user', 'type': 'str', 'chars': 29}, {'role':  
         'assistant', 'type': 'str', 'chars': 242}, {'role': 'user', 'type':    
         'str', 'chars': 28}, {'role': 'assistant', 'type': 'str', 'chars':     
         1848}, {'role': 'user', 'type': 'str', 'chars': 29}, {'role':          
         'assistant', 'type': 'str', 'chars': 115}, {'role': 'user', 'type':    
         'str', 'chars': 29}, {'role': 'assistant', 'type': 'str', 'chars':     
         297}, {'role': 'user', 'type': 'str', 'chars': 28}, {'role':           
         'assistant', 'type': 'str', 'chars': 187}, {'role': 'user', 'type':    
         'str', 'chars': 28}, {'role': 'assistant', 'type': 'str', 'chars':     
         218}, {'role': 'user', 'type': 'str', 'chars': 28}, {'role':           
         'assistant', 'type': 'str', 'chars': 158}, {'role': 'user', 'type':    
         'str', 'chars': 28}, {'role': 'assistant', 'type': 'str', 'chars':     
         1435}, {'role': 'user', 'type': 'str', 'chars': 29}, {'role':          
         'assistant', 'type': 'str', 'chars': 109}, {'role': 'user', 'type':    
         'str', 'chars': 29}, {'role': 'assistant', 'type': 'str', 'chars':     
         217}, {'role': 'user', 'type': 'str', 'chars': 28}, {'role':           
         'assistant', 'type': 'str', 'chars': 2288}, {'role': 'user', 'type':   
         'str', 'chars': 2683}, {'role': 'assistant', 'type': 'str', 'chars':   
         96}, {'role': 'user', 'type': 'str', 'chars': 2415}, {'role':          
         'assistant', 'type': 'str', 'chars': 260}, {'role': 'user', 'type':    
         'str', 'chars': 219}, {'role': 'assistant', 'type': 'str', 'chars':    
         2765}, {'role': 'user', 'type': 'str', 'chars': 3112}, {'role':        
         'assistant', 'type': 'str', 'chars': 115}, {'role': 'user', 'type':    
         'str', 'chars': 209}]                                                  
INFO     Messages API response received: status=200 elapsed=10.5s               
DEBUG    input_tokens=10,721, output_tokens=339, instance_cost=0.00, cost=0.00  
DEBUG    total_tokens_sent=180,922, total_tokens_received=15,965,               
         total_cost=0.00, total_api_calls=28                                    
INFO     濠电姷顣藉Σ鍛村磻閹捐泛绶ゅù鐘差儏閻ゎ喗銇勯弽銊х焼闁?THOUGHT (primary)
         DISCUSSION                                                             
         No output means the flag wasn't found with chi-squared scoring. The    
         scoring function might be choosing different key bytes. Let me modify  
         the script to print the plaintext regardless of whether the flag is    
         found.                                                                 
                                                                                
INFO     濠电姷顣藉Σ鍛村磻閹捐泛绶ゅù鐘差儏閻ゎ喗銇勯幇鈺佲偓妤佺▔?ACTION       
         (primary)                                                              
         edit 56:71                                                             
             if b'actf{' in plaintext:                                          
                 idx = plaintext.index(b'actf{')                                
                 end_idx = plaintext.index(b'}', idx) + 1 if b'}' in            
         plaintext[idx:] else len(plaintext)                                    
                 flag = plaintext[idx:end_idx]                                  
                 print(f"Key length {KEYLEN}: flag = {flag}")                   
             else:                                                              
                 print(f"Key length {KEYLEN}: no flag found")                   
             print(f"  Key: {repr(key_bytes)}")                                 
             # Check if key repeats                                             
             for k in range(1, KEYLEN):                                         
                 if KEYLEN % k == 0 and key_bytes[:k] * (KEYLEN // k) ==        
         key_bytes:                                                             
                     print(f"  -> Key is actually length {k}:                   
         {repr(key_bytes[:k])}")                                                
                     break                                                      
             # Print first 200 chars of plaintext                               
             print(f"  Plaintext (first 200): {plaintext[:200]}")               
             print()                                                            
         end_of_edit                                                            
                                                                                
INFO     濠电姷顣藉Σ鍛村磻閹捐泛绶ゅù鐘差儏缁愭鎱ㄥ鍡楀姦?MODEL INPUT         
         [File: /__tmp__enigma-drag-6r1_x9km__repo/solve5.py (71 lines total)]  
         1:import string                                                        
         2:from collections import Counter                                      
         3:                                                                     
         4:# Read ciphertext                                                    
         5:with open('ciphertext.txt', 'r') as f:                               
         6:    hex_str = f.read().strip()                                       
         7:                                                                     
         8:ct = bytes.fromhex(hex_str)                                          
         9:                                                                     
         10:# English letter frequencies (as percentages)                       
         11:ENGLISH_FREQ = {                                                    
         12:    'a': 8.167, 'b': 1.492, 'c': 2.782, 'd': 4.253, 'e': 12.702,    
         13:    'f': 2.228, 'g': 2.015, 'h': 6.094, 'i': 6.966, 'j': 0.153,     
         14:    'k': 0.772, 'l': 4.025, 'm': 2.406, 'n': 6.749, 'o': 7.507,     
         15:    'p': 1.929, 'q': 0.095, 'r': 5.987, 's': 6.327, 't': 9.056,     
         16:    'u': 2.758, 'v': 0.978, 'w': 2.360, 'x': 0.150, 'y': 1.974,     
         17:    'z': 0.074, ' ': 13.0                                           
         18:}                                                                   
         19:                                                                    
         20:def score_text(text_bytes):                                         
         21:    """Score text using chi-squared test against English            
         frequencies"""                                                         
         22:    text = text_bytes.decode('ascii', errors='replace').lower()     
         23:    total = len(text)                                               
         24:    if total == 0:                                                  
         25:        return float('inf')                                         
         26:                                                                    
         27:    freq = Counter(text)                                            
         28:    chi2 = 0                                                        
         29:    for char, count in freq.items():                                
         30:        if char in ENGLISH_FREQ:                                    
         31:            expected = ENGLISH_FREQ[char] / 100 * total             
         32:            chi2 += (count - expected) ** 2 / expected              
         33:        elif char in string.printable:                              
         34:            chi2 += 0.1  # small penalty for other printable chars  
         35:        else:                                                       
         36:            chi2 += 10  # big penalty for non-printable             
         37:    return chi2                                                     
         38:                                                                    
         39:# Try key lengths 1 to 50                                           
         40:for KEYLEN in [10, 20, 5, 15, 30]:                                  
         41:    key = []                                                        
         42:    for pos in range(KEYLEN):                                       
         43:        best_score = float('inf')                                   
         44:        best_byte = 0                                               
         45:        for candidate in range(256):                                
         46:            decrypted = bytes(ct[i] ^ candidate for i in range(pos, 
         len(ct), KEYLEN))                                                      
         47:            score = score_text(decrypted)                           
         48:            if score < best_score:                                  
         49:                best_score = score                                  
         50:                best_byte = candidate                               
         51:        key.append(best_byte)                                       
         52:                                                                    
         53:    key_bytes = bytes(key)                                          
         54:    plaintext = bytes(ct[i] ^ key[i % KEYLEN] for i in              
         range(len(ct)))                                                        
         55:                                                                    
         56:    if b'actf{' in plaintext:                                       
         57:        idx = plaintext.index(b'actf{')                             
         58:        end_idx = plaintext.index(b'}', idx) + 1 if b'}' in         
         plaintext[idx:] else len(plaintext)                                    
         59:        flag = plaintext[idx:end_idx]                               
         60:        print(f"Key length {KEYLEN}: flag = {flag}")                
         61:    else:                                                           
         62:        print(f"Key length {KEYLEN}: no flag found")                
         63:    print(f"  Key: {repr(key_bytes)}")                              
         64:    # Check if key repeats                                          
         65:    for k in range(1, KEYLEN):                                      
         66:        if KEYLEN % k == 0 and key_bytes[:k] * (KEYLEN // k) ==     
         key_bytes:                                                             
         67:            print(f"  -> Key is actually length {k}:                
         {repr(key_bytes[:k])}")                                                
         68:            break                                                   
         69:    # Print first 200 chars of plaintext                            
         70:    print(f"  Plaintext (first 200): {plaintext[:200]}")            
         71:    print()                                                         
         File updated. Please review the changes and make sure they are correct 
         (correct indentation, no duplicate lines, etc). Edit the file again if 
         necessary.                                                             
         (Open file: /__tmp__enigma-drag-6r1_x9km__repo/solve5.py)              
         (Current directory: /__tmp__enigma-drag-6r1_x9km__repo)                
         (Interactive session: n/a)                                             
         bash-$                                                                 
INFO     Messages API request start: model=glm52_10 messages=57 timeout=1170.0s 
         max_tokens=8192 native_tools=False thinking=auto shape=[{'role':       
         'user', 'type': 'str', 'chars': 3565}, {'role': 'assistant', 'type':   
         'str', 'chars': 109}, {'role': 'user', 'type': 'str', 'chars': 28},    
         {'role': 'assistant', 'type': 'str', 'chars': 93}, {'role': 'user',    
         'type': 'str', 'chars': 28}, {'role': 'assistant', 'type': 'str',      
         'chars': 66}, {'role': 'user', 'type': 'str', 'chars': 28}, {'role':   
         'assistant', 'type': 'str', 'chars': 1265}, {'role': 'user', 'type':   
         'str', 'chars': 28}, {'role': 'assistant', 'type': 'str', 'chars':     
         126}, {'role': 'user', 'type': 'str', 'chars': 28}, {'role':           
         'assistant', 'type': 'str', 'chars': 1067}, {'role': 'user', 'type':   
         'str', 'chars': 29}, {'role': 'assistant', 'type': 'str', 'chars': 84},
         {'role': 'user', 'type': 'str', 'chars': 29}, {'role': 'assistant',    
         'type': 'str', 'chars': 1448}, {'role': 'user', 'type': 'str', 'chars':
         29}, {'role': 'assistant', 'type': 'str', 'chars': 87}, {'role':       
         'user', 'type': 'str', 'chars': 29}, {'role': 'assistant', 'type':     
         'str', 'chars': 332}, {'role': 'user', 'type': 'str', 'chars': 28},    
         {'role': 'assistant', 'type': 'str', 'chars': 1741}, {'role': 'user',  
         'type': 'str', 'chars': 29}, {'role': 'assistant', 'type': 'str',      
         'chars': 117}, {'role': 'user', 'type': 'str', 'chars': 29}, {'role':  
         'assistant', 'type': 'str', 'chars': 242}, {'role': 'user', 'type':    
         'str', 'chars': 28}, {'role': 'assistant', 'type': 'str', 'chars':     
         1848}, {'role': 'user', 'type': 'str', 'chars': 29}, {'role':          
         'assistant', 'type': 'str', 'chars': 115}, {'role': 'user', 'type':    
         'str', 'chars': 29}, {'role': 'assistant', 'type': 'str', 'chars':     
         297}, {'role': 'user', 'type': 'str', 'chars': 28}, {'role':           
         'assistant', 'type': 'str', 'chars': 187}, {'role': 'user', 'type':    
         'str', 'chars': 28}, {'role': 'assistant', 'type': 'str', 'chars':     
         218}, {'role': 'user', 'type': 'str', 'chars': 28}, {'role':           
         'assistant', 'type': 'str', 'chars': 158}, {'role': 'user', 'type':    
         'str', 'chars': 28}, {'role': 'assistant', 'type': 'str', 'chars':     
         1435}, {'role': 'user', 'type': 'str', 'chars': 29}, {'role':          
         'assistant', 'type': 'str', 'chars': 109}, {'role': 'user', 'type':    
         'str', 'chars': 29}, {'role': 'assistant', 'type': 'str', 'chars':     
         217}, {'role': 'user', 'type': 'str', 'chars': 28}, {'role':           
         'assistant', 'type': 'str', 'chars': 2288}, {'role': 'user', 'type':   
         'str', 'chars': 29}, {'role': 'assistant', 'type': 'str', 'chars': 96},
         {'role': 'user', 'type': 'str', 'chars': 2415}, {'role': 'assistant',  
         'type': 'str', 'chars': 260}, {'role': 'user', 'type': 'str', 'chars': 
         219}, {'role': 'assistant', 'type': 'str', 'chars': 2765}, {'role':    
         'user', 'type': 'str', 'chars': 3112}, {'role': 'assistant', 'type':   
         'str', 'chars': 115}, {'role': 'user', 'type': 'str', 'chars': 209},   
         {'role': 'assistant', 'type': 'str', 'chars': 951}, {'role': 'user',   
         'type': 'str', 'chars': 3070}]                                         
INFO     Messages API response received: status=200 elapsed=1.9s                
DEBUG    input_tokens=11,252, output_tokens=22, instance_cost=0.00, cost=0.00   
DEBUG    total_tokens_sent=192,174, total_tokens_received=15,987,               
         total_cost=0.00, total_api_calls=29                                    
INFO     濠电姷顣藉Σ鍛村磻閹捐泛绶ゅù鐘差儏閻ゎ喗銇勯弽銊х焼闁?THOUGHT (primary)
         DISCUSSION                                                             
         Let me run the updated script.                                         
                                                                                
INFO     濠电姷顣藉Σ鍛村磻閹捐泛绶ゅù鐘差儏閻ゎ喗銇勯幇鈺佲偓妤佺▔?ACTION       
         (primary)                                                              
         python3 solve5.py                                                      
                                                                                
INFO     濠电姷顣藉Σ鍛村磻閹捐泛绶ゅù鐘差儏缁愭鎱ㄥ鍡楀姦?MODEL INPUT         
         Key length 10: no flag found                                           
           Key: b'e6\x80*\x80\x80\x80\x80\x80\x80'                              
           Plaintext (first 200):                                               
         b'I;\x963\x9a\xd4\x89\xc3\xd0\x85a$\x9b9\x8d\xdd\x94\xc3\xf6\x83h8\xd89
         \xd4\xcf\x9f\x96\xdb\x93                                               
         9\xd35\x93\xd6\xd0\x97\xd8\xd7l2\xc09\xd4\xc1\x9f\x96\x9b\xd7a.\x965\x9
         a\x98\x84\x8b\xd8\x84e}\xd2=\x8d\xcb\xd0\x90\xdf\x92                   
         (\xc59\x90\x98\x83\x8c\x97\x83o}\xc2=\x9f\xdd\xd0\x80\xd6\x85e}\xd9:\xd
         4\xdf\x9c\x8c\xc5\x9eo(\xc5|\xbb\xdc\x89\x90\xc4\x92u.\x965\x9a\x98\x84
         \x8b\xd2\xd7T/\xd96\x95\xd6\xd0\x80\xd8\x82n)\xc4%\xd8\x98\x87\x8b\xd2\
         x85e}\xc19\xd4\xf9\x93\x8b\xd6\x9ea3\xc5|\x87\xcd\x96\x85\xd2\x85e9\x96
         1\x9d\xcb\x95\x91\xde\x92sf\x96:\x9b\xca\xd0\xaa\x97\x99e+\xd3.\xd4\xcb
         \x91\x94\x97\x83h8\x96;\x9b\xdc\x83\xc3\xc4\x9f'                       
                                                                                
         Key length 20: no flag found                                           
           Key: b'e5d-1\x80-1lw%6v*(l\x80#\x7fl'                                
           Plaintext (first 200):                                               
         b"I8r4+\xd4$r<r!$m9%1\x94`\toh;<>e\xcf2'7d`9%5;:\xd04';l1$>e\xc12'w    
         !.`52t\x84('he~6:<\xcb}!3e`(398t\x83/hoo~&:.\xdd}1:r%}/:|3\x9c/:ro+!{\n
         \xdc$!(e5.`52t\x84(-;T,=1$\xd6}14u.)2%pt\x87(-ie~%>e\xf9>::i!33|/!\x96&
         -ie:r6,\xcb8 2e3f`:3&\xd0\thue(7)e\xcb<%{t(8`;30\x83`;s"               
                                                                                
         Key length 5: no flag found                                            
           Key: b'\x80\x80\x80\x80\x80'                                         
           -> Key is actually length 1: b'\x80'                                 
           Plaintext (first 200):                                               
         b'\xac\x8d\x96\x99\x9a\xd4\x89\xc3\xd0\x85\x84\x92\x9b\x93\x8d\xdd\x94\
         xc3\xf6\x83\x8d\x8e\xd8\x93\xd4\xcf\x9f\x96\xdb\x93\xc5\x8f\xd3\x9f\x93
         \xd6\xd0\x97\xd8\xd7\x89\x84\xc0\x93\xd4\xc1\x9f\x96\x9b\xd7\x84\x98\x9
         6\x9f\x9a\x98\x84\x8b\xd8\x84\x80\xcb\xd2\x97\x8d\xcb\xd0\x90\xdf\x92\x
         c5\x9e\xc5\x93\x90\x98\x83\x8c\x97\x83\x8a\xcb\xc2\x97\x9f\xdd\xd0\x80\
         xd6\x85\x80\xcb\xd9\x90\xd4\xdf\x9c\x8c\xc5\x9e\x8a\x9e\xc5\xd6\xbb\xdc
         \x89\x90\xc4\x92\x90\x98\x96\x9f\x9a\x98\x84\x8b\xd2\xd7\xb1\x99\xd9\x9
         c\x95\xd6\xd0\x80\xd8\x82\x8b\x9f\xc4\x8f\xd8\x98\x87\x8b\xd2\x85\x80\x
         cb\xc1\x93\xd4\xf9\x93\x8b\xd6\x9e\x84\x85\xc5\xd6\x87\xcd\x96\x85\xd2\
         x85\x80\x8f\x96\x9b\x9d\xcb\x95\x91\xde\x92\x96\xd0\x96\x90\x9b\xca\xd0
         \xaa\x97\x99\x80\x9d\xd3\x84\xd4\xcb\x91\x94\x97\x83\x8d\x8e\x96\x91\x9
         b\xdc\x83\xc3\xc4\x9f'                                                 
                                                                                
         Key length 15: no flag found                                           
           Key: b'\x80\x806\x80\x8085\x807)\x80\x80\x80v7'                      
           Plaintext (first 200): b"\xac\x8d                                    
         \x99\x9al<\xc3g,\x84\x92\x9be:\xdd\x94u\xf6\x835;\xd8$}\xcf\x9f\x96-$\x
         c5\x8fe\x9f\x93ne\x97o~\x89\x84\xc0ec\xc1\x9f                          
         \x9b\xd7<-\x96(3\x98\x84\x8b.3\x80\xcbd\x97\x8dse\x90h;\xc5\x9e\xc5e'\x
         98\x83:\x97\x832~\xc2 6\xdd\xd0\x80                                    
         2\x80\xcbo\x90\xd4g)\x8cr7\x8a\x9e\xc5                                 
         \x0c\xdc\x89&\xc4\x92(-\x96(3\x98\x84\x8b$`\xb1\x99o\x9c\x95ne\x80o+\x8
         b\x9f\xc4yo\x98\x87=\xd2\x858~\xc1$}\xf9\x93\x8b                       
         )\x84\x85s\xd6\x87u#\x85e,\x80\x8f\x96m*\xcb\x95'\xde\x92.e\x96'2\xca\x
         d0\xaaa.\x80\x9de\x84\xd4s$\x94 *\x8d\x8e\x96g,\xdc\x83u\xc4\x9f"      
                                                                                
         Key length 30: no flag found                                           
           Key: b'e6\x7f((x+?i)%+h(7\x15-#7\x80$6b((8q\x80w7'                   
           Plaintext (first 200): b'I;i12,"|9,!9s;:H9`A\x83)8:;|wn\x96,$        
         9,7;.{(1~,/(;cT25,\xd7 .t72 u\x8b/3e}-?%3{/6;`5-;\'\r./ \x83.}         
         ?7e!\x80!2e}&8|\'73,7/5-~\x0cI$3s\x924.t72                             
         u\x8b%`T/&4=.{?1+.4,\'o\r*(e\x85$}#;|Ab\x8b!)a3:~/5=:;,%$~3*^82i\x922ft
         83r!\xaa`.e+,,|3:+~*(%~9,I.`s\x9f'                                     
                                                                                
         (Open file: /__tmp__enigma-drag-6r1_x9km__repo/solve5.py)              
         (Current directory: /__tmp__enigma-drag-6r1_x9km__repo)                
         (Interactive session: n/a)                                             
         bash-$                                                                 
INFO     Messages API request start: model=glm52_10 messages=59 timeout=1170.0s 
         max_tokens=8192 native_tools=False thinking=auto shape=[{'role':       
         'user', 'type': 'str', 'chars': 3565}, {'role': 'assistant', 'type':   
         'str', 'chars': 109}, {'role': 'user', 'type': 'str', 'chars': 28},    
         {'role': 'assistant', 'type': 'str', 'chars': 93}, {'role': 'user',    
         'type': 'str', 'chars': 28}, {'role': 'assistant', 'type': 'str',      
         'chars': 66}, {'role': 'user', 'type': 'str', 'chars': 28}, {'role':   
         'assistant', 'type': 'str', 'chars': 1265}, {'role': 'user', 'type':   
         'str', 'chars': 28}, {'role': 'assistant', 'type': 'str', 'chars':     
         126}, {'role': 'user', 'type': 'str', 'chars': 28}, {'role':           
         'assistant', 'type': 'str', 'chars': 1067}, {'role': 'user', 'type':   
         'str', 'chars': 29}, {'role': 'assistant', 'type': 'str', 'chars': 84},
         {'role': 'user', 'type': 'str', 'chars': 29}, {'role': 'assistant',    
         'type': 'str', 'chars': 1448}, {'role': 'user', 'type': 'str', 'chars':
         29}, {'role': 'assistant', 'type': 'str', 'chars': 87}, {'role':       
         'user', 'type': 'str', 'chars': 29}, {'role': 'assistant', 'type':     
         'str', 'chars': 332}, {'role': 'user', 'type': 'str', 'chars': 28},    
         {'role': 'assistant', 'type': 'str', 'chars': 1741}, {'role': 'user',  
         'type': 'str', 'chars': 29}, {'role': 'assistant', 'type': 'str',      
         'chars': 117}, {'role': 'user', 'type': 'str', 'chars': 29}, {'role':  
         'assistant', 'type': 'str', 'chars': 242}, {'role': 'user', 'type':    
         'str', 'chars': 28}, {'role': 'assistant', 'type': 'str', 'chars':     
         1848}, {'role': 'user', 'type': 'str', 'chars': 29}, {'role':          
         'assistant', 'type': 'str', 'chars': 115}, {'role': 'user', 'type':    
         'str', 'chars': 29}, {'role': 'assistant', 'type': 'str', 'chars':     
         297}, {'role': 'user', 'type': 'str', 'chars': 28}, {'role':           
         'assistant', 'type': 'str', 'chars': 187}, {'role': 'user', 'type':    
         'str', 'chars': 28}, {'role': 'assistant', 'type': 'str', 'chars':     
         218}, {'role': 'user', 'type': 'str', 'chars': 28}, {'role':           
         'assistant', 'type': 'str', 'chars': 158}, {'role': 'user', 'type':    
         'str', 'chars': 28}, {'role': 'assistant', 'type': 'str', 'chars':     
         1435}, {'role': 'user', 'type': 'str', 'chars': 29}, {'role':          
         'assistant', 'type': 'str', 'chars': 109}, {'role': 'user', 'type':    
         'str', 'chars': 29}, {'role': 'assistant', 'type': 'str', 'chars':     
         217}, {'role': 'user', 'type': 'str', 'chars': 28}, {'role':           
         'assistant', 'type': 'str', 'chars': 2288}, {'role': 'user', 'type':   
         'str', 'chars': 29}, {'role': 'assistant', 'type': 'str', 'chars': 96},
         {'role': 'user', 'type': 'str', 'chars': 29}, {'role': 'assistant',    
         'type': 'str', 'chars': 260}, {'role': 'user', 'type': 'str', 'chars': 
         219}, {'role': 'assistant', 'type': 'str', 'chars': 2765}, {'role':    
         'user', 'type': 'str', 'chars': 3112}, {'role': 'assistant', 'type':   
         'str', 'chars': 115}, {'role': 'user', 'type': 'str', 'chars': 209},   
         {'role': 'assistant', 'type': 'str', 'chars': 951}, {'role': 'user',   
         'type': 'str', 'chars': 3070}, {'role': 'assistant', 'type': 'str',    
         'chars': 67}, {'role': 'user', 'type': 'str', 'chars': 3153}]          
INFO     Messages API response received: status=200 elapsed=11.2s               
DEBUG    input_tokens=11,997, output_tokens=318, instance_cost=0.00, cost=0.00  
DEBUG    total_tokens_sent=204,171, total_tokens_received=16,305,               
         total_cost=0.00, total_api_calls=30                                    
INFO     濠电姷顣藉Σ鍛村磻閹捐泛绶ゅù鐘差儏閻ゎ喗銇勯弽銊х焼闁?THOUGHT (primary)
         DISCUSSION                                                             
         The chi-squared approach is producing garbage. The original simple     
         approach worked much better. Let me go back to that and print the full 
         plaintext carefully. Let me also re-read the hint file.                
                                                                                
INFO     濠电姷顣藉Σ鍛村磻閹捐泛绶ゅù鐘差儏閻ゎ喗銇勯幇鈺佲偓妤佺▔?ACTION       
         (primary)                                                              
         cat hint.txt                                                           
                                                                                
INFO     濠电姷顣藉Σ鍛村磻閹捐泛绶ゅù鐘差儏缁愭鎱ㄥ鍡楀姦?MODEL INPUT         
         "hint": "The first step is to determine the key length.  The flag is a 
         string, ASCII-encoded.                                                 
         (Open file: /__tmp__enigma-drag-6r1_x9km__repo/solve5.py)              
         (Current directory: /__tmp__enigma-drag-6r1_x9km__repo)                
         (Interactive session: n/a)                                             
         bash-$                                                                 
INFO     Messages API request start: model=glm52_10 messages=61 timeout=1170.0s 
         max_tokens=8192 native_tools=False thinking=auto shape=[{'role':       
         'user', 'type': 'str', 'chars': 3565}, {'role': 'assistant', 'type':   
         'str', 'chars': 109}, {'role': 'user', 'type': 'str', 'chars': 28},    
         {'role': 'assistant', 'type': 'str', 'chars': 93}, {'role': 'user',    
         'type': 'str', 'chars': 28}, {'role': 'assistant', 'type': 'str',      
         'chars': 66}, {'role': 'user', 'type': 'str', 'chars': 28}, {'role':   
         'assistant', 'type': 'str', 'chars': 1265}, {'role': 'user', 'type':   
         'str', 'chars': 28}, {'role': 'assistant', 'type': 'str', 'chars':     
         126}, {'role': 'user', 'type': 'str', 'chars': 28}, {'role':           
         'assistant', 'type': 'str', 'chars': 1067}, {'role': 'user', 'type':   
         'str', 'chars': 29}, {'role': 'assistant', 'type': 'str', 'chars': 84},
         {'role': 'user', 'type': 'str', 'chars': 29}, {'role': 'assistant',    
         'type': 'str', 'chars': 1448}, {'role': 'user', 'type': 'str', 'chars':
         29}, {'role': 'assistant', 'type': 'str', 'chars': 87}, {'role':       
         'user', 'type': 'str', 'chars': 29}, {'role': 'assistant', 'type':     
         'str', 'chars': 332}, {'role': 'user', 'type': 'str', 'chars': 28},    
         {'role': 'assistant', 'type': 'str', 'chars': 1741}, {'role': 'user',  
         'type': 'str', 'chars': 29}, {'role': 'assistant', 'type': 'str',      
         'chars': 117}, {'role': 'user', 'type': 'str', 'chars': 29}, {'role':  
         'assistant', 'type': 'str', 'chars': 242}, {'role': 'user', 'type':    
         'str', 'chars': 28}, {'role': 'assistant', 'type': 'str', 'chars':     
         1848}, {'role': 'user', 'type': 'str', 'chars': 29}, {'role':          
         'assistant', 'type': 'str', 'chars': 115}, {'role': 'user', 'type':    
         'str', 'chars': 29}, {'role': 'assistant', 'type': 'str', 'chars':     
         297}, {'role': 'user', 'type': 'str', 'chars': 28}, {'role':           
         'assistant', 'type': 'str', 'chars': 187}, {'role': 'user', 'type':    
         'str', 'chars': 28}, {'role': 'assistant', 'type': 'str', 'chars':     
         218}, {'role': 'user', 'type': 'str', 'chars': 28}, {'role':           
         'assistant', 'type': 'str', 'chars': 158}, {'role': 'user', 'type':    
         'str', 'chars': 28}, {'role': 'assistant', 'type': 'str', 'chars':     
         1435}, {'role': 'user', 'type': 'str', 'chars': 29}, {'role':          
         'assistant', 'type': 'str', 'chars': 109}, {'role': 'user', 'type':    
         'str', 'chars': 29}, {'role': 'assistant', 'type': 'str', 'chars':     
         217}, {'role': 'user', 'type': 'str', 'chars': 28}, {'role':           
         'assistant', 'type': 'str', 'chars': 2288}, {'role': 'user', 'type':   
         'str', 'chars': 29}, {'role': 'assistant', 'type': 'str', 'chars': 96},
         {'role': 'user', 'type': 'str', 'chars': 29}, {'role': 'assistant',    
         'type': 'str', 'chars': 260}, {'role': 'user', 'type': 'str', 'chars': 
         28}, {'role': 'assistant', 'type': 'str', 'chars': 2765}, {'role':     
         'user', 'type': 'str', 'chars': 3112}, {'role': 'assistant', 'type':   
         'str', 'chars': 115}, {'role': 'user', 'type': 'str', 'chars': 209},   
         {'role': 'assistant', 'type': 'str', 'chars': 951}, {'role': 'user',   
         'type': 'str', 'chars': 3070}, {'role': 'assistant', 'type': 'str',    
         'chars': 67}, {'role': 'user', 'type': 'str', 'chars': 3153}, {'role': 
         'assistant', 'type': 'str', 'chars': 225}, {'role': 'user', 'type':    
         'str', 'chars': 241}]                                                  
INFO     Messages API response received: status=200 elapsed=5.3s                
DEBUG    input_tokens=12,051, output_tokens=144, instance_cost=0.00, cost=0.00  
DEBUG    total_tokens_sent=216,222, total_tokens_received=16,449,               
         total_cost=0.00, total_api_calls=31                                    
INFO     濠电姷顣藉Σ鍛村磻閹捐泛绶ゅù鐘差儏閻ゎ喗銇勯弽銊х焼闁?THOUGHT (primary)
         DISCUSSION                                                             
         Let me re-read the ciphertext file to make sure I have the correct     
         data.                                                                  
                                                                                
INFO     濠电姷顣藉Σ鍛村磻閹捐泛绶ゅù鐘差儏閻ゎ喗銇勯幇鈺佲偓妤佺▔?ACTION       
         (primary)                                                              
         cat ciphertext.txt                                                     
                                                                                
INFO     濠电姷顣藉Σ鍛村磻閹捐泛绶ゅù鐘差儏缁愭鎱ㄥ鍡楀姦?MODEL INPUT         
         2c0d16191a540943500504121b130d5d144376030d0e5813544f1f165b13450f531f135
         6501758570904401354411f161b570418161f1a18040b5804004b52170d4b50105f1245
         1e45131018030c17030a4b42171f5d50005605004b5910545f1c0c451e0a1e45563b5c0
         91044121018161f1a18040b52573119591c1556500058020b1f440f5818070b5205004b
         41135479130b561e04054556074d16055205000f161b1d4b15115e12165016101b4a502
         a1719001d5304544b111417030d0e16111b5c0343441f0a1c5f1813180316541f450446
         131a1811055112061f5f191a181110172704075a17071831175f120b0e1a56005015434
         0161c4b451e111803175818014b541307511406171f0c061a561b48150d5b0e5e4b5f10
         544b180617000a1e5a12545c150a5019451f595618570606170e0a1e16170718030b525
         7010252561c511d4f17160b0f1615154a15435118174b4f190118190d171f0019161e11
         5902171b5711035318544b1f0e52570a0d16021c57030617070004461a11181d0a501f1
         14b4113185450055805020e4256155a1f164357080a44040d511e041950453f5e131a18
         040b52571103590313500405421b453f531a115511005f18164b45171d5c501758570d0
         25b561d5650025904120e444c541f3f0f53571602445a547150175f1e0b0016021c5904
         43401f041f160f1b4d500b5601004b45171d5c50145e1b094b581900181206171606085
         91b045419105f12014516211c5904434e18104b5b131556500a4457110459561651174d
         173e114b541303511c075205164b5b135a18240b5603451c5e1f1750502a171f0a1b535
         6125702435418100752561a5d060645570d0a4606115650175857080e1a561a57044352
         010005161f1218040b525702045205544b1f43401e090753125451044d1716061f500d4
         5671b064e280c186903075d143c5819060e4b                                  
         (Open file: /__tmp__enigma-drag-6r1_x9km__repo/solve5.py)              
         (Current directory: /__tmp__enigma-drag-6r1_x9km__repo)                
         (Interactive session: n/a)                                             
         bash-$                                                                 
INFO     Messages API request start: model=glm52_10 messages=63 timeout=1170.0s 
         max_tokens=8192 native_tools=False thinking=auto shape=[{'role':       
         'user', 'type': 'str', 'chars': 3565}, {'role': 'assistant', 'type':   
         'str', 'chars': 109}, {'role': 'user', 'type': 'str', 'chars': 28},    
         {'role': 'assistant', 'type': 'str', 'chars': 93}, {'role': 'user',    
         'type': 'str', 'chars': 28}, {'role': 'assistant', 'type': 'str',      
         'chars': 66}, {'role': 'user', 'type': 'str', 'chars': 28}, {'role':   
         'assistant', 'type': 'str', 'chars': 1265}, {'role': 'user', 'type':   
         'str', 'chars': 28}, {'role': 'assistant', 'type': 'str', 'chars':     
         126}, {'role': 'user', 'type': 'str', 'chars': 28}, {'role':           
         'assistant', 'type': 'str', 'chars': 1067}, {'role': 'user', 'type':   
         'str', 'chars': 29}, {'role': 'assistant', 'type': 'str', 'chars': 84},
         {'role': 'user', 'type': 'str', 'chars': 29}, {'role': 'assistant',    
         'type': 'str', 'chars': 1448}, {'role': 'user', 'type': 'str', 'chars':
         29}, {'role': 'assistant', 'type': 'str', 'chars': 87}, {'role':       
         'user', 'type': 'str', 'chars': 29}, {'role': 'assistant', 'type':     
         'str', 'chars': 332}, {'role': 'user', 'type': 'str', 'chars': 28},    
         {'role': 'assistant', 'type': 'str', 'chars': 1741}, {'role': 'user',  
         'type': 'str', 'chars': 29}, {'role': 'assistant', 'type': 'str',      
         'chars': 117}, {'role': 'user', 'type': 'str', 'chars': 29}, {'role':  
         'assistant', 'type': 'str', 'chars': 242}, {'role': 'user', 'type':    
         'str', 'chars': 28}, {'role': 'assistant', 'type': 'str', 'chars':     
         1848}, {'role': 'user', 'type': 'str', 'chars': 29}, {'role':          
         'assistant', 'type': 'str', 'chars': 115}, {'role': 'user', 'type':    
         'str', 'chars': 29}, {'role': 'assistant', 'type': 'str', 'chars':     
         297}, {'role': 'user', 'type': 'str', 'chars': 28}, {'role':           
         'assistant', 'type': 'str', 'chars': 187}, {'role': 'user', 'type':    
         'str', 'chars': 28}, {'role': 'assistant', 'type': 'str', 'chars':     
         218}, {'role': 'user', 'type': 'str', 'chars': 28}, {'role':           
         'assistant', 'type': 'str', 'chars': 158}, {'role': 'user', 'type':    
         'str', 'chars': 28}, {'role': 'assistant', 'type': 'str', 'chars':     
         1435}, {'role': 'user', 'type': 'str', 'chars': 29}, {'role':          
         'assistant', 'type': 'str', 'chars': 109}, {'role': 'user', 'type':    
         'str', 'chars': 29}, {'role': 'assistant', 'type': 'str', 'chars':     
         217}, {'role': 'user', 'type': 'str', 'chars': 28}, {'role':           
         'assistant', 'type': 'str', 'chars': 2288}, {'role': 'user', 'type':   
         'str', 'chars': 29}, {'role': 'assistant', 'type': 'str', 'chars': 96},
         {'role': 'user', 'type': 'str', 'chars': 29}, {'role': 'assistant',    
         'type': 'str', 'chars': 260}, {'role': 'user', 'type': 'str', 'chars': 
         28}, {'role': 'assistant', 'type': 'str', 'chars': 2765}, {'role':     
         'user', 'type': 'str', 'chars': 29}, {'role': 'assistant', 'type':     
         'str', 'chars': 115}, {'role': 'user', 'type': 'str', 'chars': 209},   
         {'role': 'assistant', 'type': 'str', 'chars': 951}, {'role': 'user',   
         'type': 'str', 'chars': 3070}, {'role': 'assistant', 'type': 'str',    
         'chars': 67}, {'role': 'user', 'type': 'str', 'chars': 3153}, {'role': 
         'assistant', 'type': 'str', 'chars': 225}, {'role': 'user', 'type':    
         'str', 'chars': 241}, {'role': 'assistant', 'type': 'str', 'chars':    
         110}, {'role': 'user', 'type': 'str', 'chars': 1534}]                  
INFO     Messages API response received: status=200 elapsed=11.2s               
DEBUG    input_tokens=11,968, output_tokens=325, instance_cost=0.00, cost=0.00  
DEBUG    total_tokens_sent=228,190, total_tokens_received=16,774,               
         total_cost=0.00, total_api_calls=32                                    
INFO     濠电姷顣藉Σ鍛村磻閹捐泛绶ゅù鐘差儏閻ゎ喗銇勯弽銊х焼闁?THOUGHT (primary)
         DISCUSSION                                                             
         Let me re-run the original solve3.py script to see the full plaintext  
         again.                                                                 
                                                                                
INFO     濠电姷顣藉Σ鍛村磻閹捐泛绶ゅù鐘差儏閻ゎ喗銇勯幇鈺佲偓妤佺▔?ACTION       
         (primary)                                                              
         python3 solve3.py                                                      
                                                                                
DEBUG    Summarizing current observation for input python3 solve3.py            
                                                                                
DEBUG    📂 Copying /tmp/tmp51f8jl5c to container                               
         batch-831e81a6ba4b-sweagent-enigma-latest-4de793a08a (ID: f15c0883682a)
         at /output/python3_solve3_py__1788127370375                            
DEBUG    Copying /tmp/tmp51f8jl5c to container at                               
         /output/python3_solve3_py__1788127370375 with command: docker cp       
         /tmp/tmp51f8jl5c                                                       
         f15c0883682aef0a6be69cd55aff55d1761f7eccfa676a34ad0e268918c2ca7b:/outpu
         t/python3_solve3_py__1788127370375                                     
DEBUG    ✅ Successfully copied /tmp/tmp51f8jl5c to container                   
         batch-831e81a6ba4b-sweagent-enigma-latest-4de793a08a                   
INFO     濠电姷顣藉Σ鍛村磻閹捐泛绶ゅù鐘差儏缁愭鎱ㄥ鍡楀姦?MODEL INPUT         
         Warning: Command output exceeded window, saved command to a file       
         /output/python3_solve3_py__1788127370375. Use 'open                    
         /output/python3_solve3_py__1788127370375' to view the full output.     
                                                                                
                                                                                
         Ciphertext length: 693 bytes                                           
         Key (hex): 656b3676743870633777                                        
         Key (repr): b'ek6vt8pc7w'                                              
                                                                                
         Full plaintext (repr):                                                 
         b"If only gray-eyed Athene would deign to love you, as in those days   
         she used so to take care of glorious Odysseus in the Trojan country,   
         where we Achaians suffered miseries; for I never saw the gods showing  
         such open affection as Pallas Athene, the way she stood beside him,    
         openly; if she would deign to love you as she did him, and care for you
         in her heart, then some of those people might well forget about        
         marrying.' Then the thoughtful Telemachos said to him in answer: 'Old  
         sir, I think that what you have said will not be accomplished. What you
         mean is too big. It bewilders me. That which I hope for could never    
         happen to me, not even if the gods so willed it.                       
         actf{1_key_is_used_once}"                                              
                                                                                
         Full plaintext:                                                        
         If only gray-eyed Athene would deign to love you, as in those days she 
         used so to take care of glorious Odysseus in the Trojan country, where 
         we Achaians suffered miseries; for I never saw the gods showing such   
         open affection as Pallas Athene, the way she stood beside him, openly; 
         if she would deign to love you as she did him, and care for you in her 
         heart, then some of those people might well forget about marrying.'    
         Then the thoughtful Telemachos said to him in answer: 'Old sir, I think
         that what you have said will not be accomplished. What you mean is too 
         big. It bewilders me. That which I hope for could never happen to me,  
         not even if the gods so willed it. actf{1_key_is_used_once}            
                                                                                
                                                                                
         ... (694 more lines in /output/python3_solve3_py__1788127370375)       
         (Open file: /__tmp__enigma-drag-6r1_x9km__repo/solve5.py)              
         (Current directory: /__tmp__enigma-drag-6r1_x9km__repo)                
         (Interactive session: n/a)                                             
         bash-$                                                                 
INFO     Messages API request start: model=glm52_10 messages=65 timeout=1170.0s 
         max_tokens=8192 native_tools=False thinking=auto shape=[{'role':       
         'user', 'type': 'str', 'chars': 3565}, {'role': 'assistant', 'type':   
         'str', 'chars': 109}, {'role': 'user', 'type': 'str', 'chars': 28},    
         {'role': 'assistant', 'type': 'str', 'chars': 93}, {'role': 'user',    
         'type': 'str', 'chars': 28}, {'role': 'assistant', 'type': 'str',      
         'chars': 66}, {'role': 'user', 'type': 'str', 'chars': 28}, {'role':   
         'assistant', 'type': 'str', 'chars': 1265}, {'role': 'user', 'type':   
         'str', 'chars': 28}, {'role': 'assistant', 'type': 'str', 'chars':     
         126}, {'role': 'user', 'type': 'str', 'chars': 28}, {'role':           
         'assistant', 'type': 'str', 'chars': 1067}, {'role': 'user', 'type':   
         'str', 'chars': 29}, {'role': 'assistant', 'type': 'str', 'chars': 84},
         {'role': 'user', 'type': 'str', 'chars': 29}, {'role': 'assistant',    
         'type': 'str', 'chars': 1448}, {'role': 'user', 'type': 'str', 'chars':
         29}, {'role': 'assistant', 'type': 'str', 'chars': 87}, {'role':       
         'user', 'type': 'str', 'chars': 29}, {'role': 'assistant', 'type':     
         'str', 'chars': 332}, {'role': 'user', 'type': 'str', 'chars': 28},    
         {'role': 'assistant', 'type': 'str', 'chars': 1741}, {'role': 'user',  
         'type': 'str', 'chars': 29}, {'role': 'assistant', 'type': 'str',      
         'chars': 117}, {'role': 'user', 'type': 'str', 'chars': 29}, {'role':  
         'assistant', 'type': 'str', 'chars': 242}, {'role': 'user', 'type':    
         'str', 'chars': 28}, {'role': 'assistant', 'type': 'str', 'chars':     
         1848}, {'role': 'user', 'type': 'str', 'chars': 29}, {'role':          
         'assistant', 'type': 'str', 'chars': 115}, {'role': 'user', 'type':    
         'str', 'chars': 29}, {'role': 'assistant', 'type': 'str', 'chars':     
         297}, {'role': 'user', 'type': 'str', 'chars': 28}, {'role':           
         'assistant', 'type': 'str', 'chars': 187}, {'role': 'user', 'type':    
         'str', 'chars': 28}, {'role': 'assistant', 'type': 'str', 'chars':     
         218}, {'role': 'user', 'type': 'str', 'chars': 28}, {'role':           
         'assistant', 'type': 'str', 'chars': 158}, {'role': 'user', 'type':    
         'str', 'chars': 28}, {'role': 'assistant', 'type': 'str', 'chars':     
         1435}, {'role': 'user', 'type': 'str', 'chars': 29}, {'role':          
         'assistant', 'type': 'str', 'chars': 109}, {'role': 'user', 'type':    
         'str', 'chars': 29}, {'role': 'assistant', 'type': 'str', 'chars':     
         217}, {'role': 'user', 'type': 'str', 'chars': 28}, {'role':           
         'assistant', 'type': 'str', 'chars': 2288}, {'role': 'user', 'type':   
         'str', 'chars': 29}, {'role': 'assistant', 'type': 'str', 'chars': 96},
         {'role': 'user', 'type': 'str', 'chars': 29}, {'role': 'assistant',    
         'type': 'str', 'chars': 260}, {'role': 'user', 'type': 'str', 'chars': 
         28}, {'role': 'assistant', 'type': 'str', 'chars': 2765}, {'role':     
         'user', 'type': 'str', 'chars': 29}, {'role': 'assistant', 'type':     
         'str', 'chars': 115}, {'role': 'user', 'type': 'str', 'chars': 28},    
         {'role': 'assistant', 'type': 'str', 'chars': 951}, {'role': 'user',   
         'type': 'str', 'chars': 3070}, {'role': 'assistant', 'type': 'str',    
         'chars': 67}, {'role': 'user', 'type': 'str', 'chars': 3153}, {'role': 
         'assistant', 'type': 'str', 'chars': 225}, {'role': 'user', 'type':    
         'str', 'chars': 241}, {'role': 'assistant', 'type': 'str', 'chars':    
         110}, {'role': 'user', 'type': 'str', 'chars': 1534}, {'role':         
         'assistant', 'type': 'str', 'chars': 113}, {'role': 'user', 'type':    
         'str', 'chars': 1919}]                                                 
INFO     Messages API response received: status=200 elapsed=6.9s                
DEBUG    input_tokens=12,471, output_tokens=201, instance_cost=0.00, cost=0.00  
DEBUG    total_tokens_sent=240,661, total_tokens_received=16,975,               
         total_cost=0.00, total_api_calls=33                                    
INFO     濠电姷顣藉Σ鍛村磻閹捐泛绶ゅù鐘差儏閻ゎ喗銇勯弽銊х焼闁?THOUGHT (primary)
         DISCUSSION                                                             
         The flag `actf{1_key_is_used_once}` looks correct but was rejected. Let
         me check the full output file to see if there are any hidden characters
         after the flag.                                                        
                                                                                
INFO     濠电姷顣藉Σ鍛村磻閹捐泛绶ゅù鐘差儏閻ゎ喗銇勯幇鈺佲偓妤佺▔?ACTION       
         (primary)                                                              
         open /output/python3_solve3_py__1788127370375                          
                                                                                
INFO     濠电姷顣藉Σ鍛村磻閹捐泛绶ゅù鐘差儏缁愭鎱ㄥ鍡楀姦?MODEL INPUT         
         ⚠️  WARNING: You are now opening a summarizer output file.             
             Current file: /output/python3_solve3_py__1788127370375             
             Any EDIT commands will modify THIS file, not your original source  
         file.                                                                  
             If you want to edit your original source file, use 'open           
         <original_file_path>' first.                                           
                                                                                
         [File: /output/python3_solve3_py__1788127370375 (704 lines total)] ⚠️  
         SUMMARIZER OUTPUT FILE                                                 
         1:Ciphertext length: 693 bytes                                         
         2:Key (hex): 656b3676743870633777                                      
         3:Key (repr): b'ek6vt8pc7w'                                            
         4:                                                                     
         5:Full plaintext (repr):                                               
         6:b"If only gray-eyed Athene would deign to love you, as in those days 
         she used so to take care of glorious Odysseus in the Trojan country,   
         where we Achaians suffered miseries; for I never saw the gods showing  
         such open affection as Pallas Athene, the way she stood beside him,    
         openly; if she would deign to love you as she did him, and care for you
         in her heart, then some of those people might well forget about        
         marrying.' Then the thoughtful Telemachos said to him in answer: 'Old  
         sir, I think that what you have said will not be accomplished. What you
         mean is too big. It bewilders me. That which I hope for could never    
         happen to me, not even if the gods so willed it.                       
         actf{1_key_is_used_once}"                                              
         7:                                                                     
         8:Full plaintext:                                                      
         9:If only gray-eyed Athene would deign to love you, as in those days   
         she used so to take care of glorious Odysseus in the Trojan country,   
         where we Achaians suffered miseries; for I never saw the gods showing  
         such open affection as Pallas Athene, the way she stood beside him,    
         openly; if she would deign to love you as she did him, and care for you
         in her heart, then some of those people might well forget about        
         marrying.' Then the thoughtful Telemachos said to him in answer: 'Old  
         sir, I think that what you have said will not be accomplished. What you
         mean is too big. It bewilders me. That which I hope for could never    
         happen to me, not even if the gods so willed it.                       
         actf{1_key_is_used_once}                                               
         10:                                                                    
         11:Character by character:                                             
         12:  [0] 73 (0x49)                                                     
         13:  [1] 102 (0x66)                                                    
         14:  [2] 32 (0x20)                                                     
         15:  [3] 111 (0x6f)                                                    
         16:  [4] 110 (0x6e)                                                    
         17:  [5] 108 (0x6c)                                                    
         18:  [6] 121 (0x79)                                                    
         19:  [7] 32 (0x20)                                                     
         20:  [8] 103 (0x67)                                                    
         21:  [9] 114 (0x72)                                                    
         22:  [10] 97 (0x61)                                                    
         23:  [11] 121 (0x79)                                                   
         24:  [12] 45 (0x2d)                                                    
         25:  [13] 101 (0x65)                                                   
         26:  [14] 121 (0x79)                                                   
         27:  [15] 101 (0x65)                                                   
         28:  [16] 100 (0x64)                                                   
         29:  [17] 32 (0x20)                                                    
         30:  [18] 65 (0x41)                                                    
         31:  [19] 116 (0x74)                                                   
         32:  [20] 104 (0x68)                                                   
         33:  [21] 101 (0x65)                                                   
         34:  [22] 110 (0x6e)                                                   
         35:  [23] 101 (0x65)                                                   
         36:  [24] 32 (0x20)                                                    
         37:  [25] 119 (0x77)                                                   
         38:  [26] 111 (0x6f)                                                   
         39:  [27] 117 (0x75)                                                   
         40:  [28] 108 (0x6c)                                                   
         41:  [29] 100 (0x64)                                                   
         42:  [30] 32 (0x20)                                                    
         43:  [31] 100 (0x64)                                                   
         44:  [32] 101 (0x65)                                                   
         45:  [33] 105 (0x69)                                                   
         46:  [34] 103 (0x67)                                                   
         47:  [35] 110 (0x6e)                                                   
         48:  [36] 32 (0x20)                                                    
         49:  [37] 116 (0x74)                                                   
         50:  [38] 111 (0x6f)                                                   
         51:  [39] 32 (0x20)                                                    
         52:  [40] 108 (0x6c)                                                   
         53:  [41] 111 (0x6f)                                                   
         54:  [42] 118 (0x76)                                                   
         55:  [43] 101 (0x65)                                                   
         56:  [44] 32 (0x20)                                                    
         57:  [45] 121 (0x79)                                                   
         58:  [46] 111 (0x6f)                                                   
         59:  [47] 117 (0x75)                                                   
         60:  [48] 44 (0x2c)                                                    
         61:  [49] 32 (0x20)                                                    
         62:  [50] 97 (0x61)                                                    
         63:  [51] 115 (0x73)                                                   
         64:  [52] 32 (0x20)                                                    
         65:  [53] 105 (0x69)                                                   
         66:  [54] 110 (0x6e)                                                   
         67:  [55] 32 (0x20)                                                    
         68:  [56] 116 (0x74)                                                   
         69:  [57] 104 (0x68)                                                   
         70:  [58] 111 (0x6f)                                                   
         71:  [59] 115 (0x73)                                                   
         72:  [60] 101 (0x65)                                                   
         73:  [61] 32 (0x20)                                                    
         74:  [62] 100 (0x64)                                                   
         75:  [63] 97 (0x61)                                                    
         76:  [64] 121 (0x79)                                                   
         77:  [65] 115 (0x73)                                                   
         78:  [66] 32 (0x20)                                                    
         79:  [67] 115 (0x73)                                                   
         80:  [68] 104 (0x68)                                                   
         81:  [69] 101 (0x65)                                                   
         82:  [70] 32 (0x20)                                                    
         83:  [71] 117 (0x75)                                                   
         84:  [72] 115 (0x73)                                                   
         85:  [73] 101 (0x65)                                                   
         86:  [74] 100 (0x64)                                                   
         87:  [75] 32 (0x20)                                                    
         88:  [76] 115 (0x73)                                                   
         89:  [77] 111 (0x6f)                                                   
         90:  [78] 32 (0x20)                                                    
         91:  [79] 116 (0x74)                                                   
         92:  [80] 111 (0x6f)                                                   
         93:  [81] 32 (0x20)                                                    
         94:  [82] 116 (0x74)                                                   
         95:  [83] 97 (0x61)                                                    
         96:  [84] 107 (0x6b)                                                   
         97:  [85] 101 (0x65)                                                   
         98:  [86] 32 (0x20)                                                    
         99:  [87] 99 (0x63)                                                    
         100:  [88] 97 (0x61)                                                   
         (604 more lines below)                                                 
         (Open file: /output/python3_solve3_py__1788127370375)                  
         (Current directory: /__tmp__enigma-drag-6r1_x9km__repo)                
         (Interactive session: n/a)                                             
         bash-$                                                                 
INFO     Messages API request start: model=glm52_10 messages=67 timeout=1170.0s 
         max_tokens=8192 native_tools=False thinking=auto shape=[{'role':       
         'user', 'type': 'str', 'chars': 3565}, {'role': 'assistant', 'type':   
         'str', 'chars': 109}, {'role': 'user', 'type': 'str', 'chars': 28},    
         {'role': 'assistant', 'type': 'str', 'chars': 93}, {'role': 'user',    
         'type': 'str', 'chars': 28}, {'role': 'assistant', 'type': 'str',      
         'chars': 66}, {'role': 'user', 'type': 'str', 'chars': 28}, {'role':   
         'assistant', 'type': 'str', 'chars': 1265}, {'role': 'user', 'type':   
         'str', 'chars': 28}, {'role': 'assistant', 'type': 'str', 'chars':     
         126}, {'role': 'user', 'type': 'str', 'chars': 28}, {'role':           
         'assistant', 'type': 'str', 'chars': 1067}, {'role': 'user', 'type':   
         'str', 'chars': 29}, {'role': 'assistant', 'type': 'str', 'chars': 84},
         {'role': 'user', 'type': 'str', 'chars': 29}, {'role': 'assistant',    
         'type': 'str', 'chars': 1448}, {'role': 'user', 'type': 'str', 'chars':
         29}, {'role': 'assistant', 'type': 'str', 'chars': 87}, {'role':       
         'user', 'type': 'str', 'chars': 29}, {'role': 'assistant', 'type':     
         'str', 'chars': 332}, {'role': 'user', 'type': 'str', 'chars': 28},    
         {'role': 'assistant', 'type': 'str', 'chars': 1741}, {'role': 'user',  
         'type': 'str', 'chars': 29}, {'role': 'assistant', 'type': 'str',      
         'chars': 117}, {'role': 'user', 'type': 'str', 'chars': 29}, {'role':  
         'assistant', 'type': 'str', 'chars': 242}, {'role': 'user', 'type':    
         'str', 'chars': 28}, {'role': 'assistant', 'type': 'str', 'chars':     
         1848}, {'role': 'user', 'type': 'str', 'chars': 29}, {'role':          
         'assistant', 'type': 'str', 'chars': 115}, {'role': 'user', 'type':    
         'str', 'chars': 29}, {'role': 'assistant', 'type': 'str', 'chars':     
         297}, {'role': 'user', 'type': 'str', 'chars': 28}, {'role':           
         'assistant', 'type': 'str', 'chars': 187}, {'role': 'user', 'type':    
         'str', 'chars': 28}, {'role': 'assistant', 'type': 'str', 'chars':     
         218}, {'role': 'user', 'type': 'str', 'chars': 28}, {'role':           
         'assistant', 'type': 'str', 'chars': 158}, {'role': 'user', 'type':    
         'str', 'chars': 28}, {'role': 'assistant', 'type': 'str', 'chars':     
         1435}, {'role': 'user', 'type': 'str', 'chars': 29}, {'role':          
         'assistant', 'type': 'str', 'chars': 109}, {'role': 'user', 'type':    
         'str', 'chars': 29}, {'role': 'assistant', 'type': 'str', 'chars':     
         217}, {'role': 'user', 'type': 'str', 'chars': 28}, {'role':           
         'assistant', 'type': 'str', 'chars': 2288}, {'role': 'user', 'type':   
         'str', 'chars': 29}, {'role': 'assistant', 'type': 'str', 'chars': 96},
         {'role': 'user', 'type': 'str', 'chars': 29}, {'role': 'assistant',    
         'type': 'str', 'chars': 260}, {'role': 'user', 'type': 'str', 'chars': 
         28}, {'role': 'assistant', 'type': 'str', 'chars': 2765}, {'role':     
         'user', 'type': 'str', 'chars': 29}, {'role': 'assistant', 'type':     
         'str', 'chars': 115}, {'role': 'user', 'type': 'str', 'chars': 28},    
         {'role': 'assistant', 'type': 'str', 'chars': 951}, {'role': 'user',   
         'type': 'str', 'chars': 29}, {'role': 'assistant', 'type': 'str',      
         'chars': 67}, {'role': 'user', 'type': 'str', 'chars': 3153}, {'role': 
         'assistant', 'type': 'str', 'chars': 225}, {'role': 'user', 'type':    
         'str', 'chars': 241}, {'role': 'assistant', 'type': 'str', 'chars':    
         110}, {'role': 'user', 'type': 'str', 'chars': 1534}, {'role':         
         'assistant', 'type': 'str', 'chars': 113}, {'role': 'user', 'type':    
         'str', 'chars': 1919}, {'role': 'assistant', 'type': 'str', 'chars':   
         224}, {'role': 'user', 'type': 'str', 'chars': 3945}]                  
INFO     Messages API response received: status=200 elapsed=3.5s                
DEBUG    input_tokens=13,244, output_tokens=54, instance_cost=0.00, cost=0.00   
DEBUG    total_tokens_sent=253,905, total_tokens_received=17,029,               
         total_cost=0.00, total_api_calls=34                                    
INFO     濠电姷顣藉Σ鍛村磻閹捐泛绶ゅù鐘差儏閻ゎ喗銇勯弽銊х焼闁?THOUGHT (primary)
         DISCUSSION                                                             
         Let me scroll down to see the end of the character-by-character output 
         to check the flag bytes.                                               
                                                                                
INFO     濠电姷顣藉Σ鍛村磻閹捐泛绶ゅù鐘差儏閻ゎ喗銇勯幇鈺佲偓妤佺▔?ACTION       
         (primary)                                                              
         goto 680                                                               
                                                                                
INFO     濠电姷顣藉Σ鍛村磻閹捐泛绶ゅù鐘差儏缁愭鎱ㄥ鍡楀姦?MODEL INPUT         
         [File: /output/python3_solve3_py__1788127370375 (704 lines total)] ⚠️  
         SUMMARIZER OUTPUT FILE                                                 
         (604 more lines above)                                                 
         605:  [593] 105 (0x69)                                                 
         606:  [594] 99 (0x63)                                                  
         607:  [595] 104 (0x68)                                                 
         608:  [596] 32 (0x20)                                                  
         609:  [597] 73 (0x49)                                                  
         610:  [598] 32 (0x20)                                                  
         611:  [599] 104 (0x68)                                                 
         612:  [600] 111 (0x6f)                                                 
         613:  [601] 112 (0x70)                                                 
         614:  [602] 101 (0x65)                                                 
         615:  [603] 32 (0x20)                                                  
         616:  [604] 102 (0x66)                                                 
         617:  [605] 111 (0x6f)                                                 
         618:  [606] 114 (0x72)                                                 
         619:  [607] 32 (0x20)                                                  
         620:  [608] 99 (0x63)                                                  
         621:  [609] 111 (0x6f)                                                 
         622:  [610] 117 (0x75)                                                 
         623:  [611] 108 (0x6c)                                                 
         624:  [612] 100 (0x64)                                                 
         625:  [613] 32 (0x20)                                                  
         626:  [614] 110 (0x6e)                                                 
         627:  [615] 101 (0x65)                                                 
         628:  [616] 118 (0x76)                                                 
         629:  [617] 101 (0x65)                                                 
         630:  [618] 114 (0x72)                                                 
         631:  [619] 32 (0x20)                                                  
         632:  [620] 104 (0x68)                                                 
         633:  [621] 97 (0x61)                                                  
         634:  [622] 112 (0x70)                                                 
         635:  [623] 112 (0x70)                                                 
         636:  [624] 101 (0x65)                                                 
         637:  [625] 110 (0x6e)                                                 
         638:  [626] 32 (0x20)                                                  
         639:  [627] 116 (0x74)                                                 
         640:  [628] 111 (0x6f)                                                 
         641:  [629] 32 (0x20)                                                  
         642:  [630] 109 (0x6d)                                                 
         643:  [631] 101 (0x65)                                                 
         644:  [632] 44 (0x2c)                                                  
         645:  [633] 32 (0x20)                                                  
         646:  [634] 110 (0x6e)                                                 
         647:  [635] 111 (0x6f)                                                 
         648:  [636] 116 (0x74)                                                 
         649:  [637] 32 (0x20)                                                  
         650:  [638] 101 (0x65)                                                 
         651:  [639] 118 (0x76)                                                 
         652:  [640] 101 (0x65)                                                 
         653:  [641] 110 (0x6e)                                                 
         654:  [642] 32 (0x20)                                                  
         655:  [643] 105 (0x69)                                                 
         656:  [644] 102 (0x66)                                                 
         657:  [645] 32 (0x20)                                                  
         658:  [646] 116 (0x74)                                                 
         659:  [647] 104 (0x68)                                                 
         660:  [648] 101 (0x65)                                                 
         661:  [649] 32 (0x20)                                                  
         662:  [650] 103 (0x67)                                                 
         663:  [651] 111 (0x6f)                                                 
         664:  [652] 100 (0x64)                                                 
         665:  [653] 115 (0x73)                                                 
         666:  [654] 32 (0x20)                                                  
         667:  [655] 115 (0x73)                                                 
         668:  [656] 111 (0x6f)                                                 
         669:  [657] 32 (0x20)                                                  
         670:  [658] 119 (0x77)                                                 
         671:  [659] 105 (0x69)                                                 
         672:  [660] 108 (0x6c)                                                 
         673:  [661] 108 (0x6c)                                                 
         674:  [662] 101 (0x65)                                                 
         675:  [663] 100 (0x64)                                                 
         676:  [664] 32 (0x20)                                                  
         677:  [665] 105 (0x69)                                                 
         678:  [666] 116 (0x74)                                                 
         679:  [667] 46 (0x2e)                                                  
         680:  [668] 32 (0x20)                                                  
         681:  [669] 97 (0x61)                                                  
         682:  [670] 99 (0x63)                                                  
         683:  [671] 116 (0x74)                                                 
         684:  [672] 102 (0x66)                                                 
         685:  [673] 123 (0x7b)                                                 
         686:  [674] 49 (0x31)                                                  
         687:  [675] 95 (0x5f)                                                  
         688:  [676] 107 (0x6b)                                                 
         689:  [677] 101 (0x65)                                                 
         690:  [678] 121 (0x79)                                                 
         691:  [679] 95 (0x5f)                                                  
         692:  [680] 105 (0x69)                                                 
         693:  [681] 115 (0x73)                                                 
         694:  [682] 95 (0x5f)                                                  
         695:  [683] 117 (0x75)                                                 
         696:  [684] 115 (0x73)                                                 
         697:  [685] 101 (0x65)                                                 
         698:  [686] 100 (0x64)                                                 
         699:  [687] 95 (0x5f)                                                  
         700:  [688] 111 (0x6f)                                                 
         701:  [689] 110 (0x6e)                                                 
         702:  [690] 99 (0x63)                                                  
         703:  [691] 101 (0x65)                                                 
         704:  [692] 125 (0x7d)                                                 
         (Open file: /output/python3_solve3_py__1788127370375)                  
         (Current directory: /__tmp__enigma-drag-6r1_x9km__repo)                
         (Interactive session: n/a)                                             
         bash-$                                                                 
INFO     Messages API request start: model=glm52_10 messages=69 timeout=1170.0s 
         max_tokens=8192 native_tools=False thinking=auto shape=[{'role':       
         'user', 'type': 'str', 'chars': 3565}, {'role': 'assistant', 'type':   
         'str', 'chars': 109}, {'role': 'user', 'type': 'str', 'chars': 28},    
         {'role': 'assistant', 'type': 'str', 'chars': 93}, {'role': 'user',    
         'type': 'str', 'chars': 28}, {'role': 'assistant', 'type': 'str',      
         'chars': 66}, {'role': 'user', 'type': 'str', 'chars': 28}, {'role':   
         'assistant', 'type': 'str', 'chars': 1265}, {'role': 'user', 'type':   
         'str', 'chars': 28}, {'role': 'assistant', 'type': 'str', 'chars':     
         126}, {'role': 'user', 'type': 'str', 'chars': 28}, {'role':           
         'assistant', 'type': 'str', 'chars': 1067}, {'role': 'user', 'type':   
         'str', 'chars': 29}, {'role': 'assistant', 'type': 'str', 'chars': 84},
         {'role': 'user', 'type': 'str', 'chars': 29}, {'role': 'assistant',    
         'type': 'str', 'chars': 1448}, {'role': 'user', 'type': 'str', 'chars':
         29}, {'role': 'assistant', 'type': 'str', 'chars': 87}, {'role':       
         'user', 'type': 'str', 'chars': 29}, {'role': 'assistant', 'type':     
         'str', 'chars': 332}, {'role': 'user', 'type': 'str', 'chars': 28},    
         {'role': 'assistant', 'type': 'str', 'chars': 1741}, {'role': 'user',  
         'type': 'str', 'chars': 29}, {'role': 'assistant', 'type': 'str',      
         'chars': 117}, {'role': 'user', 'type': 'str', 'chars': 29}, {'role':  
         'assistant', 'type': 'str', 'chars': 242}, {'role': 'user', 'type':    
         'str', 'chars': 28}, {'role': 'assistant', 'type': 'str', 'chars':     
         1848}, {'role': 'user', 'type': 'str', 'chars': 29}, {'role':          
         'assistant', 'type': 'str', 'chars': 115}, {'role': 'user', 'type':    
         'str', 'chars': 29}, {'role': 'assistant', 'type': 'str', 'chars':     
         297}, {'role': 'user', 'type': 'str', 'chars': 28}, {'role':           
         'assistant', 'type': 'str', 'chars': 187}, {'role': 'user', 'type':    
         'str', 'chars': 28}, {'role': 'assistant', 'type': 'str', 'chars':     
         218}, {'role': 'user', 'type': 'str', 'chars': 28}, {'role':           
         'assistant', 'type': 'str', 'chars': 158}, {'role': 'user', 'type':    
         'str', 'chars': 28}, {'role': 'assistant', 'type': 'str', 'chars':     
         1435}, {'role': 'user', 'type': 'str', 'chars': 29}, {'role':          
         'assistant', 'type': 'str', 'chars': 109}, {'role': 'user', 'type':    
         'str', 'chars': 29}, {'role': 'assistant', 'type': 'str', 'chars':     
         217}, {'role': 'user', 'type': 'str', 'chars': 28}, {'role':           
         'assistant', 'type': 'str', 'chars': 2288}, {'role': 'user', 'type':   
         'str', 'chars': 29}, {'role': 'assistant', 'type': 'str', 'chars': 96},
         {'role': 'user', 'type': 'str', 'chars': 29}, {'role': 'assistant',    
         'type': 'str', 'chars': 260}, {'role': 'user', 'type': 'str', 'chars': 
         28}, {'role': 'assistant', 'type': 'str', 'chars': 2765}, {'role':     
         'user', 'type': 'str', 'chars': 29}, {'role': 'assistant', 'type':     
         'str', 'chars': 115}, {'role': 'user', 'type': 'str', 'chars': 28},    
         {'role': 'assistant', 'type': 'str', 'chars': 951}, {'role': 'user',   
         'type': 'str', 'chars': 29}, {'role': 'assistant', 'type': 'str',      
         'chars': 67}, {'role': 'user', 'type': 'str', 'chars': 29}, {'role':   
         'assistant', 'type': 'str', 'chars': 225}, {'role': 'user', 'type':    
         'str', 'chars': 241}, {'role': 'assistant', 'type': 'str', 'chars':    
         110}, {'role': 'user', 'type': 'str', 'chars': 1534}, {'role':         
         'assistant', 'type': 'str', 'chars': 113}, {'role': 'user', 'type':    
         'str', 'chars': 1919}, {'role': 'assistant', 'type': 'str', 'chars':   
         224}, {'role': 'user', 'type': 'str', 'chars': 3945}, {'role':         
         'assistant', 'type': 'str', 'chars': 123}, {'role': 'user', 'type':    
         'str', 'chars': 2529}]                                                 
INFO     Messages API response received: status=200 elapsed=66.5s               
DEBUG    input_tokens=13,136, output_tokens=2,226, instance_cost=0.00, cost=0.00
DEBUG    total_tokens_sent=267,041, total_tokens_received=19,255,               
         total_cost=0.00, total_api_calls=35                                    
INFO     濠电姷顣藉Σ鍛村磻閹捐泛绶ゅù鐘差儏閻ゎ喗銇勯弽銊х焼闁?THOUGHT (primary)
         DISCUSSION                                                             
         The flag bytes are clearly `actf{1_key_is_used_once}` - I can see every
         byte from index 669 to 692. The hex values confirm: 0x61='a', 0x63='c',
         0x74='t', 0x66='f', 0x7b='{', 0x31='1', 0x5f='_', 0x6b='k', 0x65='e',  
         0x79='y', 0x5f='_', 0x69='i', 0x73='s', 0x5f='_', 0x75='u', 0x73='s',  
         0x65='e', 0x64='d', 0x5f='_', 0x6f='o', 0x6e='n', 0x63='c', 0x65='e',  
         0x7d='}'. Let me try submitting again - perhaps there was a transient  
         server issue.                                                          
                                                                                
INFO     濠电姷顣藉Σ鍛村磻閹捐泛绶ゅù鐘差儏閻ゎ喗銇勯幇鈺佲偓妤佺▔?ACTION       
         (primary)                                                              
         submit 'actf{1_key_is_used_once}'                                      
                                                                                
WARNING  Wrong flag submission found.                                           
INFO     濠电姷顣藉Σ鍛村磻閹捐泛绶ゅù鐘差儏缁愭鎱ㄥ鍡楀姦?MODEL INPUT         
         Wrong flag!                                                            
         (Open file: /output/python3_solve3_py__1788127370375)                  
         (Current directory: /__tmp__enigma-drag-6r1_x9km__repo)                
         (Interactive session: n/a)                                             
         bash-$                                                                 
INFO     Messages API request start: model=glm52_10 messages=71 timeout=1170.0s 
         max_tokens=8192 native_tools=False thinking=auto shape=[{'role':       
         'user', 'type': 'str', 'chars': 3565}, {'role': 'assistant', 'type':   
         'str', 'chars': 109}, {'role': 'user', 'type': 'str', 'chars': 28},    
         {'role': 'assistant', 'type': 'str', 'chars': 93}, {'role': 'user',    
         'type': 'str', 'chars': 28}, {'role': 'assistant', 'type': 'str',      
         'chars': 66}, {'role': 'user', 'type': 'str', 'chars': 28}, {'role':   
         'assistant', 'type': 'str', 'chars': 1265}, {'role': 'user', 'type':   
         'str', 'chars': 28}, {'role': 'assistant', 'type': 'str', 'chars':     
         126}, {'role': 'user', 'type': 'str', 'chars': 28}, {'role':           
         'assistant', 'type': 'str', 'chars': 1067}, {'role': 'user', 'type':   
         'str', 'chars': 29}, {'role': 'assistant', 'type': 'str', 'chars': 84},
         {'role': 'user', 'type': 'str', 'chars': 29}, {'role': 'assistant',    
         'type': 'str', 'chars': 1448}, {'role': 'user', 'type': 'str', 'chars':
         29}, {'role': 'assistant', 'type': 'str', 'chars': 87}, {'role':       
         'user', 'type': 'str', 'chars': 29}, {'role': 'assistant', 'type':     
         'str', 'chars': 332}, {'role': 'user', 'type': 'str', 'chars': 28},    
         {'role': 'assistant', 'type': 'str', 'chars': 1741}, {'role': 'user',  
         'type': 'str', 'chars': 29}, {'role': 'assistant', 'type': 'str',      
         'chars': 117}, {'role': 'user', 'type': 'str', 'chars': 29}, {'role':  
         'assistant', 'type': 'str', 'chars': 242}, {'role': 'user', 'type':    
         'str', 'chars': 28}, {'role': 'assistant', 'type': 'str', 'chars':     
         1848}, {'role': 'user', 'type': 'str', 'chars': 29}, {'role':          
         'assistant', 'type': 'str', 'chars': 115}, {'role': 'user', 'type':    
         'str', 'chars': 29}, {'role': 'assistant', 'type': 'str', 'chars':     
         297}, {'role': 'user', 'type': 'str', 'chars': 28}, {'role':           
         'assistant', 'type': 'str', 'chars': 187}, {'role': 'user', 'type':    
         'str', 'chars': 28}, {'role': 'assistant', 'type': 'str', 'chars':     
         218}, {'role': 'user', 'type': 'str', 'chars': 28}, {'role':           
         'assistant', 'type': 'str', 'chars': 158}, {'role': 'user', 'type':    
         'str', 'chars': 28}, {'role': 'assistant', 'type': 'str', 'chars':     
         1435}, {'role': 'user', 'type': 'str', 'chars': 29}, {'role':          
         'assistant', 'type': 'str', 'chars': 109}, {'role': 'user', 'type':    
         'str', 'chars': 29}, {'role': 'assistant', 'type': 'str', 'chars':     
         217}, {'role': 'user', 'type': 'str', 'chars': 28}, {'role':           
         'assistant', 'type': 'str', 'chars': 2288}, {'role': 'user', 'type':   
         'str', 'chars': 29}, {'role': 'assistant', 'type': 'str', 'chars': 96},
         {'role': 'user', 'type': 'str', 'chars': 29}, {'role': 'assistant',    
         'type': 'str', 'chars': 260}, {'role': 'user', 'type': 'str', 'chars': 
         28}, {'role': 'assistant', 'type': 'str', 'chars': 2765}, {'role':     
         'user', 'type': 'str', 'chars': 29}, {'role': 'assistant', 'type':     
         'str', 'chars': 115}, {'role': 'user', 'type': 'str', 'chars': 28},    
         {'role': 'assistant', 'type': 'str', 'chars': 951}, {'role': 'user',   
         'type': 'str', 'chars': 29}, {'role': 'assistant', 'type': 'str',      
         'chars': 67}, {'role': 'user', 'type': 'str', 'chars': 29}, {'role':   
         'assistant', 'type': 'str', 'chars': 225}, {'role': 'user', 'type':    
         'str', 'chars': 28}, {'role': 'assistant', 'type': 'str', 'chars':     
         110}, {'role': 'user', 'type': 'str', 'chars': 1534}, {'role':         
         'assistant', 'type': 'str', 'chars': 113}, {'role': 'user', 'type':    
         'str', 'chars': 1919}, {'role': 'assistant', 'type': 'str', 'chars':   
         224}, {'role': 'user', 'type': 'str', 'chars': 3945}, {'role':         
         'assistant', 'type': 'str', 'chars': 123}, {'role': 'user', 'type':    
         'str', 'chars': 2529}, {'role': 'assistant', 'type': 'str', 'chars':   
         490}, {'role': 'user', 'type': 'str', 'chars': 155}]                   
INFO     Messages API response received: status=200 elapsed=222.5s              
WARNING  Messages API empty response: keys=['content', 'id', 'model', 'role',   
         'stop_reason', 'type', 'usage'] block_types=['thinking']               
         stop_reason=max_tokens usage={'input_tokens': 13360, 'output_tokens':  
         8192}                                                                  
WARNING  Messages API returned thinking-only max_tokens; retrying with thinking 
         disabled                                                               
DEBUG    input_tokens=13,354, output_tokens=175, instance_cost=0.00, cost=0.00  
DEBUG    total_tokens_sent=280,395, total_tokens_received=19,430,               
         total_cost=0.00, total_api_calls=36                                    
INFO     濠电姷顣藉Σ鍛村磻閹捐泛绶ゅù鐘差儏閻ゎ喗銇勯弽銊х焼闁?THOUGHT (primary)
         DISCUSSION                                                             
         The flag is still being rejected. Let me reconsider the problem. The   
         hint says "multiple time pad" which typically means the same key is    
         XOR'd with multiple plaintexts. But here we only have one ciphertext.  
         Maybe the key is used multiple times within itself - i.e., the key is  
         shorter than we think and repeats. Let me also consider that maybe the 
         key isn't exactly what we found, and there might be multiple valid     
         decryptions. Let me try a different approach - maybe the key length is 
         different, or maybe I need to look at this differently.                
                                                                                
         Let me also check if maybe the flag has a different format or if       
         there's something else going on. Let me try all key lengths from 1 to  
         50 and print the best decryption for each, looking for any flag        
         pattern.                                                               
                                                                                
INFO     濠电姷顣藉Σ鍛村磻閹捐泛绶ゅù鐘差儏閻ゎ喗銇勯幇鈺佲偓妤佺▔?ACTION       
         (primary)                                                              
         create solve6.py                                                       
                                                                                
INFO     濠电姷顣藉Σ鍛村磻閹捐泛绶ゅù鐘差儏缁愭鎱ㄥ鍡楀姦?MODEL INPUT         
         [File: /__tmp__enigma-drag-6r1_x9km__repo/solve6.py (1 lines total)]   
         1:                                                                     
         (Open file: /__tmp__enigma-drag-6r1_x9km__repo/solve6.py)              
         (Current directory: /__tmp__enigma-drag-6r1_x9km__repo)                
         (Interactive session: n/a)                                             
         bash-$                                                                 
INFO     Messages API request start: model=glm52_10 messages=73 timeout=1170.0s 
         max_tokens=8192 native_tools=False thinking=auto shape=[{'role':       
         'user', 'type': 'str', 'chars': 3565}, {'role': 'assistant', 'type':   
         'str', 'chars': 109}, {'role': 'user', 'type': 'str', 'chars': 28},    
         {'role': 'assistant', 'type': 'str', 'chars': 93}, {'role': 'user',    
         'type': 'str', 'chars': 28}, {'role': 'assistant', 'type': 'str',      
         'chars': 66}, {'role': 'user', 'type': 'str', 'chars': 28}, {'role':   
         'assistant', 'type': 'str', 'chars': 1265}, {'role': 'user', 'type':   
         'str', 'chars': 28}, {'role': 'assistant', 'type': 'str', 'chars':     
         126}, {'role': 'user', 'type': 'str', 'chars': 28}, {'role':           
         'assistant', 'type': 'str', 'chars': 1067}, {'role': 'user', 'type':   
         'str', 'chars': 29}, {'role': 'assistant', 'type': 'str', 'chars': 84},
         {'role': 'user', 'type': 'str', 'chars': 29}, {'role': 'assistant',    
         'type': 'str', 'chars': 1448}, {'role': 'user', 'type': 'str', 'chars':
         29}, {'role': 'assistant', 'type': 'str', 'chars': 87}, {'role':       
         'user', 'type': 'str', 'chars': 29}, {'role': 'assistant', 'type':     
         'str', 'chars': 332}, {'role': 'user', 'type': 'str', 'chars': 28},    
         {'role': 'assistant', 'type': 'str', 'chars': 1741}, {'role': 'user',  
         'type': 'str', 'chars': 29}, {'role': 'assistant', 'type': 'str',      
         'chars': 117}, {'role': 'user', 'type': 'str', 'chars': 29}, {'role':  
         'assistant', 'type': 'str', 'chars': 242}, {'role': 'user', 'type':    
         'str', 'chars': 28}, {'role': 'assistant', 'type': 'str', 'chars':     
         1848}, {'role': 'user', 'type': 'str', 'chars': 29}, {'role':          
         'assistant', 'type': 'str', 'chars': 115}, {'role': 'user', 'type':    
         'str', 'chars': 29}, {'role': 'assistant', 'type': 'str', 'chars':     
         297}, {'role': 'user', 'type': 'str', 'chars': 28}, {'role':           
         'assistant', 'type': 'str', 'chars': 187}, {'role': 'user', 'type':    
         'str', 'chars': 28}, {'role': 'assistant', 'type': 'str', 'chars':     
         218}, {'role': 'user', 'type': 'str', 'chars': 28}, {'role':           
         'assistant', 'type': 'str', 'chars': 158}, {'role': 'user', 'type':    
         'str', 'chars': 28}, {'role': 'assistant', 'type': 'str', 'chars':     
         1435}, {'role': 'user', 'type': 'str', 'chars': 29}, {'role':          
         'assistant', 'type': 'str', 'chars': 109}, {'role': 'user', 'type':    
         'str', 'chars': 29}, {'role': 'assistant', 'type': 'str', 'chars':     
         217}, {'role': 'user', 'type': 'str', 'chars': 28}, {'role':           
         'assistant', 'type': 'str', 'chars': 2288}, {'role': 'user', 'type':   
         'str', 'chars': 29}, {'role': 'assistant', 'type': 'str', 'chars': 96},
         {'role': 'user', 'type': 'str', 'chars': 29}, {'role': 'assistant',    
         'type': 'str', 'chars': 260}, {'role': 'user', 'type': 'str', 'chars': 
         28}, {'role': 'assistant', 'type': 'str', 'chars': 2765}, {'role':     
         'user', 'type': 'str', 'chars': 29}, {'role': 'assistant', 'type':     
         'str', 'chars': 115}, {'role': 'user', 'type': 'str', 'chars': 28},    
         {'role': 'assistant', 'type': 'str', 'chars': 951}, {'role': 'user',   
         'type': 'str', 'chars': 29}, {'role': 'assistant', 'type': 'str',      
         'chars': 67}, {'role': 'user', 'type': 'str', 'chars': 29}, {'role':   
         'assistant', 'type': 'str', 'chars': 225}, {'role': 'user', 'type':    
         'str', 'chars': 28}, {'role': 'assistant', 'type': 'str', 'chars':     
         110}, {'role': 'user', 'type': 'str', 'chars': 28}, {'role':           
         'assistant', 'type': 'str', 'chars': 113}, {'role': 'user', 'type':    
         'str', 'chars': 1919}, {'role': 'assistant', 'type': 'str', 'chars':   
         224}, {'role': 'user', 'type': 'str', 'chars': 3945}, {'role':         
         'assistant', 'type': 'str', 'chars': 123}, {'role': 'user', 'type':    
         'str', 'chars': 2529}, {'role': 'assistant', 'type': 'str', 'chars':   
         490}, {'role': 'user', 'type': 'str', 'chars': 155}, {'role':          
         'assistant', 'type': 'str', 'chars': 786}, {'role': 'user', 'type':    
         'str', 'chars': 219}]                                                  
INFO     Messages API response received: status=200 elapsed=45.4s               
DEBUG    input_tokens=12,692, output_tokens=1,616, instance_cost=0.00, cost=0.00
DEBUG    total_tokens_sent=293,087, total_tokens_received=21,046,               
         total_cost=0.00, total_api_calls=37                                    
INFO     濠电姷顣藉Σ鍛村磻閹捐泛绶ゅù鐘差儏閻ゎ喗銇勯弽銊х焼闁?THOUGHT (primary)
         DISCUSSION                                                             
         Let me think about this differently. Maybe the key isn't exactly what I
         found. Let me write a script that shows the top candidates for each key
         position and what they produce at the flag positions.                  
                                                                                
INFO     濠电姷顣藉Σ鍛村磻閹捐泛绶ゅù鐘差儏閻ゎ喗銇勯幇鈺佲偓妤佺▔?ACTION       
         (primary)                                                              
         edit 1:1                                                               
         import string                                                          
                                                                                
         # Read ciphertext                                                      
         with open('ciphertext.txt', 'r') as f:                                 
             hex_str = f.read().strip()                                         
                                                                                
         ct = bytes.fromhex(hex_str)                                            
                                                                                
         KEYLEN = 10                                                            
                                                                                
         # For each position in the key, find top candidates                    
         for pos in range(KEYLEN):                                              
             candidates = []                                                    
             for candidate in range(256):                                       
                 score = 0                                                      
                 decrypted_chars = []                                           
                 for i in range(pos, len(ct), KEYLEN):                          
                     pt_byte = ct[i] ^ candidate                                
                     if chr(pt_byte) in string.printable:                       
                         score += 1                                             
                         if chr(pt_byte) in string.ascii_lowercase + ' ':       
                             score += 2                                         
                         if chr(pt_byte) in string.ascii_uppercase:             
                             score += 1                                         
                     decrypted_chars.append(pt_byte)                            
                 candidates.append((score, candidate, decrypted_chars))         
                                                                                
             candidates.sort(reverse=True)                                      
                                                                                
             # Show top 5 candidates                                            
             print(f"\nKey position {pos}:")                                    
             for rank, (score, key_byte, dec_chars) in                          
         enumerate(candidates[:5]):                                             
                 # Show what this produces at flag positions (669-692)          
                 flag_chars = []                                                
                 for flag_pos in range(669, 693):                               
                     if flag_pos % KEYLEN == pos:                               
                         flag_chars.append(chr(ct[flag_pos] ^ key_byte))        
                 print(f"  Rank {rank}: key=0x{key_byte:02x} ('{chr(key_byte) if
         chr(key_byte) in string.printable else '?'}'), score={score},          
         flag_chars={''.join(flag_chars) if flag_chars else 'N/A'}")            
         end_of_edit                                                            
                                                                                
INFO     濠电姷顣藉Σ鍛村磻閹捐泛绶ゅù鐘差儏缁愭鎱ㄥ鍡楀姦?MODEL INPUT         
         [File: /__tmp__enigma-drag-6r1_x9km__repo/solve6.py (38 lines total)]  
         1:import string                                                        
         2:                                                                     
         3:# Read ciphertext                                                    
         4:with open('ciphertext.txt', 'r') as f:                               
         5:    hex_str = f.read().strip()                                       
         6:                                                                     
         7:ct = bytes.fromhex(hex_str)                                          
         8:                                                                     
         9:KEYLEN = 10                                                          
         10:                                                                    
         11:# For each position in the key, find top candidates                 
         12:for pos in range(KEYLEN):                                           
         13:    candidates = []                                                 
         14:    for candidate in range(256):                                    
         15:        score = 0                                                   
         16:        decrypted_chars = []                                        
         17:        for i in range(pos, len(ct), KEYLEN):                       
         18:            pt_byte = ct[i] ^ candidate                             
         19:            if chr(pt_byte) in string.printable:                    
         20:                score += 1                                          
         21:                if chr(pt_byte) in string.ascii_lowercase + ' ':    
         22:                    score += 2                                      
         23:                if chr(pt_byte) in string.ascii_uppercase:          
         24:                    score += 1                                      
         25:            decrypted_chars.append(pt_byte)                         
         26:        candidates.append((score, candidate, decrypted_chars))      
         27:                                                                    
         28:    candidates.sort(reverse=True)                                   
         29:                                                                    
         30:    # Show top 5 candidates                                         
         31:    print(f"\nKey position {pos}:")                                 
         32:    for rank, (score, key_byte, dec_chars) in                       
         enumerate(candidates[:5]):                                             
         33:        # Show what this produces at flag positions (669-692)       
         34:        flag_chars = []                                             
         35:        for flag_pos in range(669, 693):                            
         36:            if flag_pos % KEYLEN == pos:                            
         37:                flag_chars.append(chr(ct[flag_pos] ^ key_byte))     
         38:        print(f"  Rank {rank}: key=0x{key_byte:02x} ('{chr(key_byte)
         if chr(key_byte) in string.printable else '?'}'), score={score},       
         flag_chars={''.join(flag_chars) if flag_chars else 'N/A'}")            
         File updated. Please review the changes and make sure they are correct 
         (correct indentation, no duplicate lines, etc). Edit the file again if 
         necessary.                                                             
         (Open file: /__tmp__enigma-drag-6r1_x9km__repo/solve6.py)              
         (Current directory: /__tmp__enigma-drag-6r1_x9km__repo)                
         (Interactive session: n/a)                                             
         bash-$                                                                 
INFO     Messages API request start: model=glm52_10 messages=75 timeout=1170.0s 
         max_tokens=8192 native_tools=False thinking=auto shape=[{'role':       
         'user', 'type': 'str', 'chars': 3565}, {'role': 'assistant', 'type':   
         'str', 'chars': 109}, {'role': 'user', 'type': 'str', 'chars': 28},    
         {'role': 'assistant', 'type': 'str', 'chars': 93}, {'role': 'user',    
         'type': 'str', 'chars': 28}, {'role': 'assistant', 'type': 'str',      
         'chars': 66}, {'role': 'user', 'type': 'str', 'chars': 28}, {'role':   
         'assistant', 'type': 'str', 'chars': 1265}, {'role': 'user', 'type':   
         'str', 'chars': 28}, {'role': 'assistant', 'type': 'str', 'chars':     
         126}, {'role': 'user', 'type': 'str', 'chars': 28}, {'role':           
         'assistant', 'type': 'str', 'chars': 1067}, {'role': 'user', 'type':   
         'str', 'chars': 29}, {'role': 'assistant', 'type': 'str', 'chars': 84},
         {'role': 'user', 'type': 'str', 'chars': 29}, {'role': 'assistant',    
         'type': 'str', 'chars': 1448}, {'role': 'user', 'type': 'str', 'chars':
         29}, {'role': 'assistant', 'type': 'str', 'chars': 87}, {'role':       
         'user', 'type': 'str', 'chars': 29}, {'role': 'assistant', 'type':     
         'str', 'chars': 332}, {'role': 'user', 'type': 'str', 'chars': 28},    
         {'role': 'assistant', 'type': 'str', 'chars': 1741}, {'role': 'user',  
         'type': 'str', 'chars': 29}, {'role': 'assistant', 'type': 'str',      
         'chars': 117}, {'role': 'user', 'type': 'str', 'chars': 29}, {'role':  
         'assistant', 'type': 'str', 'chars': 242}, {'role': 'user', 'type':    
         'str', 'chars': 28}, {'role': 'assistant', 'type': 'str', 'chars':     
         1848}, {'role': 'user', 'type': 'str', 'chars': 29}, {'role':          
         'assistant', 'type': 'str', 'chars': 115}, {'role': 'user', 'type':    
         'str', 'chars': 29}, {'role': 'assistant', 'type': 'str', 'chars':     
         297}, {'role': 'user', 'type': 'str', 'chars': 28}, {'role':           
         'assistant', 'type': 'str', 'chars': 187}, {'role': 'user', 'type':    
         'str', 'chars': 28}, {'role': 'assistant', 'type': 'str', 'chars':     
         218}, {'role': 'user', 'type': 'str', 'chars': 28}, {'role':           
         'assistant', 'type': 'str', 'chars': 158}, {'role': 'user', 'type':    
         'str', 'chars': 28}, {'role': 'assistant', 'type': 'str', 'chars':     
         1435}, {'role': 'user', 'type': 'str', 'chars': 29}, {'role':          
         'assistant', 'type': 'str', 'chars': 109}, {'role': 'user', 'type':    
         'str', 'chars': 29}, {'role': 'assistant', 'type': 'str', 'chars':     
         217}, {'role': 'user', 'type': 'str', 'chars': 28}, {'role':           
         'assistant', 'type': 'str', 'chars': 2288}, {'role': 'user', 'type':   
         'str', 'chars': 29}, {'role': 'assistant', 'type': 'str', 'chars': 96},
         {'role': 'user', 'type': 'str', 'chars': 29}, {'role': 'assistant',    
         'type': 'str', 'chars': 260}, {'role': 'user', 'type': 'str', 'chars': 
         28}, {'role': 'assistant', 'type': 'str', 'chars': 2765}, {'role':     
         'user', 'type': 'str', 'chars': 29}, {'role': 'assistant', 'type':     
         'str', 'chars': 115}, {'role': 'user', 'type': 'str', 'chars': 28},    
         {'role': 'assistant', 'type': 'str', 'chars': 951}, {'role': 'user',   
         'type': 'str', 'chars': 29}, {'role': 'assistant', 'type': 'str',      
         'chars': 67}, {'role': 'user', 'type': 'str', 'chars': 29}, {'role':   
         'assistant', 'type': 'str', 'chars': 225}, {'role': 'user', 'type':    
         'str', 'chars': 28}, {'role': 'assistant', 'type': 'str', 'chars':     
         110}, {'role': 'user', 'type': 'str', 'chars': 28}, {'role':           
         'assistant', 'type': 'str', 'chars': 113}, {'role': 'user', 'type':    
         'str', 'chars': 29}, {'role': 'assistant', 'type': 'str', 'chars':     
         224}, {'role': 'user', 'type': 'str', 'chars': 3945}, {'role':         
         'assistant', 'type': 'str', 'chars': 123}, {'role': 'user', 'type':    
         'str', 'chars': 2529}, {'role': 'assistant', 'type': 'str', 'chars':   
         490}, {'role': 'user', 'type': 'str', 'chars': 155}, {'role':          
         'assistant', 'type': 'str', 'chars': 786}, {'role': 'user', 'type':    
         'str', 'chars': 219}, {'role': 'assistant', 'type': 'str', 'chars':    
         1623}, {'role': 'user', 'type': 'str', 'chars': 1861}]                 
INFO     Messages API response received: status=200 elapsed=2.3s                
DEBUG    input_tokens=13,114, output_tokens=30, instance_cost=0.00, cost=0.00   
DEBUG    total_tokens_sent=306,201, total_tokens_received=21,076,               
         total_cost=0.00, total_api_calls=38                                    
INFO     濠电姷顣藉Σ鍛村磻閹捐泛绶ゅù鐘差儏閻ゎ喗銇勯弽銊х焼闁?THOUGHT (primary)
         DISCUSSION                                                             
         Let me run this script to see the top candidates for each key position.
                                                                                
INFO     濠电姷顣藉Σ鍛村磻閹捐泛绶ゅù鐘差儏閻ゎ喗銇勯幇鈺佲偓妤佺▔?ACTION       
         (primary)                                                              
         python3 solve6.py                                                      
                                                                                
INFO     濠电姷顣藉Σ鍛村磻閹捐泛绶ゅù鐘差儏缁愭鎱ㄥ鍡楀姦?MODEL INPUT         
                                                                                
         Key position 0:                                                        
           Rank 0: key=0x65 ('e'), score=206, flag_chars=cic                    
           Rank 1: key=0x67 ('g'), score=190, flag_chars=aka                    
           Rank 2: key=0x63 ('c'), score=189, flag_chars=eoe                    
           Rank 3: key=0x62 ('b'), score=186, flag_chars=dnd                    
           Rank 4: key=0x66 ('f'), score=184, flag_chars=`j`                    
                                                                                
         Key position 1:                                                        
           Rank 0: key=0x6b ('k'), score=204, flag_chars=tse                    
           Rank 1: key=0x6c ('l'), score=172, flag_chars=stb                    
           Rank 2: key=0x69 ('i'), score=172, flag_chars=vqg                    
           Rank 3: key=0x68 ('h'), score=172, flag_chars=wpf                    
           Rank 4: key=0x6a ('j'), score=170, flag_chars=urd                    
                                                                                
         Key position 2:                                                        
           Rank 0: key=0x36 ('6'), score=198, flag_chars=f_}                    
           Rank 1: key=0x31 ('1'), score=171, flag_chars=aXz                    
           Rank 2: key=0x37 ('7'), score=170, flag_chars=g^|                    
           Rank 3: key=0x35 ('5'), score=170, flag_chars=e\~                    
           Rank 4: key=0x2a ('*'), score=169, flag_chars=zCa                    
                                                                                
         Key position 3:                                                        
           Rank 0: key=0x76 ('v'), score=200, flag_chars={u                     
           Rank 1: key=0x75 ('u'), score=176, flag_chars=xv                     
           Rank 2: key=0x74 ('t'), score=174, flag_chars=yw                     
           Rank 3: key=0x71 ('q'), score=170, flag_chars=|r                     
           Rank 4: key=0x72 ('r'), score=167, flag_chars=q                      
                                                                                
         Key position 4:                                                        
           Rank 0: key=0x74 ('t'), score=200, flag_chars=1s                     
           Rank 1: key=0x77 ('w'), score=174, flag_chars=2p                     
           Rank 2: key=0x76 ('v'), score=168, flag_chars=3q                     
           Rank 3: key=0x75 ('u'), score=168, flag_chars=0r                     
           Rank 4: key=0x70 ('p'), score=168, flag_chars=5w                     
                                                                                
         Key position 5:                                                        
           Rank 0: key=0x38 ('8'), score=201, flag_chars=_e                     
           Rank 1: key=0x3b (';'), score=169, flag_chars=\f                     
           Rank 2: key=0x3f ('?'), score=168, flag_chars=Xb                     
           Rank 3: key=0x3e ('>'), score=167, flag_chars=Yc                     
           Rank 4: key=0x3a (':'), score=165, flag_chars=]g                     
                                                                                
         Key position 6:                                                        
           Rank 0: key=0x70 ('p'), score=204, flag_chars=kd                     
           Rank 1: key=0x73 ('s'), score=174, flag_chars=hg                     
           Rank 2: key=0x77 ('w'), score=170, flag_chars=lc                     
           Rank 3: key=0x72 ('r'), score=170, flag_chars=if                     
           Rank 4: key=0x76 ('v'), score=168, flag_chars=mb                     
                                                                                
         Key position 7:                                                        
           Rank 0: key=0x63 ('c'), score=197, flag_chars=e_                     
           Rank 1: key=0x61 ('a'), score=177, flag_chars=g]                     
           Rank 2: key=0x64 ('d'), score=176, flag_chars=bX                     
           Rank 3: key=0x67 ('g'), score=175, flag_chars=a[                     
           Rank 4: key=0x62 ('b'), score=175, flag_chars=d^                     
                                                                                
         Key position 8:                                                        
           Rank 0: key=0x37 ('7'), score=200, flag_chars=yo                     
           Rank 1: key=0x35 ('5'), score=168, flag_chars={m                     
           Rank 2: key=0x34 ('4'), score=168, flag_chars=zl                     
           Rank 3: key=0x33 ('3'), score=166, flag_chars=}k                     
           Rank 4: key=0x36 ('6'), score=163, flag_chars=xn                     
                                                                                
         Key position 9:                                                        
           Rank 0: key=0x77 ('w'), score=201, flag_chars=a_n                    
           Rank 1: key=0x74 ('t'), score=173, flag_chars=b\m                    
           Rank 2: key=0x70 ('p'), score=172, flag_chars=fXi                    
           Rank 3: key=0x75 ('u'), score=169, flag_chars=c]l                    
           Rank 4: key=0x71 ('q'), score=168, flag_chars=gYh                    
         (Open file: /__tmp__enigma-drag-6r1_x9km__repo/solve6.py)              
         (Current directory: /__tmp__enigma-drag-6r1_x9km__repo)                
         (Interactive session: n/a)                                             
         bash-$                                                                 
INFO     Messages API request start: model=glm52_10 messages=77 timeout=1170.0s 
         max_tokens=8192 native_tools=False thinking=auto shape=[{'role':       
         'user', 'type': 'str', 'chars': 3565}, {'role': 'assistant', 'type':   
         'str', 'chars': 109}, {'role': 'user', 'type': 'str', 'chars': 28},    
         {'role': 'assistant', 'type': 'str', 'chars': 93}, {'role': 'user',    
         'type': 'str', 'chars': 28}, {'role': 'assistant', 'type': 'str',      
         'chars': 66}, {'role': 'user', 'type': 'str', 'chars': 28}, {'role':   
         'assistant', 'type': 'str', 'chars': 1265}, {'role': 'user', 'type':   
         'str', 'chars': 28}, {'role': 'assistant', 'type': 'str', 'chars':     
         126}, {'role': 'user', 'type': 'str', 'chars': 28}, {'role':           
         'assistant', 'type': 'str', 'chars': 1067}, {'role': 'user', 'type':   
         'str', 'chars': 29}, {'role': 'assistant', 'type': 'str', 'chars': 84},
         {'role': 'user', 'type': 'str', 'chars': 29}, {'role': 'assistant',    
         'type': 'str', 'chars': 1448}, {'role': 'user', 'type': 'str', 'chars':
         29}, {'role': 'assistant', 'type': 'str', 'chars': 87}, {'role':       
         'user', 'type': 'str', 'chars': 29}, {'role': 'assistant', 'type':     
         'str', 'chars': 332}, {'role': 'user', 'type': 'str', 'chars': 28},    
         {'role': 'assistant', 'type': 'str', 'chars': 1741}, {'role': 'user',  
         'type': 'str', 'chars': 29}, {'role': 'assistant', 'type': 'str',      
         'chars': 117}, {'role': 'user', 'type': 'str', 'chars': 29}, {'role':  
         'assistant', 'type': 'str', 'chars': 242}, {'role': 'user', 'type':    
         'str', 'chars': 28}, {'role': 'assistant', 'type': 'str', 'chars':     
         1848}, {'role': 'user', 'type': 'str', 'chars': 29}, {'role':          
         'assistant', 'type': 'str', 'chars': 115}, {'role': 'user', 'type':    
         'str', 'chars': 29}, {'role': 'assistant', 'type': 'str', 'chars':     
         297}, {'role': 'user', 'type': 'str', 'chars': 28}, {'role':           
         'assistant', 'type': 'str', 'chars': 187}, {'role': 'user', 'type':    
         'str', 'chars': 28}, {'role': 'assistant', 'type': 'str', 'chars':     
         218}, {'role': 'user', 'type': 'str', 'chars': 28}, {'role':           
         'assistant', 'type': 'str', 'chars': 158}, {'role': 'user', 'type':    
         'str', 'chars': 28}, {'role': 'assistant', 'type': 'str', 'chars':     
         1435}, {'role': 'user', 'type': 'str', 'chars': 29}, {'role':          
         'assistant', 'type': 'str', 'chars': 109}, {'role': 'user', 'type':    
         'str', 'chars': 29}, {'role': 'assistant', 'type': 'str', 'chars':     
         217}, {'role': 'user', 'type': 'str', 'chars': 28}, {'role':           
         'assistant', 'type': 'str', 'chars': 2288}, {'role': 'user', 'type':   
         'str', 'chars': 29}, {'role': 'assistant', 'type': 'str', 'chars': 96},
         {'role': 'user', 'type': 'str', 'chars': 29}, {'role': 'assistant',    
         'type': 'str', 'chars': 260}, {'role': 'user', 'type': 'str', 'chars': 
         28}, {'role': 'assistant', 'type': 'str', 'chars': 2765}, {'role':     
         'user', 'type': 'str', 'chars': 29}, {'role': 'assistant', 'type':     
         'str', 'chars': 115}, {'role': 'user', 'type': 'str', 'chars': 28},    
         {'role': 'assistant', 'type': 'str', 'chars': 951}, {'role': 'user',   
         'type': 'str', 'chars': 29}, {'role': 'assistant', 'type': 'str',      
         'chars': 67}, {'role': 'user', 'type': 'str', 'chars': 29}, {'role':   
         'assistant', 'type': 'str', 'chars': 225}, {'role': 'user', 'type':    
         'str', 'chars': 28}, {'role': 'assistant', 'type': 'str', 'chars':     
         110}, {'role': 'user', 'type': 'str', 'chars': 28}, {'role':           
         'assistant', 'type': 'str', 'chars': 113}, {'role': 'user', 'type':    
         'str', 'chars': 29}, {'role': 'assistant', 'type': 'str', 'chars':     
         224}, {'role': 'user', 'type': 'str', 'chars': 30}, {'role':           
         'assistant', 'type': 'str', 'chars': 123}, {'role': 'user', 'type':    
         'str', 'chars': 2529}, {'role': 'assistant', 'type': 'str', 'chars':   
         490}, {'role': 'user', 'type': 'str', 'chars': 155}, {'role':          
         'assistant', 'type': 'str', 'chars': 786}, {'role': 'user', 'type':    
         'str', 'chars': 219}, {'role': 'assistant', 'type': 'str', 'chars':    
         1623}, {'role': 'user', 'type': 'str', 'chars': 1861}, {'role':        
         'assistant', 'type': 'str', 'chars': 108}, {'role': 'user', 'type':    
         'str', 'chars': 2887}]                                                 
INFO     Messages API response received: status=200 elapsed=11.4s               
DEBUG    input_tokens=12,622, output_tokens=347, instance_cost=0.00, cost=0.00  
DEBUG    total_tokens_sent=318,823, total_tokens_received=21,423,               
         total_cost=0.00, total_api_calls=39                                    
INFO     濠电姷顣藉Σ鍛村磻閹捐泛绶ゅù鐘差儏閻ゎ喗銇勯弽銊х焼闁?THOUGHT (primary)
         DISCUSSION                                                             
         The flag `actf{1_key_is_used_once}` is consistently the best decryption
         but keeps getting rejected. Let me re-read the hint file carefully -   
         maybe I'm missing something about the approach.                        
                                                                                
INFO     濠电姷顣藉Σ鍛村磻閹捐泛绶ゅù鐘差儏閻ゎ喗銇勯幇鈺佲偓妤佺▔?ACTION       
         (primary)                                                              
         open hint.txt                                                          
                                                                                
INFO     濠电姷顣藉Σ鍛村磻閹捐泛绶ゅù鐘差儏缁愭鎱ㄥ鍡楀姦?MODEL INPUT         
         [File: /__tmp__enigma-drag-6r1_x9km__repo/hint.txt (1 lines total)]    
         1:"hint": "The first step is to determine the key length.  The flag is 
         a string, ASCII-encoded.                                               
         (Open file: /__tmp__enigma-drag-6r1_x9km__repo/hint.txt)               
         (Current directory: /__tmp__enigma-drag-6r1_x9km__repo)                
         (Interactive session: n/a)                                             
         bash-$                                                                 
INFO     Messages API request start: model=glm52_10 messages=79 timeout=1170.0s 
         max_tokens=8192 native_tools=False thinking=auto shape=[{'role':       
         'user', 'type': 'str', 'chars': 3565}, {'role': 'assistant', 'type':   
         'str', 'chars': 109}, {'role': 'user', 'type': 'str', 'chars': 28},    
         {'role': 'assistant', 'type': 'str', 'chars': 93}, {'role': 'user',    
         'type': 'str', 'chars': 28}, {'role': 'assistant', 'type': 'str',      
         'chars': 66}, {'role': 'user', 'type': 'str', 'chars': 28}, {'role':   
         'assistant', 'type': 'str', 'chars': 1265}, {'role': 'user', 'type':   
         'str', 'chars': 28}, {'role': 'assistant', 'type': 'str', 'chars':     
         126}, {'role': 'user', 'type': 'str', 'chars': 28}, {'role':           
         'assistant', 'type': 'str', 'chars': 1067}, {'role': 'user', 'type':   
         'str', 'chars': 29}, {'role': 'assistant', 'type': 'str', 'chars': 84},
         {'role': 'user', 'type': 'str', 'chars': 29}, {'role': 'assistant',    
         'type': 'str', 'chars': 1448}, {'role': 'user', 'type': 'str', 'chars':
         29}, {'role': 'assistant', 'type': 'str', 'chars': 87}, {'role':       
         'user', 'type': 'str', 'chars': 29}, {'role': 'assistant', 'type':     
         'str', 'chars': 332}, {'role': 'user', 'type': 'str', 'chars': 28},    
         {'role': 'assistant', 'type': 'str', 'chars': 1741}, {'role': 'user',  
         'type': 'str', 'chars': 29}, {'role': 'assistant', 'type': 'str',      
         'chars': 117}, {'role': 'user', 'type': 'str', 'chars': 29}, {'role':  
         'assistant', 'type': 'str', 'chars': 242}, {'role': 'user', 'type':    
         'str', 'chars': 28}, {'role': 'assistant', 'type': 'str', 'chars':     
         1848}, {'role': 'user', 'type': 'str', 'chars': 29}, {'role':          
         'assistant', 'type': 'str', 'chars': 115}, {'role': 'user', 'type':    
         'str', 'chars': 29}, {'role': 'assistant', 'type': 'str', 'chars':     
         297}, {'role': 'user', 'type': 'str', 'chars': 28}, {'role':           
         'assistant', 'type': 'str', 'chars': 187}, {'role': 'user', 'type':    
         'str', 'chars': 28}, {'role': 'assistant', 'type': 'str', 'chars':     
         218}, {'role': 'user', 'type': 'str', 'chars': 28}, {'role':           
         'assistant', 'type': 'str', 'chars': 158}, {'role': 'user', 'type':    
         'str', 'chars': 28}, {'role': 'assistant', 'type': 'str', 'chars':     
         1435}, {'role': 'user', 'type': 'str', 'chars': 29}, {'role':          
         'assistant', 'type': 'str', 'chars': 109}, {'role': 'user', 'type':    
         'str', 'chars': 29}, {'role': 'assistant', 'type': 'str', 'chars':     
         217}, {'role': 'user', 'type': 'str', 'chars': 28}, {'role':           
         'assistant', 'type': 'str', 'chars': 2288}, {'role': 'user', 'type':   
         'str', 'chars': 29}, {'role': 'assistant', 'type': 'str', 'chars': 96},
         {'role': 'user', 'type': 'str', 'chars': 29}, {'role': 'assistant',    
         'type': 'str', 'chars': 260}, {'role': 'user', 'type': 'str', 'chars': 
         28}, {'role': 'assistant', 'type': 'str', 'chars': 2765}, {'role':     
         'user', 'type': 'str', 'chars': 29}, {'role': 'assistant', 'type':     
         'str', 'chars': 115}, {'role': 'user', 'type': 'str', 'chars': 28},    
         {'role': 'assistant', 'type': 'str', 'chars': 951}, {'role': 'user',   
         'type': 'str', 'chars': 29}, {'role': 'assistant', 'type': 'str',      
         'chars': 67}, {'role': 'user', 'type': 'str', 'chars': 29}, {'role':   
         'assistant', 'type': 'str', 'chars': 225}, {'role': 'user', 'type':    
         'str', 'chars': 28}, {'role': 'assistant', 'type': 'str', 'chars':     
         110}, {'role': 'user', 'type': 'str', 'chars': 28}, {'role':           
         'assistant', 'type': 'str', 'chars': 113}, {'role': 'user', 'type':    
         'str', 'chars': 29}, {'role': 'assistant', 'type': 'str', 'chars':     
         224}, {'role': 'user', 'type': 'str', 'chars': 30}, {'role':           
         'assistant', 'type': 'str', 'chars': 123}, {'role': 'user', 'type':    
         'str', 'chars': 30}, {'role': 'assistant', 'type': 'str', 'chars':     
         490}, {'role': 'user', 'type': 'str', 'chars': 155}, {'role':          
         'assistant', 'type': 'str', 'chars': 786}, {'role': 'user', 'type':    
         'str', 'chars': 219}, {'role': 'assistant', 'type': 'str', 'chars':    
         1623}, {'role': 'user', 'type': 'str', 'chars': 1861}, {'role':        
         'assistant', 'type': 'str', 'chars': 108}, {'role': 'user', 'type':    
         'str', 'chars': 2887}, {'role': 'assistant', 'type': 'str', 'chars':   
         221}, {'role': 'user', 'type': 'str', 'chars': 310}]                   
INFO     Messages API response received: status=200 elapsed=211.3s              
DEBUG    input_tokens=11,178, output_tokens=7,456, instance_cost=0.00, cost=0.00
DEBUG    total_tokens_sent=330,001, total_tokens_received=28,879,               
         total_cost=0.00, total_api_calls=40                                    
INFO     濠电姷顣藉Σ鍛村磻閹捐泛绶ゅù鐘差儏閻ゎ喗銇勯弽銊х焼闁?THOUGHT (primary)
         DISCUSSION                                                             
         Let me try using a known-plaintext approach. Since the decrypted text  
         starts with "the quick brown fox", I can XOR this with the ciphertext  
         to determine the exact key, and then verify the flag.                  
                                                                                
INFO     濠电姷顣藉Σ鍛村磻閹捐泛绶ゅù鐘差儏閻ゎ喗銇勯幇鈺佲偓妤佺▔?ACTION       
         (primary)                                                              
         create solve7.py                                                       
                                                                                
INFO     濠电姷顣藉Σ鍛村磻閹捐泛绶ゅù鐘差儏缁愭鎱ㄥ鍡楀姦?MODEL INPUT         
         [File: /__tmp__enigma-drag-6r1_x9km__repo/solve7.py (1 lines total)]   
         1:                                                                     
         (Open file: /__tmp__enigma-drag-6r1_x9km__repo/solve7.py)              
         (Current directory: /__tmp__enigma-drag-6r1_x9km__repo)                
         (Interactive session: n/a)                                             
         bash-$                                                                 
INFO     Messages API request start: model=glm52_10 messages=81 timeout=1170.0s 
         max_tokens=8192 native_tools=False thinking=auto shape=[{'role':       
         'user', 'type': 'str', 'chars': 3565}, {'role': 'assistant', 'type':   
         'str', 'chars': 109}, {'role': 'user', 'type': 'str', 'chars': 28},    
         {'role': 'assistant', 'type': 'str', 'chars': 93}, {'role': 'user',    
         'type': 'str', 'chars': 28}, {'role': 'assistant', 'type': 'str',      
         'chars': 66}, {'role': 'user', 'type': 'str', 'chars': 28}, {'role':   
         'assistant', 'type': 'str', 'chars': 1265}, {'role': 'user', 'type':   
         'str', 'chars': 28}, {'role': 'assistant', 'type': 'str', 'chars':     
         126}, {'role': 'user', 'type': 'str', 'chars': 28}, {'role':           
         'assistant', 'type': 'str', 'chars': 1067}, {'role': 'user', 'type':   
         'str', 'chars': 29}, {'role': 'assistant', 'type': 'str', 'chars': 84},
         {'role': 'user', 'type': 'str', 'chars': 29}, {'role': 'assistant',    
         'type': 'str', 'chars': 1448}, {'role': 'user', 'type': 'str', 'chars':
         29}, {'role': 'assistant', 'type': 'str', 'chars': 87}, {'role':       
         'user', 'type': 'str', 'chars': 29}, {'role': 'assistant', 'type':     
         'str', 'chars': 332}, {'role': 'user', 'type': 'str', 'chars': 28},    
         {'role': 'assistant', 'type': 'str', 'chars': 1741}, {'role': 'user',  
         'type': 'str', 'chars': 29}, {'role': 'assistant', 'type': 'str',      
         'chars': 117}, {'role': 'user', 'type': 'str', 'chars': 29}, {'role':  
         'assistant', 'type': 'str', 'chars': 242}, {'role': 'user', 'type':    
         'str', 'chars': 28}, {'role': 'assistant', 'type': 'str', 'chars':     
         1848}, {'role': 'user', 'type': 'str', 'chars': 29}, {'role':          
         'assistant', 'type': 'str', 'chars': 115}, {'role': 'user', 'type':    
         'str', 'chars': 29}, {'role': 'assistant', 'type': 'str', 'chars':     
         297}, {'role': 'user', 'type': 'str', 'chars': 28}, {'role':           
         'assistant', 'type': 'str', 'chars': 187}, {'role': 'user', 'type':    
         'str', 'chars': 28}, {'role': 'assistant', 'type': 'str', 'chars':     
         218}, {'role': 'user', 'type': 'str', 'chars': 28}, {'role':           
         'assistant', 'type': 'str', 'chars': 158}, {'role': 'user', 'type':    
         'str', 'chars': 28}, {'role': 'assistant', 'type': 'str', 'chars':     
         1435}, {'role': 'user', 'type': 'str', 'chars': 29}, {'role':          
         'assistant', 'type': 'str', 'chars': 109}, {'role': 'user', 'type':    
         'str', 'chars': 29}, {'role': 'assistant', 'type': 'str', 'chars':     
         217}, {'role': 'user', 'type': 'str', 'chars': 28}, {'role':           
         'assistant', 'type': 'str', 'chars': 2288}, {'role': 'user', 'type':   
         'str', 'chars': 29}, {'role': 'assistant', 'type': 'str', 'chars': 96},
         {'role': 'user', 'type': 'str', 'chars': 29}, {'role': 'assistant',    
         'type': 'str', 'chars': 260}, {'role': 'user', 'type': 'str', 'chars': 
         28}, {'role': 'assistant', 'type': 'str', 'chars': 2765}, {'role':     
         'user', 'type': 'str', 'chars': 29}, {'role': 'assistant', 'type':     
         'str', 'chars': 115}, {'role': 'user', 'type': 'str', 'chars': 28},    
         {'role': 'assistant', 'type': 'str', 'chars': 951}, {'role': 'user',   
         'type': 'str', 'chars': 29}, {'role': 'assistant', 'type': 'str',      
         'chars': 67}, {'role': 'user', 'type': 'str', 'chars': 29}, {'role':   
         'assistant', 'type': 'str', 'chars': 225}, {'role': 'user', 'type':    
         'str', 'chars': 28}, {'role': 'assistant', 'type': 'str', 'chars':     
         110}, {'role': 'user', 'type': 'str', 'chars': 28}, {'role':           
         'assistant', 'type': 'str', 'chars': 113}, {'role': 'user', 'type':    
         'str', 'chars': 29}, {'role': 'assistant', 'type': 'str', 'chars':     
         224}, {'role': 'user', 'type': 'str', 'chars': 30}, {'role':           
         'assistant', 'type': 'str', 'chars': 123}, {'role': 'user', 'type':    
         'str', 'chars': 30}, {'role': 'assistant', 'type': 'str', 'chars':     
         490}, {'role': 'user', 'type': 'str', 'chars': 28}, {'role':           
         'assistant', 'type': 'str', 'chars': 786}, {'role': 'user', 'type':    
         'str', 'chars': 219}, {'role': 'assistant', 'type': 'str', 'chars':    
         1623}, {'role': 'user', 'type': 'str', 'chars': 1861}, {'role':        
         'assistant', 'type': 'str', 'chars': 108}, {'role': 'user', 'type':    
         'str', 'chars': 2887}, {'role': 'assistant', 'type': 'str', 'chars':   
         221}, {'role': 'user', 'type': 'str', 'chars': 310}, {'role':          
         'assistant', 'type': 'str', 'chars': 229}, {'role': 'user', 'type':    
         'str', 'chars': 219}]                                                  
INFO     Messages API response received: status=200 elapsed=22.2s               
DEBUG    input_tokens=11,275, output_tokens=741, instance_cost=0.00, cost=0.00  
DEBUG    total_tokens_sent=341,276, total_tokens_received=29,620,               
         total_cost=0.00, total_api_calls=41                                    
INFO     濠电姷顣藉Σ鍛村磻閹捐泛绶ゅù鐘差儏閻ゎ喗銇勯弽銊х焼闁?THOUGHT (primary)
         DISCUSSION                                                             
         Let me write a script that uses known plaintext to determine the exact 
         key and verify the flag.                                               
                                                                                
INFO     濠电姷顣藉Σ鍛村磻閹捐泛绶ゅù鐘差儏閻ゎ喗銇勯幇鈺佲偓妤佺▔?ACTION       
         (primary)                                                              
         edit 1:1                                                               
         import string                                                          
                                                                                
         # Read ciphertext                                                      
         with open('ciphertext.txt', 'r') as f:                                 
             hex_str = f.read().strip()                                         
                                                                                
         ct = bytes.fromhex(hex_str)                                            
         print(f"Ciphertext length: {len(ct)} bytes")                           
                                                                                
         # Try known plaintext approach                                         
         # The decrypted text seems to start with common English phrases        
         # Let's try "The " as known plaintext                                  
         known = b"The "                                                        
         key_from_known = bytes(ct[i] ^ known[i] for i in range(len(known)))    
         print(f"Key from 'The ': {key_from_known.hex()} =                      
         {repr(key_from_known)}")                                               
                                                                                
         # Try "the "                                                           
         known2 = b"the "                                                       
         key_from_known2 = bytes(ct[i] ^ known2[i] for i in range(len(known2))) 
         print(f"Key from 'the ': {key_from_known2.hex()} =                     
         {repr(key_from_known2)}")                                              
                                                                                
         # The key seems to be "ek6vt8pc7w" (10 bytes)                          
         # Let's verify by checking if the key repeats                          
         key = b'ek6vt8pc7w'                                                    
         print(f"\nUsing key: {repr(key)} (length {len(key)})")                 
                                                                                
         # Decrypt                                                              
         plaintext = bytes(ct[i] ^ key[i % len(key)] for i in range(len(ct)))   
         print(f"\nFull plaintext:")                                            
         print(plaintext.decode('ascii', errors='replace'))                     
                                                                                
         # Find flag                                                            
         if b'actf{' in plaintext:                                              
             idx = plaintext.index(b'actf{')                                    
             end_idx = plaintext.index(b'}', idx) + 1                           
             flag = plaintext[idx:end_idx]                                      
             print(f"\nFlag: {flag}")                                           
             print(f"Flag hex: {flag.hex()}")                                   
             print(f"Flag repr: {repr(flag)}")                                  
         else:                                                                  
             print("\nNo flag found!")                                          
             # Print last 100 bytes                                             
             print(f"Last 100 bytes: {plaintext[-100:]}")                       
         end_of_edit                                                            
                                                                                
INFO     濠电姷顣藉Σ鍛村磻閹捐泛绶ゅù鐘差儏缁愭鎱ㄥ鍡楀姦?MODEL INPUT         
         [File: /__tmp__enigma-drag-6r1_x9km__repo/solve7.py (43 lines total)]  
         1:import string                                                        
         2:                                                                     
         3:# Read ciphertext                                                    
         4:with open('ciphertext.txt', 'r') as f:                               
         5:    hex_str = f.read().strip()                                       
         6:                                                                     
         7:ct = bytes.fromhex(hex_str)                                          
         8:print(f"Ciphertext length: {len(ct)} bytes")                         
         9:                                                                     
         10:# Try known plaintext approach                                      
         11:# The decrypted text seems to start with common English phrases     
         12:# Let's try "The " as known plaintext                               
         13:known = b"The "                                                     
         14:key_from_known = bytes(ct[i] ^ known[i] for i in range(len(known))) 
         15:print(f"Key from 'The ': {key_from_known.hex()} =                   
         {repr(key_from_known)}")                                               
         16:                                                                    
         17:# Try "the "                                                        
         18:known2 = b"the "                                                    
         19:key_from_known2 = bytes(ct[i] ^ known2[i] for i in                  
         range(len(known2)))                                                    
         20:print(f"Key from 'the ': {key_from_known2.hex()} =                  
         {repr(key_from_known2)}")                                              
         21:                                                                    
         22:# The key seems to be "ek6vt8pc7w" (10 bytes)                       
         23:# Let's verify by checking if the key repeats                       
         24:key = b'ek6vt8pc7w'                                                 
         25:print(f"\nUsing key: {repr(key)} (length {len(key)})")              
         26:                                                                    
         27:# Decrypt                                                           
         28:plaintext = bytes(ct[i] ^ key[i % len(key)] for i in range(len(ct)))
         29:print(f"\nFull plaintext:")                                         
         30:print(plaintext.decode('ascii', errors='replace'))                  
         31:                                                                    
         32:# Find flag                                                         
         33:if b'actf{' in plaintext:                                           
         34:    idx = plaintext.index(b'actf{')                                 
         35:    end_idx = plaintext.index(b'}', idx) + 1                        
         36:    flag = plaintext[idx:end_idx]                                   
         37:    print(f"\nFlag: {flag}")                                        
         38:    print(f"Flag hex: {flag.hex()}")                                
         39:    print(f"Flag repr: {repr(flag)}")                               
         40:else:                                                               
         41:    print("\nNo flag found!")                                       
         42:    # Print last 100 bytes                                          
         43:    print(f"Last 100 bytes: {plaintext[-100:]}")                    
         File updated. Please review the changes and make sure they are correct 
         (correct indentation, no duplicate lines, etc). Edit the file again if 
         necessary.                                                             
         (Open file: /__tmp__enigma-drag-6r1_x9km__repo/solve7.py)              
         (Current directory: /__tmp__enigma-drag-6r1_x9km__repo)                
         (Interactive session: n/a)                                             
         bash-$                                                                 
INFO     Messages API request start: model=glm52_10 messages=83 timeout=1170.0s 
         max_tokens=8192 native_tools=False thinking=auto shape=[{'role':       
         'user', 'type': 'str', 'chars': 3565}, {'role': 'assistant', 'type':   
         'str', 'chars': 109}, {'role': 'user', 'type': 'str', 'chars': 28},    
         {'role': 'assistant', 'type': 'str', 'chars': 93}, {'role': 'user',    
         'type': 'str', 'chars': 28}, {'role': 'assistant', 'type': 'str',      
         'chars': 66}, {'role': 'user', 'type': 'str', 'chars': 28}, {'role':   
         'assistant', 'type': 'str', 'chars': 1265}, {'role': 'user', 'type':   
         'str', 'chars': 28}, {'role': 'assistant', 'type': 'str', 'chars':     
         126}, {'role': 'user', 'type': 'str', 'chars': 28}, {'role':           
         'assistant', 'type': 'str', 'chars': 1067}, {'role': 'user', 'type':   
         'str', 'chars': 29}, {'role': 'assistant', 'type': 'str', 'chars': 84},
         {'role': 'user', 'type': 'str', 'chars': 29}, {'role': 'assistant',    
         'type': 'str', 'chars': 1448}, {'role': 'user', 'type': 'str', 'chars':
         29}, {'role': 'assistant', 'type': 'str', 'chars': 87}, {'role':       
         'user', 'type': 'str', 'chars': 29}, {'role': 'assistant', 'type':     
         'str', 'chars': 332}, {'role': 'user', 'type': 'str', 'chars': 28},    
         {'role': 'assistant', 'type': 'str', 'chars': 1741}, {'role': 'user',  
         'type': 'str', 'chars': 29}, {'role': 'assistant', 'type': 'str',      
         'chars': 117}, {'role': 'user', 'type': 'str', 'chars': 29}, {'role':  
         'assistant', 'type': 'str', 'chars': 242}, {'role': 'user', 'type':    
         'str', 'chars': 28}, {'role': 'assistant', 'type': 'str', 'chars':     
         1848}, {'role': 'user', 'type': 'str', 'chars': 29}, {'role':          
         'assistant', 'type': 'str', 'chars': 115}, {'role': 'user', 'type':    
         'str', 'chars': 29}, {'role': 'assistant', 'type': 'str', 'chars':     
         297}, {'role': 'user', 'type': 'str', 'chars': 28}, {'role':           
         'assistant', 'type': 'str', 'chars': 187}, {'role': 'user', 'type':    
         'str', 'chars': 28}, {'role': 'assistant', 'type': 'str', 'chars':     
         218}, {'role': 'user', 'type': 'str', 'chars': 28}, {'role':           
         'assistant', 'type': 'str', 'chars': 158}, {'role': 'user', 'type':    
         'str', 'chars': 28}, {'role': 'assistant', 'type': 'str', 'chars':     
         1435}, {'role': 'user', 'type': 'str', 'chars': 29}, {'role':          
         'assistant', 'type': 'str', 'chars': 109}, {'role': 'user', 'type':    
         'str', 'chars': 29}, {'role': 'assistant', 'type': 'str', 'chars':     
         217}, {'role': 'user', 'type': 'str', 'chars': 28}, {'role':           
         'assistant', 'type': 'str', 'chars': 2288}, {'role': 'user', 'type':   
         'str', 'chars': 29}, {'role': 'assistant', 'type': 'str', 'chars': 96},
         {'role': 'user', 'type': 'str', 'chars': 29}, {'role': 'assistant',    
         'type': 'str', 'chars': 260}, {'role': 'user', 'type': 'str', 'chars': 
         28}, {'role': 'assistant', 'type': 'str', 'chars': 2765}, {'role':     
         'user', 'type': 'str', 'chars': 29}, {'role': 'assistant', 'type':     
         'str', 'chars': 115}, {'role': 'user', 'type': 'str', 'chars': 28},    
         {'role': 'assistant', 'type': 'str', 'chars': 951}, {'role': 'user',   
         'type': 'str', 'chars': 29}, {'role': 'assistant', 'type': 'str',      
         'chars': 67}, {'role': 'user', 'type': 'str', 'chars': 29}, {'role':   
         'assistant', 'type': 'str', 'chars': 225}, {'role': 'user', 'type':    
         'str', 'chars': 28}, {'role': 'assistant', 'type': 'str', 'chars':     
         110}, {'role': 'user', 'type': 'str', 'chars': 28}, {'role':           
         'assistant', 'type': 'str', 'chars': 113}, {'role': 'user', 'type':    
         'str', 'chars': 29}, {'role': 'assistant', 'type': 'str', 'chars':     
         224}, {'role': 'user', 'type': 'str', 'chars': 30}, {'role':           
         'assistant', 'type': 'str', 'chars': 123}, {'role': 'user', 'type':    
         'str', 'chars': 30}, {'role': 'assistant', 'type': 'str', 'chars':     
         490}, {'role': 'user', 'type': 'str', 'chars': 28}, {'role':           
         'assistant', 'type': 'str', 'chars': 786}, {'role': 'user', 'type':    
         'str', 'chars': 28}, {'role': 'assistant', 'type': 'str', 'chars':     
         1623}, {'role': 'user', 'type': 'str', 'chars': 1861}, {'role':        
         'assistant', 'type': 'str', 'chars': 108}, {'role': 'user', 'type':    
         'str', 'chars': 2887}, {'role': 'assistant', 'type': 'str', 'chars':   
         221}, {'role': 'user', 'type': 'str', 'chars': 310}, {'role':          
         'assistant', 'type': 'str', 'chars': 229}, {'role': 'user', 'type':    
         'str', 'chars': 219}, {'role': 'assistant', 'type': 'str', 'chars':    
         1481}, {'role': 'user', 'type': 'str', 'chars': 1836}]                 
INFO     Messages API response received: status=200 elapsed=2.6s                
DEBUG    input_tokens=12,224, output_tokens=27, instance_cost=0.00, cost=0.00   
DEBUG    total_tokens_sent=353,500, total_tokens_received=29,647,               
         total_cost=0.00, total_api_calls=42                                    
INFO     濠电姷顣藉Σ鍛村磻閹捐泛绶ゅù鐘差儏閻ゎ喗銇勯弽銊х焼闁?THOUGHT (primary)
         DISCUSSION                                                             
         Let me run this script to verify the key and flag.                     
                                                                                
INFO     濠电姷顣藉Σ鍛村磻閹捐泛绶ゅù鐘差儏閻ゎ喗銇勯幇鈺佲偓妤佺▔?ACTION       
         (primary)                                                              
         python3 solve7.py                                                      
                                                                                
INFO     濠电姷顣藉Σ鍛村磻閹捐泛绶ゅù鐘差儏缁愭鎱ㄥ鍡楀姦?MODEL INPUT         
         Ciphertext length: 693 bytes                                           
         Key from 'The ': 78657339 = b'xes9'                                    
         Key from 'the ': 58657339 = b'Xes9'                                    
                                                                                
         Using key: b'ek6vt8pc7w' (length 10)                                   
                                                                                
         Full plaintext:                                                        
         If only gray-eyed Athene would deign to love you, as in those days she 
         used so to take care of glorious Odysseus in the Trojan country, where 
         we Achaians suffered miseries; for I never saw the gods showing such   
         open affection as Pallas Athene, the way she stood beside him, openly; 
         if she would deign to love you as she did him, and care for you in her 
         heart, then some of those people might well forget about marrying.'    
         Then the thoughtful Telemachos said to him in answer: 'Old sir, I think
         that what you have said will not be accomplished. What you mean is too 
         big. It bewilders me. That which I hope for could never happen to me,  
         not even if the gods so willed it. actf{1_key_is_used_once}            
                                                                                
         Flag: b'actf{1_key_is_used_once}'                                      
         Flag hex: 616374667b315f6b65795f69735f757365645f6f6e63657d             
         Flag repr: b'actf{1_key_is_used_once}'                                 
         (Open file: /__tmp__enigma-drag-6r1_x9km__repo/solve7.py)              
         (Current directory: /__tmp__enigma-drag-6r1_x9km__repo)                
         (Interactive session: n/a)                                             
         bash-$                                                                 
INFO     Messages API request start: model=glm52_10 messages=85 timeout=1170.0s 
         max_tokens=8192 native_tools=False thinking=auto shape=[{'role':       
         'user', 'type': 'str', 'chars': 3565}, {'role': 'assistant', 'type':   
         'str', 'chars': 109}, {'role': 'user', 'type': 'str', 'chars': 28},    
         {'role': 'assistant', 'type': 'str', 'chars': 93}, {'role': 'user',    
         'type': 'str', 'chars': 28}, {'role': 'assistant', 'type': 'str',      
         'chars': 66}, {'role': 'user', 'type': 'str', 'chars': 28}, {'role':   
         'assistant', 'type': 'str', 'chars': 1265}, {'role': 'user', 'type':   
         'str', 'chars': 28}, {'role': 'assistant', 'type': 'str', 'chars':     
         126}, {'role': 'user', 'type': 'str', 'chars': 28}, {'role':           
         'assistant', 'type': 'str', 'chars': 1067}, {'role': 'user', 'type':   
         'str', 'chars': 29}, {'role': 'assistant', 'type': 'str', 'chars': 84},
         {'role': 'user', 'type': 'str', 'chars': 29}, {'role': 'assistant',    
         'type': 'str', 'chars': 1448}, {'role': 'user', 'type': 'str', 'chars':
         29}, {'role': 'assistant', 'type': 'str', 'chars': 87}, {'role':       
         'user', 'type': 'str', 'chars': 29}, {'role': 'assistant', 'type':     
         'str', 'chars': 332}, {'role': 'user', 'type': 'str', 'chars': 28},    
         {'role': 'assistant', 'type': 'str', 'chars': 1741}, {'role': 'user',  
         'type': 'str', 'chars': 29}, {'role': 'assistant', 'type': 'str',      
         'chars': 117}, {'role': 'user', 'type': 'str', 'chars': 29}, {'role':  
         'assistant', 'type': 'str', 'chars': 242}, {'role': 'user', 'type':    
         'str', 'chars': 28}, {'role': 'assistant', 'type': 'str', 'chars':     
         1848}, {'role': 'user', 'type': 'str', 'chars': 29}, {'role':          
         'assistant', 'type': 'str', 'chars': 115}, {'role': 'user', 'type':    
         'str', 'chars': 29}, {'role': 'assistant', 'type': 'str', 'chars':     
         297}, {'role': 'user', 'type': 'str', 'chars': 28}, {'role':           
         'assistant', 'type': 'str', 'chars': 187}, {'role': 'user', 'type':    
         'str', 'chars': 28}, {'role': 'assistant', 'type': 'str', 'chars':     
         218}, {'role': 'user', 'type': 'str', 'chars': 28}, {'role':           
         'assistant', 'type': 'str', 'chars': 158}, {'role': 'user', 'type':    
         'str', 'chars': 28}, {'role': 'assistant', 'type': 'str', 'chars':     
         1435}, {'role': 'user', 'type': 'str', 'chars': 29}, {'role':          
         'assistant', 'type': 'str', 'chars': 109}, {'role': 'user', 'type':    
         'str', 'chars': 29}, {'role': 'assistant', 'type': 'str', 'chars':     
         217}, {'role': 'user', 'type': 'str', 'chars': 28}, {'role':           
         'assistant', 'type': 'str', 'chars': 2288}, {'role': 'user', 'type':   
         'str', 'chars': 29}, {'role': 'assistant', 'type': 'str', 'chars': 96},
         {'role': 'user', 'type': 'str', 'chars': 29}, {'role': 'assistant',    
         'type': 'str', 'chars': 260}, {'role': 'user', 'type': 'str', 'chars': 
         28}, {'role': 'assistant', 'type': 'str', 'chars': 2765}, {'role':     
         'user', 'type': 'str', 'chars': 29}, {'role': 'assistant', 'type':     
         'str', 'chars': 115}, {'role': 'user', 'type': 'str', 'chars': 28},    
         {'role': 'assistant', 'type': 'str', 'chars': 951}, {'role': 'user',   
         'type': 'str', 'chars': 29}, {'role': 'assistant', 'type': 'str',      
         'chars': 67}, {'role': 'user', 'type': 'str', 'chars': 29}, {'role':   
         'assistant', 'type': 'str', 'chars': 225}, {'role': 'user', 'type':    
         'str', 'chars': 28}, {'role': 'assistant', 'type': 'str', 'chars':     
         110}, {'role': 'user', 'type': 'str', 'chars': 28}, {'role':           
         'assistant', 'type': 'str', 'chars': 113}, {'role': 'user', 'type':    
         'str', 'chars': 29}, {'role': 'assistant', 'type': 'str', 'chars':     
         224}, {'role': 'user', 'type': 'str', 'chars': 30}, {'role':           
         'assistant', 'type': 'str', 'chars': 123}, {'role': 'user', 'type':    
         'str', 'chars': 30}, {'role': 'assistant', 'type': 'str', 'chars':     
         490}, {'role': 'user', 'type': 'str', 'chars': 28}, {'role':           
         'assistant', 'type': 'str', 'chars': 786}, {'role': 'user', 'type':    
         'str', 'chars': 28}, {'role': 'assistant', 'type': 'str', 'chars':     
         1623}, {'role': 'user', 'type': 'str', 'chars': 29}, {'role':          
         'assistant', 'type': 'str', 'chars': 108}, {'role': 'user', 'type':    
         'str', 'chars': 2887}, {'role': 'assistant', 'type': 'str', 'chars':   
         221}, {'role': 'user', 'type': 'str', 'chars': 310}, {'role':          
         'assistant', 'type': 'str', 'chars': 229}, {'role': 'user', 'type':    
         'str', 'chars': 219}, {'role': 'assistant', 'type': 'str', 'chars':    
         1481}, {'role': 'user', 'type': 'str', 'chars': 1836}, {'role':        
         'assistant', 'type': 'str', 'chars': 87}, {'role': 'user', 'type':     
         'str', 'chars': 1130}]                                                 
INFO     Messages API response received: status=200 elapsed=239.5s              
WARNING  Messages API empty response: keys=['content', 'id', 'model', 'role',   
         'stop_reason', 'type', 'usage'] block_types=['thinking']               
         stop_reason=max_tokens usage={'input_tokens': 12081, 'output_tokens':  
         8192}                                                                  
WARNING  Messages API returned thinking-only max_tokens; retrying with thinking 
         disabled                                                               
DEBUG    input_tokens=12,075, output_tokens=87, instance_cost=0.00, cost=0.00   
DEBUG    total_tokens_sent=365,575, total_tokens_received=29,734,               
         total_cost=0.00, total_api_calls=43                                    
INFO     濠电姷顣藉Σ鍛村磻閹捐泛绶ゅù鐘差儏閻ゎ喗銇勯弽銊х焼闁?THOUGHT (primary)
         DISCUSSION                                                             
         The flag is clearly `actf{1_key_is_used_once}` and the decryption is   
         perfect - it's a passage from Homer's Odyssey. The key is `ek6vt8pc7w` 
         (10 bytes). Let me try submitting with different variations - maybe    
         there's a whitespace issue or the flag needs to be submitted           
         differently.                                                           
                                                                                
INFO     濠电姷顣藉Σ鍛村磻閹捐泛绶ゅù鐘差儏閻ゎ喗銇勯幇鈺佲偓妤佺▔?ACTION       
         (primary)                                                              
         submit "actf{1_key_is_used_once}"                                      
                                                                                
WARNING  Wrong flag submission found.                                           
INFO     濠电姷顣藉Σ鍛村磻閹捐泛绶ゅù鐘差儏缁愭鎱ㄥ鍡楀姦?MODEL INPUT         
         Wrong flag!                                                            
         (Open file: /__tmp__enigma-drag-6r1_x9km__repo/solve7.py)              
         (Current directory: /__tmp__enigma-drag-6r1_x9km__repo)                
         (Interactive session: n/a)                                             
         bash-$                                                                 
INFO     Messages API request start: model=glm52_10 messages=87 timeout=1170.0s 
         max_tokens=8192 native_tools=False thinking=auto shape=[{'role':       
         'user', 'type': 'str', 'chars': 3565}, {'role': 'assistant', 'type':   
         'str', 'chars': 109}, {'role': 'user', 'type': 'str', 'chars': 28},    
         {'role': 'assistant', 'type': 'str', 'chars': 93}, {'role': 'user',    
         'type': 'str', 'chars': 28}, {'role': 'assistant', 'type': 'str',      
         'chars': 66}, {'role': 'user', 'type': 'str', 'chars': 28}, {'role':   
         'assistant', 'type': 'str', 'chars': 1265}, {'role': 'user', 'type':   
         'str', 'chars': 28}, {'role': 'assistant', 'type': 'str', 'chars':     
         126}, {'role': 'user', 'type': 'str', 'chars': 28}, {'role':           
         'assistant', 'type': 'str', 'chars': 1067}, {'role': 'user', 'type':   
         'str', 'chars': 29}, {'role': 'assistant', 'type': 'str', 'chars': 84},
         {'role': 'user', 'type': 'str', 'chars': 29}, {'role': 'assistant',    
         'type': 'str', 'chars': 1448}, {'role': 'user', 'type': 'str', 'chars':
         29}, {'role': 'assistant', 'type': 'str', 'chars': 87}, {'role':       
         'user', 'type': 'str', 'chars': 29}, {'role': 'assistant', 'type':     
         'str', 'chars': 332}, {'role': 'user', 'type': 'str', 'chars': 28},    
         {'role': 'assistant', 'type': 'str', 'chars': 1741}, {'role': 'user',  
         'type': 'str', 'chars': 29}, {'role': 'assistant', 'type': 'str',      
         'chars': 117}, {'role': 'user', 'type': 'str', 'chars': 29}, {'role':  
         'assistant', 'type': 'str', 'chars': 242}, {'role': 'user', 'type':    
         'str', 'chars': 28}, {'role': 'assistant', 'type': 'str', 'chars':     
         1848}, {'role': 'user', 'type': 'str', 'chars': 29}, {'role':          
         'assistant', 'type': 'str', 'chars': 115}, {'role': 'user', 'type':    
         'str', 'chars': 29}, {'role': 'assistant', 'type': 'str', 'chars':     
         297}, {'role': 'user', 'type': 'str', 'chars': 28}, {'role':           
         'assistant', 'type': 'str', 'chars': 187}, {'role': 'user', 'type':    
         'str', 'chars': 28}, {'role': 'assistant', 'type': 'str', 'chars':     
         218}, {'role': 'user', 'type': 'str', 'chars': 28}, {'role':           
         'assistant', 'type': 'str', 'chars': 158}, {'role': 'user', 'type':    
         'str', 'chars': 28}, {'role': 'assistant', 'type': 'str', 'chars':     
         1435}, {'role': 'user', 'type': 'str', 'chars': 29}, {'role':          
         'assistant', 'type': 'str', 'chars': 109}, {'role': 'user', 'type':    
         'str', 'chars': 29}, {'role': 'assistant', 'type': 'str', 'chars':     
         217}, {'role': 'user', 'type': 'str', 'chars': 28}, {'role':           
         'assistant', 'type': 'str', 'chars': 2288}, {'role': 'user', 'type':   
         'str', 'chars': 29}, {'role': 'assistant', 'type': 'str', 'chars': 96},
         {'role': 'user', 'type': 'str', 'chars': 29}, {'role': 'assistant',    
         'type': 'str', 'chars': 260}, {'role': 'user', 'type': 'str', 'chars': 
         28}, {'role': 'assistant', 'type': 'str', 'chars': 2765}, {'role':     
         'user', 'type': 'str', 'chars': 29}, {'role': 'assistant', 'type':     
         'str', 'chars': 115}, {'role': 'user', 'type': 'str', 'chars': 28},    
         {'role': 'assistant', 'type': 'str', 'chars': 951}, {'role': 'user',   
         'type': 'str', 'chars': 29}, {'role': 'assistant', 'type': 'str',      
         'chars': 67}, {'role': 'user', 'type': 'str', 'chars': 29}, {'role':   
         'assistant', 'type': 'str', 'chars': 225}, {'role': 'user', 'type':    
         'str', 'chars': 28}, {'role': 'assistant', 'type': 'str', 'chars':     
         110}, {'role': 'user', 'type': 'str', 'chars': 28}, {'role':           
         'assistant', 'type': 'str', 'chars': 113}, {'role': 'user', 'type':    
         'str', 'chars': 29}, {'role': 'assistant', 'type': 'str', 'chars':     
         224}, {'role': 'user', 'type': 'str', 'chars': 30}, {'role':           
         'assistant', 'type': 'str', 'chars': 123}, {'role': 'user', 'type':    
         'str', 'chars': 30}, {'role': 'assistant', 'type': 'str', 'chars':     
         490}, {'role': 'user', 'type': 'str', 'chars': 28}, {'role':           
         'assistant', 'type': 'str', 'chars': 786}, {'role': 'user', 'type':    
         'str', 'chars': 28}, {'role': 'assistant', 'type': 'str', 'chars':     
         1623}, {'role': 'user', 'type': 'str', 'chars': 29}, {'role':          
         'assistant', 'type': 'str', 'chars': 108}, {'role': 'user', 'type':    
         'str', 'chars': 29}, {'role': 'assistant', 'type': 'str', 'chars':     
         221}, {'role': 'user', 'type': 'str', 'chars': 310}, {'role':          
         'assistant', 'type': 'str', 'chars': 229}, {'role': 'user', 'type':    
         'str', 'chars': 219}, {'role': 'assistant', 'type': 'str', 'chars':    
         1481}, {'role': 'user', 'type': 'str', 'chars': 1836}, {'role':        
         'assistant', 'type': 'str', 'chars': 87}, {'role': 'user', 'type':     
         'str', 'chars': 1130}, {'role': 'assistant', 'type': 'str', 'chars':   
         334}, {'role': 'user', 'type': 'str', 'chars': 159}]                   
INFO     Messages API response received: status=200 elapsed=248.0s              
WARNING  Messages API empty response: keys=['content', 'id', 'model', 'role',   
         'stop_reason', 'type', 'usage'] block_types=['thinking']               
         stop_reason=max_tokens usage={'input_tokens': 11009, 'output_tokens':  
         8192}                                                                  
WARNING  Messages API returned thinking-only max_tokens; retrying with thinking 
         disabled                                                               
DEBUG    input_tokens=11,003, output_tokens=81, instance_cost=0.00, cost=0.00   
DEBUG    total_tokens_sent=376,578, total_tokens_received=29,815,               
         total_cost=0.00, total_api_calls=44                                    
INFO     濠电姷顣藉Σ鍛村磻閹捐泛绶ゅù鐘差儏閻ゎ喗銇勯弽銊х焼闁?THOUGHT (primary)
         DISCUSSION                                                             
         The flag keeps getting rejected. Let me reconsider the problem. Maybe  
         the key isn't exactly `ek6vt8pc7w` - maybe there are multiple valid    
         keys that produce printable ASCII but give different flags. Let me     
         check if there are alternative key bytes at the flag positions that    
         also produce valid plaintext for the rest of the text.                 
                                                                                
INFO     濠电姷顣藉Σ鍛村磻閹捐泛绶ゅù鐘差儏閻ゎ喗銇勯幇鈺佲偓妤佺▔?ACTION       
         (primary)                                                              
         create solve8.py                                                       
                                                                                
INFO     濠电姷顣藉Σ鍛村磻閹捐泛绶ゅù鐘差儏缁愭鎱ㄥ鍡楀姦?MODEL INPUT         
         [File: /__tmp__enigma-drag-6r1_x9km__repo/solve8.py (1 lines total)]   
         1:                                                                     
         (Open file: /__tmp__enigma-drag-6r1_x9km__repo/solve8.py)              
         (Current directory: /__tmp__enigma-drag-6r1_x9km__repo)                
         (Interactive session: n/a)                                             
         bash-$                                                                 
INFO     Messages API request start: model=glm52_10 messages=89 timeout=1170.0s 
         max_tokens=8192 native_tools=False thinking=auto shape=[{'role':       
         'user', 'type': 'str', 'chars': 3565}, {'role': 'assistant', 'type':   
         'str', 'chars': 109}, {'role': 'user', 'type': 'str', 'chars': 28},    
         {'role': 'assistant', 'type': 'str', 'chars': 93}, {'role': 'user',    
         'type': 'str', 'chars': 28}, {'role': 'assistant', 'type': 'str',      
         'chars': 66}, {'role': 'user', 'type': 'str', 'chars': 28}, {'role':   
         'assistant', 'type': 'str', 'chars': 1265}, {'role': 'user', 'type':   
         'str', 'chars': 28}, {'role': 'assistant', 'type': 'str', 'chars':     
         126}, {'role': 'user', 'type': 'str', 'chars': 28}, {'role':           
         'assistant', 'type': 'str', 'chars': 1067}, {'role': 'user', 'type':   
         'str', 'chars': 29}, {'role': 'assistant', 'type': 'str', 'chars': 84},
         {'role': 'user', 'type': 'str', 'chars': 29}, {'role': 'assistant',    
         'type': 'str', 'chars': 1448}, {'role': 'user', 'type': 'str', 'chars':
         29}, {'role': 'assistant', 'type': 'str', 'chars': 87}, {'role':       
         'user', 'type': 'str', 'chars': 29}, {'role': 'assistant', 'type':     
         'str', 'chars': 332}, {'role': 'user', 'type': 'str', 'chars': 28},    
         {'role': 'assistant', 'type': 'str', 'chars': 1741}, {'role': 'user',  
         'type': 'str', 'chars': 29}, {'role': 'assistant', 'type': 'str',      
         'chars': 117}, {'role': 'user', 'type': 'str', 'chars': 29}, {'role':  
         'assistant', 'type': 'str', 'chars': 242}, {'role': 'user', 'type':    
         'str', 'chars': 28}, {'role': 'assistant', 'type': 'str', 'chars':     
         1848}, {'role': 'user', 'type': 'str', 'chars': 29}, {'role':          
         'assistant', 'type': 'str', 'chars': 115}, {'role': 'user', 'type':    
         'str', 'chars': 29}, {'role': 'assistant', 'type': 'str', 'chars':     
         297}, {'role': 'user', 'type': 'str', 'chars': 28}, {'role':           
         'assistant', 'type': 'str', 'chars': 187}, {'role': 'user', 'type':    
         'str', 'chars': 28}, {'role': 'assistant', 'type': 'str', 'chars':     
         218}, {'role': 'user', 'type': 'str', 'chars': 28}, {'role':           
         'assistant', 'type': 'str', 'chars': 158}, {'role': 'user', 'type':    
         'str', 'chars': 28}, {'role': 'assistant', 'type': 'str', 'chars':     
         1435}, {'role': 'user', 'type': 'str', 'chars': 29}, {'role':          
         'assistant', 'type': 'str', 'chars': 109}, {'role': 'user', 'type':    
         'str', 'chars': 29}, {'role': 'assistant', 'type': 'str', 'chars':     
         217}, {'role': 'user', 'type': 'str', 'chars': 28}, {'role':           
         'assistant', 'type': 'str', 'chars': 2288}, {'role': 'user', 'type':   
         'str', 'chars': 29}, {'role': 'assistant', 'type': 'str', 'chars': 96},
         {'role': 'user', 'type': 'str', 'chars': 29}, {'role': 'assistant',    
         'type': 'str', 'chars': 260}, {'role': 'user', 'type': 'str', 'chars': 
         28}, {'role': 'assistant', 'type': 'str', 'chars': 2765}, {'role':     
         'user', 'type': 'str', 'chars': 29}, {'role': 'assistant', 'type':     
         'str', 'chars': 115}, {'role': 'user', 'type': 'str', 'chars': 28},    
         {'role': 'assistant', 'type': 'str', 'chars': 951}, {'role': 'user',   
         'type': 'str', 'chars': 29}, {'role': 'assistant', 'type': 'str',      
         'chars': 67}, {'role': 'user', 'type': 'str', 'chars': 29}, {'role':   
         'assistant', 'type': 'str', 'chars': 225}, {'role': 'user', 'type':    
         'str', 'chars': 28}, {'role': 'assistant', 'type': 'str', 'chars':     
         110}, {'role': 'user', 'type': 'str', 'chars': 28}, {'role':           
         'assistant', 'type': 'str', 'chars': 113}, {'role': 'user', 'type':    
         'str', 'chars': 29}, {'role': 'assistant', 'type': 'str', 'chars':     
         224}, {'role': 'user', 'type': 'str', 'chars': 30}, {'role':           
         'assistant', 'type': 'str', 'chars': 123}, {'role': 'user', 'type':    
         'str', 'chars': 30}, {'role': 'assistant', 'type': 'str', 'chars':     
         490}, {'role': 'user', 'type': 'str', 'chars': 28}, {'role':           
         'assistant', 'type': 'str', 'chars': 786}, {'role': 'user', 'type':    
         'str', 'chars': 28}, {'role': 'assistant', 'type': 'str', 'chars':     
         1623}, {'role': 'user', 'type': 'str', 'chars': 29}, {'role':          
         'assistant', 'type': 'str', 'chars': 108}, {'role': 'user', 'type':    
         'str', 'chars': 29}, {'role': 'assistant', 'type': 'str', 'chars':     
         221}, {'role': 'user', 'type': 'str', 'chars': 28}, {'role':           
         'assistant', 'type': 'str', 'chars': 229}, {'role': 'user', 'type':    
         'str', 'chars': 219}, {'role': 'assistant', 'type': 'str', 'chars':    
         1481}, {'role': 'user', 'type': 'str', 'chars': 1836}, {'role':        
         'assistant', 'type': 'str', 'chars': 87}, {'role': 'user', 'type':     
         'str', 'chars': 1130}, {'role': 'assistant', 'type': 'str', 'chars':   
         334}, {'role': 'user', 'type': 'str', 'chars': 159}, {'role':          
         'assistant', 'type': 'str', 'chars': 363}, {'role': 'user', 'type':    
         'str', 'chars': 219}]                                                  
INFO     Messages API response received: status=200 elapsed=32.0s               
DEBUG    input_tokens=11,079, output_tokens=1,134, instance_cost=0.00, cost=0.00
DEBUG    total_tokens_sent=387,657, total_tokens_received=30,949,               
         total_cost=0.00, total_api_calls=45                                    
INFO     濠电姷顣藉Σ鍛村磻閹捐泛绶ゅù鐘差儏閻ゎ喗銇勯弽銊х焼闁?THOUGHT (primary)
         DISCUSSION                                                             
         Let me write a script that checks for each key position how many       
         candidate key bytes produce ALL printable ASCII, and explore           
         alternatives that might give a different flag.                         
                                                                                
INFO     濠电姷顣藉Σ鍛村磻閹捐泛绶ゅù鐘差儏閻ゎ喗銇勯幇鈺佲偓妤佺▔?ACTION       
         (primary)                                                              
         edit 1:1                                                               
         import string                                                          
                                                                                
         # Read ciphertext                                                      
         with open('ciphertext.txt', 'r') as f:                                 
             hex_str = f.read().strip()                                         
                                                                                
         ct = bytes.fromhex(hex_str)                                            
                                                                                
         KEYLEN = 10                                                            
                                                                                
         # For each position, find ALL key bytes that produce only printable    
         ASCII                                                                  
         all_candidates = []                                                    
         for pos in range(KEYLEN):                                              
             candidates = []                                                    
             for candidate in range(256):                                       
                 all_printable = True                                           
                 for i in range(pos, len(ct), KEYLEN):                          
                     pt_byte = ct[i] ^ candidate                                
                     if chr(pt_byte) not in string.printable:                   
                         all_printable = False                                  
                         break                                                  
                 if all_printable:                                              
                     candidates.append(candidate)                               
             all_candidates.append(candidates)                                  
             print(f"Key pos {pos}: {len(candidates)} candidates: {[hex(c) for c
         in candidates]}")                                                      
                                                                                
         # Now check: for each key position, what are the alternatives at the   
         flag positions?                                                        
         # Flag is at positions 669-692                                         
         print("\nFlag positions and key positions:")                           
         for flag_pos in range(669, 693):                                       
             key_pos = flag_pos % KEYLEN                                        
             ct_byte = ct[flag_pos]                                             
             print(f"  Flag pos {flag_pos} (key pos {key_pos}):                 
         ct=0x{ct_byte:02x}, candidates: ", end="")                             
             for c in all_candidates[key_pos]:                                  
                 pt = ct_byte ^ c                                               
                 print(f"'{chr(pt)}'(0x{c:02x}) ", end="")                      
             print()                                                            
                                                                                
         # Try all combinations (if feasible)                                   
         from itertools import product                                          
         total_combos = 1                                                       
         for c in all_candidates:                                               
             total_combos *= len(c)                                             
         print(f"\nTotal combinations: {total_combos}")                         
                                                                                
         if total_combos < 100000:                                              
             for combo in product(*all_candidates):                             
                 key = bytes(combo)                                             
                 plaintext = bytes(ct[i] ^ key[i % KEYLEN] for i in             
         range(len(ct)))                                                        
                 if b'actf{' in plaintext:                                      
                     idx = plaintext.index(b'actf{')                            
                     end_idx = plaintext.index(b'}', idx) + 1                   
                     flag = plaintext[idx:end_idx]                              
                     print(f"Key {repr(key)}: flag = {flag}")                   
         end_of_edit                                                            
                                                                                
INFO     濠电姷顣藉Σ鍛村磻閹捐泛绶ゅù鐘差儏缁愭鎱ㄥ鍡楀姦?MODEL INPUT         
         [File: /__tmp__enigma-drag-6r1_x9km__repo/solve8.py (54 lines total)]  
         1:import string                                                        
         2:                                                                     
         3:# Read ciphertext                                                    
         4:with open('ciphertext.txt', 'r') as f:                               
         5:    hex_str = f.read().strip()                                       
         6:                                                                     
         7:ct = bytes.fromhex(hex_str)                                          
         8:                                                                     
         9:KEYLEN = 10                                                          
         10:                                                                    
         11:# For each position, find ALL key bytes that produce only printable 
         ASCII                                                                  
         12:all_candidates = []                                                 
         13:for pos in range(KEYLEN):                                           
         14:    candidates = []                                                 
         15:    for candidate in range(256):                                    
         16:        all_printable = True                                        
         17:        for i in range(pos, len(ct), KEYLEN):                       
         18:            pt_byte = ct[i] ^ candidate                             
         19:            if chr(pt_byte) not in string.printable:                
         20:                all_printable = False                               
         21:                break                                               
         22:        if all_printable:                                           
         23:            candidates.append(candidate)                            
         24:    all_candidates.append(candidates)                               
         25:    print(f"Key pos {pos}: {len(candidates)} candidates: {[hex(c)   
         for c in candidates]}")                                                
         26:                                                                    
         27:# Now check: for each key position, what are the alternatives at the
         flag positions?                                                        
         28:# Flag is at positions 669-692                                      
         29:print("\nFlag positions and key positions:")                        
         30:for flag_pos in range(669, 693):                                    
         31:    key_pos = flag_pos % KEYLEN                                     
         32:    ct_byte = ct[flag_pos]                                          
         33:    print(f"  Flag pos {flag_pos} (key pos {key_pos}):              
         ct=0x{ct_byte:02x}, candidates: ", end="")                             
         34:    for c in all_candidates[key_pos]:                               
         35:        pt = ct_byte ^ c                                            
         36:        print(f"'{chr(pt)}'(0x{c:02x}) ", end="")                   
         37:    print()                                                         
         38:                                                                    
         39:# Try all combinations (if feasible)                                
         40:from itertools import product                                       
         41:total_combos = 1                                                    
         42:for c in all_candidates:                                            
         43:    total_combos *= len(c)                                          
         44:print(f"\nTotal combinations: {total_combos}")                      
         45:                                                                    
         46:if total_combos < 100000:                                           
         47:    for combo in product(*all_candidates):                          
         48:        key = bytes(combo)                                          
         49:        plaintext = bytes(ct[i] ^ key[i % KEYLEN] for i in          
         range(len(ct)))                                                        
         50:        if b'actf{' in plaintext:                                   
         51:            idx = plaintext.index(b'actf{')                         
         52:            end_idx = plaintext.index(b'}', idx) + 1                
         53:            flag = plaintext[idx:end_idx]                           
         54:            print(f"Key {repr(key)}: flag = {flag}")                
         File updated. Please review the changes and make sure they are correct 
         (correct indentation, no duplicate lines, etc). Edit the file again if 
         necessary.                                                             
         (Open file: /__tmp__enigma-drag-6r1_x9km__repo/solve8.py)              
         (Current directory: /__tmp__enigma-drag-6r1_x9km__repo)                
         (Interactive session: n/a)                                             
         bash-$                                                                 
INFO     Messages API request start: model=glm52_10 messages=91 timeout=1170.0s 
         max_tokens=8192 native_tools=False thinking=auto shape=[{'role':       
         'user', 'type': 'str', 'chars': 3565}, {'role': 'assistant', 'type':   
         'str', 'chars': 109}, {'role': 'user', 'type': 'str', 'chars': 28},    
         {'role': 'assistant', 'type': 'str', 'chars': 93}, {'role': 'user',    
         'type': 'str', 'chars': 28}, {'role': 'assistant', 'type': 'str',      
         'chars': 66}, {'role': 'user', 'type': 'str', 'chars': 28}, {'role':   
         'assistant', 'type': 'str', 'chars': 1265}, {'role': 'user', 'type':   
         'str', 'chars': 28}, {'role': 'assistant', 'type': 'str', 'chars':     
         126}, {'role': 'user', 'type': 'str', 'chars': 28}, {'role':           
         'assistant', 'type': 'str', 'chars': 1067}, {'role': 'user', 'type':   
         'str', 'chars': 29}, {'role': 'assistant', 'type': 'str', 'chars': 84},
         {'role': 'user', 'type': 'str', 'chars': 29}, {'role': 'assistant',    
         'type': 'str', 'chars': 1448}, {'role': 'user', 'type': 'str', 'chars':
         29}, {'role': 'assistant', 'type': 'str', 'chars': 87}, {'role':       
         'user', 'type': 'str', 'chars': 29}, {'role': 'assistant', 'type':     
         'str', 'chars': 332}, {'role': 'user', 'type': 'str', 'chars': 28},    
         {'role': 'assistant', 'type': 'str', 'chars': 1741}, {'role': 'user',  
         'type': 'str', 'chars': 29}, {'role': 'assistant', 'type': 'str',      
         'chars': 117}, {'role': 'user', 'type': 'str', 'chars': 29}, {'role':  
         'assistant', 'type': 'str', 'chars': 242}, {'role': 'user', 'type':    
         'str', 'chars': 28}, {'role': 'assistant', 'type': 'str', 'chars':     
         1848}, {'role': 'user', 'type': 'str', 'chars': 29}, {'role':          
         'assistant', 'type': 'str', 'chars': 115}, {'role': 'user', 'type':    
         'str', 'chars': 29}, {'role': 'assistant', 'type': 'str', 'chars':     
         297}, {'role': 'user', 'type': 'str', 'chars': 28}, {'role':           
         'assistant', 'type': 'str', 'chars': 187}, {'role': 'user', 'type':    
         'str', 'chars': 28}, {'role': 'assistant', 'type': 'str', 'chars':     
         218}, {'role': 'user', 'type': 'str', 'chars': 28}, {'role':           
         'assistant', 'type': 'str', 'chars': 158}, {'role': 'user', 'type':    
         'str', 'chars': 28}, {'role': 'assistant', 'type': 'str', 'chars':     
         1435}, {'role': 'user', 'type': 'str', 'chars': 29}, {'role':          
         'assistant', 'type': 'str', 'chars': 109}, {'role': 'user', 'type':    
         'str', 'chars': 29}, {'role': 'assistant', 'type': 'str', 'chars':     
         217}, {'role': 'user', 'type': 'str', 'chars': 28}, {'role':           
         'assistant', 'type': 'str', 'chars': 2288}, {'role': 'user', 'type':   
         'str', 'chars': 29}, {'role': 'assistant', 'type': 'str', 'chars': 96},
         {'role': 'user', 'type': 'str', 'chars': 29}, {'role': 'assistant',    
         'type': 'str', 'chars': 260}, {'role': 'user', 'type': 'str', 'chars': 
         28}, {'role': 'assistant', 'type': 'str', 'chars': 2765}, {'role':     
         'user', 'type': 'str', 'chars': 29}, {'role': 'assistant', 'type':     
         'str', 'chars': 115}, {'role': 'user', 'type': 'str', 'chars': 28},    
         {'role': 'assistant', 'type': 'str', 'chars': 951}, {'role': 'user',   
         'type': 'str', 'chars': 29}, {'role': 'assistant', 'type': 'str',      
         'chars': 67}, {'role': 'user', 'type': 'str', 'chars': 29}, {'role':   
         'assistant', 'type': 'str', 'chars': 225}, {'role': 'user', 'type':    
         'str', 'chars': 28}, {'role': 'assistant', 'type': 'str', 'chars':     
         110}, {'role': 'user', 'type': 'str', 'chars': 28}, {'role':           
         'assistant', 'type': 'str', 'chars': 113}, {'role': 'user', 'type':    
         'str', 'chars': 29}, {'role': 'assistant', 'type': 'str', 'chars':     
         224}, {'role': 'user', 'type': 'str', 'chars': 30}, {'role':           
         'assistant', 'type': 'str', 'chars': 123}, {'role': 'user', 'type':    
         'str', 'chars': 30}, {'role': 'assistant', 'type': 'str', 'chars':     
         490}, {'role': 'user', 'type': 'str', 'chars': 28}, {'role':           
         'assistant', 'type': 'str', 'chars': 786}, {'role': 'user', 'type':    
         'str', 'chars': 28}, {'role': 'assistant', 'type': 'str', 'chars':     
         1623}, {'role': 'user', 'type': 'str', 'chars': 29}, {'role':          
         'assistant', 'type': 'str', 'chars': 108}, {'role': 'user', 'type':    
         'str', 'chars': 29}, {'role': 'assistant', 'type': 'str', 'chars':     
         221}, {'role': 'user', 'type': 'str', 'chars': 28}, {'role':           
         'assistant', 'type': 'str', 'chars': 229}, {'role': 'user', 'type':    
         'str', 'chars': 28}, {'role': 'assistant', 'type': 'str', 'chars':     
         1481}, {'role': 'user', 'type': 'str', 'chars': 1836}, {'role':        
         'assistant', 'type': 'str', 'chars': 87}, {'role': 'user', 'type':     
         'str', 'chars': 1130}, {'role': 'assistant', 'type': 'str', 'chars':   
         334}, {'role': 'user', 'type': 'str', 'chars': 159}, {'role':          
         'assistant', 'type': 'str', 'chars': 363}, {'role': 'user', 'type':    
         'str', 'chars': 219}, {'role': 'assistant', 'type': 'str', 'chars':    
         2013}, {'role': 'user', 'type': 'str', 'chars': 2324}]                 
INFO     Messages API response received: status=200 elapsed=1.9s                
DEBUG    input_tokens=12,215, output_tokens=29, instance_cost=0.00, cost=0.00   
DEBUG    total_tokens_sent=399,872, total_tokens_received=30,978,               
         total_cost=0.00, total_api_calls=46                                    
INFO     濠电姷顣藉Σ鍛村磻閹捐泛绶ゅù鐘差儏閻ゎ喗銇勯弽銊х焼闁?THOUGHT (primary)
         DISCUSSION                                                             
         Let me run this script to see all possible valid decryptions.          
                                                                                
INFO     濠电姷顣藉Σ鍛村磻閹捐泛绶ゅù鐘差儏閻ゎ喗銇勯幇鈺佲偓妤佺▔?ACTION       
         (primary)                                                              
         python3 solve8.py                                                      
                                                                                
INFO     濠电姷顣藉Σ鍛村磻閹捐泛绶ゅù鐘差儏缁愭鎱ㄥ鍡楀姦?MODEL INPUT         
         Key pos 0: 15 candidates: ['0x60', '0x61', '0x62', '0x64', '0x65',     
         '0x66', '0x67', '0x6a', '0x6b', '0x6c', '0x70', '0x71', '0x78', '0x7a',
         '0x7c']                                                                
         Key pos 1: 16 candidates: ['0x32', '0x33', '0x35', '0x36', '0x65',     
         '0x68', '0x69', '0x6a', '0x6b', '0x6c', '0x6e', '0x6f', '0x73', '0x74',
         '0x76', '0x7e']                                                        
         Key pos 2: 17 candidates: ['0x22', '0x23', '0x28', '0x29', '0x2a',     
         '0x2e', '0x31', '0x32', '0x33', '0x35', '0x36', '0x37', '0x38', '0x3c',
         '0x60', '0x62', '0x63']                                                
         Key pos 3: 17 candidates: ['0x28', '0x2a', '0x2b', '0x2c', '0x2d',     
         '0x62', '0x69', '0x6b', '0x71', '0x73', '0x74', '0x75', '0x76', '0x77',
         '0x78', '0x7e', '0x7f']                                                
         Key pos 4: 18 candidates: ['0x30', '0x31', '0x32', '0x36', '0x37',     
         '0x61', '0x66', '0x6b', '0x70', '0x71', '0x73', '0x74', '0x75', '0x76',
         '0x77', '0x79', '0x7a', '0x7d']                                        
         Key pos 5: 19 candidates: ['0x12', '0x13', '0x14', '0x15', '0x21',     
         '0x24', '0x27', '0x2c', '0x2d', '0x31', '0x33', '0x36', '0x38', '0x39',
         '0x3a', '0x3b', '0x3c', '0x3d', '0x3f']                                
         Key pos 6: 16 candidates: ['0x59', '0x5a', '0x5c', '0x5d', '0x65',     
         '0x6f', '0x70', '0x71', '0x72', '0x73', '0x74', '0x75', '0x77', '0x7a',
         '0x7e', '0x7f']                                                        
         Key pos 7: 15 candidates: ['0x60', '0x61', '0x62', '0x63', '0x64',     
         '0x65', '0x66', '0x67', '0x6a', '0x6c', '0x6d', '0x76', '0x77', '0x7c',
         '0x7e']                                                                
         Key pos 8: 20 candidates: ['0x22', '0x23', '0x25', '0x28', '0x2a',     
         '0x30', '0x32', '0x33', '0x34', '0x35', '0x36', '0x37', '0x38', '0x39',
         '0x3e', '0x7a', '0x7b', '0x7c', '0x7d', '0x7f']                        
         Key pos 9: 20 candidates: ['0x5a', '0x5b', '0x5c', '0x5d', '0x62',     
         '0x63', '0x65', '0x68', '0x6a', '0x6b', '0x6e', '0x6f', '0x70', '0x72',
         '0x73', '0x74', '0x75', '0x76', '0x77', '0x79']                        
                                                                                
         Flag positions and key positions:                                      
           Flag pos 669 (key pos 9): ct=0x16, candidates: 'L'(0x5a) 'M'(0x5b)   
         'J'(0x5c) 'K'(0x5d) 't'(0x62) 'u'(0x63) 's'(0x65) '~'(0x68) '|'(0x6a)  
         '}'(0x6b) 'x'(0x6e) 'y'(0x6f) 'f'(0x70) 'd'(0x72) 'e'(0x73) 'b'(0x74)  
         'c'(0x75) '`'(0x76) 'a'(0x77) 'o'(0x79)                                
           Flag pos 670 (key pos 0): ct=0x06, candidates: 'f'(0x60) 'g'(0x61)   
         'd'(0x62) 'b'(0x64) 'c'(0x65) '`'(0x66) 'a'(0x67) 'l'(0x6a) 'm'(0x6b)  
         'j'(0x6c) 'v'(0x70) 'w'(0x71) '~'(0x78) '|'(0x7a) 'z'(0x7c)            
           Flag pos 671 (key pos 1): ct=0x1f, candidates: '-'(0x32) ','(0x33)   
         '*'(0x35) ')'(0x36) 'z'(0x65) 'w'(0x68) 'v'(0x69) 'u'(0x6a) 't'(0x6b)  
         's'(0x6c) 'q'(0x6e) 'p'(0x6f) 'l'(0x73) 'k'(0x74) 'i'(0x76) 'a'(0x7e)  
           Flag pos 672 (key pos 2): ct=0x50, candidates: 'r'(0x22) 's'(0x23)   
         'x'(0x28) 'y'(0x29) 'z'(0x2a) '~'(0x2e) 'a'(0x31) 'b'(0x32) 'c'(0x33)  
         'e'(0x35) 'f'(0x36) 'g'(0x37) 'h'(0x38) 'l'(0x3c) '0'(0x60) '2'(0x62)  
         '3'(0x63)                                                              
           Flag pos 673 (key pos 3): ct=0x0d, candidates: '%'(0x28) '''(0x2a)   
         '&'(0x2b) '!'(0x2c) ' '(0x2d) 'o'(0x62) 'd'(0x69) 'f'(0x6b) '|'(0x71)  
         '~'(0x73) 'y'(0x74) 'x'(0x75) '{'(0x76) 'z'(0x77) 'u'(0x78) 's'(0x7e)  
         'r'(0x7f)                                                              
           Flag pos 674 (key pos 4): ct=0x45, candidates: 'u'(0x30) 't'(0x31)   
         'w'(0x32) 's'(0x36) 'r'(0x37) '$'(0x61) '#'(0x66) '.'(0x6b) '5'(0x70)  
         '4'(0x71) '6'(0x73) '1'(0x74) '0'(0x75) '3'(0x76) '2'(0x77) '<'(0x79)  
         '?'(0x7a) '8'(0x7d)                                                    
           Flag pos 675 (key pos 5): ct=0x67, candidates: 'u'(0x12) 't'(0x13)   
         's'(0x14) 'r'(0x15) 'F'(0x21) 'C'(0x24) '@'(0x27) 'K'(0x2c) 'J'(0x2d)  
         'V'(0x31) 'T'(0x33) 'Q'(0x36) '_'(0x38) '^'(0x39) ']'(0x3a) '\'(0x3b)  
         '['(0x3c) 'Z'(0x3d) 'X'(0x3f)                                          
           Flag pos 676 (key pos 6): ct=0x1b, candidates: 'B'(0x59) 'A'(0x5a)   
         'G'(0x5c) 'F'(0x5d) '~'(0x65) 't'(0x6f) 'k'(0x70) 'j'(0x71) 'i'(0x72)  
         'h'(0x73) 'o'(0x74) 'n'(0x75) 'l'(0x77) 'a'(0x7a) 'e'(0x7e) 'd'(0x7f)  
           Flag pos 677 (key pos 7): ct=0x06, candidates: 'f'(0x60) 'g'(0x61)   
         'd'(0x62) 'e'(0x63) 'b'(0x64) 'c'(0x65) '`'(0x66) 'a'(0x67) 'l'(0x6a)  
         'j'(0x6c) 'k'(0x6d) 'p'(0x76) 'q'(0x77) 'z'(0x7c) 'x'(0x7e)            
           Flag pos 678 (key pos 8): ct=0x4e, candidates: 'l'(0x22) 'm'(0x23)   
         'k'(0x25) 'f'(0x28) 'd'(0x2a) '~'(0x30) '|'(0x32) '}'(0x33) 'z'(0x34)  
         '{'(0x35) 'x'(0x36) 'y'(0x37) 'v'(0x38) 'w'(0x39) 'p'(0x3e) '4'(0x7a)  
         '5'(0x7b) '2'(0x7c) '3'(0x7d) '1'(0x7f)                                
           Flag pos 679 (key pos 9): ct=0x28, candidates: 'r'(0x5a) 's'(0x5b)   
         't'(0x5c) 'u'(0x5d) 'J'(0x62) 'K'(0x63) 'M'(0x65) '@'(0x68) 'B'(0x6a)  
         'C'(0x6b) 'F'(0x6e) 'G'(0x6f) 'X'(0x70) 'Z'(0x72) '['(0x73) '\'(0x74)  
         ']'(0x75) '^'(0x76) '_'(0x77) 'Q'(0x79)                                
           Flag pos 680 (key pos 0): ct=0x0c, candidates: 'l'(0x60) 'm'(0x61)   
         'n'(0x62) 'h'(0x64) 'i'(0x65) 'j'(0x66) 'k'(0x67) 'f'(0x6a) 'g'(0x6b)  
         '`'(0x6c) '|'(0x70) '}'(0x71) 't'(0x78) 'v'(0x7a) 'p'(0x7c)            
           Flag pos 681 (key pos 1): ct=0x18, candidates: '*'(0x32) '+'(0x33)   
         '-'(0x35) '.'(0x36) '}'(0x65) 'p'(0x68) 'q'(0x69) 'r'(0x6a) 's'(0x6b)  
         't'(0x6c) 'v'(0x6e) 'w'(0x6f) 'k'(0x73) 'l'(0x74) 'n'(0x76) 'f'(0x7e)  
           Flag pos 682 (key pos 2): ct=0x69, candidates: 'K'(0x22) 'J'(0x23)   
         'A'(0x28) '@'(0x29) 'C'(0x2a) 'G'(0x2e) 'X'(0x31) '['(0x32) 'Z'(0x33)  
         '\'(0x35) '_'(0x36) '^'(0x37) 'Q'(0x38) 'U'(0x3c) '  '(0x60) '         
         '(0x62) '                                                              
         '(0x63)                                                                
           Flag pos 683 (key pos 3): ct=0x03, candidates: '+'(0x28) ')'(0x2a)   
         '('(0x2b) '/'(0x2c) '.'(0x2d) 'a'(0x62) 'j'(0x69) 'h'(0x6b) 'r'(0x71)  
         'p'(0x73) 'w'(0x74) 'v'(0x75) 'u'(0x76) 't'(0x77) '{'(0x78) '}'(0x7e)  
         '|'(0x7f)                                                              
           Flag pos 684 (key pos 4): ct=0x07, candidates: '7'(0x30) '6'(0x31)   
         '5'(0x32) '1'(0x36) '0'(0x37) 'f'(0x61) 'a'(0x66) 'l'(0x6b) 'w'(0x70)  
         'v'(0x71) 't'(0x73) 's'(0x74) 'r'(0x75) 'q'(0x76) 'p'(0x77) '~'(0x79)  
         '}'(0x7a) 'z'(0x7d)                                                    
           Flag pos 685 (key pos 5): ct=0x5d, candidates: 'O'(0x12) 'N'(0x13)   
         'I'(0x14) 'H'(0x15) '|'(0x21) 'y'(0x24) 'z'(0x27) 'q'(0x2c) 'p'(0x2d)  
         'l'(0x31) 'n'(0x33) 'k'(0x36) 'e'(0x38) 'd'(0x39) 'g'(0x3a) 'f'(0x3b)  
         'a'(0x3c) '`'(0x3d) 'b'(0x3f)                                          
           Flag pos 686 (key pos 6): ct=0x14, candidates: 'M'(0x59) 'N'(0x5a)   
         'H'(0x5c) 'I'(0x5d) 'q'(0x65) '{'(0x6f) 'd'(0x70) 'e'(0x71) 'f'(0x72)  
         'g'(0x73) '`'(0x74) 'a'(0x75) 'c'(0x77) 'n'(0x7a) 'j'(0x7e) 'k'(0x7f)  
           Flag pos 687 (key pos 7): ct=0x3c, candidates: '\'(0x60) ']'(0x61)   
         '^'(0x62) '_'(0x63) 'X'(0x64) 'Y'(0x65) 'Z'(0x66) '['(0x67) 'V'(0x6a)  
         'P'(0x6c) 'Q'(0x6d) 'J'(0x76) 'K'(0x77) '@'(0x7c) 'B'(0x7e)            
           Flag pos 688 (key pos 8): ct=0x58, candidates: 'z'(0x22) '{'(0x23)   
         '}'(0x25) 'p'(0x28) 'r'(0x2a) 'h'(0x30) 'j'(0x32) 'k'(0x33) 'l'(0x34)  
         'm'(0x35) 'n'(0x36) 'o'(0x37) '`'(0x38) 'a'(0x39) 'f'(0x3e) '"'(0x7a)  
         '#'(0x7b) '$'(0x7c) '%'(0x7d) '''(0x7f)                                
           Flag pos 689 (key pos 9): ct=0x19, candidates: 'C'(0x5a) 'B'(0x5b)   
         'E'(0x5c) 'D'(0x5d) '{'(0x62) 'z'(0x63) '|'(0x65) 'q'(0x68) 's'(0x6a)  
         'r'(0x6b) 'w'(0x6e) 'v'(0x6f) 'i'(0x70) 'k'(0x72) 'j'(0x73) 'm'(0x74)  
         'l'(0x75) 'o'(0x76) 'n'(0x77) '`'(0x79)                                
           Flag pos 690 (key pos 0): ct=0x06, candidates: 'f'(0x60) 'g'(0x61)   
         'd'(0x62) 'b'(0x64) 'c'(0x65) '`'(0x66) 'a'(0x67) 'l'(0x6a) 'm'(0x6b)  
         'j'(0x6c) 'v'(0x70) 'w'(0x71) '~'(0x78) '|'(0x7a) 'z'(0x7c)            
           Flag pos 691 (key pos 1): ct=0x0e, candidates: '<'(0x32) '='(0x33)   
         ';'(0x35) '8'(0x36) 'k'(0x65) 'f'(0x68) 'g'(0x69) 'd'(0x6a) 'e'(0x6b)  
         'b'(0x6c) '`'(0x6e) 'a'(0x6f) '}'(0x73) 'z'(0x74) 'x'(0x76) 'p'(0x7e)  
           Flag pos 692 (key pos 2): ct=0x4b, candidates: 'i'(0x22) 'h'(0x23)   
         'c'(0x28) 'b'(0x29) 'a'(0x2a) 'e'(0x2e) 'z'(0x31) 'y'(0x32) 'x'(0x33)  
         '~'(0x35) '}'(0x36) '|'(0x37) 's'(0x38) 'w'(0x3c) '+'(0x60) ')'(0x62)  
         '('(0x63)                                                              
                                                                                
         Total combinations: 2277227520000                                      
         (Open file: /__tmp__enigma-drag-6r1_x9km__repo/solve8.py)              
         (Current directory: /__tmp__enigma-drag-6r1_x9km__repo)                
         (Interactive session: n/a)                                             
         bash-$                                                                 
INFO     Messages API request start: model=glm52_10 messages=93 timeout=1170.0s 
         max_tokens=8192 native_tools=False thinking=auto shape=[{'role':       
         'user', 'type': 'str', 'chars': 3565}, {'role': 'assistant', 'type':   
         'str', 'chars': 109}, {'role': 'user', 'type': 'str', 'chars': 28},    
         {'role': 'assistant', 'type': 'str', 'chars': 93}, {'role': 'user',    
         'type': 'str', 'chars': 28}, {'role': 'assistant', 'type': 'str',      
         'chars': 66}, {'role': 'user', 'type': 'str', 'chars': 28}, {'role':   
         'assistant', 'type': 'str', 'chars': 1265}, {'role': 'user', 'type':   
         'str', 'chars': 28}, {'role': 'assistant', 'type': 'str', 'chars':     
         126}, {'role': 'user', 'type': 'str', 'chars': 28}, {'role':           
         'assistant', 'type': 'str', 'chars': 1067}, {'role': 'user', 'type':   
         'str', 'chars': 29}, {'role': 'assistant', 'type': 'str', 'chars': 84},
         {'role': 'user', 'type': 'str', 'chars': 29}, {'role': 'assistant',    
         'type': 'str', 'chars': 1448}, {'role': 'user', 'type': 'str', 'chars':
         29}, {'role': 'assistant', 'type': 'str', 'chars': 87}, {'role':       
         'user', 'type': 'str', 'chars': 29}, {'role': 'assistant', 'type':     
         'str', 'chars': 332}, {'role': 'user', 'type': 'str', 'chars': 28},    
         {'role': 'assistant', 'type': 'str', 'chars': 1741}, {'role': 'user',  
         'type': 'str', 'chars': 29}, {'role': 'assistant', 'type': 'str',      
         'chars': 117}, {'role': 'user', 'type': 'str', 'chars': 29}, {'role':  
         'assistant', 'type': 'str', 'chars': 242}, {'role': 'user', 'type':    
         'str', 'chars': 28}, {'role': 'assistant', 'type': 'str', 'chars':     
         1848}, {'role': 'user', 'type': 'str', 'chars': 29}, {'role':          
         'assistant', 'type': 'str', 'chars': 115}, {'role': 'user', 'type':    
         'str', 'chars': 29}, {'role': 'assistant', 'type': 'str', 'chars':     
         297}, {'role': 'user', 'type': 'str', 'chars': 28}, {'role':           
         'assistant', 'type': 'str', 'chars': 187}, {'role': 'user', 'type':    
         'str', 'chars': 28}, {'role': 'assistant', 'type': 'str', 'chars':     
         218}, {'role': 'user', 'type': 'str', 'chars': 28}, {'role':           
         'assistant', 'type': 'str', 'chars': 158}, {'role': 'user', 'type':    
         'str', 'chars': 28}, {'role': 'assistant', 'type': 'str', 'chars':     
         1435}, {'role': 'user', 'type': 'str', 'chars': 29}, {'role':          
         'assistant', 'type': 'str', 'chars': 109}, {'role': 'user', 'type':    
         'str', 'chars': 29}, {'role': 'assistant', 'type': 'str', 'chars':     
         217}, {'role': 'user', 'type': 'str', 'chars': 28}, {'role':           
         'assistant', 'type': 'str', 'chars': 2288}, {'role': 'user', 'type':   
         'str', 'chars': 29}, {'role': 'assistant', 'type': 'str', 'chars': 96},
         {'role': 'user', 'type': 'str', 'chars': 29}, {'role': 'assistant',    
         'type': 'str', 'chars': 260}, {'role': 'user', 'type': 'str', 'chars': 
         28}, {'role': 'assistant', 'type': 'str', 'chars': 2765}, {'role':     
         'user', 'type': 'str', 'chars': 29}, {'role': 'assistant', 'type':     
         'str', 'chars': 115}, {'role': 'user', 'type': 'str', 'chars': 28},    
         {'role': 'assistant', 'type': 'str', 'chars': 951}, {'role': 'user',   
         'type': 'str', 'chars': 29}, {'role': 'assistant', 'type': 'str',      
         'chars': 67}, {'role': 'user', 'type': 'str', 'chars': 29}, {'role':   
         'assistant', 'type': 'str', 'chars': 225}, {'role': 'user', 'type':    
         'str', 'chars': 28}, {'role': 'assistant', 'type': 'str', 'chars':     
         110}, {'role': 'user', 'type': 'str', 'chars': 28}, {'role':           
         'assistant', 'type': 'str', 'chars': 113}, {'role': 'user', 'type':    
         'str', 'chars': 29}, {'role': 'assistant', 'type': 'str', 'chars':     
         224}, {'role': 'user', 'type': 'str', 'chars': 30}, {'role':           
         'assistant', 'type': 'str', 'chars': 123}, {'role': 'user', 'type':    
         'str', 'chars': 30}, {'role': 'assistant', 'type': 'str', 'chars':     
         490}, {'role': 'user', 'type': 'str', 'chars': 28}, {'role':           
         'assistant', 'type': 'str', 'chars': 786}, {'role': 'user', 'type':    
         'str', 'chars': 28}, {'role': 'assistant', 'type': 'str', 'chars':     
         1623}, {'role': 'user', 'type': 'str', 'chars': 29}, {'role':          
         'assistant', 'type': 'str', 'chars': 108}, {'role': 'user', 'type':    
         'str', 'chars': 29}, {'role': 'assistant', 'type': 'str', 'chars':     
         221}, {'role': 'user', 'type': 'str', 'chars': 28}, {'role':           
         'assistant', 'type': 'str', 'chars': 229}, {'role': 'user', 'type':    
         'str', 'chars': 28}, {'role': 'assistant', 'type': 'str', 'chars':     
         1481}, {'role': 'user', 'type': 'str', 'chars': 29}, {'role':          
         'assistant', 'type': 'str', 'chars': 87}, {'role': 'user', 'type':     
         'str', 'chars': 1130}, {'role': 'assistant', 'type': 'str', 'chars':   
         334}, {'role': 'user', 'type': 'str', 'chars': 159}, {'role':          
         'assistant', 'type': 'str', 'chars': 363}, {'role': 'user', 'type':    
         'str', 'chars': 219}, {'role': 'assistant', 'type': 'str', 'chars':    
         2013}, {'role': 'user', 'type': 'str', 'chars': 2324}, {'role':        
         'assistant', 'type': 'str', 'chars': 98}, {'role': 'user', 'type':     
         'str', 'chars': 7211}]                                                 
INFO     Messages API response received: status=200 elapsed=232.2s              
WARNING  Messages API empty response: keys=['content', 'id', 'model', 'role',   
         'stop_reason', 'type', 'usage'] block_types=['thinking']               
         stop_reason=max_tokens usage={'input_tokens': 16211, 'output_tokens':  
         8192}                                                                  
WARNING  Messages API returned thinking-only max_tokens; retrying with thinking 
         disabled                                                               
DEBUG    input_tokens=16,205, output_tokens=101, instance_cost=0.00, cost=0.00  
DEBUG    total_tokens_sent=416,077, total_tokens_received=31,079,               
         total_cost=0.00, total_api_calls=47                                    
INFO     濠电姷顣藉Σ鍛村磻閹捐泛绶ゅù鐘差儏閻ゎ喗銇勯弽銊х焼闁?THOUGHT (primary)
         DISCUSSION                                                             
         There are too many combinations to brute force. But I notice the flag  
         positions have multiple candidates. The key `ek6vt8pc7w` gives         
         `actf{1_key_is_used_once}` but maybe a different key gives a different 
         valid flag. Let me narrow down by requiring the plaintext to be valid  
         English (only lowercase letters, spaces, and common punctuation) and   
         also requiring `actf{` at the flag position.                           
                                                                                
INFO     濠电姷顣藉Σ鍛村磻閹捐泛绶ゅù鐘差儏閻ゎ喗銇勯幇鈺佲偓妤佺▔?ACTION       
         (primary)                                                              
         create solve9.py                                                       
                                                                                
INFO     濠电姷顣藉Σ鍛村磻閹捐泛绶ゅù鐘差儏缁愭鎱ㄥ鍡楀姦?MODEL INPUT         
         [File: /__tmp__enigma-drag-6r1_x9km__repo/solve9.py (1 lines total)]   
         1:                                                                     
         (Open file: /__tmp__enigma-drag-6r1_x9km__repo/solve9.py)              
         (Current directory: /__tmp__enigma-drag-6r1_x9km__repo)                
         (Interactive session: n/a)                                             
         bash-$                                                                 
INFO     Messages API request start: model=glm52_10 messages=95 timeout=1170.0s 
         max_tokens=8192 native_tools=False thinking=auto shape=[{'role':       
         'user', 'type': 'str', 'chars': 3565}, {'role': 'assistant', 'type':   
         'str', 'chars': 109}, {'role': 'user', 'type': 'str', 'chars': 28},    
         {'role': 'assistant', 'type': 'str', 'chars': 93}, {'role': 'user',    
         'type': 'str', 'chars': 28}, {'role': 'assistant', 'type': 'str',      
         'chars': 66}, {'role': 'user', 'type': 'str', 'chars': 28}, {'role':   
         'assistant', 'type': 'str', 'chars': 1265}, {'role': 'user', 'type':   
         'str', 'chars': 28}, {'role': 'assistant', 'type': 'str', 'chars':     
         126}, {'role': 'user', 'type': 'str', 'chars': 28}, {'role':           
         'assistant', 'type': 'str', 'chars': 1067}, {'role': 'user', 'type':   
         'str', 'chars': 29}, {'role': 'assistant', 'type': 'str', 'chars': 84},
         {'role': 'user', 'type': 'str', 'chars': 29}, {'role': 'assistant',    
         'type': 'str', 'chars': 1448}, {'role': 'user', 'type': 'str', 'chars':
         29}, {'role': 'assistant', 'type': 'str', 'chars': 87}, {'role':       
         'user', 'type': 'str', 'chars': 29}, {'role': 'assistant', 'type':     
         'str', 'chars': 332}, {'role': 'user', 'type': 'str', 'chars': 28},    
         {'role': 'assistant', 'type': 'str', 'chars': 1741}, {'role': 'user',  
         'type': 'str', 'chars': 29}, {'role': 'assistant', 'type': 'str',      
         'chars': 117}, {'role': 'user', 'type': 'str', 'chars': 29}, {'role':  
         'assistant', 'type': 'str', 'chars': 242}, {'role': 'user', 'type':    
         'str', 'chars': 28}, {'role': 'assistant', 'type': 'str', 'chars':     
         1848}, {'role': 'user', 'type': 'str', 'chars': 29}, {'role':          
         'assistant', 'type': 'str', 'chars': 115}, {'role': 'user', 'type':    
         'str', 'chars': 29}, {'role': 'assistant', 'type': 'str', 'chars':     
         297}, {'role': 'user', 'type': 'str', 'chars': 28}, {'role':           
         'assistant', 'type': 'str', 'chars': 187}, {'role': 'user', 'type':    
         'str', 'chars': 28}, {'role': 'assistant', 'type': 'str', 'chars':     
         218}, {'role': 'user', 'type': 'str', 'chars': 28}, {'role':           
         'assistant', 'type': 'str', 'chars': 158}, {'role': 'user', 'type':    
         'str', 'chars': 28}, {'role': 'assistant', 'type': 'str', 'chars':     
         1435}, {'role': 'user', 'type': 'str', 'chars': 29}, {'role':          
         'assistant', 'type': 'str', 'chars': 109}, {'role': 'user', 'type':    
         'str', 'chars': 29}, {'role': 'assistant', 'type': 'str', 'chars':     
         217}, {'role': 'user', 'type': 'str', 'chars': 28}, {'role':           
         'assistant', 'type': 'str', 'chars': 2288}, {'role': 'user', 'type':   
         'str', 'chars': 29}, {'role': 'assistant', 'type': 'str', 'chars': 96},
         {'role': 'user', 'type': 'str', 'chars': 29}, {'role': 'assistant',    
         'type': 'str', 'chars': 260}, {'role': 'user', 'type': 'str', 'chars': 
         28}, {'role': 'assistant', 'type': 'str', 'chars': 2765}, {'role':     
         'user', 'type': 'str', 'chars': 29}, {'role': 'assistant', 'type':     
         'str', 'chars': 115}, {'role': 'user', 'type': 'str', 'chars': 28},    
         {'role': 'assistant', 'type': 'str', 'chars': 951}, {'role': 'user',   
         'type': 'str', 'chars': 29}, {'role': 'assistant', 'type': 'str',      
         'chars': 67}, {'role': 'user', 'type': 'str', 'chars': 29}, {'role':   
         'assistant', 'type': 'str', 'chars': 225}, {'role': 'user', 'type':    
         'str', 'chars': 28}, {'role': 'assistant', 'type': 'str', 'chars':     
         110}, {'role': 'user', 'type': 'str', 'chars': 28}, {'role':           
         'assistant', 'type': 'str', 'chars': 113}, {'role': 'user', 'type':    
         'str', 'chars': 29}, {'role': 'assistant', 'type': 'str', 'chars':     
         224}, {'role': 'user', 'type': 'str', 'chars': 30}, {'role':           
         'assistant', 'type': 'str', 'chars': 123}, {'role': 'user', 'type':    
         'str', 'chars': 30}, {'role': 'assistant', 'type': 'str', 'chars':     
         490}, {'role': 'user', 'type': 'str', 'chars': 28}, {'role':           
         'assistant', 'type': 'str', 'chars': 786}, {'role': 'user', 'type':    
         'str', 'chars': 28}, {'role': 'assistant', 'type': 'str', 'chars':     
         1623}, {'role': 'user', 'type': 'str', 'chars': 29}, {'role':          
         'assistant', 'type': 'str', 'chars': 108}, {'role': 'user', 'type':    
         'str', 'chars': 29}, {'role': 'assistant', 'type': 'str', 'chars':     
         221}, {'role': 'user', 'type': 'str', 'chars': 28}, {'role':           
         'assistant', 'type': 'str', 'chars': 229}, {'role': 'user', 'type':    
         'str', 'chars': 28}, {'role': 'assistant', 'type': 'str', 'chars':     
         1481}, {'role': 'user', 'type': 'str', 'chars': 29}, {'role':          
         'assistant', 'type': 'str', 'chars': 87}, {'role': 'user', 'type':     
         'str', 'chars': 29}, {'role': 'assistant', 'type': 'str', 'chars':     
         334}, {'role': 'user', 'type': 'str', 'chars': 159}, {'role':          
         'assistant', 'type': 'str', 'chars': 363}, {'role': 'user', 'type':    
         'str', 'chars': 219}, {'role': 'assistant', 'type': 'str', 'chars':    
         2013}, {'role': 'user', 'type': 'str', 'chars': 2324}, {'role':        
         'assistant', 'type': 'str', 'chars': 98}, {'role': 'user', 'type':     
         'str', 'chars': 7211}, {'role': 'assistant', 'type': 'str', 'chars':   
         423}, {'role': 'user', 'type': 'str', 'chars': 219}]                   
INFO     Messages API response received: status=200 elapsed=53.8s               
DEBUG    input_tokens=16,052, output_tokens=1,819, instance_cost=0.00, cost=0.00
DEBUG    total_tokens_sent=432,129, total_tokens_received=32,898,               
         total_cost=0.00, total_api_calls=48                                    
INFO     濠电姷顣藉Σ鍛村磻閹捐泛绶ゅù鐘差儏閻ゎ喗銇勯弽銊х焼闁?THOUGHT (primary)
         DISCUSSION                                                             
         Let me write a more targeted script that uses English frequency        
         analysis to find the best key, and also prints the full plaintext for  
         careful examination.                                                   
                                                                                
INFO     濠电姷顣藉Σ鍛村磻閹捐泛绶ゅù鐘差儏閻ゎ喗銇勯幇鈺佲偓妤佺▔?ACTION       
         (primary)                                                              
         edit 1:1                                                               
         import string                                                          
         from collections import Counter                                        
                                                                                
         # Read ciphertext                                                      
         with open('ciphertext.txt', 'r') as f:                                 
             hex_str = f.read().strip()                                         
                                                                                
         ct = bytes.fromhex(hex_str)                                            
         print(f"Ciphertext length: {len(ct)} bytes")                           
                                                                                
         # English letter frequencies (including space and common punctuation)  
         ENGLISH_FREQ = {                                                       
             ' ': 18.0, 'e': 10.2, 't': 7.7, 'a': 6.6, 'o': 6.3, 'i': 6.0,      
             'n': 5.7, 's': 5.3, 'r': 5.0, 'h': 5.0, 'l': 3.3, 'd': 3.3,        
             'u': 2.3, 'c': 2.3, 'm': 2.0, 'f': 1.8, 'w': 1.7, 'g': 1.6,        
             'y': 1.6, 'p': 1.5, 'b': 1.2, 'v': 0.8, 'k': 0.5, 'j': 0.1,        
             'x': 0.1, 'q': 0.1, 'z': 0.05,                                     
             '.': 0.5, ',': 0.5, '!': 0.1, '?': 0.1, ';': 0.05, ':': 0.05,      
             "'": 0.1, '"': 0.1, '\n': 0.1, '\r': 0.1,                          
         }                                                                      
                                                                                
         def score_byte(pt_byte):                                               
             c = chr(pt_byte).lower()                                           
             if c in ENGLISH_FREQ:                                              
                 return ENGLISH_FREQ[c]                                         
             elif chr(pt_byte) in string.printable:                             
                 return 0.01  # small score for other printable                 
             else:                                                              
                 return -100  # big penalty for non-printable                   
                                                                                
         # Try key lengths 1 to 50                                              
         for KEYLEN in range(1, 51):                                            
             key = []                                                           
             for pos in range(KEYLEN):                                          
                 best_score = -float('inf')                                     
                 best_byte = 0                                                  
                 for candidate in range(256):                                   
                     score = 0                                                  
                     for i in range(pos, len(ct), KEYLEN):                      
                         score += score_byte(ct[i] ^ candidate)                 
                     if score > best_score:                                     
                         best_score = score                                     
                         best_byte = candidate                                  
                 key.append(best_byte)                                          
                                                                                
             key_bytes = bytes(key)                                             
             plaintext = bytes(ct[i] ^ key[i % KEYLEN] for i in range(len(ct))) 
                                                                                
             if b'actf{' in plaintext:                                          
                 idx = plaintext.index(b'actf{')                                
                 end_idx = plaintext.index(b'}', idx) + 1                       
                 flag = plaintext[idx:end_idx]                                  
                 # Check if key repeats                                         
                 actual_keylen = KEYLEN                                         
                 for k in range(1, KEYLEN):                                     
                     if KEYLEN % k == 0 and key_bytes[:k] * (KEYLEN // k) ==    
         key_bytes:                                                             
                         actual_keylen = k                                      
                         break                                                  
                 print(f"Key length {KEYLEN} (actual: {actual_keylen}): flag =  
         {flag}")                                                               
                 print(f"  Key: {repr(key_bytes[:actual_keylen])}")             
                 # Print context                                                
                 start = max(0, idx - 30)                                       
                 end = min(len(plaintext), end_idx + 30)                        
                 print(f"  Context: ...{plaintext[start:end]}...")              
                 print()                                                        
         end_of_edit                                                            
                                                                                
INFO     濠电姷顣藉Σ鍛村磻閹捐泛绶ゅù鐘差儏缁愭鎱ㄥ鍡楀姦?MODEL INPUT         
         [File: /__tmp__enigma-drag-6r1_x9km__repo/solve9.py (65 lines total)]  
         1:import string                                                        
         2:from collections import Counter                                      
         3:                                                                     
         4:# Read ciphertext                                                    
         5:with open('ciphertext.txt', 'r') as f:                               
         6:    hex_str = f.read().strip()                                       
         7:                                                                     
         8:ct = bytes.fromhex(hex_str)                                          
         9:print(f"Ciphertext length: {len(ct)} bytes")                         
         10:                                                                    
         11:# English letter frequencies (including space and common            
         punctuation)                                                           
         12:ENGLISH_FREQ = {                                                    
         13:    ' ': 18.0, 'e': 10.2, 't': 7.7, 'a': 6.6, 'o': 6.3, 'i': 6.0,   
         14:    'n': 5.7, 's': 5.3, 'r': 5.0, 'h': 5.0, 'l': 3.3, 'd': 3.3,     
         15:    'u': 2.3, 'c': 2.3, 'm': 2.0, 'f': 1.8, 'w': 1.7, 'g': 1.6,     
         16:    'y': 1.6, 'p': 1.5, 'b': 1.2, 'v': 0.8, 'k': 0.5, 'j': 0.1,     
         17:    'x': 0.1, 'q': 0.1, 'z': 0.05,                                  
         18:    '.': 0.5, ',': 0.5, '!': 0.1, '?': 0.1, ';': 0.05, ':': 0.05,   
         19:    "'": 0.1, '"': 0.1, '\n': 0.1, '\r': 0.1,                       
         20:}                                                                   
         21:                                                                    
         22:def score_byte(pt_byte):                                            
         23:    c = chr(pt_byte).lower()                                        
         24:    if c in ENGLISH_FREQ:                                           
         25:        return ENGLISH_FREQ[c]                                      
         26:    elif chr(pt_byte) in string.printable:                          
         27:        return 0.01  # small score for other printable              
         28:    else:                                                           
         29:        return -100  # big penalty for non-printable                
         30:                                                                    
         31:# Try key lengths 1 to 50                                           
         32:for KEYLEN in range(1, 51):                                         
         33:    key = []                                                        
         34:    for pos in range(KEYLEN):                                       
         35:        best_score = -float('inf')                                  
         36:        best_byte = 0                                               
         37:        for candidate in range(256):                                
         38:            score = 0                                               
         39:            for i in range(pos, len(ct), KEYLEN):                   
         40:                score += score_byte(ct[i] ^ candidate)              
         41:            if score > best_score:                                  
         42:                best_score = score                                  
         43:                best_byte = candidate                               
         44:        key.append(best_byte)                                       
         45:                                                                    
         46:    key_bytes = bytes(key)                                          
         47:    plaintext = bytes(ct[i] ^ key[i % KEYLEN] for i in              
         range(len(ct)))                                                        
         48:                                                                    
         49:    if b'actf{' in plaintext:                                       
         50:        idx = plaintext.index(b'actf{')                             
         51:        end_idx = plaintext.index(b'}', idx) + 1                    
         52:        flag = plaintext[idx:end_idx]                               
         53:        # Check if key repeats                                      
         54:        actual_keylen = KEYLEN                                      
         55:        for k in range(1, KEYLEN):                                  
         56:            if KEYLEN % k == 0 and key_bytes[:k] * (KEYLEN // k) == 
         key_bytes:                                                             
         57:                actual_keylen = k                                   
         58:                break                                               
         59:        print(f"Key length {KEYLEN} (actual: {actual_keylen}): flag 
         = {flag}")                                                             
         60:        print(f"  Key: {repr(key_bytes[:actual_keylen])}")          
         61:        # Print context                                             
         62:        start = max(0, idx - 30)                                    
         63:        end = min(len(plaintext), end_idx + 30)                     
         64:        print(f"  Context: ...{plaintext[start:end]}...")           
         65:        print()                                                     
         File updated. Please review the changes and make sure they are correct 
         (correct indentation, no duplicate lines, etc). Edit the file again if 
         necessary.                                                             
         (Open file: /__tmp__enigma-drag-6r1_x9km__repo/solve9.py)              
         (Current directory: /__tmp__enigma-drag-6r1_x9km__repo)                
         (Interactive session: n/a)                                             
         bash-$                                                                 
INFO     Messages API request start: model=glm52_10 messages=97 timeout=1170.0s 
         max_tokens=8192 native_tools=False thinking=auto shape=[{'role':       
         'user', 'type': 'str', 'chars': 3565}, {'role': 'assistant', 'type':   
         'str', 'chars': 109}, {'role': 'user', 'type': 'str', 'chars': 28},    
         {'role': 'assistant', 'type': 'str', 'chars': 93}, {'role': 'user',    
         'type': 'str', 'chars': 28}, {'role': 'assistant', 'type': 'str',      
         'chars': 66}, {'role': 'user', 'type': 'str', 'chars': 28}, {'role':   
         'assistant', 'type': 'str', 'chars': 1265}, {'role': 'user', 'type':   
         'str', 'chars': 28}, {'role': 'assistant', 'type': 'str', 'chars':     
         126}, {'role': 'user', 'type': 'str', 'chars': 28}, {'role':           
         'assistant', 'type': 'str', 'chars': 1067}, {'role': 'user', 'type':   
         'str', 'chars': 29}, {'role': 'assistant', 'type': 'str', 'chars': 84},
         {'role': 'user', 'type': 'str', 'chars': 29}, {'role': 'assistant',    
         'type': 'str', 'chars': 1448}, {'role': 'user', 'type': 'str', 'chars':
         29}, {'role': 'assistant', 'type': 'str', 'chars': 87}, {'role':       
         'user', 'type': 'str', 'chars': 29}, {'role': 'assistant', 'type':     
         'str', 'chars': 332}, {'role': 'user', 'type': 'str', 'chars': 28},    
         {'role': 'assistant', 'type': 'str', 'chars': 1741}, {'role': 'user',  
         'type': 'str', 'chars': 29}, {'role': 'assistant', 'type': 'str',      
         'chars': 117}, {'role': 'user', 'type': 'str', 'chars': 29}, {'role':  
         'assistant', 'type': 'str', 'chars': 242}, {'role': 'user', 'type':    
         'str', 'chars': 28}, {'role': 'assistant', 'type': 'str', 'chars':     
         1848}, {'role': 'user', 'type': 'str', 'chars': 29}, {'role':          
         'assistant', 'type': 'str', 'chars': 115}, {'role': 'user', 'type':    
         'str', 'chars': 29}, {'role': 'assistant', 'type': 'str', 'chars':     
         297}, {'role': 'user', 'type': 'str', 'chars': 28}, {'role':           
         'assistant', 'type': 'str', 'chars': 187}, {'role': 'user', 'type':    
         'str', 'chars': 28}, {'role': 'assistant', 'type': 'str', 'chars':     
         218}, {'role': 'user', 'type': 'str', 'chars': 28}, {'role':           
         'assistant', 'type': 'str', 'chars': 158}, {'role': 'user', 'type':    
         'str', 'chars': 28}, {'role': 'assistant', 'type': 'str', 'chars':     
         1435}, {'role': 'user', 'type': 'str', 'chars': 29}, {'role':          
         'assistant', 'type': 'str', 'chars': 109}, {'role': 'user', 'type':    
         'str', 'chars': 29}, {'role': 'assistant', 'type': 'str', 'chars':     
         217}, {'role': 'user', 'type': 'str', 'chars': 28}, {'role':           
         'assistant', 'type': 'str', 'chars': 2288}, {'role': 'user', 'type':   
         'str', 'chars': 29}, {'role': 'assistant', 'type': 'str', 'chars': 96},
         {'role': 'user', 'type': 'str', 'chars': 29}, {'role': 'assistant',    
         'type': 'str', 'chars': 260}, {'role': 'user', 'type': 'str', 'chars': 
         28}, {'role': 'assistant', 'type': 'str', 'chars': 2765}, {'role':     
         'user', 'type': 'str', 'chars': 29}, {'role': 'assistant', 'type':     
         'str', 'chars': 115}, {'role': 'user', 'type': 'str', 'chars': 28},    
         {'role': 'assistant', 'type': 'str', 'chars': 951}, {'role': 'user',   
         'type': 'str', 'chars': 29}, {'role': 'assistant', 'type': 'str',      
         'chars': 67}, {'role': 'user', 'type': 'str', 'chars': 29}, {'role':   
         'assistant', 'type': 'str', 'chars': 225}, {'role': 'user', 'type':    
         'str', 'chars': 28}, {'role': 'assistant', 'type': 'str', 'chars':     
         110}, {'role': 'user', 'type': 'str', 'chars': 28}, {'role':           
         'assistant', 'type': 'str', 'chars': 113}, {'role': 'user', 'type':    
         'str', 'chars': 29}, {'role': 'assistant', 'type': 'str', 'chars':     
         224}, {'role': 'user', 'type': 'str', 'chars': 30}, {'role':           
         'assistant', 'type': 'str', 'chars': 123}, {'role': 'user', 'type':    
         'str', 'chars': 30}, {'role': 'assistant', 'type': 'str', 'chars':     
         490}, {'role': 'user', 'type': 'str', 'chars': 28}, {'role':           
         'assistant', 'type': 'str', 'chars': 786}, {'role': 'user', 'type':    
         'str', 'chars': 28}, {'role': 'assistant', 'type': 'str', 'chars':     
         1623}, {'role': 'user', 'type': 'str', 'chars': 29}, {'role':          
         'assistant', 'type': 'str', 'chars': 108}, {'role': 'user', 'type':    
         'str', 'chars': 29}, {'role': 'assistant', 'type': 'str', 'chars':     
         221}, {'role': 'user', 'type': 'str', 'chars': 28}, {'role':           
         'assistant', 'type': 'str', 'chars': 229}, {'role': 'user', 'type':    
         'str', 'chars': 28}, {'role': 'assistant', 'type': 'str', 'chars':     
         1481}, {'role': 'user', 'type': 'str', 'chars': 29}, {'role':          
         'assistant', 'type': 'str', 'chars': 87}, {'role': 'user', 'type':     
         'str', 'chars': 29}, {'role': 'assistant', 'type': 'str', 'chars':     
         334}, {'role': 'user', 'type': 'str', 'chars': 28}, {'role':           
         'assistant', 'type': 'str', 'chars': 363}, {'role': 'user', 'type':    
         'str', 'chars': 219}, {'role': 'assistant', 'type': 'str', 'chars':    
         2013}, {'role': 'user', 'type': 'str', 'chars': 2324}, {'role':        
         'assistant', 'type': 'str', 'chars': 98}, {'role': 'user', 'type':     
         'str', 'chars': 7211}, {'role': 'assistant', 'type': 'str', 'chars':   
         423}, {'role': 'user', 'type': 'str', 'chars': 219}, {'role':          
         'assistant', 'type': 'str', 'chars': 2442}, {'role': 'user', 'type':   
         'str', 'chars': 2804}]                                                 
INFO     Messages API response received: status=200 elapsed=2.6s                
DEBUG    input_tokens=17,834, output_tokens=31, instance_cost=0.00, cost=0.00   
DEBUG    total_tokens_sent=449,963, total_tokens_received=32,929,               
         total_cost=0.00, total_api_calls=49                                    
INFO     濠电姷顣藉Σ鍛村磻閹捐泛绶ゅù鐘差儏閻ゎ喗銇勯弽銊х焼闁?THOUGHT (primary)
         DISCUSSION                                                             
         Let me run this script to see all possible flags found with English    
         frequency analysis.                                                    
                                                                                
INFO     濠电姷顣藉Σ鍛村磻閹捐泛绶ゅù鐘差儏閻ゎ喗銇勯幇鈺佲偓妤佺▔?ACTION       
         (primary)                                                              
         python3 solve9.py                                                      
                                                                                
INFO     濠电姷顣藉Σ鍛村磻閹捐泛绶ゅù鐘差儏缁愭鎱ㄥ鍡楀姦?MODEL INPUT         
         Ciphertext length: 693 bytes                                           
         Key length 10 (actual: 10): flag = b'actf{1_key_is_used_once}'         
           Key: b'ek6vt8pc7w'                                                   
           Context: ...b'ven if the gods so willed it.                          
         actf{1_key_is_used_once}'...                                           
                                                                                
         Key length 20 (actual: 10): flag = b'actf{1_key_is_used_once}'         
           Key: b'ek6vt8pc7w'                                                   
           Context: ...b'ven if the gods so willed it.                          
         actf{1_key_is_used_once}'...                                           
                                                                                
         Key length 30 (actual: 10): flag = b'actf{1_key_is_used_once}'         
           Key: b'ek6vt8pc7w'                                                   
           Context: ...b'ven if the gods so willed it.                          
         actf{1_key_is_used_once}'...                                           
                                                                                
         Key length 40 (actual: 10): flag = b'actf{1_key_is_used_once}'         
           Key: b'ek6vt8pc7w'                                                   
           Context: ...b'ven if the gods so willed it.                          
         actf{1_key_is_used_once}'...                                           
                                                                                
         Key length 50 (actual: 10): flag = b'actf{1_key_is_used_once}'         
           Key: b'ek6vt8pc7w'                                                   
           Context: ...b'ven if the gods so willed it.                          
         actf{1_key_is_used_once}'...                                           
                                                                                
         (Open file: /__tmp__enigma-drag-6r1_x9km__repo/solve9.py)              
         (Current directory: /__tmp__enigma-drag-6r1_x9km__repo)                
         (Interactive session: n/a)                                             
         bash-$                                                                 
INFO     Messages API request start: model=glm52_10 messages=99 timeout=1170.0s 
         max_tokens=8192 native_tools=False thinking=auto shape=[{'role':       
         'user', 'type': 'str', 'chars': 3565}, {'role': 'assistant', 'type':   
         'str', 'chars': 109}, {'role': 'user', 'type': 'str', 'chars': 28},    
         {'role': 'assistant', 'type': 'str', 'chars': 93}, {'role': 'user',    
         'type': 'str', 'chars': 28}, {'role': 'assistant', 'type': 'str',      
         'chars': 66}, {'role': 'user', 'type': 'str', 'chars': 28}, {'role':   
         'assistant', 'type': 'str', 'chars': 1265}, {'role': 'user', 'type':   
         'str', 'chars': 28}, {'role': 'assistant', 'type': 'str', 'chars':     
         126}, {'role': 'user', 'type': 'str', 'chars': 28}, {'role':           
         'assistant', 'type': 'str', 'chars': 1067}, {'role': 'user', 'type':   
         'str', 'chars': 29}, {'role': 'assistant', 'type': 'str', 'chars': 84},
         {'role': 'user', 'type': 'str', 'chars': 29}, {'role': 'assistant',    
         'type': 'str', 'chars': 1448}, {'role': 'user', 'type': 'str', 'chars':
         29}, {'role': 'assistant', 'type': 'str', 'chars': 87}, {'role':       
         'user', 'type': 'str', 'chars': 29}, {'role': 'assistant', 'type':     
         'str', 'chars': 332}, {'role': 'user', 'type': 'str', 'chars': 28},    
         {'role': 'assistant', 'type': 'str', 'chars': 1741}, {'role': 'user',  
         'type': 'str', 'chars': 29}, {'role': 'assistant', 'type': 'str',      
         'chars': 117}, {'role': 'user', 'type': 'str', 'chars': 29}, {'role':  
         'assistant', 'type': 'str', 'chars': 242}, {'role': 'user', 'type':    
         'str', 'chars': 28}, {'role': 'assistant', 'type': 'str', 'chars':     
         1848}, {'role': 'user', 'type': 'str', 'chars': 29}, {'role':          
         'assistant', 'type': 'str', 'chars': 115}, {'role': 'user', 'type':    
         'str', 'chars': 29}, {'role': 'assistant', 'type': 'str', 'chars':     
         297}, {'role': 'user', 'type': 'str', 'chars': 28}, {'role':           
         'assistant', 'type': 'str', 'chars': 187}, {'role': 'user', 'type':    
         'str', 'chars': 28}, {'role': 'assistant', 'type': 'str', 'chars':     
         218}, {'role': 'user', 'type': 'str', 'chars': 28}, {'role':           
         'assistant', 'type': 'str', 'chars': 158}, {'role': 'user', 'type':    
         'str', 'chars': 28}, {'role': 'assistant', 'type': 'str', 'chars':     
         1435}, {'role': 'user', 'type': 'str', 'chars': 29}, {'role':          
         'assistant', 'type': 'str', 'chars': 109}, {'role': 'user', 'type':    
         'str', 'chars': 29}, {'role': 'assistant', 'type': 'str', 'chars':     
         217}, {'role': 'user', 'type': 'str', 'chars': 28}, {'role':           
         'assistant', 'type': 'str', 'chars': 2288}, {'role': 'user', 'type':   
         'str', 'chars': 29}, {'role': 'assistant', 'type': 'str', 'chars': 96},
         {'role': 'user', 'type': 'str', 'chars': 29}, {'role': 'assistant',    
         'type': 'str', 'chars': 260}, {'role': 'user', 'type': 'str', 'chars': 
         28}, {'role': 'assistant', 'type': 'str', 'chars': 2765}, {'role':     
         'user', 'type': 'str', 'chars': 29}, {'role': 'assistant', 'type':     
         'str', 'chars': 115}, {'role': 'user', 'type': 'str', 'chars': 28},    
         {'role': 'assistant', 'type': 'str', 'chars': 951}, {'role': 'user',   
         'type': 'str', 'chars': 29}, {'role': 'assistant', 'type': 'str',      
         'chars': 67}, {'role': 'user', 'type': 'str', 'chars': 29}, {'role':   
         'assistant', 'type': 'str', 'chars': 225}, {'role': 'user', 'type':    
         'str', 'chars': 28}, {'role': 'assistant', 'type': 'str', 'chars':     
         110}, {'role': 'user', 'type': 'str', 'chars': 28}, {'role':           
         'assistant', 'type': 'str', 'chars': 113}, {'role': 'user', 'type':    
         'str', 'chars': 29}, {'role': 'assistant', 'type': 'str', 'chars':     
         224}, {'role': 'user', 'type': 'str', 'chars': 30}, {'role':           
         'assistant', 'type': 'str', 'chars': 123}, {'role': 'user', 'type':    
         'str', 'chars': 30}, {'role': 'assistant', 'type': 'str', 'chars':     
         490}, {'role': 'user', 'type': 'str', 'chars': 28}, {'role':           
         'assistant', 'type': 'str', 'chars': 786}, {'role': 'user', 'type':    
         'str', 'chars': 28}, {'role': 'assistant', 'type': 'str', 'chars':     
         1623}, {'role': 'user', 'type': 'str', 'chars': 29}, {'role':          
         'assistant', 'type': 'str', 'chars': 108}, {'role': 'user', 'type':    
         'str', 'chars': 29}, {'role': 'assistant', 'type': 'str', 'chars':     
         221}, {'role': 'user', 'type': 'str', 'chars': 28}, {'role':           
         'assistant', 'type': 'str', 'chars': 229}, {'role': 'user', 'type':    
         'str', 'chars': 28}, {'role': 'assistant', 'type': 'str', 'chars':     
         1481}, {'role': 'user', 'type': 'str', 'chars': 29}, {'role':          
         'assistant', 'type': 'str', 'chars': 87}, {'role': 'user', 'type':     
         'str', 'chars': 29}, {'role': 'assistant', 'type': 'str', 'chars':     
         334}, {'role': 'user', 'type': 'str', 'chars': 28}, {'role':           
         'assistant', 'type': 'str', 'chars': 363}, {'role': 'user', 'type':    
         'str', 'chars': 28}, {'role': 'assistant', 'type': 'str', 'chars':     
         2013}, {'role': 'user', 'type': 'str', 'chars': 2324}, {'role':        
         'assistant', 'type': 'str', 'chars': 98}, {'role': 'user', 'type':     
         'str', 'chars': 7211}, {'role': 'assistant', 'type': 'str', 'chars':   
         423}, {'role': 'user', 'type': 'str', 'chars': 219}, {'role':          
         'assistant', 'type': 'str', 'chars': 2442}, {'role': 'user', 'type':   
         'str', 'chars': 2804}, {'role': 'assistant', 'type': 'str', 'chars':   
         124}, {'role': 'user', 'type': 'str', 'chars': 976}]                   
INFO     Messages API response received: status=200 elapsed=67.8s               
DEBUG    input_tokens=18,157, output_tokens=2,220, instance_cost=0.00, cost=0.00
DEBUG    total_tokens_sent=468,120, total_tokens_received=35,149,               
         total_cost=0.00, total_api_calls=50                                    
INFO     濠电姷顣藉Σ鍛村磻閹捐泛绶ゅù鐘差儏閻ゎ喗銇勯弽銊х焼闁?THOUGHT (primary)
         DISCUSSION                                                             
         The flag `actf{1_key_is_used_once}` is consistently found but rejected.
         Let me re-read the hint file carefully - maybe I'm missing something.  
                                                                                
INFO     濠电姷顣藉Σ鍛村磻閹捐泛绶ゅù鐘差儏閻ゎ喗銇勯幇鈺佲偓妤佺▔?ACTION       
         (primary)                                                              
         cat hint.txt                                                           
                                                                                
INFO     濠电姷顣藉Σ鍛村磻閹捐泛绶ゅù鐘差儏缁愭鎱ㄥ鍡楀姦?MODEL INPUT         
         "hint": "The first step is to determine the key length.  The flag is a 
         string, ASCII-encoded.                                                 
         (Open file: /__tmp__enigma-drag-6r1_x9km__repo/solve9.py)              
         (Current directory: /__tmp__enigma-drag-6r1_x9km__repo)                
         (Interactive session: n/a)                                             
         bash-$                                                                 
INFO     Messages API request start: model=glm52_10 messages=101 timeout=1170.0s
         max_tokens=8192 native_tools=False thinking=auto shape=[{'role':       
         'user', 'type': 'str', 'chars': 3565}, {'role': 'assistant', 'type':   
         'str', 'chars': 109}, {'role': 'user', 'type': 'str', 'chars': 28},    
         {'role': 'assistant', 'type': 'str', 'chars': 93}, {'role': 'user',    
         'type': 'str', 'chars': 28}, {'role': 'assistant', 'type': 'str',      
         'chars': 66}, {'role': 'user', 'type': 'str', 'chars': 28}, {'role':   
         'assistant', 'type': 'str', 'chars': 1265}, {'role': 'user', 'type':   
         'str', 'chars': 28}, {'role': 'assistant', 'type': 'str', 'chars':     
         126}, {'role': 'user', 'type': 'str', 'chars': 28}, {'role':           
         'assistant', 'type': 'str', 'chars': 1067}, {'role': 'user', 'type':   
         'str', 'chars': 29}, {'role': 'assistant', 'type': 'str', 'chars': 84},
         {'role': 'user', 'type': 'str', 'chars': 29}, {'role': 'assistant',    
         'type': 'str', 'chars': 1448}, {'role': 'user', 'type': 'str', 'chars':
         29}, {'role': 'assistant', 'type': 'str', 'chars': 87}, {'role':       
         'user', 'type': 'str', 'chars': 29}, {'role': 'assistant', 'type':     
         'str', 'chars': 332}, {'role': 'user', 'type': 'str', 'chars': 28},    
         {'role': 'assistant', 'type': 'str', 'chars': 1741}, {'role': 'user',  
         'type': 'str', 'chars': 29}, {'role': 'assistant', 'type': 'str',      
         'chars': 117}, {'role': 'user', 'type': 'str', 'chars': 29}, {'role':  
         'assistant', 'type': 'str', 'chars': 242}, {'role': 'user', 'type':    
         'str', 'chars': 28}, {'role': 'assistant', 'type': 'str', 'chars':     
         1848}, {'role': 'user', 'type': 'str', 'chars': 29}, {'role':          
         'assistant', 'type': 'str', 'chars': 115}, {'role': 'user', 'type':    
         'str', 'chars': 29}, {'role': 'assistant', 'type': 'str', 'chars':     
         297}, {'role': 'user', 'type': 'str', 'chars': 28}, {'role':           
         'assistant', 'type': 'str', 'chars': 187}, {'role': 'user', 'type':    
         'str', 'chars': 28}, {'role': 'assistant', 'type': 'str', 'chars':     
         218}, {'role': 'user', 'type': 'str', 'chars': 28}, {'role':           
         'assistant', 'type': 'str', 'chars': 158}, {'role': 'user', 'type':    
         'str', 'chars': 28}, {'role': 'assistant', 'type': 'str', 'chars':     
         1435}, {'role': 'user', 'type': 'str', 'chars': 29}, {'role':          
         'assistant', 'type': 'str', 'chars': 109}, {'role': 'user', 'type':    
         'str', 'chars': 29}, {'role': 'assistant', 'type': 'str', 'chars':     
         217}, {'role': 'user', 'type': 'str', 'chars': 28}, {'role':           
         'assistant', 'type': 'str', 'chars': 2288}, {'role': 'user', 'type':   
         'str', 'chars': 29}, {'role': 'assistant', 'type': 'str', 'chars': 96},
         {'role': 'user', 'type': 'str', 'chars': 29}, {'role': 'assistant',    
         'type': 'str', 'chars': 260}, {'role': 'user', 'type': 'str', 'chars': 
         28}, {'role': 'assistant', 'type': 'str', 'chars': 2765}, {'role':     
         'user', 'type': 'str', 'chars': 29}, {'role': 'assistant', 'type':     
         'str', 'chars': 115}, {'role': 'user', 'type': 'str', 'chars': 28},    
         {'role': 'assistant', 'type': 'str', 'chars': 951}, {'role': 'user',   
         'type': 'str', 'chars': 29}, {'role': 'assistant', 'type': 'str',      
         'chars': 67}, {'role': 'user', 'type': 'str', 'chars': 29}, {'role':   
         'assistant', 'type': 'str', 'chars': 225}, {'role': 'user', 'type':    
         'str', 'chars': 28}, {'role': 'assistant', 'type': 'str', 'chars':     
         110}, {'role': 'user', 'type': 'str', 'chars': 28}, {'role':           
         'assistant', 'type': 'str', 'chars': 113}, {'role': 'user', 'type':    
         'str', 'chars': 29}, {'role': 'assistant', 'type': 'str', 'chars':     
         224}, {'role': 'user', 'type': 'str', 'chars': 30}, {'role':           
         'assistant', 'type': 'str', 'chars': 123}, {'role': 'user', 'type':    
         'str', 'chars': 30}, {'role': 'assistant', 'type': 'str', 'chars':     
         490}, {'role': 'user', 'type': 'str', 'chars': 28}, {'role':           
         'assistant', 'type': 'str', 'chars': 786}, {'role': 'user', 'type':    
         'str', 'chars': 28}, {'role': 'assistant', 'type': 'str', 'chars':     
         1623}, {'role': 'user', 'type': 'str', 'chars': 29}, {'role':          
         'assistant', 'type': 'str', 'chars': 108}, {'role': 'user', 'type':    
         'str', 'chars': 29}, {'role': 'assistant', 'type': 'str', 'chars':     
         221}, {'role': 'user', 'type': 'str', 'chars': 28}, {'role':           
         'assistant', 'type': 'str', 'chars': 229}, {'role': 'user', 'type':    
         'str', 'chars': 28}, {'role': 'assistant', 'type': 'str', 'chars':     
         1481}, {'role': 'user', 'type': 'str', 'chars': 29}, {'role':          
         'assistant', 'type': 'str', 'chars': 87}, {'role': 'user', 'type':     
         'str', 'chars': 29}, {'role': 'assistant', 'type': 'str', 'chars':     
         334}, {'role': 'user', 'type': 'str', 'chars': 28}, {'role':           
         'assistant', 'type': 'str', 'chars': 363}, {'role': 'user', 'type':    
         'str', 'chars': 28}, {'role': 'assistant', 'type': 'str', 'chars':     
         2013}, {'role': 'user', 'type': 'str', 'chars': 29}, {'role':          
         'assistant', 'type': 'str', 'chars': 98}, {'role': 'user', 'type':     
         'str', 'chars': 7211}, {'role': 'assistant', 'type': 'str', 'chars':   
         423}, {'role': 'user', 'type': 'str', 'chars': 219}, {'role':          
         'assistant', 'type': 'str', 'chars': 2442}, {'role': 'user', 'type':   
         'str', 'chars': 2804}, {'role': 'assistant', 'type': 'str', 'chars':   
         124}, {'role': 'user', 'type': 'str', 'chars': 976}, {'role':          
         'assistant', 'type': 'str', 'chars': 173}, {'role': 'user', 'type':    
         'str', 'chars': 241}]                                                  
INFO     Messages API response received: status=200 elapsed=17.7s               
DEBUG    input_tokens=17,601, output_tokens=575, instance_cost=0.00, cost=0.00  
DEBUG    total_tokens_sent=485,721, total_tokens_received=35,724,               
         total_cost=0.00, total_api_calls=51                                    
INFO     濠电姷顣藉Σ鍛村磻閹捐泛绶ゅù鐘差儏閻ゎ喗銇勯弽銊х焼闁?THOUGHT (primary)
         DISCUSSION                                                             
         Let me print the full plaintext to check if there are any garbled parts
         or a different flag hidden elsewhere.                                  
                                                                                
INFO     濠电姷顣藉Σ鍛村磻閹捐泛绶ゅù鐘差儏閻ゎ喗銇勯幇鈺佲偓妤佺▔?ACTION       
         (primary)                                                              
         create solve10.py                                                      
                                                                                
INFO     濠电姷顣藉Σ鍛村磻閹捐泛绶ゅù鐘差儏缁愭鎱ㄥ鍡楀姦?MODEL INPUT         
         [File: /__tmp__enigma-drag-6r1_x9km__repo/solve10.py (1 lines total)]  
         1:                                                                     
         (Open file: /__tmp__enigma-drag-6r1_x9km__repo/solve10.py)             
         (Current directory: /__tmp__enigma-drag-6r1_x9km__repo)                
         (Interactive session: n/a)                                             
         bash-$                                                                 
INFO     Messages API request start: model=glm52_10 messages=103 timeout=1170.0s
         max_tokens=8192 native_tools=False thinking=auto shape=[{'role':       
         'user', 'type': 'str', 'chars': 3565}, {'role': 'assistant', 'type':   
         'str', 'chars': 109}, {'role': 'user', 'type': 'str', 'chars': 28},    
         {'role': 'assistant', 'type': 'str', 'chars': 93}, {'role': 'user',    
         'type': 'str', 'chars': 28}, {'role': 'assistant', 'type': 'str',      
         'chars': 66}, {'role': 'user', 'type': 'str', 'chars': 28}, {'role':   
         'assistant', 'type': 'str', 'chars': 1265}, {'role': 'user', 'type':   
         'str', 'chars': 28}, {'role': 'assistant', 'type': 'str', 'chars':     
         126}, {'role': 'user', 'type': 'str', 'chars': 28}, {'role':           
         'assistant', 'type': 'str', 'chars': 1067}, {'role': 'user', 'type':   
         'str', 'chars': 29}, {'role': 'assistant', 'type': 'str', 'chars': 84},
         {'role': 'user', 'type': 'str', 'chars': 29}, {'role': 'assistant',    
         'type': 'str', 'chars': 1448}, {'role': 'user', 'type': 'str', 'chars':
         29}, {'role': 'assistant', 'type': 'str', 'chars': 87}, {'role':       
         'user', 'type': 'str', 'chars': 29}, {'role': 'assistant', 'type':     
         'str', 'chars': 332}, {'role': 'user', 'type': 'str', 'chars': 28},    
         {'role': 'assistant', 'type': 'str', 'chars': 1741}, {'role': 'user',  
         'type': 'str', 'chars': 29}, {'role': 'assistant', 'type': 'str',      
         'chars': 117}, {'role': 'user', 'type': 'str', 'chars': 29}, {'role':  
         'assistant', 'type': 'str', 'chars': 242}, {'role': 'user', 'type':    
         'str', 'chars': 28}, {'role': 'assistant', 'type': 'str', 'chars':     
         1848}, {'role': 'user', 'type': 'str', 'chars': 29}, {'role':          
         'assistant', 'type': 'str', 'chars': 115}, {'role': 'user', 'type':    
         'str', 'chars': 29}, {'role': 'assistant', 'type': 'str', 'chars':     
         297}, {'role': 'user', 'type': 'str', 'chars': 28}, {'role':           
         'assistant', 'type': 'str', 'chars': 187}, {'role': 'user', 'type':    
         'str', 'chars': 28}, {'role': 'assistant', 'type': 'str', 'chars':     
         218}, {'role': 'user', 'type': 'str', 'chars': 28}, {'role':           
         'assistant', 'type': 'str', 'chars': 158}, {'role': 'user', 'type':    
         'str', 'chars': 28}, {'role': 'assistant', 'type': 'str', 'chars':     
         1435}, {'role': 'user', 'type': 'str', 'chars': 29}, {'role':          
         'assistant', 'type': 'str', 'chars': 109}, {'role': 'user', 'type':    
         'str', 'chars': 29}, {'role': 'assistant', 'type': 'str', 'chars':     
         217}, {'role': 'user', 'type': 'str', 'chars': 28}, {'role':           
         'assistant', 'type': 'str', 'chars': 2288}, {'role': 'user', 'type':   
         'str', 'chars': 29}, {'role': 'assistant', 'type': 'str', 'chars': 96},
         {'role': 'user', 'type': 'str', 'chars': 29}, {'role': 'assistant',    
         'type': 'str', 'chars': 260}, {'role': 'user', 'type': 'str', 'chars': 
         28}, {'role': 'assistant', 'type': 'str', 'chars': 2765}, {'role':     
         'user', 'type': 'str', 'chars': 29}, {'role': 'assistant', 'type':     
         'str', 'chars': 115}, {'role': 'user', 'type': 'str', 'chars': 28},    
         {'role': 'assistant', 'type': 'str', 'chars': 951}, {'role': 'user',   
         'type': 'str', 'chars': 29}, {'role': 'assistant', 'type': 'str',      
         'chars': 67}, {'role': 'user', 'type': 'str', 'chars': 29}, {'role':   
         'assistant', 'type': 'str', 'chars': 225}, {'role': 'user', 'type':    
         'str', 'chars': 28}, {'role': 'assistant', 'type': 'str', 'chars':     
         110}, {'role': 'user', 'type': 'str', 'chars': 28}, {'role':           
         'assistant', 'type': 'str', 'chars': 113}, {'role': 'user', 'type':    
         'str', 'chars': 29}, {'role': 'assistant', 'type': 'str', 'chars':     
         224}, {'role': 'user', 'type': 'str', 'chars': 30}, {'role':           
         'assistant', 'type': 'str', 'chars': 123}, {'role': 'user', 'type':    
         'str', 'chars': 30}, {'role': 'assistant', 'type': 'str', 'chars':     
         490}, {'role': 'user', 'type': 'str', 'chars': 28}, {'role':           
         'assistant', 'type': 'str', 'chars': 786}, {'role': 'user', 'type':    
         'str', 'chars': 28}, {'role': 'assistant', 'type': 'str', 'chars':     
         1623}, {'role': 'user', 'type': 'str', 'chars': 29}, {'role':          
         'assistant', 'type': 'str', 'chars': 108}, {'role': 'user', 'type':    
         'str', 'chars': 29}, {'role': 'assistant', 'type': 'str', 'chars':     
         221}, {'role': 'user', 'type': 'str', 'chars': 28}, {'role':           
         'assistant', 'type': 'str', 'chars': 229}, {'role': 'user', 'type':    
         'str', 'chars': 28}, {'role': 'assistant', 'type': 'str', 'chars':     
         1481}, {'role': 'user', 'type': 'str', 'chars': 29}, {'role':          
         'assistant', 'type': 'str', 'chars': 87}, {'role': 'user', 'type':     
         'str', 'chars': 29}, {'role': 'assistant', 'type': 'str', 'chars':     
         334}, {'role': 'user', 'type': 'str', 'chars': 28}, {'role':           
         'assistant', 'type': 'str', 'chars': 363}, {'role': 'user', 'type':    
         'str', 'chars': 28}, {'role': 'assistant', 'type': 'str', 'chars':     
         2013}, {'role': 'user', 'type': 'str', 'chars': 29}, {'role':          
         'assistant', 'type': 'str', 'chars': 98}, {'role': 'user', 'type':     
         'str', 'chars': 29}, {'role': 'assistant', 'type': 'str', 'chars':     
         423}, {'role': 'user', 'type': 'str', 'chars': 219}, {'role':          
         'assistant', 'type': 'str', 'chars': 2442}, {'role': 'user', 'type':   
         'str', 'chars': 2804}, {'role': 'assistant', 'type': 'str', 'chars':   
         124}, {'role': 'user', 'type': 'str', 'chars': 976}, {'role':          
         'assistant', 'type': 'str', 'chars': 173}, {'role': 'user', 'type':    
         'str', 'chars': 241}, {'role': 'assistant', 'type': 'str', 'chars':    
         146}, {'role': 'user', 'type': 'str', 'chars': 221}]                   
INFO     Messages API response received: status=200 elapsed=11.4s               
DEBUG    input_tokens=13,186, output_tokens=396, instance_cost=0.00, cost=0.00  
DEBUG    total_tokens_sent=498,907, total_tokens_received=36,120,               
         total_cost=0.00, total_api_calls=52                                    
INFO     濠电姷顣藉Σ鍛村磻閹捐泛绶ゅù鐘差儏閻ゎ喗銇勯弽銊х焼闁?THOUGHT (primary)
         DISCUSSION                                                             
         Let me write a script to print the full plaintext and check for any    
         issues.                                                                
                                                                                
INFO     濠电姷顣藉Σ鍛村磻閹捐泛绶ゅù鐘差儏閻ゎ喗銇勯幇鈺佲偓妤佺▔?ACTION       
         (primary)                                                              
         edit 1:1                                                               
         import string                                                          
                                                                                
         # Read ciphertext                                                      
         with open('ciphertext.txt', 'r') as f:                                 
             hex_str = f.read().strip()                                         
                                                                                
         ct = bytes.fromhex(hex_str)                                            
                                                                                
         key = b'ek6vt8pc7w'                                                    
         plaintext = bytes(ct[i] ^ key[i % len(key)] for i in range(len(ct)))   
                                                                                
         # Print full plaintext                                                 
         print("Full plaintext:")                                               
         print(plaintext.decode('ascii', errors='replace'))                     
         print()                                                                
                                                                                
         # Check for any non-ASCII or non-printable characters                  
         print("Non-printable characters:")                                     
         for i, b in enumerate(plaintext):                                      
             if chr(b) not in string.printable:                                 
                 print(f"  Position {i}: 0x{b:02x}")                            
             elif b > 127:                                                      
                 print(f"  Position {i}: 0x{b:02x} (high bit set)")             
                                                                                
         # Print all occurrences of 'actf' or 'flag'                            
         print("\nOccurrences of 'actf':")                                      
         idx = 0                                                                
         while True:                                                            
             idx = plaintext.find(b'actf', idx)                                 
             if idx == -1:                                                      
                 break                                                          
             print(f"  Position {idx}: {plaintext[idx:idx+30]}")                
             idx += 1                                                           
                                                                                
         print("\nOccurrences of 'flag':")                                      
         idx = 0                                                                
         while True:                                                            
             idx = plaintext.find(b'flag', idx)                                 
             if idx == -1:                                                      
                 break                                                          
             print(f"  Position {idx}: {plaintext[idx:idx+30]}")                
             idx += 1                                                           
                                                                                
         # Print last 50 bytes in hex                                           
         print(f"\nLast 50 bytes hex: {plaintext[-50:].hex()}")                 
         print(f"Last 50 bytes: {plaintext[-50:]}")                             
         end_of_edit                                                            
                                                                                
INFO     濠电姷顣藉Σ鍛村磻閹捐泛绶ゅù鐘差儏缁愭鎱ㄥ鍡楀姦?MODEL INPUT         
         [File: /__tmp__enigma-drag-6r1_x9km__repo/solve10.py (46 lines total)] 
         1:import string                                                        
         2:                                                                     
         3:# Read ciphertext                                                    
         4:with open('ciphertext.txt', 'r') as f:                               
         5:    hex_str = f.read().strip()                                       
         6:                                                                     
         7:ct = bytes.fromhex(hex_str)                                          
         8:                                                                     
         9:key = b'ek6vt8pc7w'                                                  
         10:plaintext = bytes(ct[i] ^ key[i % len(key)] for i in range(len(ct)))
         11:                                                                    
         12:# Print full plaintext                                              
         13:print("Full plaintext:")                                            
         14:print(plaintext.decode('ascii', errors='replace'))                  
         15:print()                                                             
         16:                                                                    
         17:# Check for any non-ASCII or non-printable characters               
         18:print("Non-printable characters:")                                  
         19:for i, b in enumerate(plaintext):                                   
         20:    if chr(b) not in string.printable:                              
         21:        print(f"  Position {i}: 0x{b:02x}")                         
         22:    elif b > 127:                                                   
         23:        print(f"  Position {i}: 0x{b:02x} (high bit set)")          
         24:                                                                    
         25:# Print all occurrences of 'actf' or 'flag'                         
         26:print("\nOccurrences of 'actf':")                                   
         27:idx = 0                                                             
         28:while True:                                                         
         29:    idx = plaintext.find(b'actf', idx)                              
         30:    if idx == -1:                                                   
         31:        break                                                       
         32:    print(f"  Position {idx}: {plaintext[idx:idx+30]}")             
         33:    idx += 1                                                        
         34:                                                                    
         35:print("\nOccurrences of 'flag':")                                   
         36:idx = 0                                                             
         37:while True:                                                         
         38:    idx = plaintext.find(b'flag', idx)                              
         39:    if idx == -1:                                                   
         40:        break                                                       
         41:    print(f"  Position {idx}: {plaintext[idx:idx+30]}")             
         42:    idx += 1                                                        
         43:                                                                    
         44:# Print last 50 bytes in hex                                        
         45:print(f"\nLast 50 bytes hex: {plaintext[-50:].hex()}")              
         46:print(f"Last 50 bytes: {plaintext[-50:]}")                          
         File updated. Please review the changes and make sure they are correct 
         (correct indentation, no duplicate lines, etc). Edit the file again if 
         necessary.                                                             
         (Open file: /__tmp__enigma-drag-6r1_x9km__repo/solve10.py)             
         (Current directory: /__tmp__enigma-drag-6r1_x9km__repo)                
         (Interactive session: n/a)                                             
         bash-$                                                                 
INFO     Messages API request start: model=glm52_10 messages=105 timeout=1170.0s
         max_tokens=8192 native_tools=False thinking=auto shape=[{'role':       
         'user', 'type': 'str', 'chars': 3565}, {'role': 'assistant', 'type':   
         'str', 'chars': 109}, {'role': 'user', 'type': 'str', 'chars': 28},    
         {'role': 'assistant', 'type': 'str', 'chars': 93}, {'role': 'user',    
         'type': 'str', 'chars': 28}, {'role': 'assistant', 'type': 'str',      
         'chars': 66}, {'role': 'user', 'type': 'str', 'chars': 28}, {'role':   
         'assistant', 'type': 'str', 'chars': 1265}, {'role': 'user', 'type':   
         'str', 'chars': 28}, {'role': 'assistant', 'type': 'str', 'chars':     
         126}, {'role': 'user', 'type': 'str', 'chars': 28}, {'role':           
         'assistant', 'type': 'str', 'chars': 1067}, {'role': 'user', 'type':   
         'str', 'chars': 29}, {'role': 'assistant', 'type': 'str', 'chars': 84},
         {'role': 'user', 'type': 'str', 'chars': 29}, {'role': 'assistant',    
         'type': 'str', 'chars': 1448}, {'role': 'user', 'type': 'str', 'chars':
         29}, {'role': 'assistant', 'type': 'str', 'chars': 87}, {'role':       
         'user', 'type': 'str', 'chars': 29}, {'role': 'assistant', 'type':     
         'str', 'chars': 332}, {'role': 'user', 'type': 'str', 'chars': 28},    
         {'role': 'assistant', 'type': 'str', 'chars': 1741}, {'role': 'user',  
         'type': 'str', 'chars': 29}, {'role': 'assistant', 'type': 'str',      
         'chars': 117}, {'role': 'user', 'type': 'str', 'chars': 29}, {'role':  
         'assistant', 'type': 'str', 'chars': 242}, {'role': 'user', 'type':    
         'str', 'chars': 28}, {'role': 'assistant', 'type': 'str', 'chars':     
         1848}, {'role': 'user', 'type': 'str', 'chars': 29}, {'role':          
         'assistant', 'type': 'str', 'chars': 115}, {'role': 'user', 'type':    
         'str', 'chars': 29}, {'role': 'assistant', 'type': 'str', 'chars':     
         297}, {'role': 'user', 'type': 'str', 'chars': 28}, {'role':           
         'assistant', 'type': 'str', 'chars': 187}, {'role': 'user', 'type':    
         'str', 'chars': 28}, {'role': 'assistant', 'type': 'str', 'chars':     
         218}, {'role': 'user', 'type': 'str', 'chars': 28}, {'role':           
         'assistant', 'type': 'str', 'chars': 158}, {'role': 'user', 'type':    
         'str', 'chars': 28}, {'role': 'assistant', 'type': 'str', 'chars':     
         1435}, {'role': 'user', 'type': 'str', 'chars': 29}, {'role':          
         'assistant', 'type': 'str', 'chars': 109}, {'role': 'user', 'type':    
         'str', 'chars': 29}, {'role': 'assistant', 'type': 'str', 'chars':     
         217}, {'role': 'user', 'type': 'str', 'chars': 28}, {'role':           
         'assistant', 'type': 'str', 'chars': 2288}, {'role': 'user', 'type':   
         'str', 'chars': 29}, {'role': 'assistant', 'type': 'str', 'chars': 96},
         {'role': 'user', 'type': 'str', 'chars': 29}, {'role': 'assistant',    
         'type': 'str', 'chars': 260}, {'role': 'user', 'type': 'str', 'chars': 
         28}, {'role': 'assistant', 'type': 'str', 'chars': 2765}, {'role':     
         'user', 'type': 'str', 'chars': 29}, {'role': 'assistant', 'type':     
         'str', 'chars': 115}, {'role': 'user', 'type': 'str', 'chars': 28},    
         {'role': 'assistant', 'type': 'str', 'chars': 951}, {'role': 'user',   
         'type': 'str', 'chars': 29}, {'role': 'assistant', 'type': 'str',      
         'chars': 67}, {'role': 'user', 'type': 'str', 'chars': 29}, {'role':   
         'assistant', 'type': 'str', 'chars': 225}, {'role': 'user', 'type':    
         'str', 'chars': 28}, {'role': 'assistant', 'type': 'str', 'chars':     
         110}, {'role': 'user', 'type': 'str', 'chars': 28}, {'role':           
         'assistant', 'type': 'str', 'chars': 113}, {'role': 'user', 'type':    
         'str', 'chars': 29}, {'role': 'assistant', 'type': 'str', 'chars':     
         224}, {'role': 'user', 'type': 'str', 'chars': 30}, {'role':           
         'assistant', 'type': 'str', 'chars': 123}, {'role': 'user', 'type':    
         'str', 'chars': 30}, {'role': 'assistant', 'type': 'str', 'chars':     
         490}, {'role': 'user', 'type': 'str', 'chars': 28}, {'role':           
         'assistant', 'type': 'str', 'chars': 786}, {'role': 'user', 'type':    
         'str', 'chars': 28}, {'role': 'assistant', 'type': 'str', 'chars':     
         1623}, {'role': 'user', 'type': 'str', 'chars': 29}, {'role':          
         'assistant', 'type': 'str', 'chars': 108}, {'role': 'user', 'type':    
         'str', 'chars': 29}, {'role': 'assistant', 'type': 'str', 'chars':     
         221}, {'role': 'user', 'type': 'str', 'chars': 28}, {'role':           
         'assistant', 'type': 'str', 'chars': 229}, {'role': 'user', 'type':    
         'str', 'chars': 28}, {'role': 'assistant', 'type': 'str', 'chars':     
         1481}, {'role': 'user', 'type': 'str', 'chars': 29}, {'role':          
         'assistant', 'type': 'str', 'chars': 87}, {'role': 'user', 'type':     
         'str', 'chars': 29}, {'role': 'assistant', 'type': 'str', 'chars':     
         334}, {'role': 'user', 'type': 'str', 'chars': 28}, {'role':           
         'assistant', 'type': 'str', 'chars': 363}, {'role': 'user', 'type':    
         'str', 'chars': 28}, {'role': 'assistant', 'type': 'str', 'chars':     
         2013}, {'role': 'user', 'type': 'str', 'chars': 29}, {'role':          
         'assistant', 'type': 'str', 'chars': 98}, {'role': 'user', 'type':     
         'str', 'chars': 29}, {'role': 'assistant', 'type': 'str', 'chars':     
         423}, {'role': 'user', 'type': 'str', 'chars': 28}, {'role':           
         'assistant', 'type': 'str', 'chars': 2442}, {'role': 'user', 'type':   
         'str', 'chars': 2804}, {'role': 'assistant', 'type': 'str', 'chars':   
         124}, {'role': 'user', 'type': 'str', 'chars': 976}, {'role':          
         'assistant', 'type': 'str', 'chars': 173}, {'role': 'user', 'type':    
         'str', 'chars': 241}, {'role': 'assistant', 'type': 'str', 'chars':    
         146}, {'role': 'user', 'type': 'str', 'chars': 221}, {'role':          
         'assistant', 'type': 'str', 'chars': 1291}, {'role': 'user', 'type':   
         'str', 'chars': 1677}]                                                 
INFO     Messages API response received: status=200 elapsed=1.9s                
DEBUG    input_tokens=14,066, output_tokens=31, instance_cost=0.00, cost=0.00   
DEBUG    total_tokens_sent=512,973, total_tokens_received=36,151,               
         total_cost=0.00, total_api_calls=53                                    
INFO     濠电姷顣藉Σ鍛村磻閹捐泛绶ゅù鐘差儏閻ゎ喗銇勯弽銊х焼闁?THOUGHT (primary)
         DISCUSSION                                                             
         Let me run this script to see the full plaintext and check for any     
         issues.                                                                
                                                                                
INFO     濠电姷顣藉Σ鍛村磻閹捐泛绶ゅù鐘差儏閻ゎ喗銇勯幇鈺佲偓妤佺▔?ACTION       
         (primary)                                                              
         python3 solve10.py                                                     
                                                                                
INFO     濠电姷顣藉Σ鍛村磻閹捐泛绶ゅù鐘差儏缁愭鎱ㄥ鍡楀姦?MODEL INPUT         
         Full plaintext:                                                        
         If only gray-eyed Athene would deign to love you, as in those days she 
         used so to take care of glorious Odysseus in the Trojan country, where 
         we Achaians suffered miseries; for I never saw the gods showing such   
         open affection as Pallas Athene, the way she stood beside him, openly; 
         if she would deign to love you as she did him, and care for you in her 
         heart, then some of those people might well forget about marrying.'    
         Then the thoughtful Telemachos said to him in answer: 'Old sir, I think
         that what you have said will not be accomplished. What you mean is too 
         big. It bewilders me. That which I hope for could never happen to me,  
         not even if the gods so willed it. actf{1_key_is_used_once}            
                                                                                
         Non-printable characters:                                              
                                                                                
         Occurrences of 'actf':                                                 
           Position 669: b'actf{1_key_is_used_once}'                            
                                                                                
         Occurrences of 'flag':                                                 
                                                                                
         Last 50 bytes hex:                                                     
         69662074686520676f647320736f2077696c6c65642069742e20616374667b315f6b657
         95f69735f757365645f6f6e63657d                                          
         Last 50 bytes: b'if the gods so willed it. actf{1_key_is_used_once}'   
         (Open file: /__tmp__enigma-drag-6r1_x9km__repo/solve10.py)             
         (Current directory: /__tmp__enigma-drag-6r1_x9km__repo)                
         (Interactive session: n/a)                                             
         bash-$                                                                 
INFO     Messages API request start: model=glm52_10 messages=107 timeout=1170.0s
         max_tokens=8192 native_tools=False thinking=auto shape=[{'role':       
         'user', 'type': 'str', 'chars': 3565}, {'role': 'assistant', 'type':   
         'str', 'chars': 109}, {'role': 'user', 'type': 'str', 'chars': 28},    
         {'role': 'assistant', 'type': 'str', 'chars': 93}, {'role': 'user',    
         'type': 'str', 'chars': 28}, {'role': 'assistant', 'type': 'str',      
         'chars': 66}, {'role': 'user', 'type': 'str', 'chars': 28}, {'role':   
         'assistant', 'type': 'str', 'chars': 1265}, {'role': 'user', 'type':   
         'str', 'chars': 28}, {'role': 'assistant', 'type': 'str', 'chars':     
         126}, {'role': 'user', 'type': 'str', 'chars': 28}, {'role':           
         'assistant', 'type': 'str', 'chars': 1067}, {'role': 'user', 'type':   
         'str', 'chars': 29}, {'role': 'assistant', 'type': 'str', 'chars': 84},
         {'role': 'user', 'type': 'str', 'chars': 29}, {'role': 'assistant',    
         'type': 'str', 'chars': 1448}, {'role': 'user', 'type': 'str', 'chars':
         29}, {'role': 'assistant', 'type': 'str', 'chars': 87}, {'role':       
         'user', 'type': 'str', 'chars': 29}, {'role': 'assistant', 'type':     
         'str', 'chars': 332}, {'role': 'user', 'type': 'str', 'chars': 28},    
         {'role': 'assistant', 'type': 'str', 'chars': 1741}, {'role': 'user',  
         'type': 'str', 'chars': 29}, {'role': 'assistant', 'type': 'str',      
         'chars': 117}, {'role': 'user', 'type': 'str', 'chars': 29}, {'role':  
         'assistant', 'type': 'str', 'chars': 242}, {'role': 'user', 'type':    
         'str', 'chars': 28}, {'role': 'assistant', 'type': 'str', 'chars':     
         1848}, {'role': 'user', 'type': 'str', 'chars': 29}, {'role':          
         'assistant', 'type': 'str', 'chars': 115}, {'role': 'user', 'type':    
         'str', 'chars': 29}, {'role': 'assistant', 'type': 'str', 'chars':     
         297}, {'role': 'user', 'type': 'str', 'chars': 28}, {'role':           
         'assistant', 'type': 'str', 'chars': 187}, {'role': 'user', 'type':    
         'str', 'chars': 28}, {'role': 'assistant', 'type': 'str', 'chars':     
         218}, {'role': 'user', 'type': 'str', 'chars': 28}, {'role':           
         'assistant', 'type': 'str', 'chars': 158}, {'role': 'user', 'type':    
         'str', 'chars': 28}, {'role': 'assistant', 'type': 'str', 'chars':     
         1435}, {'role': 'user', 'type': 'str', 'chars': 29}, {'role':          
         'assistant', 'type': 'str', 'chars': 109}, {'role': 'user', 'type':    
         'str', 'chars': 29}, {'role': 'assistant', 'type': 'str', 'chars':     
         217}, {'role': 'user', 'type': 'str', 'chars': 28}, {'role':           
         'assistant', 'type': 'str', 'chars': 2288}, {'role': 'user', 'type':   
         'str', 'chars': 29}, {'role': 'assistant', 'type': 'str', 'chars': 96},
         {'role': 'user', 'type': 'str', 'chars': 29}, {'role': 'assistant',    
         'type': 'str', 'chars': 260}, {'role': 'user', 'type': 'str', 'chars': 
         28}, {'role': 'assistant', 'type': 'str', 'chars': 2765}, {'role':     
         'user', 'type': 'str', 'chars': 29}, {'role': 'assistant', 'type':     
         'str', 'chars': 115}, {'role': 'user', 'type': 'str', 'chars': 28},    
         {'role': 'assistant', 'type': 'str', 'chars': 951}, {'role': 'user',   
         'type': 'str', 'chars': 29}, {'role': 'assistant', 'type': 'str',      
         'chars': 67}, {'role': 'user', 'type': 'str', 'chars': 29}, {'role':   
         'assistant', 'type': 'str', 'chars': 225}, {'role': 'user', 'type':    
         'str', 'chars': 28}, {'role': 'assistant', 'type': 'str', 'chars':     
         110}, {'role': 'user', 'type': 'str', 'chars': 28}, {'role':           
         'assistant', 'type': 'str', 'chars': 113}, {'role': 'user', 'type':    
         'str', 'chars': 29}, {'role': 'assistant', 'type': 'str', 'chars':     
         224}, {'role': 'user', 'type': 'str', 'chars': 30}, {'role':           
         'assistant', 'type': 'str', 'chars': 123}, {'role': 'user', 'type':    
         'str', 'chars': 30}, {'role': 'assistant', 'type': 'str', 'chars':     
         490}, {'role': 'user', 'type': 'str', 'chars': 28}, {'role':           
         'assistant', 'type': 'str', 'chars': 786}, {'role': 'user', 'type':    
         'str', 'chars': 28}, {'role': 'assistant', 'type': 'str', 'chars':     
         1623}, {'role': 'user', 'type': 'str', 'chars': 29}, {'role':          
         'assistant', 'type': 'str', 'chars': 108}, {'role': 'user', 'type':    
         'str', 'chars': 29}, {'role': 'assistant', 'type': 'str', 'chars':     
         221}, {'role': 'user', 'type': 'str', 'chars': 28}, {'role':           
         'assistant', 'type': 'str', 'chars': 229}, {'role': 'user', 'type':    
         'str', 'chars': 28}, {'role': 'assistant', 'type': 'str', 'chars':     
         1481}, {'role': 'user', 'type': 'str', 'chars': 29}, {'role':          
         'assistant', 'type': 'str', 'chars': 87}, {'role': 'user', 'type':     
         'str', 'chars': 29}, {'role': 'assistant', 'type': 'str', 'chars':     
         334}, {'role': 'user', 'type': 'str', 'chars': 28}, {'role':           
         'assistant', 'type': 'str', 'chars': 363}, {'role': 'user', 'type':    
         'str', 'chars': 28}, {'role': 'assistant', 'type': 'str', 'chars':     
         2013}, {'role': 'user', 'type': 'str', 'chars': 29}, {'role':          
         'assistant', 'type': 'str', 'chars': 98}, {'role': 'user', 'type':     
         'str', 'chars': 29}, {'role': 'assistant', 'type': 'str', 'chars':     
         423}, {'role': 'user', 'type': 'str', 'chars': 28}, {'role':           
         'assistant', 'type': 'str', 'chars': 2442}, {'role': 'user', 'type':   
         'str', 'chars': 29}, {'role': 'assistant', 'type': 'str', 'chars':     
         124}, {'role': 'user', 'type': 'str', 'chars': 976}, {'role':          
         'assistant', 'type': 'str', 'chars': 173}, {'role': 'user', 'type':    
         'str', 'chars': 241}, {'role': 'assistant', 'type': 'str', 'chars':    
         146}, {'role': 'user', 'type': 'str', 'chars': 221}, {'role':          
         'assistant', 'type': 'str', 'chars': 1291}, {'role': 'user', 'type':   
         'str', 'chars': 1677}, {'role': 'assistant', 'type': 'str', 'chars':   
         112}, {'role': 'user', 'type': 'str', 'chars': 1167}]                  
INFO     Messages API response received: status=200 elapsed=31.3s               
DEBUG    input_tokens=13,452, output_tokens=1,059, instance_cost=0.00, cost=0.00
DEBUG    total_tokens_sent=526,425, total_tokens_received=37,210,               
         total_cost=0.00, total_api_calls=54                                    
INFO     濠电姷顣藉Σ鍛村磻閹捐泛绶ゅù鐘差儏閻ゎ喗銇勯弽銊х焼闁?THOUGHT (primary)
         DISCUSSION                                                             
         The plaintext is perfectly clean - a passage from Homer's Odyssey with 
         the flag `actf{1_key_is_used_once}` at the end. There are no hidden    
         characters or issues. Let me try submitting one more time - perhaps    
         there was a transient server issue.                                    
                                                                                
INFO     濠电姷顣藉Σ鍛村磻閹捐泛绶ゅù鐘差儏閻ゎ喗銇勯幇鈺佲偓妤佺▔?ACTION       
         (primary)                                                              
         submit 'actf{1_key_is_used_once}'                                      
                                                                                
WARNING  Wrong flag submission found.                                           
INFO     濠电姷顣藉Σ鍛村磻閹捐泛绶ゅù鐘差儏缁愭鎱ㄥ鍡楀姦?MODEL INPUT         
         Wrong flag!                                                            
         (Open file: /__tmp__enigma-drag-6r1_x9km__repo/solve10.py)             
         (Current directory: /__tmp__enigma-drag-6r1_x9km__repo)                
         (Interactive session: n/a)                                             
         bash-$                                                                 
INFO     Messages API request start: model=glm52_10 messages=109 timeout=1170.0s
         max_tokens=8192 native_tools=False thinking=auto shape=[{'role':       
         'user', 'type': 'str', 'chars': 3565}, {'role': 'assistant', 'type':   
         'str', 'chars': 109}, {'role': 'user', 'type': 'str', 'chars': 28},    
         {'role': 'assistant', 'type': 'str', 'chars': 93}, {'role': 'user',    
         'type': 'str', 'chars': 28}, {'role': 'assistant', 'type': 'str',      
         'chars': 66}, {'role': 'user', 'type': 'str', 'chars': 28}, {'role':   
         'assistant', 'type': 'str', 'chars': 1265}, {'role': 'user', 'type':   
         'str', 'chars': 28}, {'role': 'assistant', 'type': 'str', 'chars':     
         126}, {'role': 'user', 'type': 'str', 'chars': 28}, {'role':           
         'assistant', 'type': 'str', 'chars': 1067}, {'role': 'user', 'type':   
         'str', 'chars': 29}, {'role': 'assistant', 'type': 'str', 'chars': 84},
         {'role': 'user', 'type': 'str', 'chars': 29}, {'role': 'assistant',    
         'type': 'str', 'chars': 1448}, {'role': 'user', 'type': 'str', 'chars':
         29}, {'role': 'assistant', 'type': 'str', 'chars': 87}, {'role':       
         'user', 'type': 'str', 'chars': 29}, {'role': 'assistant', 'type':     
         'str', 'chars': 332}, {'role': 'user', 'type': 'str', 'chars': 28},    
         {'role': 'assistant', 'type': 'str', 'chars': 1741}, {'role': 'user',  
         'type': 'str', 'chars': 29}, {'role': 'assistant', 'type': 'str',      
         'chars': 117}, {'role': 'user', 'type': 'str', 'chars': 29}, {'role':  
         'assistant', 'type': 'str', 'chars': 242}, {'role': 'user', 'type':    
         'str', 'chars': 28}, {'role': 'assistant', 'type': 'str', 'chars':     
         1848}, {'role': 'user', 'type': 'str', 'chars': 29}, {'role':          
         'assistant', 'type': 'str', 'chars': 115}, {'role': 'user', 'type':    
         'str', 'chars': 29}, {'role': 'assistant', 'type': 'str', 'chars':     
         297}, {'role': 'user', 'type': 'str', 'chars': 28}, {'role':           
         'assistant', 'type': 'str', 'chars': 187}, {'role': 'user', 'type':    
         'str', 'chars': 28}, {'role': 'assistant', 'type': 'str', 'chars':     
         218}, {'role': 'user', 'type': 'str', 'chars': 28}, {'role':           
         'assistant', 'type': 'str', 'chars': 158}, {'role': 'user', 'type':    
         'str', 'chars': 28}, {'role': 'assistant', 'type': 'str', 'chars':     
         1435}, {'role': 'user', 'type': 'str', 'chars': 29}, {'role':          
         'assistant', 'type': 'str', 'chars': 109}, {'role': 'user', 'type':    
         'str', 'chars': 29}, {'role': 'assistant', 'type': 'str', 'chars':     
         217}, {'role': 'user', 'type': 'str', 'chars': 28}, {'role':           
         'assistant', 'type': 'str', 'chars': 2288}, {'role': 'user', 'type':   
         'str', 'chars': 29}, {'role': 'assistant', 'type': 'str', 'chars': 96},
         {'role': 'user', 'type': 'str', 'chars': 29}, {'role': 'assistant',    
         'type': 'str', 'chars': 260}, {'role': 'user', 'type': 'str', 'chars': 
         28}, {'role': 'assistant', 'type': 'str', 'chars': 2765}, {'role':     
         'user', 'type': 'str', 'chars': 29}, {'role': 'assistant', 'type':     
         'str', 'chars': 115}, {'role': 'user', 'type': 'str', 'chars': 28},    
         {'role': 'assistant', 'type': 'str', 'chars': 951}, {'role': 'user',   
         'type': 'str', 'chars': 29}, {'role': 'assistant', 'type': 'str',      
         'chars': 67}, {'role': 'user', 'type': 'str', 'chars': 29}, {'role':   
         'assistant', 'type': 'str', 'chars': 225}, {'role': 'user', 'type':    
         'str', 'chars': 28}, {'role': 'assistant', 'type': 'str', 'chars':     
         110}, {'role': 'user', 'type': 'str', 'chars': 28}, {'role':           
         'assistant', 'type': 'str', 'chars': 113}, {'role': 'user', 'type':    
         'str', 'chars': 29}, {'role': 'assistant', 'type': 'str', 'chars':     
         224}, {'role': 'user', 'type': 'str', 'chars': 30}, {'role':           
         'assistant', 'type': 'str', 'chars': 123}, {'role': 'user', 'type':    
         'str', 'chars': 30}, {'role': 'assistant', 'type': 'str', 'chars':     
         490}, {'role': 'user', 'type': 'str', 'chars': 28}, {'role':           
         'assistant', 'type': 'str', 'chars': 786}, {'role': 'user', 'type':    
         'str', 'chars': 28}, {'role': 'assistant', 'type': 'str', 'chars':     
         1623}, {'role': 'user', 'type': 'str', 'chars': 29}, {'role':          
         'assistant', 'type': 'str', 'chars': 108}, {'role': 'user', 'type':    
         'str', 'chars': 29}, {'role': 'assistant', 'type': 'str', 'chars':     
         221}, {'role': 'user', 'type': 'str', 'chars': 28}, {'role':           
         'assistant', 'type': 'str', 'chars': 229}, {'role': 'user', 'type':    
         'str', 'chars': 28}, {'role': 'assistant', 'type': 'str', 'chars':     
         1481}, {'role': 'user', 'type': 'str', 'chars': 29}, {'role':          
         'assistant', 'type': 'str', 'chars': 87}, {'role': 'user', 'type':     
         'str', 'chars': 29}, {'role': 'assistant', 'type': 'str', 'chars':     
         334}, {'role': 'user', 'type': 'str', 'chars': 28}, {'role':           
         'assistant', 'type': 'str', 'chars': 363}, {'role': 'user', 'type':    
         'str', 'chars': 28}, {'role': 'assistant', 'type': 'str', 'chars':     
         2013}, {'role': 'user', 'type': 'str', 'chars': 29}, {'role':          
         'assistant', 'type': 'str', 'chars': 98}, {'role': 'user', 'type':     
         'str', 'chars': 29}, {'role': 'assistant', 'type': 'str', 'chars':     
         423}, {'role': 'user', 'type': 'str', 'chars': 28}, {'role':           
         'assistant', 'type': 'str', 'chars': 2442}, {'role': 'user', 'type':   
         'str', 'chars': 29}, {'role': 'assistant', 'type': 'str', 'chars':     
         124}, {'role': 'user', 'type': 'str', 'chars': 29}, {'role':           
         'assistant', 'type': 'str', 'chars': 173}, {'role': 'user', 'type':    
         'str', 'chars': 241}, {'role': 'assistant', 'type': 'str', 'chars':    
         146}, {'role': 'user', 'type': 'str', 'chars': 221}, {'role':          
         'assistant', 'type': 'str', 'chars': 1291}, {'role': 'user', 'type':   
         'str', 'chars': 1677}, {'role': 'assistant', 'type': 'str', 'chars':   
         112}, {'role': 'user', 'type': 'str', 'chars': 1167}, {'role':         
         'assistant', 'type': 'str', 'chars': 295}, {'role': 'user', 'type':    
         'str', 'chars': 160}]                                                  
INFO     Messages API response received: status=200 elapsed=223.6s              
WARNING  Messages API empty response: keys=['content', 'id', 'model', 'role',   
         'stop_reason', 'type', 'usage'] block_types=['thinking']               
         stop_reason=max_tokens usage={'input_tokens': 13223, 'output_tokens':  
         8192}                                                                  
WARNING  Messages API returned thinking-only max_tokens; retrying with thinking 
         disabled                                                               
DEBUG    input_tokens=13,217, output_tokens=76, instance_cost=0.00, cost=0.00   
DEBUG    total_tokens_sent=539,642, total_tokens_received=37,286,               
         total_cost=0.00, total_api_calls=55                                    
INFO     濠电姷顣藉Σ鍛村磻閹捐泛绶ゅù鐘差儏閻ゎ喗銇勯弽銊х焼闁?THOUGHT (primary)
         DISCUSSION                                                             
         The flag keeps getting rejected. Let me reconsider the problem. Maybe  
         the key isn't exactly `ek6vt8pc7w` - there could be multiple valid keys
         that produce printable ASCII but different flags. Let me check if there
         are alternative key bytes at the flag positions that still produce     
         valid English text elsewhere.                                          
                                                                                
INFO     濠电姷顣藉Σ鍛村磻閹捐泛绶ゅù鐘差儏閻ゎ喗銇勯幇鈺佲偓妤佺▔?ACTION       
         (primary)                                                              
         create solve11.py                                                      
                                                                                
INFO     濠电姷顣藉Σ鍛村磻閹捐泛绶ゅù鐘差儏缁愭鎱ㄥ鍡楀姦?MODEL INPUT         
         [File: /__tmp__enigma-drag-6r1_x9km__repo/solve11.py (1 lines total)]  
         1:                                                                     
         (Open file: /__tmp__enigma-drag-6r1_x9km__repo/solve11.py)             
         (Current directory: /__tmp__enigma-drag-6r1_x9km__repo)                
         (Interactive session: n/a)                                             
         bash-$                                                                 
INFO     Messages API request start: model=glm52_10 messages=111 timeout=1170.0s
         max_tokens=8192 native_tools=False thinking=auto shape=[{'role':       
         'user', 'type': 'str', 'chars': 3565}, {'role': 'assistant', 'type':   
         'str', 'chars': 109}, {'role': 'user', 'type': 'str', 'chars': 28},    
         {'role': 'assistant', 'type': 'str', 'chars': 93}, {'role': 'user',    
         'type': 'str', 'chars': 28}, {'role': 'assistant', 'type': 'str',      
         'chars': 66}, {'role': 'user', 'type': 'str', 'chars': 28}, {'role':   
         'assistant', 'type': 'str', 'chars': 1265}, {'role': 'user', 'type':   
         'str', 'chars': 28}, {'role': 'assistant', 'type': 'str', 'chars':     
         126}, {'role': 'user', 'type': 'str', 'chars': 28}, {'role':           
         'assistant', 'type': 'str', 'chars': 1067}, {'role': 'user', 'type':   
         'str', 'chars': 29}, {'role': 'assistant', 'type': 'str', 'chars': 84},
         {'role': 'user', 'type': 'str', 'chars': 29}, {'role': 'assistant',    
         'type': 'str', 'chars': 1448}, {'role': 'user', 'type': 'str', 'chars':
         29}, {'role': 'assistant', 'type': 'str', 'chars': 87}, {'role':       
         'user', 'type': 'str', 'chars': 29}, {'role': 'assistant', 'type':     
         'str', 'chars': 332}, {'role': 'user', 'type': 'str', 'chars': 28},    
         {'role': 'assistant', 'type': 'str', 'chars': 1741}, {'role': 'user',  
         'type': 'str', 'chars': 29}, {'role': 'assistant', 'type': 'str',      
         'chars': 117}, {'role': 'user', 'type': 'str', 'chars': 29}, {'role':  
         'assistant', 'type': 'str', 'chars': 242}, {'role': 'user', 'type':    
         'str', 'chars': 28}, {'role': 'assistant', 'type': 'str', 'chars':     
         1848}, {'role': 'user', 'type': 'str', 'chars': 29}, {'role':          
         'assistant', 'type': 'str', 'chars': 115}, {'role': 'user', 'type':    
         'str', 'chars': 29}, {'role': 'assistant', 'type': 'str', 'chars':     
         297}, {'role': 'user', 'type': 'str', 'chars': 28}, {'role':           
         'assistant', 'type': 'str', 'chars': 187}, {'role': 'user', 'type':    
         'str', 'chars': 28}, {'role': 'assistant', 'type': 'str', 'chars':     
         218}, {'role': 'user', 'type': 'str', 'chars': 28}, {'role':           
         'assistant', 'type': 'str', 'chars': 158}, {'role': 'user', 'type':    
         'str', 'chars': 28}, {'role': 'assistant', 'type': 'str', 'chars':     
         1435}, {'role': 'user', 'type': 'str', 'chars': 29}, {'role':          
         'assistant', 'type': 'str', 'chars': 109}, {'role': 'user', 'type':    
         'str', 'chars': 29}, {'role': 'assistant', 'type': 'str', 'chars':     
         217}, {'role': 'user', 'type': 'str', 'chars': 28}, {'role':           
         'assistant', 'type': 'str', 'chars': 2288}, {'role': 'user', 'type':   
         'str', 'chars': 29}, {'role': 'assistant', 'type': 'str', 'chars': 96},
         {'role': 'user', 'type': 'str', 'chars': 29}, {'role': 'assistant',    
         'type': 'str', 'chars': 260}, {'role': 'user', 'type': 'str', 'chars': 
         28}, {'role': 'assistant', 'type': 'str', 'chars': 2765}, {'role':     
         'user', 'type': 'str', 'chars': 29}, {'role': 'assistant', 'type':     
         'str', 'chars': 115}, {'role': 'user', 'type': 'str', 'chars': 28},    
         {'role': 'assistant', 'type': 'str', 'chars': 951}, {'role': 'user',   
         'type': 'str', 'chars': 29}, {'role': 'assistant', 'type': 'str',      
         'chars': 67}, {'role': 'user', 'type': 'str', 'chars': 29}, {'role':   
         'assistant', 'type': 'str', 'chars': 225}, {'role': 'user', 'type':    
         'str', 'chars': 28}, {'role': 'assistant', 'type': 'str', 'chars':     
         110}, {'role': 'user', 'type': 'str', 'chars': 28}, {'role':           
         'assistant', 'type': 'str', 'chars': 113}, {'role': 'user', 'type':    
         'str', 'chars': 29}, {'role': 'assistant', 'type': 'str', 'chars':     
         224}, {'role': 'user', 'type': 'str', 'chars': 30}, {'role':           
         'assistant', 'type': 'str', 'chars': 123}, {'role': 'user', 'type':    
         'str', 'chars': 30}, {'role': 'assistant', 'type': 'str', 'chars':     
         490}, {'role': 'user', 'type': 'str', 'chars': 28}, {'role':           
         'assistant', 'type': 'str', 'chars': 786}, {'role': 'user', 'type':    
         'str', 'chars': 28}, {'role': 'assistant', 'type': 'str', 'chars':     
         1623}, {'role': 'user', 'type': 'str', 'chars': 29}, {'role':          
         'assistant', 'type': 'str', 'chars': 108}, {'role': 'user', 'type':    
         'str', 'chars': 29}, {'role': 'assistant', 'type': 'str', 'chars':     
         221}, {'role': 'user', 'type': 'str', 'chars': 28}, {'role':           
         'assistant', 'type': 'str', 'chars': 229}, {'role': 'user', 'type':    
         'str', 'chars': 28}, {'role': 'assistant', 'type': 'str', 'chars':     
         1481}, {'role': 'user', 'type': 'str', 'chars': 29}, {'role':          
         'assistant', 'type': 'str', 'chars': 87}, {'role': 'user', 'type':     
         'str', 'chars': 29}, {'role': 'assistant', 'type': 'str', 'chars':     
         334}, {'role': 'user', 'type': 'str', 'chars': 28}, {'role':           
         'assistant', 'type': 'str', 'chars': 363}, {'role': 'user', 'type':    
         'str', 'chars': 28}, {'role': 'assistant', 'type': 'str', 'chars':     
         2013}, {'role': 'user', 'type': 'str', 'chars': 29}, {'role':          
         'assistant', 'type': 'str', 'chars': 98}, {'role': 'user', 'type':     
         'str', 'chars': 29}, {'role': 'assistant', 'type': 'str', 'chars':     
         423}, {'role': 'user', 'type': 'str', 'chars': 28}, {'role':           
         'assistant', 'type': 'str', 'chars': 2442}, {'role': 'user', 'type':   
         'str', 'chars': 29}, {'role': 'assistant', 'type': 'str', 'chars':     
         124}, {'role': 'user', 'type': 'str', 'chars': 29}, {'role':           
         'assistant', 'type': 'str', 'chars': 173}, {'role': 'user', 'type':    
         'str', 'chars': 28}, {'role': 'assistant', 'type': 'str', 'chars':     
         146}, {'role': 'user', 'type': 'str', 'chars': 221}, {'role':          
         'assistant', 'type': 'str', 'chars': 1291}, {'role': 'user', 'type':   
         'str', 'chars': 1677}, {'role': 'assistant', 'type': 'str', 'chars':   
         112}, {'role': 'user', 'type': 'str', 'chars': 1167}, {'role':         
         'assistant', 'type': 'str', 'chars': 295}, {'role': 'user', 'type':    
         'str', 'chars': 160}, {'role': 'assistant', 'type': 'str', 'chars':    
         347}, {'role': 'user', 'type': 'str', 'chars': 221}]                   
INFO     Messages API response received: status=200 elapsed=71.1s               
DEBUG    input_tokens=13,316, output_tokens=2,305, instance_cost=0.00, cost=0.00
DEBUG    total_tokens_sent=552,958, total_tokens_received=39,591,               
         total_cost=0.00, total_api_calls=56                                    
INFO     濠电姷顣藉Σ鍛村磻閹捐泛绶ゅù鐘差儏閻ゎ喗銇勯弽銊х焼闁?THOUGHT (primary)
         DISCUSSION                                                             
         Let me write a script that checks for alternative key bytes at each    
         position that still produce valid English text, and see if any         
         alternative keys produce a different flag.                             
                                                                                
INFO     濠电姷顣藉Σ鍛村磻閹捐泛绶ゅù鐘差儏閻ゎ喗銇勯幇鈺佲偓妤佺▔?ACTION       
         (primary)                                                              
         edit 1:1                                                               
         import string                                                          
                                                                                
         # Read ciphertext                                                      
         with open('ciphertext.txt', 'r') as f:                                 
             hex_str = f.read().strip()                                         
                                                                                
         ct = bytes.fromhex(hex_str)                                            
                                                                                
         KEYLEN = 10                                                            
                                                                                
         # For each position, find ALL key bytes that produce only valid English
         text characters                                                        
         # Valid: lowercase, uppercase, space, and common punctuation           
         valid_chars = set(string.ascii_lowercase + string.ascii_uppercase + '  
         .,;:!?\'"-\n\r()')                                                     
                                                                                
         all_candidates = []                                                    
         for pos in range(KEYLEN):                                              
             candidates = []                                                    
             for candidate in range(256):                                       
                 all_valid = True                                               
                 for i in range(pos, len(ct), KEYLEN):                          
                     pt_byte = ct[i] ^ candidate                                
                     if chr(pt_byte) not in valid_chars:                        
                         all_valid = False                                      
                         break                                                  
                 if all_valid:                                                  
                     candidates.append(candidate)                               
             all_candidates.append(candidates)                                  
             print(f"Key pos {pos}: {len(candidates)} candidates: {[(hex(c),    
         chr(c)) for c in candidates]}")                                        
                                                                                
         # Now try all combinations but only print those with 'actf{' in the    
         result                                                                 
         from itertools import product                                          
         total = 1                                                              
         for c in all_candidates:                                               
             total *= len(c)                                                    
         print(f"\nTotal combinations: {total}")                                
                                                                                
         if total < 1000000:                                                    
             count = 0                                                          
             for combo in product(*all_candidates):                             
                 key = bytes(combo)                                             
                 plaintext = bytes(ct[i] ^ key[i % KEYLEN] for i in             
         range(len(ct)))                                                        
                 if b'actf{' in plaintext:                                      
                     idx = plaintext.index(b'actf{')                            
                     end_idx = plaintext.index(b'}', idx) + 1                   
                     flag = plaintext[idx:end_idx]                              
                     if flag != b'actf{1_key_is_used_once}':                    
                         print(f"Different flag! Key={repr(key)}: flag =        
         {flag}")                                                               
                     count += 1                                                 
             print(f"Found {count} combinations with actf{{")                   
         end_of_edit                                                            
                                                                                
INFO     濠电姷顣藉Σ鍛村磻閹捐泛绶ゅù鐘差儏缁愭鎱ㄥ鍡楀姦?MODEL INPUT         
         [File: /__tmp__enigma-drag-6r1_x9km__repo/solve11.py (49 lines total)] 
         1:import string                                                        
         2:                                                                     
         3:# Read ciphertext                                                    
         4:with open('ciphertext.txt', 'r') as f:                               
         5:    hex_str = f.read().strip()                                       
         6:                                                                     
         7:ct = bytes.fromhex(hex_str)                                          
         8:                                                                     
         9:KEYLEN = 10                                                          
         10:                                                                    
         11:# For each position, find ALL key bytes that produce only valid     
         English text characters                                                
         12:# Valid: lowercase, uppercase, space, and common punctuation        
         13:valid_chars = set(string.ascii_lowercase + string.ascii_uppercase + 
         ' .,;:!?\'"-\n\r()')                                                   
         14:                                                                    
         15:all_candidates = []                                                 
         16:for pos in range(KEYLEN):                                           
         17:    candidates = []                                                 
         18:    for candidate in range(256):                                    
         19:        all_valid = True                                            
         20:        for i in range(pos, len(ct), KEYLEN):                       
         21:            pt_byte = ct[i] ^ candidate                             
         22:            if chr(pt_byte) not in valid_chars:                     
         23:                all_valid = False                                   
         24:                break                                               
         25:        if all_valid:                                               
         26:            candidates.append(candidate)                            
         27:    all_candidates.append(candidates)                               
         28:    print(f"Key pos {pos}: {len(candidates)} candidates: {[(hex(c), 
         chr(c)) for c in candidates]}")                                        
         29:                                                                    
         30:# Now try all combinations but only print those with 'actf{' in the 
         result                                                                 
         31:from itertools import product                                       
         32:total = 1                                                           
         33:for c in all_candidates:                                            
         34:    total *= len(c)                                                 
         35:print(f"\nTotal combinations: {total}")                             
         36:                                                                    
         37:if total < 1000000:                                                 
         38:    count = 0                                                       
         39:    for combo in product(*all_candidates):                          
         40:        key = bytes(combo)                                          
         41:        plaintext = bytes(ct[i] ^ key[i % KEYLEN] for i in          
         range(len(ct)))                                                        
         42:        if b'actf{' in plaintext:                                   
         43:            idx = plaintext.index(b'actf{')                         
         44:            end_idx = plaintext.index(b'}', idx) + 1                
         45:            flag = plaintext[idx:end_idx]                           
         46:            if flag != b'actf{1_key_is_used_once}':                 
         47:                print(f"Different flag! Key={repr(key)}: flag =     
         {flag}")                                                               
         48:            count += 1                                              
         49:    print(f"Found {count} combinations with actf{{")                
         File updated. Please review the changes and make sure they are correct 
         (correct indentation, no duplicate lines, etc). Edit the file again if 
         necessary.                                                             
         (Open file: /__tmp__enigma-drag-6r1_x9km__repo/solve11.py)             
         (Current directory: /__tmp__enigma-drag-6r1_x9km__repo)                
         (Interactive session: n/a)                                             
         bash-$                                                                 
INFO     Messages API request start: model=glm52_10 messages=113 timeout=1170.0s
         max_tokens=8192 native_tools=False thinking=auto shape=[{'role':       
         'user', 'type': 'str', 'chars': 3565}, {'role': 'assistant', 'type':   
         'str', 'chars': 109}, {'role': 'user', 'type': 'str', 'chars': 28},    
         {'role': 'assistant', 'type': 'str', 'chars': 93}, {'role': 'user',    
         'type': 'str', 'chars': 28}, {'role': 'assistant', 'type': 'str',      
         'chars': 66}, {'role': 'user', 'type': 'str', 'chars': 28}, {'role':   
         'assistant', 'type': 'str', 'chars': 1265}, {'role': 'user', 'type':   
         'str', 'chars': 28}, {'role': 'assistant', 'type': 'str', 'chars':     
         126}, {'role': 'user', 'type': 'str', 'chars': 28}, {'role':           
         'assistant', 'type': 'str', 'chars': 1067}, {'role': 'user', 'type':   
         'str', 'chars': 29}, {'role': 'assistant', 'type': 'str', 'chars': 84},
         {'role': 'user', 'type': 'str', 'chars': 29}, {'role': 'assistant',    
         'type': 'str', 'chars': 1448}, {'role': 'user', 'type': 'str', 'chars':
         29}, {'role': 'assistant', 'type': 'str', 'chars': 87}, {'role':       
         'user', 'type': 'str', 'chars': 29}, {'role': 'assistant', 'type':     
         'str', 'chars': 332}, {'role': 'user', 'type': 'str', 'chars': 28},    
         {'role': 'assistant', 'type': 'str', 'chars': 1741}, {'role': 'user',  
         'type': 'str', 'chars': 29}, {'role': 'assistant', 'type': 'str',      
         'chars': 117}, {'role': 'user', 'type': 'str', 'chars': 29}, {'role':  
         'assistant', 'type': 'str', 'chars': 242}, {'role': 'user', 'type':    
         'str', 'chars': 28}, {'role': 'assistant', 'type': 'str', 'chars':     
         1848}, {'role': 'user', 'type': 'str', 'chars': 29}, {'role':          
         'assistant', 'type': 'str', 'chars': 115}, {'role': 'user', 'type':    
         'str', 'chars': 29}, {'role': 'assistant', 'type': 'str', 'chars':     
         297}, {'role': 'user', 'type': 'str', 'chars': 28}, {'role':           
         'assistant', 'type': 'str', 'chars': 187}, {'role': 'user', 'type':    
         'str', 'chars': 28}, {'role': 'assistant', 'type': 'str', 'chars':     
         218}, {'role': 'user', 'type': 'str', 'chars': 28}, {'role':           
         'assistant', 'type': 'str', 'chars': 158}, {'role': 'user', 'type':    
         'str', 'chars': 28}, {'role': 'assistant', 'type': 'str', 'chars':     
         1435}, {'role': 'user', 'type': 'str', 'chars': 29}, {'role':          
         'assistant', 'type': 'str', 'chars': 109}, {'role': 'user', 'type':    
         'str', 'chars': 29}, {'role': 'assistant', 'type': 'str', 'chars':     
         217}, {'role': 'user', 'type': 'str', 'chars': 28}, {'role':           
         'assistant', 'type': 'str', 'chars': 2288}, {'role': 'user', 'type':   
         'str', 'chars': 29}, {'role': 'assistant', 'type': 'str', 'chars': 96},
         {'role': 'user', 'type': 'str', 'chars': 29}, {'role': 'assistant',    
         'type': 'str', 'chars': 260}, {'role': 'user', 'type': 'str', 'chars': 
         28}, {'role': 'assistant', 'type': 'str', 'chars': 2765}, {'role':     
         'user', 'type': 'str', 'chars': 29}, {'role': 'assistant', 'type':     
         'str', 'chars': 115}, {'role': 'user', 'type': 'str', 'chars': 28},    
         {'role': 'assistant', 'type': 'str', 'chars': 951}, {'role': 'user',   
         'type': 'str', 'chars': 29}, {'role': 'assistant', 'type': 'str',      
         'chars': 67}, {'role': 'user', 'type': 'str', 'chars': 29}, {'role':   
         'assistant', 'type': 'str', 'chars': 225}, {'role': 'user', 'type':    
         'str', 'chars': 28}, {'role': 'assistant', 'type': 'str', 'chars':     
         110}, {'role': 'user', 'type': 'str', 'chars': 28}, {'role':           
         'assistant', 'type': 'str', 'chars': 113}, {'role': 'user', 'type':    
         'str', 'chars': 29}, {'role': 'assistant', 'type': 'str', 'chars':     
         224}, {'role': 'user', 'type': 'str', 'chars': 30}, {'role':           
         'assistant', 'type': 'str', 'chars': 123}, {'role': 'user', 'type':    
         'str', 'chars': 30}, {'role': 'assistant', 'type': 'str', 'chars':     
         490}, {'role': 'user', 'type': 'str', 'chars': 28}, {'role':           
         'assistant', 'type': 'str', 'chars': 786}, {'role': 'user', 'type':    
         'str', 'chars': 28}, {'role': 'assistant', 'type': 'str', 'chars':     
         1623}, {'role': 'user', 'type': 'str', 'chars': 29}, {'role':          
         'assistant', 'type': 'str', 'chars': 108}, {'role': 'user', 'type':    
         'str', 'chars': 29}, {'role': 'assistant', 'type': 'str', 'chars':     
         221}, {'role': 'user', 'type': 'str', 'chars': 28}, {'role':           
         'assistant', 'type': 'str', 'chars': 229}, {'role': 'user', 'type':    
         'str', 'chars': 28}, {'role': 'assistant', 'type': 'str', 'chars':     
         1481}, {'role': 'user', 'type': 'str', 'chars': 29}, {'role':          
         'assistant', 'type': 'str', 'chars': 87}, {'role': 'user', 'type':     
         'str', 'chars': 29}, {'role': 'assistant', 'type': 'str', 'chars':     
         334}, {'role': 'user', 'type': 'str', 'chars': 28}, {'role':           
         'assistant', 'type': 'str', 'chars': 363}, {'role': 'user', 'type':    
         'str', 'chars': 28}, {'role': 'assistant', 'type': 'str', 'chars':     
         2013}, {'role': 'user', 'type': 'str', 'chars': 29}, {'role':          
         'assistant', 'type': 'str', 'chars': 98}, {'role': 'user', 'type':     
         'str', 'chars': 29}, {'role': 'assistant', 'type': 'str', 'chars':     
         423}, {'role': 'user', 'type': 'str', 'chars': 28}, {'role':           
         'assistant', 'type': 'str', 'chars': 2442}, {'role': 'user', 'type':   
         'str', 'chars': 29}, {'role': 'assistant', 'type': 'str', 'chars':     
         124}, {'role': 'user', 'type': 'str', 'chars': 29}, {'role':           
         'assistant', 'type': 'str', 'chars': 173}, {'role': 'user', 'type':    
         'str', 'chars': 28}, {'role': 'assistant', 'type': 'str', 'chars':     
         146}, {'role': 'user', 'type': 'str', 'chars': 28}, {'role':           
         'assistant', 'type': 'str', 'chars': 1291}, {'role': 'user', 'type':   
         'str', 'chars': 1677}, {'role': 'assistant', 'type': 'str', 'chars':   
         112}, {'role': 'user', 'type': 'str', 'chars': 1167}, {'role':         
         'assistant', 'type': 'str', 'chars': 295}, {'role': 'user', 'type':    
         'str', 'chars': 160}, {'role': 'assistant', 'type': 'str', 'chars':    
         347}, {'role': 'user', 'type': 'str', 'chars': 221}, {'role':          
         'assistant', 'type': 'str', 'chars': 1868}, {'role': 'user', 'type':   
         'str', 'chars': 2165}]                                                 
INFO     Messages API response received: status=200 elapsed=2.1s                
DEBUG    input_tokens=14,332, output_tokens=34, instance_cost=0.00, cost=0.00   
DEBUG    total_tokens_sent=567,290, total_tokens_received=39,625,               
         total_cost=0.00, total_api_calls=57                                    
INFO     濠电姷顣藉Σ鍛村磻閹捐泛绶ゅù鐘差儏閻ゎ喗銇勯弽銊х焼闁?THOUGHT (primary)
         DISCUSSION                                                             
         Let me run this script to see if there are alternative valid           
         decryptions with different flags.                                      
                                                                                
INFO     濠电姷顣藉Σ鍛村磻閹捐泛绶ゅù鐘差儏閻ゎ喗銇勯幇鈺佲偓妤佺▔?ACTION       
         (primary)                                                              
         python3 solve11.py                                                     
                                                                                
INFO     濠电姷顣藉Σ鍛村磻閹捐泛绶ゅù鐘差儏缁愭鎱ㄥ鍡楀姦?MODEL INPUT         
         Key pos 0: 1 candidates: [('0x65', 'e')]                               
         Key pos 1: 1 candidates: [('0x6b', 'k')]                               
         Key pos 2: 0 candidates: []                                            
         Key pos 3: 0 candidates: []                                            
         Key pos 4: 0 candidates: []                                            
         Key pos 5: 0 candidates: []                                            
         Key pos 6: 1 candidates: [('0x70', 'p')]                               
         Key pos 7: 0 candidates: []                                            
         Key pos 8: 1 candidates: [('0x37', '7')]                               
         Key pos 9: 0 candidates: []                                            
                                                                                
         Total combinations: 0                                                  
         Found 0 combinations with actf{                                        
         (Open file: /__tmp__enigma-drag-6r1_x9km__repo/solve11.py)             
         (Current directory: /__tmp__enigma-drag-6r1_x9km__repo)                
         (Interactive session: n/a)                                             
         bash-$                                                                 
INFO     Messages API request start: model=glm52_10 messages=115 timeout=1170.0s
         max_tokens=8192 native_tools=False thinking=auto shape=[{'role':       
         'user', 'type': 'str', 'chars': 3565}, {'role': 'assistant', 'type':   
         'str', 'chars': 109}, {'role': 'user', 'type': 'str', 'chars': 28},    
         {'role': 'assistant', 'type': 'str', 'chars': 93}, {'role': 'user',    
         'type': 'str', 'chars': 28}, {'role': 'assistant', 'type': 'str',      
         'chars': 66}, {'role': 'user', 'type': 'str', 'chars': 28}, {'role':   
         'assistant', 'type': 'str', 'chars': 1265}, {'role': 'user', 'type':   
         'str', 'chars': 28}, {'role': 'assistant', 'type': 'str', 'chars':     
         126}, {'role': 'user', 'type': 'str', 'chars': 28}, {'role':           
         'assistant', 'type': 'str', 'chars': 1067}, {'role': 'user', 'type':   
         'str', 'chars': 29}, {'role': 'assistant', 'type': 'str', 'chars': 84},
         {'role': 'user', 'type': 'str', 'chars': 29}, {'role': 'assistant',    
         'type': 'str', 'chars': 1448}, {'role': 'user', 'type': 'str', 'chars':
         29}, {'role': 'assistant', 'type': 'str', 'chars': 87}, {'role':       
         'user', 'type': 'str', 'chars': 29}, {'role': 'assistant', 'type':     
         'str', 'chars': 332}, {'role': 'user', 'type': 'str', 'chars': 28},    
         {'role': 'assistant', 'type': 'str', 'chars': 1741}, {'role': 'user',  
         'type': 'str', 'chars': 29}, {'role': 'assistant', 'type': 'str',      
         'chars': 117}, {'role': 'user', 'type': 'str', 'chars': 29}, {'role':  
         'assistant', 'type': 'str', 'chars': 242}, {'role': 'user', 'type':    
         'str', 'chars': 28}, {'role': 'assistant', 'type': 'str', 'chars':     
         1848}, {'role': 'user', 'type': 'str', 'chars': 29}, {'role':          
         'assistant', 'type': 'str', 'chars': 115}, {'role': 'user', 'type':    
         'str', 'chars': 29}, {'role': 'assistant', 'type': 'str', 'chars':     
         297}, {'role': 'user', 'type': 'str', 'chars': 28}, {'role':           
         'assistant', 'type': 'str', 'chars': 187}, {'role': 'user', 'type':    
         'str', 'chars': 28}, {'role': 'assistant', 'type': 'str', 'chars':     
         218}, {'role': 'user', 'type': 'str', 'chars': 28}, {'role':           
         'assistant', 'type': 'str', 'chars': 158}, {'role': 'user', 'type':    
         'str', 'chars': 28}, {'role': 'assistant', 'type': 'str', 'chars':     
         1435}, {'role': 'user', 'type': 'str', 'chars': 29}, {'role':          
         'assistant', 'type': 'str', 'chars': 109}, {'role': 'user', 'type':    
         'str', 'chars': 29}, {'role': 'assistant', 'type': 'str', 'chars':     
         217}, {'role': 'user', 'type': 'str', 'chars': 28}, {'role':           
         'assistant', 'type': 'str', 'chars': 2288}, {'role': 'user', 'type':   
         'str', 'chars': 29}, {'role': 'assistant', 'type': 'str', 'chars': 96},
         {'role': 'user', 'type': 'str', 'chars': 29}, {'role': 'assistant',    
         'type': 'str', 'chars': 260}, {'role': 'user', 'type': 'str', 'chars': 
         28}, {'role': 'assistant', 'type': 'str', 'chars': 2765}, {'role':     
         'user', 'type': 'str', 'chars': 29}, {'role': 'assistant', 'type':     
         'str', 'chars': 115}, {'role': 'user', 'type': 'str', 'chars': 28},    
         {'role': 'assistant', 'type': 'str', 'chars': 951}, {'role': 'user',   
         'type': 'str', 'chars': 29}, {'role': 'assistant', 'type': 'str',      
         'chars': 67}, {'role': 'user', 'type': 'str', 'chars': 29}, {'role':   
         'assistant', 'type': 'str', 'chars': 225}, {'role': 'user', 'type':    
         'str', 'chars': 28}, {'role': 'assistant', 'type': 'str', 'chars':     
         110}, {'role': 'user', 'type': 'str', 'chars': 28}, {'role':           
         'assistant', 'type': 'str', 'chars': 113}, {'role': 'user', 'type':    
         'str', 'chars': 29}, {'role': 'assistant', 'type': 'str', 'chars':     
         224}, {'role': 'user', 'type': 'str', 'chars': 30}, {'role':           
         'assistant', 'type': 'str', 'chars': 123}, {'role': 'user', 'type':    
         'str', 'chars': 30}, {'role': 'assistant', 'type': 'str', 'chars':     
         490}, {'role': 'user', 'type': 'str', 'chars': 28}, {'role':           
         'assistant', 'type': 'str', 'chars': 786}, {'role': 'user', 'type':    
         'str', 'chars': 28}, {'role': 'assistant', 'type': 'str', 'chars':     
         1623}, {'role': 'user', 'type': 'str', 'chars': 29}, {'role':          
         'assistant', 'type': 'str', 'chars': 108}, {'role': 'user', 'type':    
         'str', 'chars': 29}, {'role': 'assistant', 'type': 'str', 'chars':     
         221}, {'role': 'user', 'type': 'str', 'chars': 28}, {'role':           
         'assistant', 'type': 'str', 'chars': 229}, {'role': 'user', 'type':    
         'str', 'chars': 28}, {'role': 'assistant', 'type': 'str', 'chars':     
         1481}, {'role': 'user', 'type': 'str', 'chars': 29}, {'role':          
         'assistant', 'type': 'str', 'chars': 87}, {'role': 'user', 'type':     
         'str', 'chars': 29}, {'role': 'assistant', 'type': 'str', 'chars':     
         334}, {'role': 'user', 'type': 'str', 'chars': 28}, {'role':           
         'assistant', 'type': 'str', 'chars': 363}, {'role': 'user', 'type':    
         'str', 'chars': 28}, {'role': 'assistant', 'type': 'str', 'chars':     
         2013}, {'role': 'user', 'type': 'str', 'chars': 29}, {'role':          
         'assistant', 'type': 'str', 'chars': 98}, {'role': 'user', 'type':     
         'str', 'chars': 29}, {'role': 'assistant', 'type': 'str', 'chars':     
         423}, {'role': 'user', 'type': 'str', 'chars': 28}, {'role':           
         'assistant', 'type': 'str', 'chars': 2442}, {'role': 'user', 'type':   
         'str', 'chars': 29}, {'role': 'assistant', 'type': 'str', 'chars':     
         124}, {'role': 'user', 'type': 'str', 'chars': 29}, {'role':           
         'assistant', 'type': 'str', 'chars': 173}, {'role': 'user', 'type':    
         'str', 'chars': 28}, {'role': 'assistant', 'type': 'str', 'chars':     
         146}, {'role': 'user', 'type': 'str', 'chars': 28}, {'role':           
         'assistant', 'type': 'str', 'chars': 1291}, {'role': 'user', 'type':   
         'str', 'chars': 29}, {'role': 'assistant', 'type': 'str', 'chars':     
         112}, {'role': 'user', 'type': 'str', 'chars': 1167}, {'role':         
         'assistant', 'type': 'str', 'chars': 295}, {'role': 'user', 'type':    
         'str', 'chars': 160}, {'role': 'assistant', 'type': 'str', 'chars':    
         347}, {'role': 'user', 'type': 'str', 'chars': 221}, {'role':          
         'assistant', 'type': 'str', 'chars': 1868}, {'role': 'user', 'type':   
         'str', 'chars': 2165}, {'role': 'assistant', 'type': 'str', 'chars':   
         132}, {'role': 'user', 'type': 'str', 'chars': 535}]                   
INFO     Messages API response received: status=200 elapsed=85.0s               
DEBUG    input_tokens=14,012, output_tokens=2,913, instance_cost=0.00, cost=0.00
DEBUG    total_tokens_sent=581,302, total_tokens_received=42,538,               
         total_cost=0.00, total_api_calls=58                                    
INFO     濠电姷顣藉Σ鍛村磻閹捐泛绶ゅù鐘差儏閻ゎ喗銇勯弽銊х焼闁?THOUGHT (primary)
         DISCUSSION                                                             
         The valid_chars set is too restrictive - some positions have 0         
         candidates because the flag contains characters like `{`, `}`, `1`, `_`
         which aren't in my valid set. But the key `ek6vt8pc7w` and flag        
         `actf{1_key_is_used_once}` are clearly correct. Let me check the raw   
         ciphertext file more carefully - maybe there are multiple ciphertexts  
         separated by newlines.                                                 
                                                                                
INFO     濠电姷顣藉Σ鍛村磻閹捐泛绶ゅù鐘差儏閻ゎ喗銇勯幇鈺佲偓妤佺▔?ACTION       
         (primary)                                                              
         xxd ciphertext.txt | head -20                                          
                                                                                
INFO     濠电姷顣藉Σ鍛村磻閹捐泛绶ゅù鐘差儏缁愭鎱ㄥ鍡楀姦?MODEL INPUT         
         00000000: 3263 3064 3136 3139 3161 3534 3039 3433  2c0d16191a540943    
         00000010: 3530 3035 3034 3132 3162 3133 3064 3564  500504121b130d5d    
         00000020: 3134 3433 3736 3033 3064 3065 3538 3133  144376030d0e5813    
         00000030: 3534 3466 3166 3136 3562 3133 3435 3066  544f1f165b13450f    
         00000040: 3533 3166 3133 3536 3530 3137 3538 3537  531f135650175857    
         00000050: 3039 3034 3430 3133 3534 3431 3166 3136  0904401354411f16    
         00000060: 3162 3537 3034 3138 3136 3166 3161 3138  1b570418161f1a18    
         00000070: 3034 3062 3538 3034 3030 3462 3532 3137  040b5804004b5217    
         00000080: 3064 3462 3530 3130 3566 3132 3435 3165  0d4b50105f12451e    
         00000090: 3435 3133 3130 3138 3033 3063 3137 3033  45131018030c1703    
         000000a0: 3061 3462 3432 3137 3166 3564 3530 3030  0a4b42171f5d5000    
         000000b0: 3536 3035 3030 3462 3539 3130 3534 3566  5605004b5910545f    
         000000c0: 3163 3063 3435 3165 3061 3165 3435 3536  1c0c451e0a1e4556    
         000000d0: 3362 3563 3039 3130 3434 3132 3130 3138  3b5c091044121018    
         000000e0: 3136 3166 3161 3138 3034 3062 3532 3537  161f1a18040b5257    
         000000f0: 3331 3139 3539 3163 3135 3536 3530 3030  3119591c15565000    
         00000100: 3538 3032 3062 3166 3434 3066 3538 3138  58020b1f440f5818    
         00000110: 3037 3062 3532 3035 3030 3462 3431 3133  070b5205004b4113    
         00000120: 3534 3739 3133 3062 3536 3165 3034 3035  5479130b561e0405    
         00000130: 3435 3536 3037 3464 3136 3035 3532 3035  4556074d16055205    
         (Open file: /__tmp__enigma-drag-6r1_x9km__repo/solve11.py)             
         (Current directory: /__tmp__enigma-drag-6r1_x9km__repo)                
         (Interactive session: n/a)                                             
         bash-$                                                                 
INFO     Messages API request start: model=glm52_10 messages=117 timeout=1170.0s
         max_tokens=8192 native_tools=False thinking=auto shape=[{'role':       
         'user', 'type': 'str', 'chars': 3565}, {'role': 'assistant', 'type':   
         'str', 'chars': 109}, {'role': 'user', 'type': 'str', 'chars': 28},    
         {'role': 'assistant', 'type': 'str', 'chars': 93}, {'role': 'user',    
         'type': 'str', 'chars': 28}, {'role': 'assistant', 'type': 'str',      
         'chars': 66}, {'role': 'user', 'type': 'str', 'chars': 28}, {'role':   
         'assistant', 'type': 'str', 'chars': 1265}, {'role': 'user', 'type':   
         'str', 'chars': 28}, {'role': 'assistant', 'type': 'str', 'chars':     
         126}, {'role': 'user', 'type': 'str', 'chars': 28}, {'role':           
         'assistant', 'type': 'str', 'chars': 1067}, {'role': 'user', 'type':   
         'str', 'chars': 29}, {'role': 'assistant', 'type': 'str', 'chars': 84},
         {'role': 'user', 'type': 'str', 'chars': 29}, {'role': 'assistant',    
         'type': 'str', 'chars': 1448}, {'role': 'user', 'type': 'str', 'chars':
         29}, {'role': 'assistant', 'type': 'str', 'chars': 87}, {'role':       
         'user', 'type': 'str', 'chars': 29}, {'role': 'assistant', 'type':     
         'str', 'chars': 332}, {'role': 'user', 'type': 'str', 'chars': 28},    
         {'role': 'assistant', 'type': 'str', 'chars': 1741}, {'role': 'user',  
         'type': 'str', 'chars': 29}, {'role': 'assistant', 'type': 'str',      
         'chars': 117}, {'role': 'user', 'type': 'str', 'chars': 29}, {'role':  
         'assistant', 'type': 'str', 'chars': 242}, {'role': 'user', 'type':    
         'str', 'chars': 28}, {'role': 'assistant', 'type': 'str', 'chars':     
         1848}, {'role': 'user', 'type': 'str', 'chars': 29}, {'role':          
         'assistant', 'type': 'str', 'chars': 115}, {'role': 'user', 'type':    
         'str', 'chars': 29}, {'role': 'assistant', 'type': 'str', 'chars':     
         297}, {'role': 'user', 'type': 'str', 'chars': 28}, {'role':           
         'assistant', 'type': 'str', 'chars': 187}, {'role': 'user', 'type':    
         'str', 'chars': 28}, {'role': 'assistant', 'type': 'str', 'chars':     
         218}, {'role': 'user', 'type': 'str', 'chars': 28}, {'role':           
         'assistant', 'type': 'str', 'chars': 158}, {'role': 'user', 'type':    
         'str', 'chars': 28}, {'role': 'assistant', 'type': 'str', 'chars':     
         1435}, {'role': 'user', 'type': 'str', 'chars': 29}, {'role':          
         'assistant', 'type': 'str', 'chars': 109}, {'role': 'user', 'type':    
         'str', 'chars': 29}, {'role': 'assistant', 'type': 'str', 'chars':     
         217}, {'role': 'user', 'type': 'str', 'chars': 28}, {'role':           
         'assistant', 'type': 'str', 'chars': 2288}, {'role': 'user', 'type':   
         'str', 'chars': 29}, {'role': 'assistant', 'type': 'str', 'chars': 96},
         {'role': 'user', 'type': 'str', 'chars': 29}, {'role': 'assistant',    
         'type': 'str', 'chars': 260}, {'role': 'user', 'type': 'str', 'chars': 
         28}, {'role': 'assistant', 'type': 'str', 'chars': 2765}, {'role':     
         'user', 'type': 'str', 'chars': 29}, {'role': 'assistant', 'type':     
         'str', 'chars': 115}, {'role': 'user', 'type': 'str', 'chars': 28},    
         {'role': 'assistant', 'type': 'str', 'chars': 951}, {'role': 'user',   
         'type': 'str', 'chars': 29}, {'role': 'assistant', 'type': 'str',      
         'chars': 67}, {'role': 'user', 'type': 'str', 'chars': 29}, {'role':   
         'assistant', 'type': 'str', 'chars': 225}, {'role': 'user', 'type':    
         'str', 'chars': 28}, {'role': 'assistant', 'type': 'str', 'chars':     
         110}, {'role': 'user', 'type': 'str', 'chars': 28}, {'role':           
         'assistant', 'type': 'str', 'chars': 113}, {'role': 'user', 'type':    
         'str', 'chars': 29}, {'role': 'assistant', 'type': 'str', 'chars':     
         224}, {'role': 'user', 'type': 'str', 'chars': 30}, {'role':           
         'assistant', 'type': 'str', 'chars': 123}, {'role': 'user', 'type':    
         'str', 'chars': 30}, {'role': 'assistant', 'type': 'str', 'chars':     
         490}, {'role': 'user', 'type': 'str', 'chars': 28}, {'role':           
         'assistant', 'type': 'str', 'chars': 786}, {'role': 'user', 'type':    
         'str', 'chars': 28}, {'role': 'assistant', 'type': 'str', 'chars':     
         1623}, {'role': 'user', 'type': 'str', 'chars': 29}, {'role':          
         'assistant', 'type': 'str', 'chars': 108}, {'role': 'user', 'type':    
         'str', 'chars': 29}, {'role': 'assistant', 'type': 'str', 'chars':     
         221}, {'role': 'user', 'type': 'str', 'chars': 28}, {'role':           
         'assistant', 'type': 'str', 'chars': 229}, {'role': 'user', 'type':    
         'str', 'chars': 28}, {'role': 'assistant', 'type': 'str', 'chars':     
         1481}, {'role': 'user', 'type': 'str', 'chars': 29}, {'role':          
         'assistant', 'type': 'str', 'chars': 87}, {'role': 'user', 'type':     
         'str', 'chars': 29}, {'role': 'assistant', 'type': 'str', 'chars':     
         334}, {'role': 'user', 'type': 'str', 'chars': 28}, {'role':           
         'assistant', 'type': 'str', 'chars': 363}, {'role': 'user', 'type':    
         'str', 'chars': 28}, {'role': 'assistant', 'type': 'str', 'chars':     
         2013}, {'role': 'user', 'type': 'str', 'chars': 29}, {'role':          
         'assistant', 'type': 'str', 'chars': 98}, {'role': 'user', 'type':     
         'str', 'chars': 29}, {'role': 'assistant', 'type': 'str', 'chars':     
         423}, {'role': 'user', 'type': 'str', 'chars': 28}, {'role':           
         'assistant', 'type': 'str', 'chars': 2442}, {'role': 'user', 'type':   
         'str', 'chars': 29}, {'role': 'assistant', 'type': 'str', 'chars':     
         124}, {'role': 'user', 'type': 'str', 'chars': 29}, {'role':           
         'assistant', 'type': 'str', 'chars': 173}, {'role': 'user', 'type':    
         'str', 'chars': 28}, {'role': 'assistant', 'type': 'str', 'chars':     
         146}, {'role': 'user', 'type': 'str', 'chars': 28}, {'role':           
         'assistant', 'type': 'str', 'chars': 1291}, {'role': 'user', 'type':   
         'str', 'chars': 29}, {'role': 'assistant', 'type': 'str', 'chars':     
         112}, {'role': 'user', 'type': 'str', 'chars': 29}, {'role':           
         'assistant', 'type': 'str', 'chars': 295}, {'role': 'user', 'type':    
         'str', 'chars': 160}, {'role': 'assistant', 'type': 'str', 'chars':    
         347}, {'role': 'user', 'type': 'str', 'chars': 221}, {'role':          
         'assistant', 'type': 'str', 'chars': 1868}, {'role': 'user', 'type':   
         'str', 'chars': 2165}, {'role': 'assistant', 'type': 'str', 'chars':   
         132}, {'role': 'user', 'type': 'str', 'chars': 535}, {'role':          
         'assistant', 'type': 'str', 'chars': 409}, {'role': 'user', 'type':    
         'str', 'chars': 1508}]                                                 
INFO     Messages API response received: status=200 elapsed=31.6s               
DEBUG    input_tokens=14,775, output_tokens=1,010, instance_cost=0.00, cost=0.00
DEBUG    total_tokens_sent=596,077, total_tokens_received=43,548,               
         total_cost=0.00, total_api_calls=59                                    
INFO     濠电姷顣藉Σ鍛村磻閹捐泛绶ゅù鐘差儏閻ゎ喗銇勯弽銊х焼闁?THOUGHT (primary)
         DISCUSSION                                                             
         Let me check the total length of the ciphertext and also check if there
         are multiple lines.                                                    
                                                                                
INFO     濠电姷顣藉Σ鍛村磻閹捐泛绶ゅù鐘差儏閻ゎ喗銇勯幇鈺佲偓妤佺▔?ACTION       
         (primary)                                                              
         wc -c ciphertext.txt && wc -l ciphertext.txt                           
                                                                                
INFO     濠电姷顣藉Σ鍛村磻閹捐泛绶ゅù鐘差儏缁愭鎱ㄥ鍡楀姦?MODEL INPUT         
         1387 ciphertext.txt                                                    
         1 ciphertext.txt                                                       
         (Open file: /__tmp__enigma-drag-6r1_x9km__repo/solve11.py)             
         (Current directory: /__tmp__enigma-drag-6r1_x9km__repo)                
         (Interactive session: n/a)                                             
         bash-$                                                                 
INFO     Messages API request start: model=glm52_10 messages=119 timeout=1170.0s
         max_tokens=8192 native_tools=False thinking=auto shape=[{'role':       
         'user', 'type': 'str', 'chars': 3565}, {'role': 'assistant', 'type':   
         'str', 'chars': 109}, {'role': 'user', 'type': 'str', 'chars': 28},    
         {'role': 'assistant', 'type': 'str', 'chars': 93}, {'role': 'user',    
         'type': 'str', 'chars': 28}, {'role': 'assistant', 'type': 'str',      
         'chars': 66}, {'role': 'user', 'type': 'str', 'chars': 28}, {'role':   
         'assistant', 'type': 'str', 'chars': 1265}, {'role': 'user', 'type':   
         'str', 'chars': 28}, {'role': 'assistant', 'type': 'str', 'chars':     
         126}, {'role': 'user', 'type': 'str', 'chars': 28}, {'role':           
         'assistant', 'type': 'str', 'chars': 1067}, {'role': 'user', 'type':   
         'str', 'chars': 29}, {'role': 'assistant', 'type': 'str', 'chars': 84},
         {'role': 'user', 'type': 'str', 'chars': 29}, {'role': 'assistant',    
         'type': 'str', 'chars': 1448}, {'role': 'user', 'type': 'str', 'chars':
         29}, {'role': 'assistant', 'type': 'str', 'chars': 87}, {'role':       
         'user', 'type': 'str', 'chars': 29}, {'role': 'assistant', 'type':     
         'str', 'chars': 332}, {'role': 'user', 'type': 'str', 'chars': 28},    
         {'role': 'assistant', 'type': 'str', 'chars': 1741}, {'role': 'user',  
         'type': 'str', 'chars': 29}, {'role': 'assistant', 'type': 'str',      
         'chars': 117}, {'role': 'user', 'type': 'str', 'chars': 29}, {'role':  
         'assistant', 'type': 'str', 'chars': 242}, {'role': 'user', 'type':    
         'str', 'chars': 28}, {'role': 'assistant', 'type': 'str', 'chars':     
         1848}, {'role': 'user', 'type': 'str', 'chars': 29}, {'role':          
         'assistant', 'type': 'str', 'chars': 115}, {'role': 'user', 'type':    
         'str', 'chars': 29}, {'role': 'assistant', 'type': 'str', 'chars':     
         297}, {'role': 'user', 'type': 'str', 'chars': 28}, {'role':           
         'assistant', 'type': 'str', 'chars': 187}, {'role': 'user', 'type':    
         'str', 'chars': 28}, {'role': 'assistant', 'type': 'str', 'chars':     
         218}, {'role': 'user', 'type': 'str', 'chars': 28}, {'role':           
         'assistant', 'type': 'str', 'chars': 158}, {'role': 'user', 'type':    
         'str', 'chars': 28}, {'role': 'assistant', 'type': 'str', 'chars':     
         1435}, {'role': 'user', 'type': 'str', 'chars': 29}, {'role':          
         'assistant', 'type': 'str', 'chars': 109}, {'role': 'user', 'type':    
         'str', 'chars': 29}, {'role': 'assistant', 'type': 'str', 'chars':     
         217}, {'role': 'user', 'type': 'str', 'chars': 28}, {'role':           
         'assistant', 'type': 'str', 'chars': 2288}, {'role': 'user', 'type':   
         'str', 'chars': 29}, {'role': 'assistant', 'type': 'str', 'chars': 96},
         {'role': 'user', 'type': 'str', 'chars': 29}, {'role': 'assistant',    
         'type': 'str', 'chars': 260}, {'role': 'user', 'type': 'str', 'chars': 
         28}, {'role': 'assistant', 'type': 'str', 'chars': 2765}, {'role':     
         'user', 'type': 'str', 'chars': 29}, {'role': 'assistant', 'type':     
         'str', 'chars': 115}, {'role': 'user', 'type': 'str', 'chars': 28},    
         {'role': 'assistant', 'type': 'str', 'chars': 951}, {'role': 'user',   
         'type': 'str', 'chars': 29}, {'role': 'assistant', 'type': 'str',      
         'chars': 67}, {'role': 'user', 'type': 'str', 'chars': 29}, {'role':   
         'assistant', 'type': 'str', 'chars': 225}, {'role': 'user', 'type':    
         'str', 'chars': 28}, {'role': 'assistant', 'type': 'str', 'chars':     
         110}, {'role': 'user', 'type': 'str', 'chars': 28}, {'role':           
         'assistant', 'type': 'str', 'chars': 113}, {'role': 'user', 'type':    
         'str', 'chars': 29}, {'role': 'assistant', 'type': 'str', 'chars':     
         224}, {'role': 'user', 'type': 'str', 'chars': 30}, {'role':           
         'assistant', 'type': 'str', 'chars': 123}, {'role': 'user', 'type':    
         'str', 'chars': 30}, {'role': 'assistant', 'type': 'str', 'chars':     
         490}, {'role': 'user', 'type': 'str', 'chars': 28}, {'role':           
         'assistant', 'type': 'str', 'chars': 786}, {'role': 'user', 'type':    
         'str', 'chars': 28}, {'role': 'assistant', 'type': 'str', 'chars':     
         1623}, {'role': 'user', 'type': 'str', 'chars': 29}, {'role':          
         'assistant', 'type': 'str', 'chars': 108}, {'role': 'user', 'type':    
         'str', 'chars': 29}, {'role': 'assistant', 'type': 'str', 'chars':     
         221}, {'role': 'user', 'type': 'str', 'chars': 28}, {'role':           
         'assistant', 'type': 'str', 'chars': 229}, {'role': 'user', 'type':    
         'str', 'chars': 28}, {'role': 'assistant', 'type': 'str', 'chars':     
         1481}, {'role': 'user', 'type': 'str', 'chars': 29}, {'role':          
         'assistant', 'type': 'str', 'chars': 87}, {'role': 'user', 'type':     
         'str', 'chars': 29}, {'role': 'assistant', 'type': 'str', 'chars':     
         334}, {'role': 'user', 'type': 'str', 'chars': 28}, {'role':           
         'assistant', 'type': 'str', 'chars': 363}, {'role': 'user', 'type':    
         'str', 'chars': 28}, {'role': 'assistant', 'type': 'str', 'chars':     
         2013}, {'role': 'user', 'type': 'str', 'chars': 29}, {'role':          
         'assistant', 'type': 'str', 'chars': 98}, {'role': 'user', 'type':     
         'str', 'chars': 29}, {'role': 'assistant', 'type': 'str', 'chars':     
         423}, {'role': 'user', 'type': 'str', 'chars': 28}, {'role':           
         'assistant', 'type': 'str', 'chars': 2442}, {'role': 'user', 'type':   
         'str', 'chars': 29}, {'role': 'assistant', 'type': 'str', 'chars':     
         124}, {'role': 'user', 'type': 'str', 'chars': 29}, {'role':           
         'assistant', 'type': 'str', 'chars': 173}, {'role': 'user', 'type':    
         'str', 'chars': 28}, {'role': 'assistant', 'type': 'str', 'chars':     
         146}, {'role': 'user', 'type': 'str', 'chars': 28}, {'role':           
         'assistant', 'type': 'str', 'chars': 1291}, {'role': 'user', 'type':   
         'str', 'chars': 29}, {'role': 'assistant', 'type': 'str', 'chars':     
         112}, {'role': 'user', 'type': 'str', 'chars': 29}, {'role':           
         'assistant', 'type': 'str', 'chars': 295}, {'role': 'user', 'type':    
         'str', 'chars': 28}, {'role': 'assistant', 'type': 'str', 'chars':     
         347}, {'role': 'user', 'type': 'str', 'chars': 221}, {'role':          
         'assistant', 'type': 'str', 'chars': 1868}, {'role': 'user', 'type':   
         'str', 'chars': 2165}, {'role': 'assistant', 'type': 'str', 'chars':   
         132}, {'role': 'user', 'type': 'str', 'chars': 535}, {'role':          
         'assistant', 'type': 'str', 'chars': 409}, {'role': 'user', 'type':    
         'str', 'chars': 1508}, {'role': 'assistant', 'type': 'str', 'chars':   
         155}, {'role': 'user', 'type': 'str', 'chars': 185}]                   
INFO     Messages API response received: status=200 elapsed=91.6s               
DEBUG    input_tokens=14,829, output_tokens=3,140, instance_cost=0.00, cost=0.00
DEBUG    total_tokens_sent=610,906, total_tokens_received=46,688,               
         total_cost=0.00, total_api_calls=60                                    
INFO     濠电姷顣藉Σ鍛村磻閹捐泛绶ゅù鐘差儏閻ゎ喗銇勯弽銊х焼闁?THOUGHT (primary)
         DISCUSSION                                                             
         Let me try using xortool to verify the key and decryption              
         independently.                                                         
                                                                                
INFO     濠电姷顣藉Σ鍛村磻閹捐泛绶ゅù鐘差儏閻ゎ喗銇勯幇鈺佲偓妤佺▔?ACTION       
         (primary)                                                              
         pip install xortool 2>/dev/null && xortool ciphertext.txt -x           
                                                                                
INFO     濠电姷顣藉Σ鍛村磻閹捐泛绶ゅù鐘差儏缁愭鎱ㄥ鍡楀姦?MODEL INPUT         
         Collecting xortool                                                     
           Downloading xortool-1.1.0-py3-none-any.whl.metadata (6.4 kB)         
         Collecting docopt<0.7.0,>=0.6.2 (from xortool)                         
           Downloading docopt-0.6.2.tar.gz (25 kB)                              
           Preparing metadata (setup.py): started                               
           Preparing metadata (setup.py): finished with status 'done'           
         Downloading xortool-1.1.0-py3-none-any.whl (12 kB)                     
         Building wheels for collected packages: docopt                         
           Building wheel for docopt (setup.py): started                        
           Building wheel for docopt (setup.py): finished with status 'done'    
           Created wheel for docopt: filename=docopt-0.6.2-py2.py3-none-any.whl 
         size=13705                                                             
         sha256=9cd3b9aaf5eab5032acf4307c08b201bb8c64805a5a5058418f8a47453c5351b
           Stored in directory:                                                 
         /tmp/pip-ephem-wheel-cache-r9ziqbfj/wheels/70/4a/46/1309fc853b8d395e60b
         afaf1b6df7845bdd82c95fd59dd8d2b                                        
         Successfully built docopt                                              
         Installing collected packages: docopt, xortool                         
         Successfully installed docopt-0.6.2 xortool-1.1.0                      
         The most probable key lengths:                                         
          2:   9.9%                                                             
          5:  15.6%                                                             
          8:   8.3%                                                             
         10:  18.9%                                                             
         12:   7.4%                                                             
         15:   9.5%                                                             
         18:   5.6%                                                             
         20:  11.5%                                                             
         25:   5.5%                                                             
         30:   7.7%                                                             
         Key-length can be 5*n                                                  
         Most possible char is needed to guess the key!                         
         (Open file: /__tmp__enigma-drag-6r1_x9km__repo/solve11.py)             
         (Current directory: /__tmp__enigma-drag-6r1_x9km__repo)                
         (Interactive session: n/a)                                             
         bash-$                                                                 
INFO     Messages API request start: model=glm52_10 messages=121 timeout=1170.0s
         max_tokens=8192 native_tools=False thinking=auto shape=[{'role':       
         'user', 'type': 'str', 'chars': 3565}, {'role': 'assistant', 'type':   
         'str', 'chars': 109}, {'role': 'user', 'type': 'str', 'chars': 28},    
         {'role': 'assistant', 'type': 'str', 'chars': 93}, {'role': 'user',    
         'type': 'str', 'chars': 28}, {'role': 'assistant', 'type': 'str',      
         'chars': 66}, {'role': 'user', 'type': 'str', 'chars': 28}, {'role':   
         'assistant', 'type': 'str', 'chars': 1265}, {'role': 'user', 'type':   
         'str', 'chars': 28}, {'role': 'assistant', 'type': 'str', 'chars':     
         126}, {'role': 'user', 'type': 'str', 'chars': 28}, {'role':           
         'assistant', 'type': 'str', 'chars': 1067}, {'role': 'user', 'type':   
         'str', 'chars': 29}, {'role': 'assistant', 'type': 'str', 'chars': 84},
         {'role': 'user', 'type': 'str', 'chars': 29}, {'role': 'assistant',    
         'type': 'str', 'chars': 1448}, {'role': 'user', 'type': 'str', 'chars':
         29}, {'role': 'assistant', 'type': 'str', 'chars': 87}, {'role':       
         'user', 'type': 'str', 'chars': 29}, {'role': 'assistant', 'type':     
         'str', 'chars': 332}, {'role': 'user', 'type': 'str', 'chars': 28},    
         {'role': 'assistant', 'type': 'str', 'chars': 1741}, {'role': 'user',  
         'type': 'str', 'chars': 29}, {'role': 'assistant', 'type': 'str',      
         'chars': 117}, {'role': 'user', 'type': 'str', 'chars': 29}, {'role':  
         'assistant', 'type': 'str', 'chars': 242}, {'role': 'user', 'type':    
         'str', 'chars': 28}, {'role': 'assistant', 'type': 'str', 'chars':     
         1848}, {'role': 'user', 'type': 'str', 'chars': 29}, {'role':          
         'assistant', 'type': 'str', 'chars': 115}, {'role': 'user', 'type':    
         'str', 'chars': 29}, {'role': 'assistant', 'type': 'str', 'chars':     
         297}, {'role': 'user', 'type': 'str', 'chars': 28}, {'role':           
         'assistant', 'type': 'str', 'chars': 187}, {'role': 'user', 'type':    
         'str', 'chars': 28}, {'role': 'assistant', 'type': 'str', 'chars':     
         218}, {'role': 'user', 'type': 'str', 'chars': 28}, {'role':           
         'assistant', 'type': 'str', 'chars': 158}, {'role': 'user', 'type':    
         'str', 'chars': 28}, {'role': 'assistant', 'type': 'str', 'chars':     
         1435}, {'role': 'user', 'type': 'str', 'chars': 29}, {'role':          
         'assistant', 'type': 'str', 'chars': 109}, {'role': 'user', 'type':    
         'str', 'chars': 29}, {'role': 'assistant', 'type': 'str', 'chars':     
         217}, {'role': 'user', 'type': 'str', 'chars': 28}, {'role':           
         'assistant', 'type': 'str', 'chars': 2288}, {'role': 'user', 'type':   
         'str', 'chars': 29}, {'role': 'assistant', 'type': 'str', 'chars': 96},
         {'role': 'user', 'type': 'str', 'chars': 29}, {'role': 'assistant',    
         'type': 'str', 'chars': 260}, {'role': 'user', 'type': 'str', 'chars': 
         28}, {'role': 'assistant', 'type': 'str', 'chars': 2765}, {'role':     
         'user', 'type': 'str', 'chars': 29}, {'role': 'assistant', 'type':     
         'str', 'chars': 115}, {'role': 'user', 'type': 'str', 'chars': 28},    
         {'role': 'assistant', 'type': 'str', 'chars': 951}, {'role': 'user',   
         'type': 'str', 'chars': 29}, {'role': 'assistant', 'type': 'str',      
         'chars': 67}, {'role': 'user', 'type': 'str', 'chars': 29}, {'role':   
         'assistant', 'type': 'str', 'chars': 225}, {'role': 'user', 'type':    
         'str', 'chars': 28}, {'role': 'assistant', 'type': 'str', 'chars':     
         110}, {'role': 'user', 'type': 'str', 'chars': 28}, {'role':           
         'assistant', 'type': 'str', 'chars': 113}, {'role': 'user', 'type':    
         'str', 'chars': 29}, {'role': 'assistant', 'type': 'str', 'chars':     
         224}, {'role': 'user', 'type': 'str', 'chars': 30}, {'role':           
         'assistant', 'type': 'str', 'chars': 123}, {'role': 'user', 'type':    
         'str', 'chars': 30}, {'role': 'assistant', 'type': 'str', 'chars':     
         490}, {'role': 'user', 'type': 'str', 'chars': 28}, {'role':           
         'assistant', 'type': 'str', 'chars': 786}, {'role': 'user', 'type':    
         'str', 'chars': 28}, {'role': 'assistant', 'type': 'str', 'chars':     
         1623}, {'role': 'user', 'type': 'str', 'chars': 29}, {'role':          
         'assistant', 'type': 'str', 'chars': 108}, {'role': 'user', 'type':    
         'str', 'chars': 29}, {'role': 'assistant', 'type': 'str', 'chars':     
         221}, {'role': 'user', 'type': 'str', 'chars': 28}, {'role':           
         'assistant', 'type': 'str', 'chars': 229}, {'role': 'user', 'type':    
         'str', 'chars': 28}, {'role': 'assistant', 'type': 'str', 'chars':     
         1481}, {'role': 'user', 'type': 'str', 'chars': 29}, {'role':          
         'assistant', 'type': 'str', 'chars': 87}, {'role': 'user', 'type':     
         'str', 'chars': 29}, {'role': 'assistant', 'type': 'str', 'chars':     
         334}, {'role': 'user', 'type': 'str', 'chars': 28}, {'role':           
         'assistant', 'type': 'str', 'chars': 363}, {'role': 'user', 'type':    
         'str', 'chars': 28}, {'role': 'assistant', 'type': 'str', 'chars':     
         2013}, {'role': 'user', 'type': 'str', 'chars': 29}, {'role':          
         'assistant', 'type': 'str', 'chars': 98}, {'role': 'user', 'type':     
         'str', 'chars': 29}, {'role': 'assistant', 'type': 'str', 'chars':     
         423}, {'role': 'user', 'type': 'str', 'chars': 28}, {'role':           
         'assistant', 'type': 'str', 'chars': 2442}, {'role': 'user', 'type':   
         'str', 'chars': 29}, {'role': 'assistant', 'type': 'str', 'chars':     
         124}, {'role': 'user', 'type': 'str', 'chars': 29}, {'role':           
         'assistant', 'type': 'str', 'chars': 173}, {'role': 'user', 'type':    
         'str', 'chars': 28}, {'role': 'assistant', 'type': 'str', 'chars':     
         146}, {'role': 'user', 'type': 'str', 'chars': 28}, {'role':           
         'assistant', 'type': 'str', 'chars': 1291}, {'role': 'user', 'type':   
         'str', 'chars': 29}, {'role': 'assistant', 'type': 'str', 'chars':     
         112}, {'role': 'user', 'type': 'str', 'chars': 29}, {'role':           
         'assistant', 'type': 'str', 'chars': 295}, {'role': 'user', 'type':    
         'str', 'chars': 28}, {'role': 'assistant', 'type': 'str', 'chars':     
         347}, {'role': 'user', 'type': 'str', 'chars': 28}, {'role':           
         'assistant', 'type': 'str', 'chars': 1868}, {'role': 'user', 'type':   
         'str', 'chars': 2165}, {'role': 'assistant', 'type': 'str', 'chars':   
         132}, {'role': 'user', 'type': 'str', 'chars': 535}, {'role':          
         'assistant', 'type': 'str', 'chars': 409}, {'role': 'user', 'type':    
         'str', 'chars': 1508}, {'role': 'assistant', 'type': 'str', 'chars':   
         155}, {'role': 'user', 'type': 'str', 'chars': 185}, {'role':          
         'assistant', 'type': 'str', 'chars': 152}, {'role': 'user', 'type':    
         'str', 'chars': 1248}]                                                 
INFO     Messages API response received: status=200 elapsed=2.6s                
DEBUG    input_tokens=15,290, output_tokens=54, instance_cost=0.00, cost=0.00   
DEBUG    total_tokens_sent=626,196, total_tokens_received=46,742,               
         total_cost=0.00, total_api_calls=61                                    
INFO     濠电姷顣藉Σ鍛村磻閹捐泛绶ゅù鐘差儏閻ゎ喗銇勯弽銊х焼闁?THOUGHT (primary)
         DISCUSSION                                                             
         xortool confirms key length 10 is most probable. Let me try xortool    
         with the key length specified and the most common character (space).   
                                                                                
INFO     濠电姷顣藉Σ鍛村磻閹捐泛绶ゅù鐘差儏閻ゎ喗銇勯幇鈺佲偓妤佺▔?ACTION       
         (primary)                                                              
         xortool ciphertext.txt -l 10 -c 20                                     
                                                                                
INFO     濠电姷顣藉Σ鍛村磻閹捐泛绶ゅù鐘差儏缁愭鎱ㄥ鍡楀姦?MODEL INPUT         
         1 possible key(s) of length 10:                                        
         \x10\x18\x10\x14\x11\x16\x11\x17\x11\x17                               
         Found 1 plaintexts with 95%+ valid characters                          
         See files filename-key.csv, filename-char_used-perc_valid.csv          
         (Open file: /__tmp__enigma-drag-6r1_x9km__repo/solve11.py)             
         (Current directory: /__tmp__enigma-drag-6r1_x9km__repo)                
         (Interactive session: n/a)                                             
         bash-$                                                                 
INFO     Messages API request start: model=glm52_10 messages=123 timeout=1170.0s
         max_tokens=8192 native_tools=False thinking=auto shape=[{'role':       
         'user', 'type': 'str', 'chars': 3565}, {'role': 'assistant', 'type':   
         'str', 'chars': 109}, {'role': 'user', 'type': 'str', 'chars': 28},    
         {'role': 'assistant', 'type': 'str', 'chars': 93}, {'role': 'user',    
         'type': 'str', 'chars': 28}, {'role': 'assistant', 'type': 'str',      
         'chars': 66}, {'role': 'user', 'type': 'str', 'chars': 28}, {'role':   
         'assistant', 'type': 'str', 'chars': 1265}, {'role': 'user', 'type':   
         'str', 'chars': 28}, {'role': 'assistant', 'type': 'str', 'chars':     
         126}, {'role': 'user', 'type': 'str', 'chars': 28}, {'role':           
         'assistant', 'type': 'str', 'chars': 1067}, {'role': 'user', 'type':   
         'str', 'chars': 29}, {'role': 'assistant', 'type': 'str', 'chars': 84},
         {'role': 'user', 'type': 'str', 'chars': 29}, {'role': 'assistant',    
         'type': 'str', 'chars': 1448}, {'role': 'user', 'type': 'str', 'chars':
         29}, {'role': 'assistant', 'type': 'str', 'chars': 87}, {'role':       
         'user', 'type': 'str', 'chars': 29}, {'role': 'assistant', 'type':     
         'str', 'chars': 332}, {'role': 'user', 'type': 'str', 'chars': 28},    
         {'role': 'assistant', 'type': 'str', 'chars': 1741}, {'role': 'user',  
         'type': 'str', 'chars': 29}, {'role': 'assistant', 'type': 'str',      
         'chars': 117}, {'role': 'user', 'type': 'str', 'chars': 29}, {'role':  
         'assistant', 'type': 'str', 'chars': 242}, {'role': 'user', 'type':    
         'str', 'chars': 28}, {'role': 'assistant', 'type': 'str', 'chars':     
         1848}, {'role': 'user', 'type': 'str', 'chars': 29}, {'role':          
         'assistant', 'type': 'str', 'chars': 115}, {'role': 'user', 'type':    
         'str', 'chars': 29}, {'role': 'assistant', 'type': 'str', 'chars':     
         297}, {'role': 'user', 'type': 'str', 'chars': 28}, {'role':           
         'assistant', 'type': 'str', 'chars': 187}, {'role': 'user', 'type':    
         'str', 'chars': 28}, {'role': 'assistant', 'type': 'str', 'chars':     
         218}, {'role': 'user', 'type': 'str', 'chars': 28}, {'role':           
         'assistant', 'type': 'str', 'chars': 158}, {'role': 'user', 'type':    
         'str', 'chars': 28}, {'role': 'assistant', 'type': 'str', 'chars':     
         1435}, {'role': 'user', 'type': 'str', 'chars': 29}, {'role':          
         'assistant', 'type': 'str', 'chars': 109}, {'role': 'user', 'type':    
         'str', 'chars': 29}, {'role': 'assistant', 'type': 'str', 'chars':     
         217}, {'role': 'user', 'type': 'str', 'chars': 28}, {'role':           
         'assistant', 'type': 'str', 'chars': 2288}, {'role': 'user', 'type':   
         'str', 'chars': 29}, {'role': 'assistant', 'type': 'str', 'chars': 96},
         {'role': 'user', 'type': 'str', 'chars': 29}, {'role': 'assistant',    
         'type': 'str', 'chars': 260}, {'role': 'user', 'type': 'str', 'chars': 
         28}, {'role': 'assistant', 'type': 'str', 'chars': 2765}, {'role':     
         'user', 'type': 'str', 'chars': 29}, {'role': 'assistant', 'type':     
         'str', 'chars': 115}, {'role': 'user', 'type': 'str', 'chars': 28},    
         {'role': 'assistant', 'type': 'str', 'chars': 951}, {'role': 'user',   
         'type': 'str', 'chars': 29}, {'role': 'assistant', 'type': 'str',      
         'chars': 67}, {'role': 'user', 'type': 'str', 'chars': 29}, {'role':   
         'assistant', 'type': 'str', 'chars': 225}, {'role': 'user', 'type':    
         'str', 'chars': 28}, {'role': 'assistant', 'type': 'str', 'chars':     
         110}, {'role': 'user', 'type': 'str', 'chars': 28}, {'role':           
         'assistant', 'type': 'str', 'chars': 113}, {'role': 'user', 'type':    
         'str', 'chars': 29}, {'role': 'assistant', 'type': 'str', 'chars':     
         224}, {'role': 'user', 'type': 'str', 'chars': 30}, {'role':           
         'assistant', 'type': 'str', 'chars': 123}, {'role': 'user', 'type':    
         'str', 'chars': 30}, {'role': 'assistant', 'type': 'str', 'chars':     
         490}, {'role': 'user', 'type': 'str', 'chars': 28}, {'role':           
         'assistant', 'type': 'str', 'chars': 786}, {'role': 'user', 'type':    
         'str', 'chars': 28}, {'role': 'assistant', 'type': 'str', 'chars':     
         1623}, {'role': 'user', 'type': 'str', 'chars': 29}, {'role':          
         'assistant', 'type': 'str', 'chars': 108}, {'role': 'user', 'type':    
         'str', 'chars': 29}, {'role': 'assistant', 'type': 'str', 'chars':     
         221}, {'role': 'user', 'type': 'str', 'chars': 28}, {'role':           
         'assistant', 'type': 'str', 'chars': 229}, {'role': 'user', 'type':    
         'str', 'chars': 28}, {'role': 'assistant', 'type': 'str', 'chars':     
         1481}, {'role': 'user', 'type': 'str', 'chars': 29}, {'role':          
         'assistant', 'type': 'str', 'chars': 87}, {'role': 'user', 'type':     
         'str', 'chars': 29}, {'role': 'assistant', 'type': 'str', 'chars':     
         334}, {'role': 'user', 'type': 'str', 'chars': 28}, {'role':           
         'assistant', 'type': 'str', 'chars': 363}, {'role': 'user', 'type':    
         'str', 'chars': 28}, {'role': 'assistant', 'type': 'str', 'chars':     
         2013}, {'role': 'user', 'type': 'str', 'chars': 29}, {'role':          
         'assistant', 'type': 'str', 'chars': 98}, {'role': 'user', 'type':     
         'str', 'chars': 29}, {'role': 'assistant', 'type': 'str', 'chars':     
         423}, {'role': 'user', 'type': 'str', 'chars': 28}, {'role':           
         'assistant', 'type': 'str', 'chars': 2442}, {'role': 'user', 'type':   
         'str', 'chars': 29}, {'role': 'assistant', 'type': 'str', 'chars':     
         124}, {'role': 'user', 'type': 'str', 'chars': 29}, {'role':           
         'assistant', 'type': 'str', 'chars': 173}, {'role': 'user', 'type':    
         'str', 'chars': 28}, {'role': 'assistant', 'type': 'str', 'chars':     
         146}, {'role': 'user', 'type': 'str', 'chars': 28}, {'role':           
         'assistant', 'type': 'str', 'chars': 1291}, {'role': 'user', 'type':   
         'str', 'chars': 29}, {'role': 'assistant', 'type': 'str', 'chars':     
         112}, {'role': 'user', 'type': 'str', 'chars': 29}, {'role':           
         'assistant', 'type': 'str', 'chars': 295}, {'role': 'user', 'type':    
         'str', 'chars': 28}, {'role': 'assistant', 'type': 'str', 'chars':     
         347}, {'role': 'user', 'type': 'str', 'chars': 28}, {'role':           
         'assistant', 'type': 'str', 'chars': 1868}, {'role': 'user', 'type':   
         'str', 'chars': 29}, {'role': 'assistant', 'type': 'str', 'chars':     
         132}, {'role': 'user', 'type': 'str', 'chars': 535}, {'role':          
         'assistant', 'type': 'str', 'chars': 409}, {'role': 'user', 'type':    
         'str', 'chars': 1508}, {'role': 'assistant', 'type': 'str', 'chars':   
         155}, {'role': 'user', 'type': 'str', 'chars': 185}, {'role':          
         'assistant', 'type': 'str', 'chars': 152}, {'role': 'user', 'type':    
         'str', 'chars': 1248}, {'role': 'assistant', 'type': 'str', 'chars':   
         190}, {'role': 'user', 'type': 'str', 'chars': 329}]                   
INFO     Messages API response received: status=200 elapsed=2.5s                
DEBUG    input_tokens=14,841, output_tokens=54, instance_cost=0.00, cost=0.00   
DEBUG    total_tokens_sent=641,037, total_tokens_received=46,796,               
         total_cost=0.00, total_api_calls=62                                    
INFO     濠电姷顣藉Σ鍛村磻閹捐泛绶ゅù鐘差儏閻ゎ喗銇勯弽銊х焼闁?THOUGHT (primary)
         DISCUSSION                                                             
         xortool found a different key! Let me check the decrypted output.      
                                                                                
INFO     濠电姷顣藉Σ鍛村磻閹捐泛绶ゅù鐘差儏閻ゎ喗銇勯幇鈺佲偓妤佺▔?ACTION       
         (primary)                                                              
         ls -la xortool_out/                                                    
                                                                                
INFO     濠电姷顣藉Σ鍛村磻閹捐泛绶ゅù鐘差儏缁愭鎱ㄥ鍡楀姦?MODEL INPUT         
         total 20                                                               
         drwxr-xr-x 2 root root 4096 Aug 30 22:37 .                             
         drwxr-xr-x 3 root root 4096 Aug 30 22:37 ..                            
         -rw-r--r-- 1 root root 1387 Aug 30 22:37 0.out                         
         -rw-r--r-- 1 root root   56 Aug 30 22:37                               
         filename-char_used-perc_valid.csv                                      
         -rw-r--r-- 1 root root   81 Aug 30 22:37 filename-key.csv              
         (Open file: /__tmp__enigma-drag-6r1_x9km__repo/solve11.py)             
         (Current directory: /__tmp__enigma-drag-6r1_x9km__repo)                
         (Interactive session: n/a)                                             
         bash-$                                                                 
INFO     Messages API request start: model=glm52_10 messages=125 timeout=1170.0s
         max_tokens=8192 native_tools=False thinking=auto shape=[{'role':       
         'user', 'type': 'str', 'chars': 3565}, {'role': 'assistant', 'type':   
         'str', 'chars': 109}, {'role': 'user', 'type': 'str', 'chars': 28},    
         {'role': 'assistant', 'type': 'str', 'chars': 93}, {'role': 'user',    
         'type': 'str', 'chars': 28}, {'role': 'assistant', 'type': 'str',      
         'chars': 66}, {'role': 'user', 'type': 'str', 'chars': 28}, {'role':   
         'assistant', 'type': 'str', 'chars': 1265}, {'role': 'user', 'type':   
         'str', 'chars': 28}, {'role': 'assistant', 'type': 'str', 'chars':     
         126}, {'role': 'user', 'type': 'str', 'chars': 28}, {'role':           
         'assistant', 'type': 'str', 'chars': 1067}, {'role': 'user', 'type':   
         'str', 'chars': 29}, {'role': 'assistant', 'type': 'str', 'chars': 84},
         {'role': 'user', 'type': 'str', 'chars': 29}, {'role': 'assistant',    
         'type': 'str', 'chars': 1448}, {'role': 'user', 'type': 'str', 'chars':
         29}, {'role': 'assistant', 'type': 'str', 'chars': 87}, {'role':       
         'user', 'type': 'str', 'chars': 29}, {'role': 'assistant', 'type':     
         'str', 'chars': 332}, {'role': 'user', 'type': 'str', 'chars': 28},    
         {'role': 'assistant', 'type': 'str', 'chars': 1741}, {'role': 'user',  
         'type': 'str', 'chars': 29}, {'role': 'assistant', 'type': 'str',      
         'chars': 117}, {'role': 'user', 'type': 'str', 'chars': 29}, {'role':  
         'assistant', 'type': 'str', 'chars': 242}, {'role': 'user', 'type':    
         'str', 'chars': 28}, {'role': 'assistant', 'type': 'str', 'chars':     
         1848}, {'role': 'user', 'type': 'str', 'chars': 29}, {'role':          
         'assistant', 'type': 'str', 'chars': 115}, {'role': 'user', 'type':    
         'str', 'chars': 29}, {'role': 'assistant', 'type': 'str', 'chars':     
         297}, {'role': 'user', 'type': 'str', 'chars': 28}, {'role':           
         'assistant', 'type': 'str', 'chars': 187}, {'role': 'user', 'type':    
         'str', 'chars': 28}, {'role': 'assistant', 'type': 'str', 'chars':     
         218}, {'role': 'user', 'type': 'str', 'chars': 28}, {'role':           
         'assistant', 'type': 'str', 'chars': 158}, {'role': 'user', 'type':    
         'str', 'chars': 28}, {'role': 'assistant', 'type': 'str', 'chars':     
         1435}, {'role': 'user', 'type': 'str', 'chars': 29}, {'role':          
         'assistant', 'type': 'str', 'chars': 109}, {'role': 'user', 'type':    
         'str', 'chars': 29}, {'role': 'assistant', 'type': 'str', 'chars':     
         217}, {'role': 'user', 'type': 'str', 'chars': 28}, {'role':           
         'assistant', 'type': 'str', 'chars': 2288}, {'role': 'user', 'type':   
         'str', 'chars': 29}, {'role': 'assistant', 'type': 'str', 'chars': 96},
         {'role': 'user', 'type': 'str', 'chars': 29}, {'role': 'assistant',    
         'type': 'str', 'chars': 260}, {'role': 'user', 'type': 'str', 'chars': 
         28}, {'role': 'assistant', 'type': 'str', 'chars': 2765}, {'role':     
         'user', 'type': 'str', 'chars': 29}, {'role': 'assistant', 'type':     
         'str', 'chars': 115}, {'role': 'user', 'type': 'str', 'chars': 28},    
         {'role': 'assistant', 'type': 'str', 'chars': 951}, {'role': 'user',   
         'type': 'str', 'chars': 29}, {'role': 'assistant', 'type': 'str',      
         'chars': 67}, {'role': 'user', 'type': 'str', 'chars': 29}, {'role':   
         'assistant', 'type': 'str', 'chars': 225}, {'role': 'user', 'type':    
         'str', 'chars': 28}, {'role': 'assistant', 'type': 'str', 'chars':     
         110}, {'role': 'user', 'type': 'str', 'chars': 28}, {'role':           
         'assistant', 'type': 'str', 'chars': 113}, {'role': 'user', 'type':    
         'str', 'chars': 29}, {'role': 'assistant', 'type': 'str', 'chars':     
         224}, {'role': 'user', 'type': 'str', 'chars': 30}, {'role':           
         'assistant', 'type': 'str', 'chars': 123}, {'role': 'user', 'type':    
         'str', 'chars': 30}, {'role': 'assistant', 'type': 'str', 'chars':     
         490}, {'role': 'user', 'type': 'str', 'chars': 28}, {'role':           
         'assistant', 'type': 'str', 'chars': 786}, {'role': 'user', 'type':    
         'str', 'chars': 28}, {'role': 'assistant', 'type': 'str', 'chars':     
         1623}, {'role': 'user', 'type': 'str', 'chars': 29}, {'role':          
         'assistant', 'type': 'str', 'chars': 108}, {'role': 'user', 'type':    
         'str', 'chars': 29}, {'role': 'assistant', 'type': 'str', 'chars':     
         221}, {'role': 'user', 'type': 'str', 'chars': 28}, {'role':           
         'assistant', 'type': 'str', 'chars': 229}, {'role': 'user', 'type':    
         'str', 'chars': 28}, {'role': 'assistant', 'type': 'str', 'chars':     
         1481}, {'role': 'user', 'type': 'str', 'chars': 29}, {'role':          
         'assistant', 'type': 'str', 'chars': 87}, {'role': 'user', 'type':     
         'str', 'chars': 29}, {'role': 'assistant', 'type': 'str', 'chars':     
         334}, {'role': 'user', 'type': 'str', 'chars': 28}, {'role':           
         'assistant', 'type': 'str', 'chars': 363}, {'role': 'user', 'type':    
         'str', 'chars': 28}, {'role': 'assistant', 'type': 'str', 'chars':     
         2013}, {'role': 'user', 'type': 'str', 'chars': 29}, {'role':          
         'assistant', 'type': 'str', 'chars': 98}, {'role': 'user', 'type':     
         'str', 'chars': 29}, {'role': 'assistant', 'type': 'str', 'chars':     
         423}, {'role': 'user', 'type': 'str', 'chars': 28}, {'role':           
         'assistant', 'type': 'str', 'chars': 2442}, {'role': 'user', 'type':   
         'str', 'chars': 29}, {'role': 'assistant', 'type': 'str', 'chars':     
         124}, {'role': 'user', 'type': 'str', 'chars': 29}, {'role':           
         'assistant', 'type': 'str', 'chars': 173}, {'role': 'user', 'type':    
         'str', 'chars': 28}, {'role': 'assistant', 'type': 'str', 'chars':     
         146}, {'role': 'user', 'type': 'str', 'chars': 28}, {'role':           
         'assistant', 'type': 'str', 'chars': 1291}, {'role': 'user', 'type':   
         'str', 'chars': 29}, {'role': 'assistant', 'type': 'str', 'chars':     
         112}, {'role': 'user', 'type': 'str', 'chars': 29}, {'role':           
         'assistant', 'type': 'str', 'chars': 295}, {'role': 'user', 'type':    
         'str', 'chars': 28}, {'role': 'assistant', 'type': 'str', 'chars':     
         347}, {'role': 'user', 'type': 'str', 'chars': 28}, {'role':           
         'assistant', 'type': 'str', 'chars': 1868}, {'role': 'user', 'type':   
         'str', 'chars': 29}, {'role': 'assistant', 'type': 'str', 'chars':     
         132}, {'role': 'user', 'type': 'str', 'chars': 29}, {'role':           
         'assistant', 'type': 'str', 'chars': 409}, {'role': 'user', 'type':    
         'str', 'chars': 1508}, {'role': 'assistant', 'type': 'str', 'chars':   
         155}, {'role': 'user', 'type': 'str', 'chars': 185}, {'role':          
         'assistant', 'type': 'str', 'chars': 152}, {'role': 'user', 'type':    
         'str', 'chars': 1248}, {'role': 'assistant', 'type': 'str', 'chars':   
         190}, {'role': 'user', 'type': 'str', 'chars': 329}, {'role':          
         'assistant', 'type': 'str', 'chars': 104}, {'role': 'user', 'type':    
         'str', 'chars': 424}]                                                  
INFO     Messages API response received: status=200 elapsed=2.1s                
DEBUG    input_tokens=14,863, output_tokens=38, instance_cost=0.00, cost=0.00   
DEBUG    total_tokens_sent=655,900, total_tokens_received=46,834,               
         total_cost=0.00, total_api_calls=63                                    
INFO     濠电姷顣藉Σ鍛村磻閹捐泛绶ゅù鐘差儏閻ゎ喗銇勯弽銊х焼闁?THOUGHT (primary)
         DISCUSSION                                                             
         Let me check the xortool output.                                       
                                                                                
INFO     濠电姷顣藉Σ鍛村磻閹捐泛绶ゅù鐘差儏閻ゎ喗銇勯幇鈺佲偓妤佺▔?ACTION       
         (primary)                                                              
         open xortool_out/0.out                                                 
                                                                                
INFO     濠电姷顣藉Σ鍛村磻閹捐泛绶ゅù鐘差儏缁愭鎱ㄥ鍡楀姦?MODEL INPUT         
         [File: /__tmp__enigma-drag-6r1_x9km__repo/xortool_out/0.out (1 lines   
         total)]                                                                
         1:"{ p   . v%, -%%$'!" ,!& t $!s%|! %%&!!$ | q$. $$#$~!r  $u $$- r$% q 
         $%.%$ !$/$  !  %& $$#$)!r   u$  ,!,   q v!   !t$/!# ($v$$  !s$z%$ &$q  
         %$-!q%# $ '!  '!u  !$ y$v%$   q%|%$!&$!!" ($v$/ '$#%~!w!u%" r          
         y!q%#$!"u%{ - &%# %!(!,   q v!   !t$%$ #)!-$/ t "%.%$!&$/!% z!r%"!q$/! 
         #!t$%!" ($v%' $$#'!!'!t$! r , !%#$!! $|!"!#$%!" ( r   u s$z!! '$r %!.%$
         ' u$y%$#w   . (!p$%!#$#$z!% "  !$ | q   & u%{ '%%%# q y!w$p / $!  '  $#
         q$-  %  $ v! !%!#$& % .!r$p . v! !% &  #  , #$w  ! ! #% !$q % z q      
         w$!!'%(!!%%%' !!{$v%# r &!  ' !$/ / )$v$" $! %)! !    q { " w$! u$     
         !!!r$u!r%}$v$p '$#$z!,!   !' y!q$w %$#%{!!!w$' .$-!r$/$! /%/ "!   !r   
         y!q    ! !  '!t$%$  ) &$$$! t%)!p%p   ! z r   " "$y!!%%$& /!/$v%p .!&! 
         !-!r   q (!-   r &%! & ! u$ !) '$% /$#$z!r!s$%$  y p  !% t%/ '!   !  ( 
         %  v &! !p!w$' q!)$v%' $ /%,%$!#$/!" * q%$$! "%y!r  %$$                
         u%"!#!s%)!q!" .$'$-#r$s $ v!   !t$%$ !) '$/!$ $%(  !#%% u$-#r$% v      
         &%-!%!&$q /!.$v%#   s%{%$ !$/$  | &$t$! s%.%$!$$.!#!* q%"%t$#!~#r!p$$$ 
         !. &%"$v$#')%$ !$q r z $  !% t%!  %%%' q ,!r  !q u$|%$!t$!!& ($v%#     
         s%{%$ "$r u !$v$. .!'! !&!    ! . ,$/ u!#%,!- &$q % )$!  #& t%!  %%%r  
         /!($v$t $ "%.%$!w%#$ !)  $/$! !%)!#%r  "r!)$v$" $!$%)!w!!$%!"!.$v$t    
         $$v! " !t$!!$$-!w$s q  %(%$#w   q y!v$%$! %%/ &%%$# /!( #$$$! v%| "!   
         %"$  | u% !! &%.%$ !$/$    q w$! v%/  %%$%!& ( !   q %!   !t$%$  *     
         $$!"$#$z!r%%%' r ! #$% %$#%)  %r   ! .!r$&!s%"&/!v! %r#/ {!,'/!$! %|!  
         "u$/ . . q%t                                                           
         (Open file: /__tmp__enigma-drag-6r1_x9km__repo/xortool_out/0.out)      
         (Current directory: /__tmp__enigma-drag-6r1_x9km__repo)                
         (Interactive session: n/a)                                             
         bash-$                                                                 
INFO     Messages API request start: model=glm52_10 messages=127 timeout=1170.0s
         max_tokens=8192 native_tools=False thinking=auto shape=[{'role':       
         'user', 'type': 'str', 'chars': 3565}, {'role': 'assistant', 'type':   
         'str', 'chars': 109}, {'role': 'user', 'type': 'str', 'chars': 28},    
         {'role': 'assistant', 'type': 'str', 'chars': 93}, {'role': 'user',    
         'type': 'str', 'chars': 28}, {'role': 'assistant', 'type': 'str',      
         'chars': 66}, {'role': 'user', 'type': 'str', 'chars': 28}, {'role':   
         'assistant', 'type': 'str', 'chars': 1265}, {'role': 'user', 'type':   
         'str', 'chars': 28}, {'role': 'assistant', 'type': 'str', 'chars':     
         126}, {'role': 'user', 'type': 'str', 'chars': 28}, {'role':           
         'assistant', 'type': 'str', 'chars': 1067}, {'role': 'user', 'type':   
         'str', 'chars': 29}, {'role': 'assistant', 'type': 'str', 'chars': 84},
         {'role': 'user', 'type': 'str', 'chars': 29}, {'role': 'assistant',    
         'type': 'str', 'chars': 1448}, {'role': 'user', 'type': 'str', 'chars':
         29}, {'role': 'assistant', 'type': 'str', 'chars': 87}, {'role':       
         'user', 'type': 'str', 'chars': 29}, {'role': 'assistant', 'type':     
         'str', 'chars': 332}, {'role': 'user', 'type': 'str', 'chars': 28},    
         {'role': 'assistant', 'type': 'str', 'chars': 1741}, {'role': 'user',  
         'type': 'str', 'chars': 29}, {'role': 'assistant', 'type': 'str',      
         'chars': 117}, {'role': 'user', 'type': 'str', 'chars': 29}, {'role':  
         'assistant', 'type': 'str', 'chars': 242}, {'role': 'user', 'type':    
         'str', 'chars': 28}, {'role': 'assistant', 'type': 'str', 'chars':     
         1848}, {'role': 'user', 'type': 'str', 'chars': 29}, {'role':          
         'assistant', 'type': 'str', 'chars': 115}, {'role': 'user', 'type':    
         'str', 'chars': 29}, {'role': 'assistant', 'type': 'str', 'chars':     
         297}, {'role': 'user', 'type': 'str', 'chars': 28}, {'role':           
         'assistant', 'type': 'str', 'chars': 187}, {'role': 'user', 'type':    
         'str', 'chars': 28}, {'role': 'assistant', 'type': 'str', 'chars':     
         218}, {'role': 'user', 'type': 'str', 'chars': 28}, {'role':           
         'assistant', 'type': 'str', 'chars': 158}, {'role': 'user', 'type':    
         'str', 'chars': 28}, {'role': 'assistant', 'type': 'str', 'chars':     
         1435}, {'role': 'user', 'type': 'str', 'chars': 29}, {'role':          
         'assistant', 'type': 'str', 'chars': 109}, {'role': 'user', 'type':    
         'str', 'chars': 29}, {'role': 'assistant', 'type': 'str', 'chars':     
         217}, {'role': 'user', 'type': 'str', 'chars': 28}, {'role':           
         'assistant', 'type': 'str', 'chars': 2288}, {'role': 'user', 'type':   
         'str', 'chars': 29}, {'role': 'assistant', 'type': 'str', 'chars': 96},
         {'role': 'user', 'type': 'str', 'chars': 29}, {'role': 'assistant',    
         'type': 'str', 'chars': 260}, {'role': 'user', 'type': 'str', 'chars': 
         28}, {'role': 'assistant', 'type': 'str', 'chars': 2765}, {'role':     
         'user', 'type': 'str', 'chars': 29}, {'role': 'assistant', 'type':     
         'str', 'chars': 115}, {'role': 'user', 'type': 'str', 'chars': 28},    
         {'role': 'assistant', 'type': 'str', 'chars': 951}, {'role': 'user',   
         'type': 'str', 'chars': 29}, {'role': 'assistant', 'type': 'str',      
         'chars': 67}, {'role': 'user', 'type': 'str', 'chars': 29}, {'role':   
         'assistant', 'type': 'str', 'chars': 225}, {'role': 'user', 'type':    
         'str', 'chars': 28}, {'role': 'assistant', 'type': 'str', 'chars':     
         110}, {'role': 'user', 'type': 'str', 'chars': 28}, {'role':           
         'assistant', 'type': 'str', 'chars': 113}, {'role': 'user', 'type':    
         'str', 'chars': 29}, {'role': 'assistant', 'type': 'str', 'chars':     
         224}, {'role': 'user', 'type': 'str', 'chars': 30}, {'role':           
         'assistant', 'type': 'str', 'chars': 123}, {'role': 'user', 'type':    
         'str', 'chars': 30}, {'role': 'assistant', 'type': 'str', 'chars':     
         490}, {'role': 'user', 'type': 'str', 'chars': 28}, {'role':           
         'assistant', 'type': 'str', 'chars': 786}, {'role': 'user', 'type':    
         'str', 'chars': 28}, {'role': 'assistant', 'type': 'str', 'chars':     
         1623}, {'role': 'user', 'type': 'str', 'chars': 29}, {'role':          
         'assistant', 'type': 'str', 'chars': 108}, {'role': 'user', 'type':    
         'str', 'chars': 29}, {'role': 'assistant', 'type': 'str', 'chars':     
         221}, {'role': 'user', 'type': 'str', 'chars': 28}, {'role':           
         'assistant', 'type': 'str', 'chars': 229}, {'role': 'user', 'type':    
         'str', 'chars': 28}, {'role': 'assistant', 'type': 'str', 'chars':     
         1481}, {'role': 'user', 'type': 'str', 'chars': 29}, {'role':          
         'assistant', 'type': 'str', 'chars': 87}, {'role': 'user', 'type':     
         'str', 'chars': 29}, {'role': 'assistant', 'type': 'str', 'chars':     
         334}, {'role': 'user', 'type': 'str', 'chars': 28}, {'role':           
         'assistant', 'type': 'str', 'chars': 363}, {'role': 'user', 'type':    
         'str', 'chars': 28}, {'role': 'assistant', 'type': 'str', 'chars':     
         2013}, {'role': 'user', 'type': 'str', 'chars': 29}, {'role':          
         'assistant', 'type': 'str', 'chars': 98}, {'role': 'user', 'type':     
         'str', 'chars': 29}, {'role': 'assistant', 'type': 'str', 'chars':     
         423}, {'role': 'user', 'type': 'str', 'chars': 28}, {'role':           
         'assistant', 'type': 'str', 'chars': 2442}, {'role': 'user', 'type':   
         'str', 'chars': 29}, {'role': 'assistant', 'type': 'str', 'chars':     
         124}, {'role': 'user', 'type': 'str', 'chars': 29}, {'role':           
         'assistant', 'type': 'str', 'chars': 173}, {'role': 'user', 'type':    
         'str', 'chars': 28}, {'role': 'assistant', 'type': 'str', 'chars':     
         146}, {'role': 'user', 'type': 'str', 'chars': 28}, {'role':           
         'assistant', 'type': 'str', 'chars': 1291}, {'role': 'user', 'type':   
         'str', 'chars': 29}, {'role': 'assistant', 'type': 'str', 'chars':     
         112}, {'role': 'user', 'type': 'str', 'chars': 29}, {'role':           
         'assistant', 'type': 'str', 'chars': 295}, {'role': 'user', 'type':    
         'str', 'chars': 28}, {'role': 'assistant', 'type': 'str', 'chars':     
         347}, {'role': 'user', 'type': 'str', 'chars': 28}, {'role':           
         'assistant', 'type': 'str', 'chars': 1868}, {'role': 'user', 'type':   
         'str', 'chars': 29}, {'role': 'assistant', 'type': 'str', 'chars':     
         132}, {'role': 'user', 'type': 'str', 'chars': 29}, {'role':           
         'assistant', 'type': 'str', 'chars': 409}, {'role': 'user', 'type':    
         'str', 'chars': 29}, {'role': 'assistant', 'type': 'str', 'chars':     
         155}, {'role': 'user', 'type': 'str', 'chars': 185}, {'role':          
         'assistant', 'type': 'str', 'chars': 152}, {'role': 'user', 'type':    
         'str', 'chars': 1248}, {'role': 'assistant', 'type': 'str', 'chars':   
         190}, {'role': 'user', 'type': 'str', 'chars': 329}, {'role':          
         'assistant', 'type': 'str', 'chars': 104}, {'role': 'user', 'type':    
         'str', 'chars': 424}, {'role': 'assistant', 'type': 'str', 'chars':    
         74}, {'role': 'user', 'type': 'str', 'chars': 1622}]                   
INFO     Messages API response received: status=200 elapsed=21.9s               
DEBUG    input_tokens=14,860, output_tokens=774, instance_cost=0.00, cost=0.00  
DEBUG    total_tokens_sent=670,760, total_tokens_received=47,608,               
         total_cost=0.00, total_api_calls=64                                    
INFO     濠电姷顣藉Σ鍛村磻閹捐泛绶ゅù鐘差儏閻ゎ喗銇勯弽銊х焼闁?THOUGHT (primary)
         DISCUSSION                                                             
         The xortool output is garbage - it used the wrong key. Let me re-read  
         the hint file carefully to make sure I'm not missing anything.         
                                                                                
INFO     濠电姷顣藉Σ鍛村磻閹捐泛绶ゅù鐘差儏閻ゎ喗銇勯幇鈺佲偓妤佺▔?ACTION       
         (primary)                                                              
         cat hint.txt                                                           
                                                                                
INFO     濠电姷顣藉Σ鍛村磻閹捐泛绶ゅù鐘差儏缁愭鎱ㄥ鍡楀姦?MODEL INPUT         
         "hint": "The first step is to determine the key length.  The flag is a 
         string, ASCII-encoded.                                                 
         (Open file: /__tmp__enigma-drag-6r1_x9km__repo/xortool_out/0.out)      
         (Current directory: /__tmp__enigma-drag-6r1_x9km__repo)                
         (Interactive session: n/a)                                             
         bash-$                                                                 
INFO     Messages API request start: model=glm52_10 messages=129 timeout=1170.0s
         max_tokens=8192 native_tools=False thinking=auto shape=[{'role':       
         'user', 'type': 'str', 'chars': 3565}, {'role': 'assistant', 'type':   
         'str', 'chars': 109}, {'role': 'user', 'type': 'str', 'chars': 28},    
         {'role': 'assistant', 'type': 'str', 'chars': 93}, {'role': 'user',    
         'type': 'str', 'chars': 28}, {'role': 'assistant', 'type': 'str',      
         'chars': 66}, {'role': 'user', 'type': 'str', 'chars': 28}, {'role':   
         'assistant', 'type': 'str', 'chars': 1265}, {'role': 'user', 'type':   
         'str', 'chars': 28}, {'role': 'assistant', 'type': 'str', 'chars':     
         126}, {'role': 'user', 'type': 'str', 'chars': 28}, {'role':           
         'assistant', 'type': 'str', 'chars': 1067}, {'role': 'user', 'type':   
         'str', 'chars': 29}, {'role': 'assistant', 'type': 'str', 'chars': 84},
         {'role': 'user', 'type': 'str', 'chars': 29}, {'role': 'assistant',    
         'type': 'str', 'chars': 1448}, {'role': 'user', 'type': 'str', 'chars':
         29}, {'role': 'assistant', 'type': 'str', 'chars': 87}, {'role':       
         'user', 'type': 'str', 'chars': 29}, {'role': 'assistant', 'type':     
         'str', 'chars': 332}, {'role': 'user', 'type': 'str', 'chars': 28},    
         {'role': 'assistant', 'type': 'str', 'chars': 1741}, {'role': 'user',  
         'type': 'str', 'chars': 29}, {'role': 'assistant', 'type': 'str',      
         'chars': 117}, {'role': 'user', 'type': 'str', 'chars': 29}, {'role':  
         'assistant', 'type': 'str', 'chars': 242}, {'role': 'user', 'type':    
         'str', 'chars': 28}, {'role': 'assistant', 'type': 'str', 'chars':     
         1848}, {'role': 'user', 'type': 'str', 'chars': 29}, {'role':          
         'assistant', 'type': 'str', 'chars': 115}, {'role': 'user', 'type':    
         'str', 'chars': 29}, {'role': 'assistant', 'type': 'str', 'chars':     
         297}, {'role': 'user', 'type': 'str', 'chars': 28}, {'role':           
         'assistant', 'type': 'str', 'chars': 187}, {'role': 'user', 'type':    
         'str', 'chars': 28}, {'role': 'assistant', 'type': 'str', 'chars':     
         218}, {'role': 'user', 'type': 'str', 'chars': 28}, {'role':           
         'assistant', 'type': 'str', 'chars': 158}, {'role': 'user', 'type':    
         'str', 'chars': 28}, {'role': 'assistant', 'type': 'str', 'chars':     
         1435}, {'role': 'user', 'type': 'str', 'chars': 29}, {'role':          
         'assistant', 'type': 'str', 'chars': 109}, {'role': 'user', 'type':    
         'str', 'chars': 29}, {'role': 'assistant', 'type': 'str', 'chars':     
         217}, {'role': 'user', 'type': 'str', 'chars': 28}, {'role':           
         'assistant', 'type': 'str', 'chars': 2288}, {'role': 'user', 'type':   
         'str', 'chars': 29}, {'role': 'assistant', 'type': 'str', 'chars': 96},
         {'role': 'user', 'type': 'str', 'chars': 29}, {'role': 'assistant',    
         'type': 'str', 'chars': 260}, {'role': 'user', 'type': 'str', 'chars': 
         28}, {'role': 'assistant', 'type': 'str', 'chars': 2765}, {'role':     
         'user', 'type': 'str', 'chars': 29}, {'role': 'assistant', 'type':     
         'str', 'chars': 115}, {'role': 'user', 'type': 'str', 'chars': 28},    
         {'role': 'assistant', 'type': 'str', 'chars': 951}, {'role': 'user',   
         'type': 'str', 'chars': 29}, {'role': 'assistant', 'type': 'str',      
         'chars': 67}, {'role': 'user', 'type': 'str', 'chars': 29}, {'role':   
         'assistant', 'type': 'str', 'chars': 225}, {'role': 'user', 'type':    
         'str', 'chars': 28}, {'role': 'assistant', 'type': 'str', 'chars':     
         110}, {'role': 'user', 'type': 'str', 'chars': 28}, {'role':           
         'assistant', 'type': 'str', 'chars': 113}, {'role': 'user', 'type':    
         'str', 'chars': 29}, {'role': 'assistant', 'type': 'str', 'chars':     
         224}, {'role': 'user', 'type': 'str', 'chars': 30}, {'role':           
         'assistant', 'type': 'str', 'chars': 123}, {'role': 'user', 'type':    
         'str', 'chars': 30}, {'role': 'assistant', 'type': 'str', 'chars':     
         490}, {'role': 'user', 'type': 'str', 'chars': 28}, {'role':           
         'assistant', 'type': 'str', 'chars': 786}, {'role': 'user', 'type':    
         'str', 'chars': 28}, {'role': 'assistant', 'type': 'str', 'chars':     
         1623}, {'role': 'user', 'type': 'str', 'chars': 29}, {'role':          
         'assistant', 'type': 'str', 'chars': 108}, {'role': 'user', 'type':    
         'str', 'chars': 29}, {'role': 'assistant', 'type': 'str', 'chars':     
         221}, {'role': 'user', 'type': 'str', 'chars': 28}, {'role':           
         'assistant', 'type': 'str', 'chars': 229}, {'role': 'user', 'type':    
         'str', 'chars': 28}, {'role': 'assistant', 'type': 'str', 'chars':     
         1481}, {'role': 'user', 'type': 'str', 'chars': 29}, {'role':          
         'assistant', 'type': 'str', 'chars': 87}, {'role': 'user', 'type':     
         'str', 'chars': 29}, {'role': 'assistant', 'type': 'str', 'chars':     
         334}, {'role': 'user', 'type': 'str', 'chars': 28}, {'role':           
         'assistant', 'type': 'str', 'chars': 363}, {'role': 'user', 'type':    
         'str', 'chars': 28}, {'role': 'assistant', 'type': 'str', 'chars':     
         2013}, {'role': 'user', 'type': 'str', 'chars': 29}, {'role':          
         'assistant', 'type': 'str', 'chars': 98}, {'role': 'user', 'type':     
         'str', 'chars': 29}, {'role': 'assistant', 'type': 'str', 'chars':     
         423}, {'role': 'user', 'type': 'str', 'chars': 28}, {'role':           
         'assistant', 'type': 'str', 'chars': 2442}, {'role': 'user', 'type':   
         'str', 'chars': 29}, {'role': 'assistant', 'type': 'str', 'chars':     
         124}, {'role': 'user', 'type': 'str', 'chars': 29}, {'role':           
         'assistant', 'type': 'str', 'chars': 173}, {'role': 'user', 'type':    
         'str', 'chars': 28}, {'role': 'assistant', 'type': 'str', 'chars':     
         146}, {'role': 'user', 'type': 'str', 'chars': 28}, {'role':           
         'assistant', 'type': 'str', 'chars': 1291}, {'role': 'user', 'type':   
         'str', 'chars': 29}, {'role': 'assistant', 'type': 'str', 'chars':     
         112}, {'role': 'user', 'type': 'str', 'chars': 29}, {'role':           
         'assistant', 'type': 'str', 'chars': 295}, {'role': 'user', 'type':    
         'str', 'chars': 28}, {'role': 'assistant', 'type': 'str', 'chars':     
         347}, {'role': 'user', 'type': 'str', 'chars': 28}, {'role':           
         'assistant', 'type': 'str', 'chars': 1868}, {'role': 'user', 'type':   
         'str', 'chars': 29}, {'role': 'assistant', 'type': 'str', 'chars':     
         132}, {'role': 'user', 'type': 'str', 'chars': 29}, {'role':           
         'assistant', 'type': 'str', 'chars': 409}, {'role': 'user', 'type':    
         'str', 'chars': 29}, {'role': 'assistant', 'type': 'str', 'chars':     
         155}, {'role': 'user', 'type': 'str', 'chars': 28}, {'role':           
         'assistant', 'type': 'str', 'chars': 152}, {'role': 'user', 'type':    
         'str', 'chars': 1248}, {'role': 'assistant', 'type': 'str', 'chars':   
         190}, {'role': 'user', 'type': 'str', 'chars': 329}, {'role':          
         'assistant', 'type': 'str', 'chars': 104}, {'role': 'user', 'type':    
         'str', 'chars': 424}, {'role': 'assistant', 'type': 'str', 'chars':    
         74}, {'role': 'user', 'type': 'str', 'chars': 1622}, {'role':          
         'assistant', 'type': 'str', 'chars': 164}, {'role': 'user', 'type':    
         'str', 'chars': 249}]                                                  
INFO     Messages API response received: status=200 elapsed=234.7s              
WARNING  Messages API empty response: keys=['content', 'id', 'model', 'role',   
         'stop_reason', 'type', 'usage'] block_types=['thinking']               
         stop_reason=max_tokens usage={'input_tokens': 14931, 'output_tokens':  
         8192}                                                                  
WARNING  Messages API returned thinking-only max_tokens; retrying with thinking 
         disabled                                                               
DEBUG    input_tokens=14,925, output_tokens=170, instance_cost=0.00, cost=0.00  
DEBUG    total_tokens_sent=685,685, total_tokens_received=47,778,               
         total_cost=0.00, total_api_calls=65                                    
INFO     濠电姷顣藉Σ鍛村磻閹捐泛绶ゅù鐘差儏閻ゎ喗銇勯弽銊х焼闁?THOUGHT (primary)
         DISCUSSION                                                             
         The hint says "The flag is a string, ASCII-encoded." This is           
         interesting - maybe the flag itself is the plaintext that's been XOR'd,
         not embedded in a larger text. Let me reconsider - maybe the entire    
         ciphertext decrypts to just the flag, not a long passage with the flag 
         at the end. But we got a clean decryption of Homer's Odyssey... Let me 
         check if maybe the key is wrong and the "clean" text is a coincidence. 
         Let me also try different key lengths more carefully.                  
                                                                                
         Actually, wait - let me re-read the hint. It says "The flag is a       
         string, ASCII-encoded." Maybe this means the flag is the key, or the   
         flag is encoded differently. Let me try submitting the key as the flag.
                                                                                
INFO     濠电姷顣藉Σ鍛村磻閹捐泛绶ゅù鐘差儏閻ゎ喗銇勯幇鈺佲偓妤佺▔?ACTION       
         (primary)                                                              
         submit 'ek6vt8pc7w'                                                    
                                                                                
WARNING  Wrong flag submission found.                                           
INFO     濠电姷顣藉Σ鍛村磻閹捐泛绶ゅù鐘差儏缁愭鎱ㄥ鍡楀姦?MODEL INPUT         
         Wrong flag!                                                            
         (Open file: /__tmp__enigma-drag-6r1_x9km__repo/xortool_out/0.out)      
         (Current directory: /__tmp__enigma-drag-6r1_x9km__repo)                
         (Interactive session: n/a)                                             
         bash-$                                                                 
INFO     Messages API request start: model=glm52_10 messages=131 timeout=1170.0s
         max_tokens=8192 native_tools=False thinking=auto shape=[{'role':       
         'user', 'type': 'str', 'chars': 3565}, {'role': 'assistant', 'type':   
         'str', 'chars': 109}, {'role': 'user', 'type': 'str', 'chars': 28},    
         {'role': 'assistant', 'type': 'str', 'chars': 93}, {'role': 'user',    
         'type': 'str', 'chars': 28}, {'role': 'assistant', 'type': 'str',      
         'chars': 66}, {'role': 'user', 'type': 'str', 'chars': 28}, {'role':   
         'assistant', 'type': 'str', 'chars': 1265}, {'role': 'user', 'type':   
         'str', 'chars': 28}, {'role': 'assistant', 'type': 'str', 'chars':     
         126}, {'role': 'user', 'type': 'str', 'chars': 28}, {'role':           
         'assistant', 'type': 'str', 'chars': 1067}, {'role': 'user', 'type':   
         'str', 'chars': 29}, {'role': 'assistant', 'type': 'str', 'chars': 84},
         {'role': 'user', 'type': 'str', 'chars': 29}, {'role': 'assistant',    
         'type': 'str', 'chars': 1448}, {'role': 'user', 'type': 'str', 'chars':
         29}, {'role': 'assistant', 'type': 'str', 'chars': 87}, {'role':       
         'user', 'type': 'str', 'chars': 29}, {'role': 'assistant', 'type':     
         'str', 'chars': 332}, {'role': 'user', 'type': 'str', 'chars': 28},    
         {'role': 'assistant', 'type': 'str', 'chars': 1741}, {'role': 'user',  
         'type': 'str', 'chars': 29}, {'role': 'assistant', 'type': 'str',      
         'chars': 117}, {'role': 'user', 'type': 'str', 'chars': 29}, {'role':  
         'assistant', 'type': 'str', 'chars': 242}, {'role': 'user', 'type':    
         'str', 'chars': 28}, {'role': 'assistant', 'type': 'str', 'chars':     
         1848}, {'role': 'user', 'type': 'str', 'chars': 29}, {'role':          
         'assistant', 'type': 'str', 'chars': 115}, {'role': 'user', 'type':    
         'str', 'chars': 29}, {'role': 'assistant', 'type': 'str', 'chars':     
         297}, {'role': 'user', 'type': 'str', 'chars': 28}, {'role':           
         'assistant', 'type': 'str', 'chars': 187}, {'role': 'user', 'type':    
         'str', 'chars': 28}, {'role': 'assistant', 'type': 'str', 'chars':     
         218}, {'role': 'user', 'type': 'str', 'chars': 28}, {'role':           
         'assistant', 'type': 'str', 'chars': 158}, {'role': 'user', 'type':    
         'str', 'chars': 28}, {'role': 'assistant', 'type': 'str', 'chars':     
         1435}, {'role': 'user', 'type': 'str', 'chars': 29}, {'role':          
         'assistant', 'type': 'str', 'chars': 109}, {'role': 'user', 'type':    
         'str', 'chars': 29}, {'role': 'assistant', 'type': 'str', 'chars':     
         217}, {'role': 'user', 'type': 'str', 'chars': 28}, {'role':           
         'assistant', 'type': 'str', 'chars': 2288}, {'role': 'user', 'type':   
         'str', 'chars': 29}, {'role': 'assistant', 'type': 'str', 'chars': 96},
         {'role': 'user', 'type': 'str', 'chars': 29}, {'role': 'assistant',    
         'type': 'str', 'chars': 260}, {'role': 'user', 'type': 'str', 'chars': 
         28}, {'role': 'assistant', 'type': 'str', 'chars': 2765}, {'role':     
         'user', 'type': 'str', 'chars': 29}, {'role': 'assistant', 'type':     
         'str', 'chars': 115}, {'role': 'user', 'type': 'str', 'chars': 28},    
         {'role': 'assistant', 'type': 'str', 'chars': 951}, {'role': 'user',   
         'type': 'str', 'chars': 29}, {'role': 'assistant', 'type': 'str',      
         'chars': 67}, {'role': 'user', 'type': 'str', 'chars': 29}, {'role':   
         'assistant', 'type': 'str', 'chars': 225}, {'role': 'user', 'type':    
         'str', 'chars': 28}, {'role': 'assistant', 'type': 'str', 'chars':     
         110}, {'role': 'user', 'type': 'str', 'chars': 28}, {'role':           
         'assistant', 'type': 'str', 'chars': 113}, {'role': 'user', 'type':    
         'str', 'chars': 29}, {'role': 'assistant', 'type': 'str', 'chars':     
         224}, {'role': 'user', 'type': 'str', 'chars': 30}, {'role':           
         'assistant', 'type': 'str', 'chars': 123}, {'role': 'user', 'type':    
         'str', 'chars': 30}, {'role': 'assistant', 'type': 'str', 'chars':     
         490}, {'role': 'user', 'type': 'str', 'chars': 28}, {'role':           
         'assistant', 'type': 'str', 'chars': 786}, {'role': 'user', 'type':    
         'str', 'chars': 28}, {'role': 'assistant', 'type': 'str', 'chars':     
         1623}, {'role': 'user', 'type': 'str', 'chars': 29}, {'role':          
         'assistant', 'type': 'str', 'chars': 108}, {'role': 'user', 'type':    
         'str', 'chars': 29}, {'role': 'assistant', 'type': 'str', 'chars':     
         221}, {'role': 'user', 'type': 'str', 'chars': 28}, {'role':           
         'assistant', 'type': 'str', 'chars': 229}, {'role': 'user', 'type':    
         'str', 'chars': 28}, {'role': 'assistant', 'type': 'str', 'chars':     
         1481}, {'role': 'user', 'type': 'str', 'chars': 29}, {'role':          
         'assistant', 'type': 'str', 'chars': 87}, {'role': 'user', 'type':     
         'str', 'chars': 29}, {'role': 'assistant', 'type': 'str', 'chars':     
         334}, {'role': 'user', 'type': 'str', 'chars': 28}, {'role':           
         'assistant', 'type': 'str', 'chars': 363}, {'role': 'user', 'type':    
         'str', 'chars': 28}, {'role': 'assistant', 'type': 'str', 'chars':     
         2013}, {'role': 'user', 'type': 'str', 'chars': 29}, {'role':          
         'assistant', 'type': 'str', 'chars': 98}, {'role': 'user', 'type':     
         'str', 'chars': 29}, {'role': 'assistant', 'type': 'str', 'chars':     
         423}, {'role': 'user', 'type': 'str', 'chars': 28}, {'role':           
         'assistant', 'type': 'str', 'chars': 2442}, {'role': 'user', 'type':   
         'str', 'chars': 29}, {'role': 'assistant', 'type': 'str', 'chars':     
         124}, {'role': 'user', 'type': 'str', 'chars': 29}, {'role':           
         'assistant', 'type': 'str', 'chars': 173}, {'role': 'user', 'type':    
         'str', 'chars': 28}, {'role': 'assistant', 'type': 'str', 'chars':     
         146}, {'role': 'user', 'type': 'str', 'chars': 28}, {'role':           
         'assistant', 'type': 'str', 'chars': 1291}, {'role': 'user', 'type':   
         'str', 'chars': 29}, {'role': 'assistant', 'type': 'str', 'chars':     
         112}, {'role': 'user', 'type': 'str', 'chars': 29}, {'role':           
         'assistant', 'type': 'str', 'chars': 295}, {'role': 'user', 'type':    
         'str', 'chars': 28}, {'role': 'assistant', 'type': 'str', 'chars':     
         347}, {'role': 'user', 'type': 'str', 'chars': 28}, {'role':           
         'assistant', 'type': 'str', 'chars': 1868}, {'role': 'user', 'type':   
         'str', 'chars': 29}, {'role': 'assistant', 'type': 'str', 'chars':     
         132}, {'role': 'user', 'type': 'str', 'chars': 29}, {'role':           
         'assistant', 'type': 'str', 'chars': 409}, {'role': 'user', 'type':    
         'str', 'chars': 29}, {'role': 'assistant', 'type': 'str', 'chars':     
         155}, {'role': 'user', 'type': 'str', 'chars': 28}, {'role':           
         'assistant', 'type': 'str', 'chars': 152}, {'role': 'user', 'type':    
         'str', 'chars': 29}, {'role': 'assistant', 'type': 'str', 'chars':     
         190}, {'role': 'user', 'type': 'str', 'chars': 329}, {'role':          
         'assistant', 'type': 'str', 'chars': 104}, {'role': 'user', 'type':    
         'str', 'chars': 424}, {'role': 'assistant', 'type': 'str', 'chars':    
         74}, {'role': 'user', 'type': 'str', 'chars': 1622}, {'role':          
         'assistant', 'type': 'str', 'chars': 164}, {'role': 'user', 'type':    
         'str', 'chars': 249}, {'role': 'assistant', 'type': 'str', 'chars':    
         713}, {'role': 'user', 'type': 'str', 'chars': 167}]                   
INFO     Messages API response received: status=200 elapsed=40.0s               
DEBUG    input_tokens=14,677, output_tokens=1,351, instance_cost=0.00, cost=0.00
DEBUG    total_tokens_sent=700,362, total_tokens_received=49,129,               
         total_cost=0.00, total_api_calls=66                                    
INFO     濠电姷顣藉Σ鍛村磻閹捐泛绶ゅù鐘差儏閻ゎ喗銇勯弽銊х焼闁?THOUGHT (primary)
         DISCUSSION                                                             
         Let me look at the raw hex of the ciphertext file to check for any     
         hidden structure like newlines or separators.                          
                                                                                
INFO     濠电姷顣藉Σ鍛村磻閹捐泛绶ゅù鐘差儏閻ゎ喗銇勯幇鈺佲偓妤佺▔?ACTION       
         (primary)                                                              
         xxd ciphertext.txt                                                     
                                                                                
INFO     濠电姷顣藉Σ鍛村磻閹捐泛绶ゅù鐘差儏缁愭鎱ㄥ鍡楀姦?MODEL INPUT         
         00000000: 3263 3064 3136 3139 3161 3534 3039 3433  2c0d16191a540943    
         00000010: 3530 3035 3034 3132 3162 3133 3064 3564  500504121b130d5d    
         00000020: 3134 3433 3736 3033 3064 3065 3538 3133  144376030d0e5813    
         00000030: 3534 3466 3166 3136 3562 3133 3435 3066  544f1f165b13450f    
         00000040: 3533 3166 3133 3536 3530 3137 3538 3537  531f135650175857    
         00000050: 3039 3034 3430 3133 3534 3431 3166 3136  0904401354411f16    
         00000060: 3162 3537 3034 3138 3136 3166 3161 3138  1b570418161f1a18    
         00000070: 3034 3062 3538 3034 3030 3462 3532 3137  040b5804004b5217    
         00000080: 3064 3462 3530 3130 3566 3132 3435 3165  0d4b50105f12451e    
         00000090: 3435 3133 3130 3138 3033 3063 3137 3033  45131018030c1703    
         000000a0: 3061 3462 3432 3137 3166 3564 3530 3030  0a4b42171f5d5000    
         000000b0: 3536 3035 3030 3462 3539 3130 3534 3566  5605004b5910545f    
         000000c0: 3163 3063 3435 3165 3061 3165 3435 3536  1c0c451e0a1e4556    
         000000d0: 3362 3563 3039 3130 3434 3132 3130 3138  3b5c091044121018    
         000000e0: 3136 3166 3161 3138 3034 3062 3532 3537  161f1a18040b5257    
         000000f0: 3331 3139 3539 3163 3135 3536 3530 3030  3119591c15565000    
         00000100: 3538 3032 3062 3166 3434 3066 3538 3138  58020b1f440f5818    
         00000110: 3037 3062 3532 3035 3030 3462 3431 3133  070b5205004b4113    
         00000120: 3534 3739 3133 3062 3536 3165 3034 3035  5479130b561e0405    
         00000130: 3435 3536 3037 3464 3136 3035 3532 3035  4556074d16055205    
         00000140: 3030 3066 3136 3162 3164 3462 3135 3131  000f161b1d4b1511    
         00000150: 3565 3132 3136 3530 3136 3130 3162 3461  5e12165016101b4a    
         00000160: 3530 3261 3137 3139 3030 3164 3533 3034  502a1719001d5304    
         00000170: 3534 3462 3131 3134 3137 3033 3064 3065  544b111417030d0e    
         00000180: 3136 3131 3162 3563 3033 3433 3434 3166  16111b5c0343441f    
         00000190: 3061 3163 3566 3138 3133 3138 3033 3136  0a1c5f1813180316    
         000001a0: 3534 3166 3435 3034 3436 3133 3161 3138  541f450446131a18    
         000001b0: 3131 3035 3531 3132 3036 3166 3566 3139  11055112061f5f19    
         000001c0: 3161 3138 3131 3130 3137 3237 3034 3037  1a18111017270407    
         000001d0: 3561 3137 3037 3138 3331 3137 3566 3132  5a17071831175f12    
         000001e0: 3062 3065 3161 3536 3030 3530 3135 3433  0b0e1a5600501543    
         000001f0: 3430 3136 3163 3462 3435 3165 3131 3138  40161c4b451e1118    
         00000200: 3033 3137 3538 3138 3031 3462 3534 3133  03175818014b5413    
         00000210: 3037 3531 3134 3036 3137 3166 3063 3036  07511406171f0c06    
         00000220: 3161 3536 3162 3438 3135 3064 3562 3065  1a561b48150d5b0e    
         00000230: 3565 3462 3566 3130 3534 3462 3138 3036  5e4b5f10544b1806    
         00000240: 3137 3030 3061 3165 3561 3132 3534 3563  17000a1e5a12545c    
         00000250: 3135 3061 3530 3139 3435 3166 3539 3536  150a5019451f5956    
         00000260: 3138 3537 3036 3036 3137 3065 3061 3165  18570606170e0a1e    
         00000270: 3136 3137 3037 3138 3033 3062 3532 3537  16170718030b5257    
         00000280: 3031 3032 3532 3536 3163 3531 3164 3466  010252561c511d4f    
         00000290: 3137 3136 3062 3066 3136 3135 3135 3461  17160b0f1615154a    
         000002a0: 3135 3433 3531 3138 3137 3462 3466 3139  15435118174b4f19    
         000002b0: 3031 3138 3139 3064 3137 3166 3030 3139  0118190d171f0019    
         000002c0: 3136 3165 3131 3539 3032 3137 3162 3537  161e115902171b57    
         000002d0: 3131 3033 3533 3138 3534 3462 3166 3065  11035318544b1f0e    
         000002e0: 3532 3537 3061 3064 3136 3032 3163 3537  52570a0d16021c57    
         000002f0: 3033 3036 3137 3037 3030 3034 3436 3161  030617070004461a    
         00000300: 3131 3138 3164 3061 3530 3166 3131 3462  11181d0a501f114b    
         00000310: 3431 3133 3138 3534 3530 3035 3538 3035  4113185450055805    
         00000320: 3032 3065 3432 3536 3135 3561 3166 3136  020e4256155a1f16    
         00000330: 3433 3537 3038 3061 3434 3034 3064 3531  4357080a44040d51    
         00000340: 3165 3034 3139 3530 3435 3366 3565 3133  1e041950453f5e13    
         00000350: 3161 3138 3034 3062 3532 3537 3131 3033  1a18040b52571103    
         00000360: 3539 3033 3133 3530 3034 3035 3432 3162  590313500405421b    
         00000370: 3435 3366 3533 3161 3131 3535 3131 3030  453f531a11551100    
         00000380: 3566 3138 3136 3462 3435 3137 3164 3563  5f18164b45171d5c    
         00000390: 3530 3137 3538 3537 3064 3032 3562 3536  501758570d025b56    
         000003a0: 3164 3536 3530 3032 3539 3034 3132 3065  1d5650025904120e    
         000003b0: 3434 3463 3534 3166 3366 3066 3533 3537  444c541f3f0f5357    
         000003c0: 3136 3032 3434 3561 3534 3731 3530 3137  1602445a54715017    
         000003d0: 3566 3165 3062 3030 3136 3032 3163 3539  5f1e0b0016021c59    
         000003e0: 3034 3433 3430 3166 3034 3166 3136 3066  0443401f041f160f    
         000003f0: 3162 3464 3530 3062 3536 3031 3030 3462  1b4d500b5601004b    
         00000400: 3435 3137 3164 3563 3530 3134 3565 3162  45171d5c50145e1b    
         00000410: 3039 3462 3538 3139 3030 3138 3132 3036  094b581900181206    
         00000420: 3137 3136 3036 3038 3539 3162 3034 3534  17160608591b0454    
         00000430: 3139 3130 3566 3132 3031 3435 3136 3231  19105f1201451621    
         00000440: 3163 3539 3034 3433 3465 3138 3130 3462  1c5904434e18104b    
         00000450: 3562 3133 3135 3536 3530 3061 3434 3537  5b131556500a4457    
         00000460: 3131 3034 3539 3536 3136 3531 3137 3464  110459561651174d    
         00000470: 3137 3365 3131 3462 3534 3133 3033 3531  173e114b54130351    
         00000480: 3163 3037 3532 3035 3136 3462 3562 3133  1c075205164b5b13    
         00000490: 3561 3138 3234 3062 3536 3033 3435 3163  5a18240b5603451c    
         000004a0: 3565 3166 3137 3530 3530 3261 3137 3166  5e1f1750502a171f    
         000004b0: 3061 3162 3533 3536 3132 3537 3032 3433  0a1b535612570243    
         000004c0: 3534 3138 3130 3037 3532 3536 3161 3564  5418100752561a5d    
         000004d0: 3036 3036 3435 3537 3064 3061 3436 3036  060645570d0a4606    
         000004e0: 3131 3536 3530 3137 3538 3537 3038 3065  115650175857080e    
         000004f0: 3161 3536 3161 3537 3034 3433 3532 3031  1a561a5704435201    
         00000500: 3030 3035 3136 3166 3132 3138 3034 3062  0005161f1218040b    
         00000510: 3532 3537 3032 3034 3532 3035 3534 3462  525702045205544b    
         00000520: 3166 3433 3430 3165 3039 3037 3533 3132  1f43401e09075312    
         00000530: 3534 3531 3034 3464 3137 3136 3036 3166  5451044d1716061f    
         00000540: 3530 3064 3435 3637 3162 3036 3465 3238  500d45671b064e28    
         00000550: 3063 3138 3639 3033 3037 3564 3134 3363  0c186903075d143c    
         00000560: 3538 3139 3036 3065 3462 0a              5819060e4b.         
         (Open file: /__tmp__enigma-drag-6r1_x9km__repo/xortool_out/0.out)      
         (Current directory: /__tmp__enigma-drag-6r1_x9km__repo)                
         (Interactive session: n/a)                                             
         bash-$                                                                 
INFO     Messages API request start: model=glm52_10 messages=133 timeout=1170.0s
         max_tokens=8192 native_tools=False thinking=auto shape=[{'role':       
         'user', 'type': 'str', 'chars': 3565}, {'role': 'assistant', 'type':   
         'str', 'chars': 109}, {'role': 'user', 'type': 'str', 'chars': 28},    
         {'role': 'assistant', 'type': 'str', 'chars': 93}, {'role': 'user',    
         'type': 'str', 'chars': 28}, {'role': 'assistant', 'type': 'str',      
         'chars': 66}, {'role': 'user', 'type': 'str', 'chars': 28}, {'role':   
         'assistant', 'type': 'str', 'chars': 1265}, {'role': 'user', 'type':   
         'str', 'chars': 28}, {'role': 'assistant', 'type': 'str', 'chars':     
         126}, {'role': 'user', 'type': 'str', 'chars': 28}, {'role':           
         'assistant', 'type': 'str', 'chars': 1067}, {'role': 'user', 'type':   
         'str', 'chars': 29}, {'role': 'assistant', 'type': 'str', 'chars': 84},
         {'role': 'user', 'type': 'str', 'chars': 29}, {'role': 'assistant',    
         'type': 'str', 'chars': 1448}, {'role': 'user', 'type': 'str', 'chars':
         29}, {'role': 'assistant', 'type': 'str', 'chars': 87}, {'role':       
         'user', 'type': 'str', 'chars': 29}, {'role': 'assistant', 'type':     
         'str', 'chars': 332}, {'role': 'user', 'type': 'str', 'chars': 28},    
         {'role': 'assistant', 'type': 'str', 'chars': 1741}, {'role': 'user',  
         'type': 'str', 'chars': 29}, {'role': 'assistant', 'type': 'str',      
         'chars': 117}, {'role': 'user', 'type': 'str', 'chars': 29}, {'role':  
         'assistant', 'type': 'str', 'chars': 242}, {'role': 'user', 'type':    
         'str', 'chars': 28}, {'role': 'assistant', 'type': 'str', 'chars':     
         1848}, {'role': 'user', 'type': 'str', 'chars': 29}, {'role':          
         'assistant', 'type': 'str', 'chars': 115}, {'role': 'user', 'type':    
         'str', 'chars': 29}, {'role': 'assistant', 'type': 'str', 'chars':     
         297}, {'role': 'user', 'type': 'str', 'chars': 28}, {'role':           
         'assistant', 'type': 'str', 'chars': 187}, {'role': 'user', 'type':    
         'str', 'chars': 28}, {'role': 'assistant', 'type': 'str', 'chars':     
         218}, {'role': 'user', 'type': 'str', 'chars': 28}, {'role':           
         'assistant', 'type': 'str', 'chars': 158}, {'role': 'user', 'type':    
         'str', 'chars': 28}, {'role': 'assistant', 'type': 'str', 'chars':     
         1435}, {'role': 'user', 'type': 'str', 'chars': 29}, {'role':          
         'assistant', 'type': 'str', 'chars': 109}, {'role': 'user', 'type':    
         'str', 'chars': 29}, {'role': 'assistant', 'type': 'str', 'chars':     
         217}, {'role': 'user', 'type': 'str', 'chars': 28}, {'role':           
         'assistant', 'type': 'str', 'chars': 2288}, {'role': 'user', 'type':   
         'str', 'chars': 29}, {'role': 'assistant', 'type': 'str', 'chars': 96},
         {'role': 'user', 'type': 'str', 'chars': 29}, {'role': 'assistant',    
         'type': 'str', 'chars': 260}, {'role': 'user', 'type': 'str', 'chars': 
         28}, {'role': 'assistant', 'type': 'str', 'chars': 2765}, {'role':     
         'user', 'type': 'str', 'chars': 29}, {'role': 'assistant', 'type':     
         'str', 'chars': 115}, {'role': 'user', 'type': 'str', 'chars': 28},    
         {'role': 'assistant', 'type': 'str', 'chars': 951}, {'role': 'user',   
         'type': 'str', 'chars': 29}, {'role': 'assistant', 'type': 'str',      
         'chars': 67}, {'role': 'user', 'type': 'str', 'chars': 29}, {'role':   
         'assistant', 'type': 'str', 'chars': 225}, {'role': 'user', 'type':    
         'str', 'chars': 28}, {'role': 'assistant', 'type': 'str', 'chars':     
         110}, {'role': 'user', 'type': 'str', 'chars': 28}, {'role':           
         'assistant', 'type': 'str', 'chars': 113}, {'role': 'user', 'type':    
         'str', 'chars': 29}, {'role': 'assistant', 'type': 'str', 'chars':     
         224}, {'role': 'user', 'type': 'str', 'chars': 30}, {'role':           
         'assistant', 'type': 'str', 'chars': 123}, {'role': 'user', 'type':    
         'str', 'chars': 30}, {'role': 'assistant', 'type': 'str', 'chars':     
         490}, {'role': 'user', 'type': 'str', 'chars': 28}, {'role':           
         'assistant', 'type': 'str', 'chars': 786}, {'role': 'user', 'type':    
         'str', 'chars': 28}, {'role': 'assistant', 'type': 'str', 'chars':     
         1623}, {'role': 'user', 'type': 'str', 'chars': 29}, {'role':          
         'assistant', 'type': 'str', 'chars': 108}, {'role': 'user', 'type':    
         'str', 'chars': 29}, {'role': 'assistant', 'type': 'str', 'chars':     
         221}, {'role': 'user', 'type': 'str', 'chars': 28}, {'role':           
         'assistant', 'type': 'str', 'chars': 229}, {'role': 'user', 'type':    
         'str', 'chars': 28}, {'role': 'assistant', 'type': 'str', 'chars':     
         1481}, {'role': 'user', 'type': 'str', 'chars': 29}, {'role':          
         'assistant', 'type': 'str', 'chars': 87}, {'role': 'user', 'type':     
         'str', 'chars': 29}, {'role': 'assistant', 'type': 'str', 'chars':     
         334}, {'role': 'user', 'type': 'str', 'chars': 28}, {'role':           
         'assistant', 'type': 'str', 'chars': 363}, {'role': 'user', 'type':    
         'str', 'chars': 28}, {'role': 'assistant', 'type': 'str', 'chars':     
         2013}, {'role': 'user', 'type': 'str', 'chars': 29}, {'role':          
         'assistant', 'type': 'str', 'chars': 98}, {'role': 'user', 'type':     
         'str', 'chars': 29}, {'role': 'assistant', 'type': 'str', 'chars':     
         423}, {'role': 'user', 'type': 'str', 'chars': 28}, {'role':           
         'assistant', 'type': 'str', 'chars': 2442}, {'role': 'user', 'type':   
         'str', 'chars': 29}, {'role': 'assistant', 'type': 'str', 'chars':     
         124}, {'role': 'user', 'type': 'str', 'chars': 29}, {'role':           
         'assistant', 'type': 'str', 'chars': 173}, {'role': 'user', 'type':    
         'str', 'chars': 28}, {'role': 'assistant', 'type': 'str', 'chars':     
         146}, {'role': 'user', 'type': 'str', 'chars': 28}, {'role':           
         'assistant', 'type': 'str', 'chars': 1291}, {'role': 'user', 'type':   
         'str', 'chars': 29}, {'role': 'assistant', 'type': 'str', 'chars':     
         112}, {'role': 'user', 'type': 'str', 'chars': 29}, {'role':           
         'assistant', 'type': 'str', 'chars': 295}, {'role': 'user', 'type':    
         'str', 'chars': 28}, {'role': 'assistant', 'type': 'str', 'chars':     
         347}, {'role': 'user', 'type': 'str', 'chars': 28}, {'role':           
         'assistant', 'type': 'str', 'chars': 1868}, {'role': 'user', 'type':   
         'str', 'chars': 29}, {'role': 'assistant', 'type': 'str', 'chars':     
         132}, {'role': 'user', 'type': 'str', 'chars': 29}, {'role':           
         'assistant', 'type': 'str', 'chars': 409}, {'role': 'user', 'type':    
         'str', 'chars': 29}, {'role': 'assistant', 'type': 'str', 'chars':     
         155}, {'role': 'user', 'type': 'str', 'chars': 28}, {'role':           
         'assistant', 'type': 'str', 'chars': 152}, {'role': 'user', 'type':    
         'str', 'chars': 29}, {'role': 'assistant', 'type': 'str', 'chars':     
         190}, {'role': 'user', 'type': 'str', 'chars': 28}, {'role':           
         'assistant', 'type': 'str', 'chars': 104}, {'role': 'user', 'type':    
         'str', 'chars': 424}, {'role': 'assistant', 'type': 'str', 'chars':    
         74}, {'role': 'user', 'type': 'str', 'chars': 1622}, {'role':          
         'assistant', 'type': 'str', 'chars': 164}, {'role': 'user', 'type':    
         'str', 'chars': 249}, {'role': 'assistant', 'type': 'str', 'chars':    
         713}, {'role': 'user', 'type': 'str', 'chars': 167}, {'role':          
         'assistant', 'type': 'str', 'chars': 150}, {'role': 'user', 'type':    
         'str', 'chars': 6066}]                                                 
INFO     Messages API response received: status=200 elapsed=40.3s               
DEBUG    input_tokens=18,844, output_tokens=1,429, instance_cost=0.00, cost=0.00
DEBUG    total_tokens_sent=719,206, total_tokens_received=50,558,               
         total_cost=0.00, total_api_calls=67                                    
INFO     濠电姷顣藉Σ鍛村磻閹捐泛绶ゅù鐘差儏閻ゎ喗銇勯弽銊х焼闁?THOUGHT (primary)
         DISCUSSION                                                             
         Let me verify the decryption more carefully. I want to check the first 
         few bytes of the ciphertext and key to make sure the decryption is     
         correct.                                                               
                                                                                
INFO     濠电姷顣藉Σ鍛村磻閹捐泛绶ゅù鐘差儏閻ゎ喗銇勯幇鈺佲偓妤佺▔?ACTION       
         (primary)                                                              
         create solve12.py                                                      
                                                                                
INFO     濠电姷顣藉Σ鍛村磻閹捐泛绶ゅù鐘差儏缁愭鎱ㄥ鍡楀姦?MODEL INPUT         
         [File: /__tmp__enigma-drag-6r1_x9km__repo/solve12.py (1 lines total)]  
         1:                                                                     
         (Open file: /__tmp__enigma-drag-6r1_x9km__repo/solve12.py)             
         (Current directory: /__tmp__enigma-drag-6r1_x9km__repo)                
         (Interactive session: n/a)                                             
         bash-$                                                                 
INFO     Messages API request start: model=glm52_10 messages=135 timeout=1170.0s
         max_tokens=8192 native_tools=False thinking=auto shape=[{'role':       
         'user', 'type': 'str', 'chars': 3565}, {'role': 'assistant', 'type':   
         'str', 'chars': 109}, {'role': 'user', 'type': 'str', 'chars': 28},    
         {'role': 'assistant', 'type': 'str', 'chars': 93}, {'role': 'user',    
         'type': 'str', 'chars': 28}, {'role': 'assistant', 'type': 'str',      
         'chars': 66}, {'role': 'user', 'type': 'str', 'chars': 28}, {'role':   
         'assistant', 'type': 'str', 'chars': 1265}, {'role': 'user', 'type':   
         'str', 'chars': 28}, {'role': 'assistant', 'type': 'str', 'chars':     
         126}, {'role': 'user', 'type': 'str', 'chars': 28}, {'role':           
         'assistant', 'type': 'str', 'chars': 1067}, {'role': 'user', 'type':   
         'str', 'chars': 29}, {'role': 'assistant', 'type': 'str', 'chars': 84},
         {'role': 'user', 'type': 'str', 'chars': 29}, {'role': 'assistant',    
         'type': 'str', 'chars': 1448}, {'role': 'user', 'type': 'str', 'chars':
         29}, {'role': 'assistant', 'type': 'str', 'chars': 87}, {'role':       
         'user', 'type': 'str', 'chars': 29}, {'role': 'assistant', 'type':     
         'str', 'chars': 332}, {'role': 'user', 'type': 'str', 'chars': 28},    
         {'role': 'assistant', 'type': 'str', 'chars': 1741}, {'role': 'user',  
         'type': 'str', 'chars': 29}, {'role': 'assistant', 'type': 'str',      
         'chars': 117}, {'role': 'user', 'type': 'str', 'chars': 29}, {'role':  
         'assistant', 'type': 'str', 'chars': 242}, {'role': 'user', 'type':    
         'str', 'chars': 28}, {'role': 'assistant', 'type': 'str', 'chars':     
         1848}, {'role': 'user', 'type': 'str', 'chars': 29}, {'role':          
         'assistant', 'type': 'str', 'chars': 115}, {'role': 'user', 'type':    
         'str', 'chars': 29}, {'role': 'assistant', 'type': 'str', 'chars':     
         297}, {'role': 'user', 'type': 'str', 'chars': 28}, {'role':           
         'assistant', 'type': 'str', 'chars': 187}, {'role': 'user', 'type':    
         'str', 'chars': 28}, {'role': 'assistant', 'type': 'str', 'chars':     
         218}, {'role': 'user', 'type': 'str', 'chars': 28}, {'role':           
         'assistant', 'type': 'str', 'chars': 158}, {'role': 'user', 'type':    
         'str', 'chars': 28}, {'role': 'assistant', 'type': 'str', 'chars':     
         1435}, {'role': 'user', 'type': 'str', 'chars': 29}, {'role':          
         'assistant', 'type': 'str', 'chars': 109}, {'role': 'user', 'type':    
         'str', 'chars': 29}, {'role': 'assistant', 'type': 'str', 'chars':     
         217}, {'role': 'user', 'type': 'str', 'chars': 28}, {'role':           
         'assistant', 'type': 'str', 'chars': 2288}, {'role': 'user', 'type':   
         'str', 'chars': 29}, {'role': 'assistant', 'type': 'str', 'chars': 96},
         {'role': 'user', 'type': 'str', 'chars': 29}, {'role': 'assistant',    
         'type': 'str', 'chars': 260}, {'role': 'user', 'type': 'str', 'chars': 
         28}, {'role': 'assistant', 'type': 'str', 'chars': 2765}, {'role':     
         'user', 'type': 'str', 'chars': 29}, {'role': 'assistant', 'type':     
         'str', 'chars': 115}, {'role': 'user', 'type': 'str', 'chars': 28},    
         {'role': 'assistant', 'type': 'str', 'chars': 951}, {'role': 'user',   
         'type': 'str', 'chars': 29}, {'role': 'assistant', 'type': 'str',      
         'chars': 67}, {'role': 'user', 'type': 'str', 'chars': 29}, {'role':   
         'assistant', 'type': 'str', 'chars': 225}, {'role': 'user', 'type':    
         'str', 'chars': 28}, {'role': 'assistant', 'type': 'str', 'chars':     
         110}, {'role': 'user', 'type': 'str', 'chars': 28}, {'role':           
         'assistant', 'type': 'str', 'chars': 113}, {'role': 'user', 'type':    
         'str', 'chars': 29}, {'role': 'assistant', 'type': 'str', 'chars':     
         224}, {'role': 'user', 'type': 'str', 'chars': 30}, {'role':           
         'assistant', 'type': 'str', 'chars': 123}, {'role': 'user', 'type':    
         'str', 'chars': 30}, {'role': 'assistant', 'type': 'str', 'chars':     
         490}, {'role': 'user', 'type': 'str', 'chars': 28}, {'role':           
         'assistant', 'type': 'str', 'chars': 786}, {'role': 'user', 'type':    
         'str', 'chars': 28}, {'role': 'assistant', 'type': 'str', 'chars':     
         1623}, {'role': 'user', 'type': 'str', 'chars': 29}, {'role':          
         'assistant', 'type': 'str', 'chars': 108}, {'role': 'user', 'type':    
         'str', 'chars': 29}, {'role': 'assistant', 'type': 'str', 'chars':     
         221}, {'role': 'user', 'type': 'str', 'chars': 28}, {'role':           
         'assistant', 'type': 'str', 'chars': 229}, {'role': 'user', 'type':    
         'str', 'chars': 28}, {'role': 'assistant', 'type': 'str', 'chars':     
         1481}, {'role': 'user', 'type': 'str', 'chars': 29}, {'role':          
         'assistant', 'type': 'str', 'chars': 87}, {'role': 'user', 'type':     
         'str', 'chars': 29}, {'role': 'assistant', 'type': 'str', 'chars':     
         334}, {'role': 'user', 'type': 'str', 'chars': 28}, {'role':           
         'assistant', 'type': 'str', 'chars': 363}, {'role': 'user', 'type':    
         'str', 'chars': 28}, {'role': 'assistant', 'type': 'str', 'chars':     
         2013}, {'role': 'user', 'type': 'str', 'chars': 29}, {'role':          
         'assistant', 'type': 'str', 'chars': 98}, {'role': 'user', 'type':     
         'str', 'chars': 29}, {'role': 'assistant', 'type': 'str', 'chars':     
         423}, {'role': 'user', 'type': 'str', 'chars': 28}, {'role':           
         'assistant', 'type': 'str', 'chars': 2442}, {'role': 'user', 'type':   
         'str', 'chars': 29}, {'role': 'assistant', 'type': 'str', 'chars':     
         124}, {'role': 'user', 'type': 'str', 'chars': 29}, {'role':           
         'assistant', 'type': 'str', 'chars': 173}, {'role': 'user', 'type':    
         'str', 'chars': 28}, {'role': 'assistant', 'type': 'str', 'chars':     
         146}, {'role': 'user', 'type': 'str', 'chars': 28}, {'role':           
         'assistant', 'type': 'str', 'chars': 1291}, {'role': 'user', 'type':   
         'str', 'chars': 29}, {'role': 'assistant', 'type': 'str', 'chars':     
         112}, {'role': 'user', 'type': 'str', 'chars': 29}, {'role':           
         'assistant', 'type': 'str', 'chars': 295}, {'role': 'user', 'type':    
         'str', 'chars': 28}, {'role': 'assistant', 'type': 'str', 'chars':     
         347}, {'role': 'user', 'type': 'str', 'chars': 28}, {'role':           
         'assistant', 'type': 'str', 'chars': 1868}, {'role': 'user', 'type':   
         'str', 'chars': 29}, {'role': 'assistant', 'type': 'str', 'chars':     
         132}, {'role': 'user', 'type': 'str', 'chars': 29}, {'role':           
         'assistant', 'type': 'str', 'chars': 409}, {'role': 'user', 'type':    
         'str', 'chars': 29}, {'role': 'assistant', 'type': 'str', 'chars':     
         155}, {'role': 'user', 'type': 'str', 'chars': 28}, {'role':           
         'assistant', 'type': 'str', 'chars': 152}, {'role': 'user', 'type':    
         'str', 'chars': 29}, {'role': 'assistant', 'type': 'str', 'chars':     
         190}, {'role': 'user', 'type': 'str', 'chars': 28}, {'role':           
         'assistant', 'type': 'str', 'chars': 104}, {'role': 'user', 'type':    
         'str', 'chars': 29}, {'role': 'assistant', 'type': 'str', 'chars': 74},
         {'role': 'user', 'type': 'str', 'chars': 1622}, {'role': 'assistant',  
         'type': 'str', 'chars': 164}, {'role': 'user', 'type': 'str', 'chars': 
         249}, {'role': 'assistant', 'type': 'str', 'chars': 713}, {'role':     
         'user', 'type': 'str', 'chars': 167}, {'role': 'assistant', 'type':    
         'str', 'chars': 150}, {'role': 'user', 'type': 'str', 'chars': 6066},  
         {'role': 'assistant', 'type': 'str', 'chars': 183}, {'role': 'user',   
         'type': 'str', 'chars': 221}]                                          
INFO     Messages API response received: status=200 elapsed=22.1s               
DEBUG    input_tokens=18,803, output_tokens=777, instance_cost=0.00, cost=0.00  
DEBUG    total_tokens_sent=738,009, total_tokens_received=51,335,               
         total_cost=0.00, total_api_calls=68                                    
INFO     濠电姷顣藉Σ鍛村磻閹捐泛绶ゅù鐘差儏閻ゎ喗銇勯弽銊х焼闁?THOUGHT (primary)
         DISCUSSION                                                             
         Let me write a script to verify the decryption step by step and also   
         try different key lengths to see if there's a different valid flag.    
                                                                                
INFO     濠电姷顣藉Σ鍛村磻閹捐泛绶ゅù鐘差儏閻ゎ喗銇勯幇鈺佲偓妤佺▔?ACTION       
         (primary)                                                              
         edit 1:1                                                               
         import string                                                          
                                                                                
         # Read ciphertext                                                      
         with open('ciphertext.txt', 'r') as f:                                 
             hex_str = f.read().strip()                                         
                                                                                
         ct = bytes.fromhex(hex_str)                                            
         print(f"Ciphertext length: {len(ct)} bytes")                           
         print(f"First 20 bytes hex: {ct[:20].hex()}")                          
         print(f"First 20 bytes: {list(ct[:20])}")                              
                                                                                
         # Try key = "ek6vt8pc7w"                                               
         key = b'ek6vt8pc7w'                                                    
         print(f"\nKey: {repr(key)}")                                           
         print(f"Key hex: {key.hex()}")                                         
                                                                                
         # Decrypt first 20 bytes                                               
         for i in range(20):                                                    
             pt = ct[i] ^ key[i % 10]                                           
             print(f"  ct[{i}]=0x{ct[i]:02x} ^ key[{i%10}]=0x{key[i%10]:02x} =  
         0x{pt:02x} = '{chr(pt)}'")                                             
                                                                                
         # Full decrypt                                                         
         plaintext = bytes(ct[i] ^ key[i % len(key)] for i in range(len(ct)))   
         print(f"\nFull plaintext (first 200 chars):")                          
         print(plaintext[:200])                                                 
         print(f"\nFull plaintext (last 100 chars):")                           
         print(plaintext[-100:])                                                
                                                                                
         # Check if the plaintext makes sense                                   
         print(f"\nAll printable: {all(chr(b) in string.printable for b in      
         plaintext)}")                                                          
                                                                                
         # Count non-alphanumeric characters                                    
         non_alpha = sum(1 for b in plaintext if chr(b) not in                  
         string.ascii_letters + ' ' + '.,;:!?\'"-\n\r()')                       
         print(f"Non-alphanumeric (excluding common punct): {non_alpha}")       
                                                                                
         # Try other key lengths                                                
         print("\n\nTrying other key lengths:")                                 
         for KEYLEN in range(1, 51):                                            
             # Use frequency analysis                                           
             key = []                                                           
             for pos in range(KEYLEN):                                          
                 best_score = -1                                                
                 best_byte = 0                                                  
                 for candidate in range(256):                                   
                     score = 0                                                  
                     for i in range(pos, len(ct), KEYLEN):                      
                         pt_byte = ct[i] ^ candidate                            
                         if chr(pt_byte) in string.printable:                   
                             score += 1                                         
                             if chr(pt_byte) in string.ascii_lowercase + ' ':   
                                 score += 2                                     
                             if chr(pt_byte) in string.ascii_uppercase:         
                                 score += 1                                     
                     if score > best_score:                                     
                         best_score = score                                     
                         best_byte = candidate                                  
                 key.append(best_byte)                                          
                                                                                
             key_bytes = bytes(key)                                             
             plaintext = bytes(ct[i] ^ key[i % KEYLEN] for i in range(len(ct))) 
                                                                                
             if b'actf{' in plaintext:                                          
                 idx = plaintext.index(b'actf{')                                
                 end_idx = plaintext.index(b'}', idx) + 1                       
                 flag = plaintext[idx:end_idx]                                  
                 # Check if key repeats                                         
                 actual_keylen = KEYLEN                                         
                 for k in range(1, KEYLEN):                                     
                     if KEYLEN % k == 0 and key_bytes[:k] * (KEYLEN // k) ==    
         key_bytes:                                                             
                         actual_keylen = k                                      
                         break                                                  
                 if flag != b'actf{1_key_is_used_once}':                        
                     print(f"Key length {KEYLEN} (actual: {actual_keylen}):     
         DIFFERENT flag = {flag}")                                              
                     print(f"  Key: {repr(key_bytes[:actual_keylen])}")         
         end_of_edit                                                            
                                                                                
INFO     濠电姷顣藉Σ鍛村磻閹捐泛绶ゅù鐘差儏缁愭鎱ㄥ鍡楀姦?MODEL INPUT         
         [File: /__tmp__enigma-drag-6r1_x9km__repo/solve12.py (74 lines total)] 
         1:import string                                                        
         2:                                                                     
         3:# Read ciphertext                                                    
         4:with open('ciphertext.txt', 'r') as f:                               
         5:    hex_str = f.read().strip()                                       
         6:                                                                     
         7:ct = bytes.fromhex(hex_str)                                          
         8:print(f"Ciphertext length: {len(ct)} bytes")                         
         9:print(f"First 20 bytes hex: {ct[:20].hex()}")                        
         10:print(f"First 20 bytes: {list(ct[:20])}")                           
         11:                                                                    
         12:# Try key = "ek6vt8pc7w"                                            
         13:key = b'ek6vt8pc7w'                                                 
         14:print(f"\nKey: {repr(key)}")                                        
         15:print(f"Key hex: {key.hex()}")                                      
         16:                                                                    
         17:# Decrypt first 20 bytes                                            
         18:for i in range(20):                                                 
         19:    pt = ct[i] ^ key[i % 10]                                        
         20:    print(f"  ct[{i}]=0x{ct[i]:02x} ^ key[{i%10}]=0x{key[i%10]:02x} 
         = 0x{pt:02x} = '{chr(pt)}'")                                           
         21:                                                                    
         22:# Full decrypt                                                      
         23:plaintext = bytes(ct[i] ^ key[i % len(key)] for i in range(len(ct)))
         24:print(f"\nFull plaintext (first 200 chars):")                       
         25:print(plaintext[:200])                                              
         26:print(f"\nFull plaintext (last 100 chars):")                        
         27:print(plaintext[-100:])                                             
         28:                                                                    
         29:# Check if the plaintext makes sense                                
         30:print(f"\nAll printable: {all(chr(b) in string.printable for b in   
         plaintext)}")                                                          
         31:                                                                    
         32:# Count non-alphanumeric characters                                 
         33:non_alpha = sum(1 for b in plaintext if chr(b) not in               
         string.ascii_letters + ' ' + '.,;:!?\'"-\n\r()')                       
         34:print(f"Non-alphanumeric (excluding common punct): {non_alpha}")    
         35:                                                                    
         36:# Try other key lengths                                             
         37:print("\n\nTrying other key lengths:")                              
         38:for KEYLEN in range(1, 51):                                         
         39:    # Use frequency analysis                                        
         40:    key = []                                                        
         41:    for pos in range(KEYLEN):                                       
         42:        best_score = -1                                             
         43:        best_byte = 0                                               
         44:        for candidate in range(256):                                
         45:            score = 0                                               
         46:            for i in range(pos, len(ct), KEYLEN):                   
         47:                pt_byte = ct[i] ^ candidate                         
         48:                if chr(pt_byte) in string.printable:                
         49:                    score += 1                                      
         50:                    if chr(pt_byte) in string.ascii_lowercase + ' ':
         51:                        score += 2                                  
         52:                    if chr(pt_byte) in string.ascii_uppercase:      
         53:                        score += 1                                  
         54:            if score > best_score:                                  
         55:                best_score = score                                  
         56:                best_byte = candidate                               
         57:        key.append(best_byte)                                       
         58:                                                                    
         59:    key_bytes = bytes(key)                                          
         60:    plaintext = bytes(ct[i] ^ key[i % KEYLEN] for i in              
         range(len(ct)))                                                        
         61:                                                                    
         62:    if b'actf{' in plaintext:                                       
         63:        idx = plaintext.index(b'actf{')                             
         64:        end_idx = plaintext.index(b'}', idx) + 1                    
         65:        flag = plaintext[idx:end_idx]                               
         66:        # Check if key repeats                                      
         67:        actual_keylen = KEYLEN                                      
         68:        for k in range(1, KEYLEN):                                  
         69:            if KEYLEN % k == 0 and key_bytes[:k] * (KEYLEN // k) == 
         key_bytes:                                                             
         70:                actual_keylen = k                                   
         71:                break                                               
         72:        if flag != b'actf{1_key_is_used_once}':                     
         73:            print(f"Key length {KEYLEN} (actual: {actual_keylen}):  
         DIFFERENT flag = {flag}")                                              
         74:            print(f"  Key: {repr(key_bytes[:actual_keylen])}")      
         File updated. Please review the changes and make sure they are correct 
         (correct indentation, no duplicate lines, etc). Edit the file again if 
         necessary.                                                             
         (Open file: /__tmp__enigma-drag-6r1_x9km__repo/solve12.py)             
         (Current directory: /__tmp__enigma-drag-6r1_x9km__repo)                
         (Interactive session: n/a)                                             
         bash-$                                                                 
INFO     Messages API request start: model=glm52_10 messages=137 timeout=1170.0s
         max_tokens=8192 native_tools=False thinking=auto shape=[{'role':       
         'user', 'type': 'str', 'chars': 3565}, {'role': 'assistant', 'type':   
         'str', 'chars': 109}, {'role': 'user', 'type': 'str', 'chars': 28},    
         {'role': 'assistant', 'type': 'str', 'chars': 93}, {'role': 'user',    
         'type': 'str', 'chars': 28}, {'role': 'assistant', 'type': 'str',      
         'chars': 66}, {'role': 'user', 'type': 'str', 'chars': 28}, {'role':   
         'assistant', 'type': 'str', 'chars': 1265}, {'role': 'user', 'type':   
         'str', 'chars': 28}, {'role': 'assistant', 'type': 'str', 'chars':     
         126}, {'role': 'user', 'type': 'str', 'chars': 28}, {'role':           
         'assistant', 'type': 'str', 'chars': 1067}, {'role': 'user', 'type':   
         'str', 'chars': 29}, {'role': 'assistant', 'type': 'str', 'chars': 84},
         {'role': 'user', 'type': 'str', 'chars': 29}, {'role': 'assistant',    
         'type': 'str', 'chars': 1448}, {'role': 'user', 'type': 'str', 'chars':
         29}, {'role': 'assistant', 'type': 'str', 'chars': 87}, {'role':       
         'user', 'type': 'str', 'chars': 29}, {'role': 'assistant', 'type':     
         'str', 'chars': 332}, {'role': 'user', 'type': 'str', 'chars': 28},    
         {'role': 'assistant', 'type': 'str', 'chars': 1741}, {'role': 'user',  
         'type': 'str', 'chars': 29}, {'role': 'assistant', 'type': 'str',      
         'chars': 117}, {'role': 'user', 'type': 'str', 'chars': 29}, {'role':  
         'assistant', 'type': 'str', 'chars': 242}, {'role': 'user', 'type':    
         'str', 'chars': 28}, {'role': 'assistant', 'type': 'str', 'chars':     
         1848}, {'role': 'user', 'type': 'str', 'chars': 29}, {'role':          
         'assistant', 'type': 'str', 'chars': 115}, {'role': 'user', 'type':    
         'str', 'chars': 29}, {'role': 'assistant', 'type': 'str', 'chars':     
         297}, {'role': 'user', 'type': 'str', 'chars': 28}, {'role':           
         'assistant', 'type': 'str', 'chars': 187}, {'role': 'user', 'type':    
         'str', 'chars': 28}, {'role': 'assistant', 'type': 'str', 'chars':     
         218}, {'role': 'user', 'type': 'str', 'chars': 28}, {'role':           
         'assistant', 'type': 'str', 'chars': 158}, {'role': 'user', 'type':    
         'str', 'chars': 28}, {'role': 'assistant', 'type': 'str', 'chars':     
         1435}, {'role': 'user', 'type': 'str', 'chars': 29}, {'role':          
         'assistant', 'type': 'str', 'chars': 109}, {'role': 'user', 'type':    
         'str', 'chars': 29}, {'role': 'assistant', 'type': 'str', 'chars':     
         217}, {'role': 'user', 'type': 'str', 'chars': 28}, {'role':           
         'assistant', 'type': 'str', 'chars': 2288}, {'role': 'user', 'type':   
         'str', 'chars': 29}, {'role': 'assistant', 'type': 'str', 'chars': 96},
         {'role': 'user', 'type': 'str', 'chars': 29}, {'role': 'assistant',    
         'type': 'str', 'chars': 260}, {'role': 'user', 'type': 'str', 'chars': 
         28}, {'role': 'assistant', 'type': 'str', 'chars': 2765}, {'role':     
         'user', 'type': 'str', 'chars': 29}, {'role': 'assistant', 'type':     
         'str', 'chars': 115}, {'role': 'user', 'type': 'str', 'chars': 28},    
         {'role': 'assistant', 'type': 'str', 'chars': 951}, {'role': 'user',   
         'type': 'str', 'chars': 29}, {'role': 'assistant', 'type': 'str',      
         'chars': 67}, {'role': 'user', 'type': 'str', 'chars': 29}, {'role':   
         'assistant', 'type': 'str', 'chars': 225}, {'role': 'user', 'type':    
         'str', 'chars': 28}, {'role': 'assistant', 'type': 'str', 'chars':     
         110}, {'role': 'user', 'type': 'str', 'chars': 28}, {'role':           
         'assistant', 'type': 'str', 'chars': 113}, {'role': 'user', 'type':    
         'str', 'chars': 29}, {'role': 'assistant', 'type': 'str', 'chars':     
         224}, {'role': 'user', 'type': 'str', 'chars': 30}, {'role':           
         'assistant', 'type': 'str', 'chars': 123}, {'role': 'user', 'type':    
         'str', 'chars': 30}, {'role': 'assistant', 'type': 'str', 'chars':     
         490}, {'role': 'user', 'type': 'str', 'chars': 28}, {'role':           
         'assistant', 'type': 'str', 'chars': 786}, {'role': 'user', 'type':    
         'str', 'chars': 28}, {'role': 'assistant', 'type': 'str', 'chars':     
         1623}, {'role': 'user', 'type': 'str', 'chars': 29}, {'role':          
         'assistant', 'type': 'str', 'chars': 108}, {'role': 'user', 'type':    
         'str', 'chars': 29}, {'role': 'assistant', 'type': 'str', 'chars':     
         221}, {'role': 'user', 'type': 'str', 'chars': 28}, {'role':           
         'assistant', 'type': 'str', 'chars': 229}, {'role': 'user', 'type':    
         'str', 'chars': 28}, {'role': 'assistant', 'type': 'str', 'chars':     
         1481}, {'role': 'user', 'type': 'str', 'chars': 29}, {'role':          
         'assistant', 'type': 'str', 'chars': 87}, {'role': 'user', 'type':     
         'str', 'chars': 29}, {'role': 'assistant', 'type': 'str', 'chars':     
         334}, {'role': 'user', 'type': 'str', 'chars': 28}, {'role':           
         'assistant', 'type': 'str', 'chars': 363}, {'role': 'user', 'type':    
         'str', 'chars': 28}, {'role': 'assistant', 'type': 'str', 'chars':     
         2013}, {'role': 'user', 'type': 'str', 'chars': 29}, {'role':          
         'assistant', 'type': 'str', 'chars': 98}, {'role': 'user', 'type':     
         'str', 'chars': 29}, {'role': 'assistant', 'type': 'str', 'chars':     
         423}, {'role': 'user', 'type': 'str', 'chars': 28}, {'role':           
         'assistant', 'type': 'str', 'chars': 2442}, {'role': 'user', 'type':   
         'str', 'chars': 29}, {'role': 'assistant', 'type': 'str', 'chars':     
         124}, {'role': 'user', 'type': 'str', 'chars': 29}, {'role':           
         'assistant', 'type': 'str', 'chars': 173}, {'role': 'user', 'type':    
         'str', 'chars': 28}, {'role': 'assistant', 'type': 'str', 'chars':     
         146}, {'role': 'user', 'type': 'str', 'chars': 28}, {'role':           
         'assistant', 'type': 'str', 'chars': 1291}, {'role': 'user', 'type':   
         'str', 'chars': 29}, {'role': 'assistant', 'type': 'str', 'chars':     
         112}, {'role': 'user', 'type': 'str', 'chars': 29}, {'role':           
         'assistant', 'type': 'str', 'chars': 295}, {'role': 'user', 'type':    
         'str', 'chars': 28}, {'role': 'assistant', 'type': 'str', 'chars':     
         347}, {'role': 'user', 'type': 'str', 'chars': 28}, {'role':           
         'assistant', 'type': 'str', 'chars': 1868}, {'role': 'user', 'type':   
         'str', 'chars': 29}, {'role': 'assistant', 'type': 'str', 'chars':     
         132}, {'role': 'user', 'type': 'str', 'chars': 29}, {'role':           
         'assistant', 'type': 'str', 'chars': 409}, {'role': 'user', 'type':    
         'str', 'chars': 29}, {'role': 'assistant', 'type': 'str', 'chars':     
         155}, {'role': 'user', 'type': 'str', 'chars': 28}, {'role':           
         'assistant', 'type': 'str', 'chars': 152}, {'role': 'user', 'type':    
         'str', 'chars': 29}, {'role': 'assistant', 'type': 'str', 'chars':     
         190}, {'role': 'user', 'type': 'str', 'chars': 28}, {'role':           
         'assistant', 'type': 'str', 'chars': 104}, {'role': 'user', 'type':    
         'str', 'chars': 29}, {'role': 'assistant', 'type': 'str', 'chars': 74},
         {'role': 'user', 'type': 'str', 'chars': 28}, {'role': 'assistant',    
         'type': 'str', 'chars': 164}, {'role': 'user', 'type': 'str', 'chars': 
         249}, {'role': 'assistant', 'type': 'str', 'chars': 713}, {'role':     
         'user', 'type': 'str', 'chars': 167}, {'role': 'assistant', 'type':    
         'str', 'chars': 150}, {'role': 'user', 'type': 'str', 'chars': 6066},  
         {'role': 'assistant', 'type': 'str', 'chars': 183}, {'role': 'user',   
         'type': 'str', 'chars': 221}, {'role': 'assistant', 'type': 'str',     
         'chars': 2753}, {'role': 'user', 'type': 'str', 'chars': 3162}]        
INFO     Messages API response received: status=200 elapsed=2.1s                
DEBUG    input_tokens=19,602, output_tokens=30, instance_cost=0.00, cost=0.00   
DEBUG    total_tokens_sent=757,611, total_tokens_received=51,365,               
         total_cost=0.00, total_api_calls=69                                    
INFO     濠电姷顣藉Σ鍛村磻閹捐泛绶ゅù鐘差儏閻ゎ喗銇勯弽銊х焼闁?THOUGHT (primary)
         DISCUSSION                                                             
         Let me run this script to verify the decryption and check for          
         alternative flags.                                                     
                                                                                
INFO     濠电姷顣藉Σ鍛村磻閹捐泛绶ゅù鐘差儏閻ゎ喗銇勯幇鈺佲偓妤佺▔?ACTION       
         (primary)                                                              
         python3 solve12.py                                                     
                                                                                
INFO     濠电姷顣藉Σ鍛村磻閹捐泛绶ゅù鐘差儏缁愭鎱ㄥ鍡楀姦?MODEL INPUT         
         Ciphertext length: 693 bytes                                           
         First 20 bytes hex: 2c0d16191a540943500504121b130d5d14437603           
         First 20 bytes: [44, 13, 22, 25, 26, 84, 9, 67, 80, 5, 4, 18, 27, 19,  
         13, 93, 20, 67, 118, 3]                                                
                                                                                
         Key: b'ek6vt8pc7w'                                                     
         Key hex: 656b3676743870633777                                          
           ct[0]=0x2c ^ key[0]=0x65 = 0x49 = 'I'                                
           ct[1]=0x0d ^ key[1]=0x6b = 0x66 = 'f'                                
           ct[2]=0x16 ^ key[2]=0x36 = 0x20 = ' '                                
           ct[3]=0x19 ^ key[3]=0x76 = 0x6f = 'o'                                
           ct[4]=0x1a ^ key[4]=0x74 = 0x6e = 'n'                                
           ct[5]=0x54 ^ key[5]=0x38 = 0x6c = 'l'                                
           ct[6]=0x09 ^ key[6]=0x70 = 0x79 = 'y'                                
           ct[7]=0x43 ^ key[7]=0x63 = 0x20 = ' '                                
           ct[8]=0x50 ^ key[8]=0x37 = 0x67 = 'g'                                
           ct[9]=0x05 ^ key[9]=0x77 = 0x72 = 'r'                                
           ct[10]=0x04 ^ key[0]=0x65 = 0x61 = 'a'                               
           ct[11]=0x12 ^ key[1]=0x6b = 0x79 = 'y'                               
           ct[12]=0x1b ^ key[2]=0x36 = 0x2d = '-'                               
           ct[13]=0x13 ^ key[3]=0x76 = 0x65 = 'e'                               
           ct[14]=0x0d ^ key[4]=0x74 = 0x79 = 'y'                               
           ct[15]=0x5d ^ key[5]=0x38 = 0x65 = 'e'                               
           ct[16]=0x14 ^ key[6]=0x70 = 0x64 = 'd'                               
           ct[17]=0x43 ^ key[7]=0x63 = 0x20 = ' '                               
           ct[18]=0x76 ^ key[8]=0x37 = 0x41 = 'A'                               
           ct[19]=0x03 ^ key[9]=0x77 = 0x74 = 't'                               
                                                                                
         Full plaintext (first 200 chars):                                      
         b'If only gray-eyed Athene would deign to love you, as in those days   
         she used so to take care of glorious Odysseus in the Trojan country,   
         where we Achaians suffered miseries; for I never saw the gods sh'      
                                                                                
         Full plaintext (last 100 chars):                                       
         b'ich I hope for could never happen to me, not even if the gods so     
         willed it. actf{1_key_is_used_once}'                                   
                                                                                
         All printable: True                                                    
         Non-alphanumeric (excluding common punct): 7                           
                                                                                
                                                                                
         Trying other key lengths:                                              
         Key length 50 (actual: 50): DIFFERENT flag =                           
         b'actf{1_kgy_is_used_once}'                                            
           Key: b'ek6vt8pc7wek6vt8pc7wek6vt8pa7wek6vt8pc7wek6vt8pc7w'           
         (Open file: /__tmp__enigma-drag-6r1_x9km__repo/solve12.py)             
         (Current directory: /__tmp__enigma-drag-6r1_x9km__repo)                
         (Interactive session: n/a)                                             
         bash-$                                                                 
INFO     Messages API request start: model=glm52_10 messages=139 timeout=1170.0s
         max_tokens=8192 native_tools=False thinking=auto shape=[{'role':       
         'user', 'type': 'str', 'chars': 3565}, {'role': 'assistant', 'type':   
         'str', 'chars': 109}, {'role': 'user', 'type': 'str', 'chars': 28},    
         {'role': 'assistant', 'type': 'str', 'chars': 93}, {'role': 'user',    
         'type': 'str', 'chars': 28}, {'role': 'assistant', 'type': 'str',      
         'chars': 66}, {'role': 'user', 'type': 'str', 'chars': 28}, {'role':   
         'assistant', 'type': 'str', 'chars': 1265}, {'role': 'user', 'type':   
         'str', 'chars': 28}, {'role': 'assistant', 'type': 'str', 'chars':     
         126}, {'role': 'user', 'type': 'str', 'chars': 28}, {'role':           
         'assistant', 'type': 'str', 'chars': 1067}, {'role': 'user', 'type':   
         'str', 'chars': 29}, {'role': 'assistant', 'type': 'str', 'chars': 84},
         {'role': 'user', 'type': 'str', 'chars': 29}, {'role': 'assistant',    
         'type': 'str', 'chars': 1448}, {'role': 'user', 'type': 'str', 'chars':
         29}, {'role': 'assistant', 'type': 'str', 'chars': 87}, {'role':       
         'user', 'type': 'str', 'chars': 29}, {'role': 'assistant', 'type':     
         'str', 'chars': 332}, {'role': 'user', 'type': 'str', 'chars': 28},    
         {'role': 'assistant', 'type': 'str', 'chars': 1741}, {'role': 'user',  
         'type': 'str', 'chars': 29}, {'role': 'assistant', 'type': 'str',      
         'chars': 117}, {'role': 'user', 'type': 'str', 'chars': 29}, {'role':  
         'assistant', 'type': 'str', 'chars': 242}, {'role': 'user', 'type':    
         'str', 'chars': 28}, {'role': 'assistant', 'type': 'str', 'chars':     
         1848}, {'role': 'user', 'type': 'str', 'chars': 29}, {'role':          
         'assistant', 'type': 'str', 'chars': 115}, {'role': 'user', 'type':    
         'str', 'chars': 29}, {'role': 'assistant', 'type': 'str', 'chars':     
         297}, {'role': 'user', 'type': 'str', 'chars': 28}, {'role':           
         'assistant', 'type': 'str', 'chars': 187}, {'role': 'user', 'type':    
         'str', 'chars': 28}, {'role': 'assistant', 'type': 'str', 'chars':     
         218}, {'role': 'user', 'type': 'str', 'chars': 28}, {'role':           
         'assistant', 'type': 'str', 'chars': 158}, {'role': 'user', 'type':    
         'str', 'chars': 28}, {'role': 'assistant', 'type': 'str', 'chars':     
         1435}, {'role': 'user', 'type': 'str', 'chars': 29}, {'role':          
         'assistant', 'type': 'str', 'chars': 109}, {'role': 'user', 'type':    
         'str', 'chars': 29}, {'role': 'assistant', 'type': 'str', 'chars':     
         217}, {'role': 'user', 'type': 'str', 'chars': 28}, {'role':           
         'assistant', 'type': 'str', 'chars': 2288}, {'role': 'user', 'type':   
         'str', 'chars': 29}, {'role': 'assistant', 'type': 'str', 'chars': 96},
         {'role': 'user', 'type': 'str', 'chars': 29}, {'role': 'assistant',    
         'type': 'str', 'chars': 260}, {'role': 'user', 'type': 'str', 'chars': 
         28}, {'role': 'assistant', 'type': 'str', 'chars': 2765}, {'role':     
         'user', 'type': 'str', 'chars': 29}, {'role': 'assistant', 'type':     
         'str', 'chars': 115}, {'role': 'user', 'type': 'str', 'chars': 28},    
         {'role': 'assistant', 'type': 'str', 'chars': 951}, {'role': 'user',   
         'type': 'str', 'chars': 29}, {'role': 'assistant', 'type': 'str',      
         'chars': 67}, {'role': 'user', 'type': 'str', 'chars': 29}, {'role':   
         'assistant', 'type': 'str', 'chars': 225}, {'role': 'user', 'type':    
         'str', 'chars': 28}, {'role': 'assistant', 'type': 'str', 'chars':     
         110}, {'role': 'user', 'type': 'str', 'chars': 28}, {'role':           
         'assistant', 'type': 'str', 'chars': 113}, {'role': 'user', 'type':    
         'str', 'chars': 29}, {'role': 'assistant', 'type': 'str', 'chars':     
         224}, {'role': 'user', 'type': 'str', 'chars': 30}, {'role':           
         'assistant', 'type': 'str', 'chars': 123}, {'role': 'user', 'type':    
         'str', 'chars': 30}, {'role': 'assistant', 'type': 'str', 'chars':     
         490}, {'role': 'user', 'type': 'str', 'chars': 28}, {'role':           
         'assistant', 'type': 'str', 'chars': 786}, {'role': 'user', 'type':    
         'str', 'chars': 28}, {'role': 'assistant', 'type': 'str', 'chars':     
         1623}, {'role': 'user', 'type': 'str', 'chars': 29}, {'role':          
         'assistant', 'type': 'str', 'chars': 108}, {'role': 'user', 'type':    
         'str', 'chars': 29}, {'role': 'assistant', 'type': 'str', 'chars':     
         221}, {'role': 'user', 'type': 'str', 'chars': 28}, {'role':           
         'assistant', 'type': 'str', 'chars': 229}, {'role': 'user', 'type':    
         'str', 'chars': 28}, {'role': 'assistant', 'type': 'str', 'chars':     
         1481}, {'role': 'user', 'type': 'str', 'chars': 29}, {'role':          
         'assistant', 'type': 'str', 'chars': 87}, {'role': 'user', 'type':     
         'str', 'chars': 29}, {'role': 'assistant', 'type': 'str', 'chars':     
         334}, {'role': 'user', 'type': 'str', 'chars': 28}, {'role':           
         'assistant', 'type': 'str', 'chars': 363}, {'role': 'user', 'type':    
         'str', 'chars': 28}, {'role': 'assistant', 'type': 'str', 'chars':     
         2013}, {'role': 'user', 'type': 'str', 'chars': 29}, {'role':          
         'assistant', 'type': 'str', 'chars': 98}, {'role': 'user', 'type':     
         'str', 'chars': 29}, {'role': 'assistant', 'type': 'str', 'chars':     
         423}, {'role': 'user', 'type': 'str', 'chars': 28}, {'role':           
         'assistant', 'type': 'str', 'chars': 2442}, {'role': 'user', 'type':   
         'str', 'chars': 29}, {'role': 'assistant', 'type': 'str', 'chars':     
         124}, {'role': 'user', 'type': 'str', 'chars': 29}, {'role':           
         'assistant', 'type': 'str', 'chars': 173}, {'role': 'user', 'type':    
         'str', 'chars': 28}, {'role': 'assistant', 'type': 'str', 'chars':     
         146}, {'role': 'user', 'type': 'str', 'chars': 28}, {'role':           
         'assistant', 'type': 'str', 'chars': 1291}, {'role': 'user', 'type':   
         'str', 'chars': 29}, {'role': 'assistant', 'type': 'str', 'chars':     
         112}, {'role': 'user', 'type': 'str', 'chars': 29}, {'role':           
         'assistant', 'type': 'str', 'chars': 295}, {'role': 'user', 'type':    
         'str', 'chars': 28}, {'role': 'assistant', 'type': 'str', 'chars':     
         347}, {'role': 'user', 'type': 'str', 'chars': 28}, {'role':           
         'assistant', 'type': 'str', 'chars': 1868}, {'role': 'user', 'type':   
         'str', 'chars': 29}, {'role': 'assistant', 'type': 'str', 'chars':     
         132}, {'role': 'user', 'type': 'str', 'chars': 29}, {'role':           
         'assistant', 'type': 'str', 'chars': 409}, {'role': 'user', 'type':    
         'str', 'chars': 29}, {'role': 'assistant', 'type': 'str', 'chars':     
         155}, {'role': 'user', 'type': 'str', 'chars': 28}, {'role':           
         'assistant', 'type': 'str', 'chars': 152}, {'role': 'user', 'type':    
         'str', 'chars': 29}, {'role': 'assistant', 'type': 'str', 'chars':     
         190}, {'role': 'user', 'type': 'str', 'chars': 28}, {'role':           
         'assistant', 'type': 'str', 'chars': 104}, {'role': 'user', 'type':    
         'str', 'chars': 29}, {'role': 'assistant', 'type': 'str', 'chars': 74},
         {'role': 'user', 'type': 'str', 'chars': 28}, {'role': 'assistant',    
         'type': 'str', 'chars': 164}, {'role': 'user', 'type': 'str', 'chars': 
         28}, {'role': 'assistant', 'type': 'str', 'chars': 713}, {'role':      
         'user', 'type': 'str', 'chars': 167}, {'role': 'assistant', 'type':    
         'str', 'chars': 150}, {'role': 'user', 'type': 'str', 'chars': 6066},  
         {'role': 'assistant', 'type': 'str', 'chars': 183}, {'role': 'user',   
         'type': 'str', 'chars': 221}, {'role': 'assistant', 'type': 'str',     
         'chars': 2753}, {'role': 'user', 'type': 'str', 'chars': 3162},        
         {'role': 'assistant', 'type': 'str', 'chars': 118}, {'role': 'user',   
         'type': 'str', 'chars': 1797}]                                         
INFO     Messages API response received: status=200 elapsed=238.4s              
WARNING  Messages API empty response: keys=['content', 'id', 'model', 'role',   
         'stop_reason', 'type', 'usage'] block_types=['thinking']               
         stop_reason=max_tokens usage={'input_tokens': 20449, 'output_tokens':  
         8192}                                                                  
WARNING  Messages API returned thinking-only max_tokens; retrying with thinking 
         disabled                                                               
DEBUG    input_tokens=20,443, output_tokens=106, instance_cost=0.00, cost=0.00  
DEBUG    total_tokens_sent=778,054, total_tokens_received=51,471,               
         total_cost=0.00, total_api_calls=70                                    
INFO     濠电姷顣藉Σ鍛村磻閹捐泛绶ゅù鐘差儏閻ゎ喗銇勯弽銊х焼闁?THOUGHT (primary)
         DISCUSSION                                                             
         Interesting! With key length 50, the frequency analysis picks a        
         slightly different key at position 20 (which maps to key position 0 in 
         the length-10 key), giving `actf{1_kgy_is_used_once}` instead of       
         `actf{1_key_is_used_once}`. The difference is at position 5 of the     
         flag: 'e' vs 'g'. Let me check which one is correct by looking at the  
         context more carefully.                                                
                                                                                
INFO     濠电姷顣藉Σ鍛村磻閹捐泛绶ゅù鐘差儏閻ゎ喗銇勯幇鈺佲偓妤佺▔?ACTION       
         (primary)                                                              
         create solve13.py                                                      
                                                                                
INFO     濠电姷顣藉Σ鍛村磻閹捐泛绶ゅù鐘差儏缁愭鎱ㄥ鍡楀姦?MODEL INPUT         
         [File: /__tmp__enigma-drag-6r1_x9km__repo/solve13.py (1 lines total)]  
         1:                                                                     
         (Open file: /__tmp__enigma-drag-6r1_x9km__repo/solve13.py)             
         (Current directory: /__tmp__enigma-drag-6r1_x9km__repo)                
         (Interactive session: n/a)                                             
         bash-$                                                                 
INFO     Messages API request start: model=glm52_10 messages=141 timeout=1170.0s
         max_tokens=8192 native_tools=False thinking=auto shape=[{'role':       
         'user', 'type': 'str', 'chars': 3565}, {'role': 'assistant', 'type':   
         'str', 'chars': 109}, {'role': 'user', 'type': 'str', 'chars': 28},    
         {'role': 'assistant', 'type': 'str', 'chars': 93}, {'role': 'user',    
         'type': 'str', 'chars': 28}, {'role': 'assistant', 'type': 'str',      
         'chars': 66}, {'role': 'user', 'type': 'str', 'chars': 28}, {'role':   
         'assistant', 'type': 'str', 'chars': 1265}, {'role': 'user', 'type':   
         'str', 'chars': 28}, {'role': 'assistant', 'type': 'str', 'chars':     
         126}, {'role': 'user', 'type': 'str', 'chars': 28}, {'role':           
         'assistant', 'type': 'str', 'chars': 1067}, {'role': 'user', 'type':   
         'str', 'chars': 29}, {'role': 'assistant', 'type': 'str', 'chars': 84},
         {'role': 'user', 'type': 'str', 'chars': 29}, {'role': 'assistant',    
         'type': 'str', 'chars': 1448}, {'role': 'user', 'type': 'str', 'chars':
         29}, {'role': 'assistant', 'type': 'str', 'chars': 87}, {'role':       
         'user', 'type': 'str', 'chars': 29}, {'role': 'assistant', 'type':     
         'str', 'chars': 332}, {'role': 'user', 'type': 'str', 'chars': 28},    
         {'role': 'assistant', 'type': 'str', 'chars': 1741}, {'role': 'user',  
         'type': 'str', 'chars': 29}, {'role': 'assistant', 'type': 'str',      
         'chars': 117}, {'role': 'user', 'type': 'str', 'chars': 29}, {'role':  
         'assistant', 'type': 'str', 'chars': 242}, {'role': 'user', 'type':    
         'str', 'chars': 28}, {'role': 'assistant', 'type': 'str', 'chars':     
         1848}, {'role': 'user', 'type': 'str', 'chars': 29}, {'role':          
         'assistant', 'type': 'str', 'chars': 115}, {'role': 'user', 'type':    
         'str', 'chars': 29}, {'role': 'assistant', 'type': 'str', 'chars':     
         297}, {'role': 'user', 'type': 'str', 'chars': 28}, {'role':           
         'assistant', 'type': 'str', 'chars': 187}, {'role': 'user', 'type':    
         'str', 'chars': 28}, {'role': 'assistant', 'type': 'str', 'chars':     
         218}, {'role': 'user', 'type': 'str', 'chars': 28}, {'role':           
         'assistant', 'type': 'str', 'chars': 158}, {'role': 'user', 'type':    
         'str', 'chars': 28}, {'role': 'assistant', 'type': 'str', 'chars':     
         1435}, {'role': 'user', 'type': 'str', 'chars': 29}, {'role':          
         'assistant', 'type': 'str', 'chars': 109}, {'role': 'user', 'type':    
         'str', 'chars': 29}, {'role': 'assistant', 'type': 'str', 'chars':     
         217}, {'role': 'user', 'type': 'str', 'chars': 28}, {'role':           
         'assistant', 'type': 'str', 'chars': 2288}, {'role': 'user', 'type':   
         'str', 'chars': 29}, {'role': 'assistant', 'type': 'str', 'chars': 96},
         {'role': 'user', 'type': 'str', 'chars': 29}, {'role': 'assistant',    
         'type': 'str', 'chars': 260}, {'role': 'user', 'type': 'str', 'chars': 
         28}, {'role': 'assistant', 'type': 'str', 'chars': 2765}, {'role':     
         'user', 'type': 'str', 'chars': 29}, {'role': 'assistant', 'type':     
         'str', 'chars': 115}, {'role': 'user', 'type': 'str', 'chars': 28},    
         {'role': 'assistant', 'type': 'str', 'chars': 951}, {'role': 'user',   
         'type': 'str', 'chars': 29}, {'role': 'assistant', 'type': 'str',      
         'chars': 67}, {'role': 'user', 'type': 'str', 'chars': 29}, {'role':   
         'assistant', 'type': 'str', 'chars': 225}, {'role': 'user', 'type':    
         'str', 'chars': 28}, {'role': 'assistant', 'type': 'str', 'chars':     
         110}, {'role': 'user', 'type': 'str', 'chars': 28}, {'role':           
         'assistant', 'type': 'str', 'chars': 113}, {'role': 'user', 'type':    
         'str', 'chars': 29}, {'role': 'assistant', 'type': 'str', 'chars':     
         224}, {'role': 'user', 'type': 'str', 'chars': 30}, {'role':           
         'assistant', 'type': 'str', 'chars': 123}, {'role': 'user', 'type':    
         'str', 'chars': 30}, {'role': 'assistant', 'type': 'str', 'chars':     
         490}, {'role': 'user', 'type': 'str', 'chars': 28}, {'role':           
         'assistant', 'type': 'str', 'chars': 786}, {'role': 'user', 'type':    
         'str', 'chars': 28}, {'role': 'assistant', 'type': 'str', 'chars':     
         1623}, {'role': 'user', 'type': 'str', 'chars': 29}, {'role':          
         'assistant', 'type': 'str', 'chars': 108}, {'role': 'user', 'type':    
         'str', 'chars': 29}, {'role': 'assistant', 'type': 'str', 'chars':     
         221}, {'role': 'user', 'type': 'str', 'chars': 28}, {'role':           
         'assistant', 'type': 'str', 'chars': 229}, {'role': 'user', 'type':    
         'str', 'chars': 28}, {'role': 'assistant', 'type': 'str', 'chars':     
         1481}, {'role': 'user', 'type': 'str', 'chars': 29}, {'role':          
         'assistant', 'type': 'str', 'chars': 87}, {'role': 'user', 'type':     
         'str', 'chars': 29}, {'role': 'assistant', 'type': 'str', 'chars':     
         334}, {'role': 'user', 'type': 'str', 'chars': 28}, {'role':           
         'assistant', 'type': 'str', 'chars': 363}, {'role': 'user', 'type':    
         'str', 'chars': 28}, {'role': 'assistant', 'type': 'str', 'chars':     
         2013}, {'role': 'user', 'type': 'str', 'chars': 29}, {'role':          
         'assistant', 'type': 'str', 'chars': 98}, {'role': 'user', 'type':     
         'str', 'chars': 29}, {'role': 'assistant', 'type': 'str', 'chars':     
         423}, {'role': 'user', 'type': 'str', 'chars': 28}, {'role':           
         'assistant', 'type': 'str', 'chars': 2442}, {'role': 'user', 'type':   
         'str', 'chars': 29}, {'role': 'assistant', 'type': 'str', 'chars':     
         124}, {'role': 'user', 'type': 'str', 'chars': 29}, {'role':           
         'assistant', 'type': 'str', 'chars': 173}, {'role': 'user', 'type':    
         'str', 'chars': 28}, {'role': 'assistant', 'type': 'str', 'chars':     
         146}, {'role': 'user', 'type': 'str', 'chars': 28}, {'role':           
         'assistant', 'type': 'str', 'chars': 1291}, {'role': 'user', 'type':   
         'str', 'chars': 29}, {'role': 'assistant', 'type': 'str', 'chars':     
         112}, {'role': 'user', 'type': 'str', 'chars': 29}, {'role':           
         'assistant', 'type': 'str', 'chars': 295}, {'role': 'user', 'type':    
         'str', 'chars': 28}, {'role': 'assistant', 'type': 'str', 'chars':     
         347}, {'role': 'user', 'type': 'str', 'chars': 28}, {'role':           
         'assistant', 'type': 'str', 'chars': 1868}, {'role': 'user', 'type':   
         'str', 'chars': 29}, {'role': 'assistant', 'type': 'str', 'chars':     
         132}, {'role': 'user', 'type': 'str', 'chars': 29}, {'role':           
         'assistant', 'type': 'str', 'chars': 409}, {'role': 'user', 'type':    
         'str', 'chars': 29}, {'role': 'assistant', 'type': 'str', 'chars':     
         155}, {'role': 'user', 'type': 'str', 'chars': 28}, {'role':           
         'assistant', 'type': 'str', 'chars': 152}, {'role': 'user', 'type':    
         'str', 'chars': 29}, {'role': 'assistant', 'type': 'str', 'chars':     
         190}, {'role': 'user', 'type': 'str', 'chars': 28}, {'role':           
         'assistant', 'type': 'str', 'chars': 104}, {'role': 'user', 'type':    
         'str', 'chars': 29}, {'role': 'assistant', 'type': 'str', 'chars': 74},
         {'role': 'user', 'type': 'str', 'chars': 28}, {'role': 'assistant',    
         'type': 'str', 'chars': 164}, {'role': 'user', 'type': 'str', 'chars': 
         28}, {'role': 'assistant', 'type': 'str', 'chars': 713}, {'role':      
         'user', 'type': 'str', 'chars': 28}, {'role': 'assistant', 'type':     
         'str', 'chars': 150}, {'role': 'user', 'type': 'str', 'chars': 6066},  
         {'role': 'assistant', 'type': 'str', 'chars': 183}, {'role': 'user',   
         'type': 'str', 'chars': 221}, {'role': 'assistant', 'type': 'str',     
         'chars': 2753}, {'role': 'user', 'type': 'str', 'chars': 3162},        
         {'role': 'assistant', 'type': 'str', 'chars': 118}, {'role': 'user',   
         'type': 'str', 'chars': 1797}, {'role': 'assistant', 'type': 'str',    
         'chars': 397}, {'role': 'user', 'type': 'str', 'chars': 221}]          
INFO     Messages API response received: status=200 elapsed=47.0s               
DEBUG    input_tokens=20,590, output_tokens=1,569, instance_cost=0.00, cost=0.00
DEBUG    total_tokens_sent=798,644, total_tokens_received=53,040,               
         total_cost=0.00, total_api_calls=71                                    
INFO     濠电姷顣藉Σ鍛村磻閹捐泛绶ゅù鐘差儏閻ゎ喗銇勯弽銊х焼闁?THOUGHT (primary)
         DISCUSSION                                                             
         Let me write a script to check which key byte at position 7 produces   
         better English text - 'c' (giving 'e' in the flag) or 'a' (giving 'g'  
         in the flag).                                                          
                                                                                
INFO     濠电姷顣藉Σ鍛村磻閹捐泛绶ゅù鐘差儏閻ゎ喗銇勯幇鈺佲偓妤佺▔?ACTION       
         (primary)                                                              
         edit 1:1                                                               
         import string                                                          
                                                                                
         # Read ciphertext                                                      
         with open('ciphertext.txt', 'r') as f:                                 
             hex_str = f.read().strip()                                         
                                                                                
         ct = bytes.fromhex(hex_str)                                            
                                                                                
         # Key with position 7 = 'c' (original)                                 
         key_c = b'ek6vt8pc7w'                                                  
         # Key with position 7 = 'a' (alternative)                              
         key_a = b'ek6vt8pa7w'                                                  
                                                                                
         for key, label in [(key_c, "key with 'c'"), (key_a, "key with 'a'")]:  
             plaintext = bytes(ct[i] ^ key[i % 10] for i in range(len(ct)))     
                                                                                
             # Show characters at positions that use key position 7             
             print(f"\n{label} (key={repr(key)}):")                             
             chars_pos7 = []                                                    
             for i in range(7, len(ct), 10):                                    
                 chars_pos7.append(chr(plaintext[i]))                           
             print(f"  Characters at key pos 7: {''.join(chars_pos7)}")         
                                                                                
             # Show flag                                                        
             if b'actf{' in plaintext:                                          
                 idx = plaintext.index(b'actf{')                                
                 end_idx = plaintext.index(b'}', idx) + 1                       
                 flag = plaintext[idx:end_idx]                                  
                 print(f"  Flag: {flag}")                                       
                                                                                
             # Show first 200 chars                                             
             print(f"  First 200 chars: {plaintext[:200]}")                     
                                                                                
             # Count non-printable                                              
             non_printable = sum(1 for b in plaintext if chr(b) not in          
         string.printable)                                                      
             print(f"  Non-printable: {non_printable}")                         
         end_of_edit                                                            
                                                                                
INFO     濠电姷顣藉Σ鍛村磻閹捐泛绶ゅù鐘差儏缁愭鎱ㄥ鍡楀姦?MODEL INPUT         
         [File: /__tmp__enigma-drag-6r1_x9km__repo/solve13.py (36 lines total)] 
         1:import string                                                        
         2:                                                                     
         3:# Read ciphertext                                                    
         4:with open('ciphertext.txt', 'r') as f:                               
         5:    hex_str = f.read().strip()                                       
         6:                                                                     
         7:ct = bytes.fromhex(hex_str)                                          
         8:                                                                     
         9:# Key with position 7 = 'c' (original)                               
         10:key_c = b'ek6vt8pc7w'                                               
         11:# Key with position 7 = 'a' (alternative)                           
         12:key_a = b'ek6vt8pa7w'                                               
         13:                                                                    
         14:for key, label in [(key_c, "key with 'c'"), (key_a, "key with       
         'a'")]:                                                                
         15:    plaintext = bytes(ct[i] ^ key[i % 10] for i in range(len(ct)))  
         16:                                                                    
         17:    # Show characters at positions that use key position 7          
         18:    print(f"\n{label} (key={repr(key)}):")                          
         19:    chars_pos7 = []                                                 
         20:    for i in range(7, len(ct), 10):                                 
         21:        chars_pos7.append(chr(plaintext[i]))                        
         22:    print(f"  Characters at key pos 7: {''.join(chars_pos7)}")      
         23:                                                                    
         24:    # Show flag                                                     
         25:    if b'actf{' in plaintext:                                       
         26:        idx = plaintext.index(b'actf{')                             
         27:        end_idx = plaintext.index(b'}', idx) + 1                    
         28:        flag = plaintext[idx:end_idx]                               
         29:        print(f"  Flag: {flag}")                                    
         30:                                                                    
         31:    # Show first 200 chars                                          
         32:    print(f"  First 200 chars: {plaintext[:200]}")                  
         33:                                                                    
         34:    # Count non-printable                                           
         35:    non_printable = sum(1 for b in plaintext if chr(b) not in       
         string.printable)                                                      
         36:    print(f"  Non-printable: {non_printable}")                      
         File updated. Please review the changes and make sure they are correct 
         (correct indentation, no duplicate lines, etc). Edit the file again if 
         necessary.                                                             
         (Open file: /__tmp__enigma-drag-6r1_x9km__repo/solve13.py)             
         (Current directory: /__tmp__enigma-drag-6r1_x9km__repo)                
         (Interactive session: n/a)                                             
         bash-$                                                                 
INFO     Messages API request start: model=glm52_10 messages=143 timeout=1170.0s
         max_tokens=8192 native_tools=False thinking=auto shape=[{'role':       
         'user', 'type': 'str', 'chars': 3565}, {'role': 'assistant', 'type':   
         'str', 'chars': 109}, {'role': 'user', 'type': 'str', 'chars': 28},    
         {'role': 'assistant', 'type': 'str', 'chars': 93}, {'role': 'user',    
         'type': 'str', 'chars': 28}, {'role': 'assistant', 'type': 'str',      
         'chars': 66}, {'role': 'user', 'type': 'str', 'chars': 28}, {'role':   
         'assistant', 'type': 'str', 'chars': 1265}, {'role': 'user', 'type':   
         'str', 'chars': 28}, {'role': 'assistant', 'type': 'str', 'chars':     
         126}, {'role': 'user', 'type': 'str', 'chars': 28}, {'role':           
         'assistant', 'type': 'str', 'chars': 1067}, {'role': 'user', 'type':   
         'str', 'chars': 29}, {'role': 'assistant', 'type': 'str', 'chars': 84},
         {'role': 'user', 'type': 'str', 'chars': 29}, {'role': 'assistant',    
         'type': 'str', 'chars': 1448}, {'role': 'user', 'type': 'str', 'chars':
         29}, {'role': 'assistant', 'type': 'str', 'chars': 87}, {'role':       
         'user', 'type': 'str', 'chars': 29}, {'role': 'assistant', 'type':     
         'str', 'chars': 332}, {'role': 'user', 'type': 'str', 'chars': 28},    
         {'role': 'assistant', 'type': 'str', 'chars': 1741}, {'role': 'user',  
         'type': 'str', 'chars': 29}, {'role': 'assistant', 'type': 'str',      
         'chars': 117}, {'role': 'user', 'type': 'str', 'chars': 29}, {'role':  
         'assistant', 'type': 'str', 'chars': 242}, {'role': 'user', 'type':    
         'str', 'chars': 28}, {'role': 'assistant', 'type': 'str', 'chars':     
         1848}, {'role': 'user', 'type': 'str', 'chars': 29}, {'role':          
         'assistant', 'type': 'str', 'chars': 115}, {'role': 'user', 'type':    
         'str', 'chars': 29}, {'role': 'assistant', 'type': 'str', 'chars':     
         297}, {'role': 'user', 'type': 'str', 'chars': 28}, {'role':           
         'assistant', 'type': 'str', 'chars': 187}, {'role': 'user', 'type':    
         'str', 'chars': 28}, {'role': 'assistant', 'type': 'str', 'chars':     
         218}, {'role': 'user', 'type': 'str', 'chars': 28}, {'role':           
         'assistant', 'type': 'str', 'chars': 158}, {'role': 'user', 'type':    
         'str', 'chars': 28}, {'role': 'assistant', 'type': 'str', 'chars':     
         1435}, {'role': 'user', 'type': 'str', 'chars': 29}, {'role':          
         'assistant', 'type': 'str', 'chars': 109}, {'role': 'user', 'type':    
         'str', 'chars': 29}, {'role': 'assistant', 'type': 'str', 'chars':     
         217}, {'role': 'user', 'type': 'str', 'chars': 28}, {'role':           
         'assistant', 'type': 'str', 'chars': 2288}, {'role': 'user', 'type':   
         'str', 'chars': 29}, {'role': 'assistant', 'type': 'str', 'chars': 96},
         {'role': 'user', 'type': 'str', 'chars': 29}, {'role': 'assistant',    
         'type': 'str', 'chars': 260}, {'role': 'user', 'type': 'str', 'chars': 
         28}, {'role': 'assistant', 'type': 'str', 'chars': 2765}, {'role':     
         'user', 'type': 'str', 'chars': 29}, {'role': 'assistant', 'type':     
         'str', 'chars': 115}, {'role': 'user', 'type': 'str', 'chars': 28},    
         {'role': 'assistant', 'type': 'str', 'chars': 951}, {'role': 'user',   
         'type': 'str', 'chars': 29}, {'role': 'assistant', 'type': 'str',      
         'chars': 67}, {'role': 'user', 'type': 'str', 'chars': 29}, {'role':   
         'assistant', 'type': 'str', 'chars': 225}, {'role': 'user', 'type':    
         'str', 'chars': 28}, {'role': 'assistant', 'type': 'str', 'chars':     
         110}, {'role': 'user', 'type': 'str', 'chars': 28}, {'role':           
         'assistant', 'type': 'str', 'chars': 113}, {'role': 'user', 'type':    
         'str', 'chars': 29}, {'role': 'assistant', 'type': 'str', 'chars':     
         224}, {'role': 'user', 'type': 'str', 'chars': 30}, {'role':           
         'assistant', 'type': 'str', 'chars': 123}, {'role': 'user', 'type':    
         'str', 'chars': 30}, {'role': 'assistant', 'type': 'str', 'chars':     
         490}, {'role': 'user', 'type': 'str', 'chars': 28}, {'role':           
         'assistant', 'type': 'str', 'chars': 786}, {'role': 'user', 'type':    
         'str', 'chars': 28}, {'role': 'assistant', 'type': 'str', 'chars':     
         1623}, {'role': 'user', 'type': 'str', 'chars': 29}, {'role':          
         'assistant', 'type': 'str', 'chars': 108}, {'role': 'user', 'type':    
         'str', 'chars': 29}, {'role': 'assistant', 'type': 'str', 'chars':     
         221}, {'role': 'user', 'type': 'str', 'chars': 28}, {'role':           
         'assistant', 'type': 'str', 'chars': 229}, {'role': 'user', 'type':    
         'str', 'chars': 28}, {'role': 'assistant', 'type': 'str', 'chars':     
         1481}, {'role': 'user', 'type': 'str', 'chars': 29}, {'role':          
         'assistant', 'type': 'str', 'chars': 87}, {'role': 'user', 'type':     
         'str', 'chars': 29}, {'role': 'assistant', 'type': 'str', 'chars':     
         334}, {'role': 'user', 'type': 'str', 'chars': 28}, {'role':           
         'assistant', 'type': 'str', 'chars': 363}, {'role': 'user', 'type':    
         'str', 'chars': 28}, {'role': 'assistant', 'type': 'str', 'chars':     
         2013}, {'role': 'user', 'type': 'str', 'chars': 29}, {'role':          
         'assistant', 'type': 'str', 'chars': 98}, {'role': 'user', 'type':     
         'str', 'chars': 29}, {'role': 'assistant', 'type': 'str', 'chars':     
         423}, {'role': 'user', 'type': 'str', 'chars': 28}, {'role':           
         'assistant', 'type': 'str', 'chars': 2442}, {'role': 'user', 'type':   
         'str', 'chars': 29}, {'role': 'assistant', 'type': 'str', 'chars':     
         124}, {'role': 'user', 'type': 'str', 'chars': 29}, {'role':           
         'assistant', 'type': 'str', 'chars': 173}, {'role': 'user', 'type':    
         'str', 'chars': 28}, {'role': 'assistant', 'type': 'str', 'chars':     
         146}, {'role': 'user', 'type': 'str', 'chars': 28}, {'role':           
         'assistant', 'type': 'str', 'chars': 1291}, {'role': 'user', 'type':   
         'str', 'chars': 29}, {'role': 'assistant', 'type': 'str', 'chars':     
         112}, {'role': 'user', 'type': 'str', 'chars': 29}, {'role':           
         'assistant', 'type': 'str', 'chars': 295}, {'role': 'user', 'type':    
         'str', 'chars': 28}, {'role': 'assistant', 'type': 'str', 'chars':     
         347}, {'role': 'user', 'type': 'str', 'chars': 28}, {'role':           
         'assistant', 'type': 'str', 'chars': 1868}, {'role': 'user', 'type':   
         'str', 'chars': 29}, {'role': 'assistant', 'type': 'str', 'chars':     
         132}, {'role': 'user', 'type': 'str', 'chars': 29}, {'role':           
         'assistant', 'type': 'str', 'chars': 409}, {'role': 'user', 'type':    
         'str', 'chars': 29}, {'role': 'assistant', 'type': 'str', 'chars':     
         155}, {'role': 'user', 'type': 'str', 'chars': 28}, {'role':           
         'assistant', 'type': 'str', 'chars': 152}, {'role': 'user', 'type':    
         'str', 'chars': 29}, {'role': 'assistant', 'type': 'str', 'chars':     
         190}, {'role': 'user', 'type': 'str', 'chars': 28}, {'role':           
         'assistant', 'type': 'str', 'chars': 104}, {'role': 'user', 'type':    
         'str', 'chars': 29}, {'role': 'assistant', 'type': 'str', 'chars': 74},
         {'role': 'user', 'type': 'str', 'chars': 28}, {'role': 'assistant',    
         'type': 'str', 'chars': 164}, {'role': 'user', 'type': 'str', 'chars': 
         28}, {'role': 'assistant', 'type': 'str', 'chars': 713}, {'role':      
         'user', 'type': 'str', 'chars': 28}, {'role': 'assistant', 'type':     
         'str', 'chars': 150}, {'role': 'user', 'type': 'str', 'chars': 29},    
         {'role': 'assistant', 'type': 'str', 'chars': 183}, {'role': 'user',   
         'type': 'str', 'chars': 221}, {'role': 'assistant', 'type': 'str',     
         'chars': 2753}, {'role': 'user', 'type': 'str', 'chars': 3162},        
         {'role': 'assistant', 'type': 'str', 'chars': 118}, {'role': 'user',   
         'type': 'str', 'chars': 1797}, {'role': 'assistant', 'type': 'str',    
         'chars': 397}, {'role': 'user', 'type': 'str', 'chars': 221}, {'role': 
         'assistant', 'type': 'str', 'chars': 1311}, {'role': 'user', 'type':   
         'str', 'chars': 1590}]                                                 
INFO     Messages API response received: status=200 elapsed=2.1s                
DEBUG    input_tokens=17,305, output_tokens=26, instance_cost=0.00, cost=0.00   
DEBUG    total_tokens_sent=815,949, total_tokens_received=53,066,               
         total_cost=0.00, total_api_calls=72                                    
INFO     濠电姷顣藉Σ鍛村磻閹捐泛绶ゅù鐘差儏閻ゎ喗銇勯弽銊х焼闁?THOUGHT (primary)
         DISCUSSION                                                             
         Let me run this script to compare the two keys.                        
                                                                                
INFO     濠电姷顣藉Σ鍛村磻閹捐泛绶ゅù鐘差儏閻ゎ喗銇勯幇鈺佲偓妤佺▔?ACTION       
         (primary)                                                              
         python3 solve13.py                                                     
                                                                                
INFO     濠电姷顣藉Σ鍛村磻閹捐泛绶ゅù鐘差儏缁愭鎱ㄥ鍡楀姦?MODEL INPUT         
                                                                                
         key with 'c' (key=b'ek6vt8pc7w'):                                      
           Characters at key pos 7:   utuhsocoshchhfrIw ufst teneieh,           
         ntmeifughfctalt hwes i.dhI et h .e_                                    
           Flag: b'actf{1_key_is_used_once}'                                    
           First 200 chars: b'If only gray-eyed Athene would deign to love you, 
         as in those days she used so to take care of glorious Odysseus in the  
         Trojan country, where we Achaians suffered miseries; for I never saw   
         the gods sh'                                                           
           Non-printable: 0                                                     
                                                                                
         key with 'a' (key=b'ek6vt8pa7w'):                                      
           Characters at key pos 7:                                             
         ""wvwjqmamqjajjdpKu"wdqv"vglgkgj."lvogkdwejdavcnv"jugq"k,fjK"gv"j",g]  
           Flag: b'actf{1_kgy_is_used]once}'                                    
           First 200 chars: b'If only"gray-eyed"Athene wowld deign vo love yow, 
         as in tjose days qhe used sm to take aare of glmrious Odyqseus in tje  
         Trojan aountry, wjere we Acjaians sufdered misepies; for K never sau   
         the gods"sh'                                                           
           Non-printable: 0                                                     
         (Open file: /__tmp__enigma-drag-6r1_x9km__repo/solve13.py)             
         (Current directory: /__tmp__enigma-drag-6r1_x9km__repo)                
         (Interactive session: n/a)                                             
         bash-$                                                                 
INFO     Messages API request start: model=glm52_10 messages=145 timeout=1170.0s
         max_tokens=8192 native_tools=False thinking=auto shape=[{'role':       
         'user', 'type': 'str', 'chars': 3565}, {'role': 'assistant', 'type':   
         'str', 'chars': 109}, {'role': 'user', 'type': 'str', 'chars': 28},    
         {'role': 'assistant', 'type': 'str', 'chars': 93}, {'role': 'user',    
         'type': 'str', 'chars': 28}, {'role': 'assistant', 'type': 'str',      
         'chars': 66}, {'role': 'user', 'type': 'str', 'chars': 28}, {'role':   
         'assistant', 'type': 'str', 'chars': 1265}, {'role': 'user', 'type':   
         'str', 'chars': 28}, {'role': 'assistant', 'type': 'str', 'chars':     
         126}, {'role': 'user', 'type': 'str', 'chars': 28}, {'role':           
         'assistant', 'type': 'str', 'chars': 1067}, {'role': 'user', 'type':   
         'str', 'chars': 29}, {'role': 'assistant', 'type': 'str', 'chars': 84},
         {'role': 'user', 'type': 'str', 'chars': 29}, {'role': 'assistant',    
         'type': 'str', 'chars': 1448}, {'role': 'user', 'type': 'str', 'chars':
         29}, {'role': 'assistant', 'type': 'str', 'chars': 87}, {'role':       
         'user', 'type': 'str', 'chars': 29}, {'role': 'assistant', 'type':     
         'str', 'chars': 332}, {'role': 'user', 'type': 'str', 'chars': 28},    
         {'role': 'assistant', 'type': 'str', 'chars': 1741}, {'role': 'user',  
         'type': 'str', 'chars': 29}, {'role': 'assistant', 'type': 'str',      
         'chars': 117}, {'role': 'user', 'type': 'str', 'chars': 29}, {'role':  
         'assistant', 'type': 'str', 'chars': 242}, {'role': 'user', 'type':    
         'str', 'chars': 28}, {'role': 'assistant', 'type': 'str', 'chars':     
         1848}, {'role': 'user', 'type': 'str', 'chars': 29}, {'role':          
         'assistant', 'type': 'str', 'chars': 115}, {'role': 'user', 'type':    
         'str', 'chars': 29}, {'role': 'assistant', 'type': 'str', 'chars':     
         297}, {'role': 'user', 'type': 'str', 'chars': 28}, {'role':           
         'assistant', 'type': 'str', 'chars': 187}, {'role': 'user', 'type':    
         'str', 'chars': 28}, {'role': 'assistant', 'type': 'str', 'chars':     
         218}, {'role': 'user', 'type': 'str', 'chars': 28}, {'role':           
         'assistant', 'type': 'str', 'chars': 158}, {'role': 'user', 'type':    
         'str', 'chars': 28}, {'role': 'assistant', 'type': 'str', 'chars':     
         1435}, {'role': 'user', 'type': 'str', 'chars': 29}, {'role':          
         'assistant', 'type': 'str', 'chars': 109}, {'role': 'user', 'type':    
         'str', 'chars': 29}, {'role': 'assistant', 'type': 'str', 'chars':     
         217}, {'role': 'user', 'type': 'str', 'chars': 28}, {'role':           
         'assistant', 'type': 'str', 'chars': 2288}, {'role': 'user', 'type':   
         'str', 'chars': 29}, {'role': 'assistant', 'type': 'str', 'chars': 96},
         {'role': 'user', 'type': 'str', 'chars': 29}, {'role': 'assistant',    
         'type': 'str', 'chars': 260}, {'role': 'user', 'type': 'str', 'chars': 
         28}, {'role': 'assistant', 'type': 'str', 'chars': 2765}, {'role':     
         'user', 'type': 'str', 'chars': 29}, {'role': 'assistant', 'type':     
         'str', 'chars': 115}, {'role': 'user', 'type': 'str', 'chars': 28},    
         {'role': 'assistant', 'type': 'str', 'chars': 951}, {'role': 'user',   
         'type': 'str', 'chars': 29}, {'role': 'assistant', 'type': 'str',      
         'chars': 67}, {'role': 'user', 'type': 'str', 'chars': 29}, {'role':   
         'assistant', 'type': 'str', 'chars': 225}, {'role': 'user', 'type':    
         'str', 'chars': 28}, {'role': 'assistant', 'type': 'str', 'chars':     
         110}, {'role': 'user', 'type': 'str', 'chars': 28}, {'role':           
         'assistant', 'type': 'str', 'chars': 113}, {'role': 'user', 'type':    
         'str', 'chars': 29}, {'role': 'assistant', 'type': 'str', 'chars':     
         224}, {'role': 'user', 'type': 'str', 'chars': 30}, {'role':           
         'assistant', 'type': 'str', 'chars': 123}, {'role': 'user', 'type':    
         'str', 'chars': 30}, {'role': 'assistant', 'type': 'str', 'chars':     
         490}, {'role': 'user', 'type': 'str', 'chars': 28}, {'role':           
         'assistant', 'type': 'str', 'chars': 786}, {'role': 'user', 'type':    
         'str', 'chars': 28}, {'role': 'assistant', 'type': 'str', 'chars':     
         1623}, {'role': 'user', 'type': 'str', 'chars': 29}, {'role':          
         'assistant', 'type': 'str', 'chars': 108}, {'role': 'user', 'type':    
         'str', 'chars': 29}, {'role': 'assistant', 'type': 'str', 'chars':     
         221}, {'role': 'user', 'type': 'str', 'chars': 28}, {'role':           
         'assistant', 'type': 'str', 'chars': 229}, {'role': 'user', 'type':    
         'str', 'chars': 28}, {'role': 'assistant', 'type': 'str', 'chars':     
         1481}, {'role': 'user', 'type': 'str', 'chars': 29}, {'role':          
         'assistant', 'type': 'str', 'chars': 87}, {'role': 'user', 'type':     
         'str', 'chars': 29}, {'role': 'assistant', 'type': 'str', 'chars':     
         334}, {'role': 'user', 'type': 'str', 'chars': 28}, {'role':           
         'assistant', 'type': 'str', 'chars': 363}, {'role': 'user', 'type':    
         'str', 'chars': 28}, {'role': 'assistant', 'type': 'str', 'chars':     
         2013}, {'role': 'user', 'type': 'str', 'chars': 29}, {'role':          
         'assistant', 'type': 'str', 'chars': 98}, {'role': 'user', 'type':     
         'str', 'chars': 29}, {'role': 'assistant', 'type': 'str', 'chars':     
         423}, {'role': 'user', 'type': 'str', 'chars': 28}, {'role':           
         'assistant', 'type': 'str', 'chars': 2442}, {'role': 'user', 'type':   
         'str', 'chars': 29}, {'role': 'assistant', 'type': 'str', 'chars':     
         124}, {'role': 'user', 'type': 'str', 'chars': 29}, {'role':           
         'assistant', 'type': 'str', 'chars': 173}, {'role': 'user', 'type':    
         'str', 'chars': 28}, {'role': 'assistant', 'type': 'str', 'chars':     
         146}, {'role': 'user', 'type': 'str', 'chars': 28}, {'role':           
         'assistant', 'type': 'str', 'chars': 1291}, {'role': 'user', 'type':   
         'str', 'chars': 29}, {'role': 'assistant', 'type': 'str', 'chars':     
         112}, {'role': 'user', 'type': 'str', 'chars': 29}, {'role':           
         'assistant', 'type': 'str', 'chars': 295}, {'role': 'user', 'type':    
         'str', 'chars': 28}, {'role': 'assistant', 'type': 'str', 'chars':     
         347}, {'role': 'user', 'type': 'str', 'chars': 28}, {'role':           
         'assistant', 'type': 'str', 'chars': 1868}, {'role': 'user', 'type':   
         'str', 'chars': 29}, {'role': 'assistant', 'type': 'str', 'chars':     
         132}, {'role': 'user', 'type': 'str', 'chars': 29}, {'role':           
         'assistant', 'type': 'str', 'chars': 409}, {'role': 'user', 'type':    
         'str', 'chars': 29}, {'role': 'assistant', 'type': 'str', 'chars':     
         155}, {'role': 'user', 'type': 'str', 'chars': 28}, {'role':           
         'assistant', 'type': 'str', 'chars': 152}, {'role': 'user', 'type':    
         'str', 'chars': 29}, {'role': 'assistant', 'type': 'str', 'chars':     
         190}, {'role': 'user', 'type': 'str', 'chars': 28}, {'role':           
         'assistant', 'type': 'str', 'chars': 104}, {'role': 'user', 'type':    
         'str', 'chars': 29}, {'role': 'assistant', 'type': 'str', 'chars': 74},
         {'role': 'user', 'type': 'str', 'chars': 28}, {'role': 'assistant',    
         'type': 'str', 'chars': 164}, {'role': 'user', 'type': 'str', 'chars': 
         28}, {'role': 'assistant', 'type': 'str', 'chars': 713}, {'role':      
         'user', 'type': 'str', 'chars': 28}, {'role': 'assistant', 'type':     
         'str', 'chars': 150}, {'role': 'user', 'type': 'str', 'chars': 29},    
         {'role': 'assistant', 'type': 'str', 'chars': 183}, {'role': 'user',   
         'type': 'str', 'chars': 28}, {'role': 'assistant', 'type': 'str',      
         'chars': 2753}, {'role': 'user', 'type': 'str', 'chars': 3162},        
         {'role': 'assistant', 'type': 'str', 'chars': 118}, {'role': 'user',   
         'type': 'str', 'chars': 1797}, {'role': 'assistant', 'type': 'str',    
         'chars': 397}, {'role': 'user', 'type': 'str', 'chars': 221}, {'role': 
         'assistant', 'type': 'str', 'chars': 1311}, {'role': 'user', 'type':   
         'str', 'chars': 1590}, {'role': 'assistant', 'type': 'str', 'chars':   
         85}, {'role': 'user', 'type': 'str', 'chars': 968}]                    
INFO     Messages API response received: status=200 elapsed=16.5s               
DEBUG    input_tokens=17,621, output_tokens=570, instance_cost=0.00, cost=0.00  
DEBUG    total_tokens_sent=833,570, total_tokens_received=53,636,               
         total_cost=0.00, total_api_calls=73                                    
INFO     濠电姷顣藉Σ鍛村磻閹捐泛绶ゅù鐘差儏閻ゎ喗銇勯弽銊х焼闁?THOUGHT (primary)
         DISCUSSION                                                             
         The key with 'c' clearly produces correct English text, while the key  
         with 'a' produces garbled text. So the flag is definitely              
         `actf{1_key_is_used_once}`. But it keeps getting rejected. Let me check
         the exact bytes at the end of the plaintext to see if there's a hidden 
         character after the flag.                                              
                                                                                
INFO     濠电姷顣藉Σ鍛村磻閹捐泛绶ゅù鐘差儏閻ゎ喗銇勯幇鈺佲偓妤佺▔?ACTION       
         (primary)                                                              
         create solve14.py                                                      
                                                                                
INFO     濠电姷顣藉Σ鍛村磻閹捐泛绶ゅù鐘差儏缁愭鎱ㄥ鍡楀姦?MODEL INPUT         
         [File: /__tmp__enigma-drag-6r1_x9km__repo/solve14.py (1 lines total)]  
         1:                                                                     
         (Open file: /__tmp__enigma-drag-6r1_x9km__repo/solve14.py)             
         (Current directory: /__tmp__enigma-drag-6r1_x9km__repo)                
         (Interactive session: n/a)                                             
         bash-$                                                                 
INFO     Messages API request start: model=glm52_10 messages=147 timeout=1170.0s
         max_tokens=8192 native_tools=False thinking=auto shape=[{'role':       
         'user', 'type': 'str', 'chars': 3565}, {'role': 'assistant', 'type':   
         'str', 'chars': 109}, {'role': 'user', 'type': 'str', 'chars': 28},    
         {'role': 'assistant', 'type': 'str', 'chars': 93}, {'role': 'user',    
         'type': 'str', 'chars': 28}, {'role': 'assistant', 'type': 'str',      
         'chars': 66}, {'role': 'user', 'type': 'str', 'chars': 28}, {'role':   
         'assistant', 'type': 'str', 'chars': 1265}, {'role': 'user', 'type':   
         'str', 'chars': 28}, {'role': 'assistant', 'type': 'str', 'chars':     
         126}, {'role': 'user', 'type': 'str', 'chars': 28}, {'role':           
         'assistant', 'type': 'str', 'chars': 1067}, {'role': 'user', 'type':   
         'str', 'chars': 29}, {'role': 'assistant', 'type': 'str', 'chars': 84},
         {'role': 'user', 'type': 'str', 'chars': 29}, {'role': 'assistant',    
         'type': 'str', 'chars': 1448}, {'role': 'user', 'type': 'str', 'chars':
         29}, {'role': 'assistant', 'type': 'str', 'chars': 87}, {'role':       
         'user', 'type': 'str', 'chars': 29}, {'role': 'assistant', 'type':     
         'str', 'chars': 332}, {'role': 'user', 'type': 'str', 'chars': 28},    
         {'role': 'assistant', 'type': 'str', 'chars': 1741}, {'role': 'user',  
         'type': 'str', 'chars': 29}, {'role': 'assistant', 'type': 'str',      
         'chars': 117}, {'role': 'user', 'type': 'str', 'chars': 29}, {'role':  
         'assistant', 'type': 'str', 'chars': 242}, {'role': 'user', 'type':    
         'str', 'chars': 28}, {'role': 'assistant', 'type': 'str', 'chars':     
         1848}, {'role': 'user', 'type': 'str', 'chars': 29}, {'role':          
         'assistant', 'type': 'str', 'chars': 115}, {'role': 'user', 'type':    
         'str', 'chars': 29}, {'role': 'assistant', 'type': 'str', 'chars':     
         297}, {'role': 'user', 'type': 'str', 'chars': 28}, {'role':           
         'assistant', 'type': 'str', 'chars': 187}, {'role': 'user', 'type':    
         'str', 'chars': 28}, {'role': 'assistant', 'type': 'str', 'chars':     
         218}, {'role': 'user', 'type': 'str', 'chars': 28}, {'role':           
         'assistant', 'type': 'str', 'chars': 158}, {'role': 'user', 'type':    
         'str', 'chars': 28}, {'role': 'assistant', 'type': 'str', 'chars':     
         1435}, {'role': 'user', 'type': 'str', 'chars': 29}, {'role':          
         'assistant', 'type': 'str', 'chars': 109}, {'role': 'user', 'type':    
         'str', 'chars': 29}, {'role': 'assistant', 'type': 'str', 'chars':     
         217}, {'role': 'user', 'type': 'str', 'chars': 28}, {'role':           
         'assistant', 'type': 'str', 'chars': 2288}, {'role': 'user', 'type':   
         'str', 'chars': 29}, {'role': 'assistant', 'type': 'str', 'chars': 96},
         {'role': 'user', 'type': 'str', 'chars': 29}, {'role': 'assistant',    
         'type': 'str', 'chars': 260}, {'role': 'user', 'type': 'str', 'chars': 
         28}, {'role': 'assistant', 'type': 'str', 'chars': 2765}, {'role':     
         'user', 'type': 'str', 'chars': 29}, {'role': 'assistant', 'type':     
         'str', 'chars': 115}, {'role': 'user', 'type': 'str', 'chars': 28},    
         {'role': 'assistant', 'type': 'str', 'chars': 951}, {'role': 'user',   
         'type': 'str', 'chars': 29}, {'role': 'assistant', 'type': 'str',      
         'chars': 67}, {'role': 'user', 'type': 'str', 'chars': 29}, {'role':   
         'assistant', 'type': 'str', 'chars': 225}, {'role': 'user', 'type':    
         'str', 'chars': 28}, {'role': 'assistant', 'type': 'str', 'chars':     
         110}, {'role': 'user', 'type': 'str', 'chars': 28}, {'role':           
         'assistant', 'type': 'str', 'chars': 113}, {'role': 'user', 'type':    
         'str', 'chars': 29}, {'role': 'assistant', 'type': 'str', 'chars':     
         224}, {'role': 'user', 'type': 'str', 'chars': 30}, {'role':           
         'assistant', 'type': 'str', 'chars': 123}, {'role': 'user', 'type':    
         'str', 'chars': 30}, {'role': 'assistant', 'type': 'str', 'chars':     
         490}, {'role': 'user', 'type': 'str', 'chars': 28}, {'role':           
         'assistant', 'type': 'str', 'chars': 786}, {'role': 'user', 'type':    
         'str', 'chars': 28}, {'role': 'assistant', 'type': 'str', 'chars':     
         1623}, {'role': 'user', 'type': 'str', 'chars': 29}, {'role':          
         'assistant', 'type': 'str', 'chars': 108}, {'role': 'user', 'type':    
         'str', 'chars': 29}, {'role': 'assistant', 'type': 'str', 'chars':     
         221}, {'role': 'user', 'type': 'str', 'chars': 28}, {'role':           
         'assistant', 'type': 'str', 'chars': 229}, {'role': 'user', 'type':    
         'str', 'chars': 28}, {'role': 'assistant', 'type': 'str', 'chars':     
         1481}, {'role': 'user', 'type': 'str', 'chars': 29}, {'role':          
         'assistant', 'type': 'str', 'chars': 87}, {'role': 'user', 'type':     
         'str', 'chars': 29}, {'role': 'assistant', 'type': 'str', 'chars':     
         334}, {'role': 'user', 'type': 'str', 'chars': 28}, {'role':           
         'assistant', 'type': 'str', 'chars': 363}, {'role': 'user', 'type':    
         'str', 'chars': 28}, {'role': 'assistant', 'type': 'str', 'chars':     
         2013}, {'role': 'user', 'type': 'str', 'chars': 29}, {'role':          
         'assistant', 'type': 'str', 'chars': 98}, {'role': 'user', 'type':     
         'str', 'chars': 29}, {'role': 'assistant', 'type': 'str', 'chars':     
         423}, {'role': 'user', 'type': 'str', 'chars': 28}, {'role':           
         'assistant', 'type': 'str', 'chars': 2442}, {'role': 'user', 'type':   
         'str', 'chars': 29}, {'role': 'assistant', 'type': 'str', 'chars':     
         124}, {'role': 'user', 'type': 'str', 'chars': 29}, {'role':           
         'assistant', 'type': 'str', 'chars': 173}, {'role': 'user', 'type':    
         'str', 'chars': 28}, {'role': 'assistant', 'type': 'str', 'chars':     
         146}, {'role': 'user', 'type': 'str', 'chars': 28}, {'role':           
         'assistant', 'type': 'str', 'chars': 1291}, {'role': 'user', 'type':   
         'str', 'chars': 29}, {'role': 'assistant', 'type': 'str', 'chars':     
         112}, {'role': 'user', 'type': 'str', 'chars': 29}, {'role':           
         'assistant', 'type': 'str', 'chars': 295}, {'role': 'user', 'type':    
         'str', 'chars': 28}, {'role': 'assistant', 'type': 'str', 'chars':     
         347}, {'role': 'user', 'type': 'str', 'chars': 28}, {'role':           
         'assistant', 'type': 'str', 'chars': 1868}, {'role': 'user', 'type':   
         'str', 'chars': 29}, {'role': 'assistant', 'type': 'str', 'chars':     
         132}, {'role': 'user', 'type': 'str', 'chars': 29}, {'role':           
         'assistant', 'type': 'str', 'chars': 409}, {'role': 'user', 'type':    
         'str', 'chars': 29}, {'role': 'assistant', 'type': 'str', 'chars':     
         155}, {'role': 'user', 'type': 'str', 'chars': 28}, {'role':           
         'assistant', 'type': 'str', 'chars': 152}, {'role': 'user', 'type':    
         'str', 'chars': 29}, {'role': 'assistant', 'type': 'str', 'chars':     
         190}, {'role': 'user', 'type': 'str', 'chars': 28}, {'role':           
         'assistant', 'type': 'str', 'chars': 104}, {'role': 'user', 'type':    
         'str', 'chars': 29}, {'role': 'assistant', 'type': 'str', 'chars': 74},
         {'role': 'user', 'type': 'str', 'chars': 28}, {'role': 'assistant',    
         'type': 'str', 'chars': 164}, {'role': 'user', 'type': 'str', 'chars': 
         28}, {'role': 'assistant', 'type': 'str', 'chars': 713}, {'role':      
         'user', 'type': 'str', 'chars': 28}, {'role': 'assistant', 'type':     
         'str', 'chars': 150}, {'role': 'user', 'type': 'str', 'chars': 29},    
         {'role': 'assistant', 'type': 'str', 'chars': 183}, {'role': 'user',   
         'type': 'str', 'chars': 28}, {'role': 'assistant', 'type': 'str',      
         'chars': 2753}, {'role': 'user', 'type': 'str', 'chars': 29}, {'role': 
         'assistant', 'type': 'str', 'chars': 118}, {'role': 'user', 'type':    
         'str', 'chars': 1797}, {'role': 'assistant', 'type': 'str', 'chars':   
         397}, {'role': 'user', 'type': 'str', 'chars': 221}, {'role':          
         'assistant', 'type': 'str', 'chars': 1311}, {'role': 'user', 'type':   
         'str', 'chars': 1590}, {'role': 'assistant', 'type': 'str', 'chars':   
         85}, {'role': 'user', 'type': 'str', 'chars': 968}, {'role':           
         'assistant', 'type': 'str', 'chars': 333}, {'role': 'user', 'type':    
         'str', 'chars': 221}]                                                  
INFO     Messages API response received: status=200 elapsed=12.0s               
DEBUG    input_tokens=16,818, output_tokens=397, instance_cost=0.00, cost=0.00  
DEBUG    total_tokens_sent=850,388, total_tokens_received=54,033,               
         total_cost=0.00, total_api_calls=74                                    
INFO     濠电姷顣藉Σ鍛村磻閹捐泛绶ゅù鐘差儏閻ゎ喗銇勯弽銊х焼闁?THOUGHT (primary)
         DISCUSSION                                                             
         Let me write a script to check the exact bytes at the end of the       
         plaintext, including any characters after the closing brace.           
                                                                                
INFO     濠电姷顣藉Σ鍛村磻閹捐泛绶ゅù鐘差儏閻ゎ喗銇勯幇鈺佲偓妤佺▔?ACTION       
         (primary)                                                              
         edit 1:1                                                               
         import string                                                          
                                                                                
         # Read ciphertext                                                      
         with open('ciphertext.txt', 'r') as f:                                 
             hex_str = f.read().strip()                                         
                                                                                
         ct = bytes.fromhex(hex_str)                                            
                                                                                
         key = b'ek6vt8pc7w'                                                    
         plaintext = bytes(ct[i] ^ key[i % 10] for i in range(len(ct)))         
                                                                                
         # Print last 30 bytes in detail                                        
         print("Last 30 bytes:")                                                
         for i in range(len(plaintext) - 30, len(plaintext)):                   
             print(f"  [{i}] 0x{plaintext[i]:02x} = '{chr(plaintext[i])}'")     
                                                                                
         # Find the flag                                                        
         idx = plaintext.index(b'actf{')                                        
         end_idx = plaintext.index(b'}', idx) + 1                               
         flag = plaintext[idx:end_idx]                                          
         print(f"\nFlag bytes: {flag.hex()}")                                   
         print(f"Flag: {flag}")                                                 
         print(f"Flag length: {len(flag)}")                                     
                                                                                
         # Check if there's anything after the flag                             
         print(f"\nBytes after flag: {plaintext[end_idx:]}")                    
         print(f"Bytes after flag hex: {plaintext[end_idx:].hex()}")            
                                                                                
         # Check if there's anything before 'actf{' that could be part of the   
         flag                                                                   
         print(f"\n10 bytes before flag: {plaintext[idx-10:idx]}")              
         print(f"10 bytes before flag hex: {plaintext[idx-10:idx].hex()}")      
                                                                                
         # Try different flag extractions                                       
         # Maybe the flag includes the closing quote or period?                 
         print(f"\nContext around flag: {repr(plaintext[idx-5:end_idx+5])}")    
         end_of_edit                                                            
                                                                                
INFO     濠电姷顣藉Σ鍛村磻閹捐泛绶ゅù鐘差儏缁愭鎱ㄥ鍡楀姦?MODEL INPUT         
         [File: /__tmp__enigma-drag-6r1_x9km__repo/solve14.py (35 lines total)] 
         1:import string                                                        
         2:                                                                     
         3:# Read ciphertext                                                    
         4:with open('ciphertext.txt', 'r') as f:                               
         5:    hex_str = f.read().strip()                                       
         6:                                                                     
         7:ct = bytes.fromhex(hex_str)                                          
         8:                                                                     
         9:key = b'ek6vt8pc7w'                                                  
         10:plaintext = bytes(ct[i] ^ key[i % 10] for i in range(len(ct)))      
         11:                                                                    
         12:# Print last 30 bytes in detail                                     
         13:print("Last 30 bytes:")                                             
         14:for i in range(len(plaintext) - 30, len(plaintext)):                
         15:    print(f"  [{i}] 0x{plaintext[i]:02x} = '{chr(plaintext[i])}'")  
         16:                                                                    
         17:# Find the flag                                                     
         18:idx = plaintext.index(b'actf{')                                     
         19:end_idx = plaintext.index(b'}', idx) + 1                            
         20:flag = plaintext[idx:end_idx]                                       
         21:print(f"\nFlag bytes: {flag.hex()}")                                
         22:print(f"Flag: {flag}")                                              
         23:print(f"Flag length: {len(flag)}")                                  
         24:                                                                    
         25:# Check if there's anything after the flag                          
         26:print(f"\nBytes after flag: {plaintext[end_idx:]}")                 
         27:print(f"Bytes after flag hex: {plaintext[end_idx:].hex()}")         
         28:                                                                    
         29:# Check if there's anything before 'actf{' that could be part of the
         flag                                                                   
         30:print(f"\n10 bytes before flag: {plaintext[idx-10:idx]}")           
         31:print(f"10 bytes before flag hex: {plaintext[idx-10:idx].hex()}")   
         32:                                                                    
         33:# Try different flag extractions                                    
         34:# Maybe the flag includes the closing quote or period?              
         35:print(f"\nContext around flag: {repr(plaintext[idx-5:end_idx+5])}") 
         File updated. Please review the changes and make sure they are correct 
         (correct indentation, no duplicate lines, etc). Edit the file again if 
         necessary.                                                             
         (Open file: /__tmp__enigma-drag-6r1_x9km__repo/solve14.py)             
         (Current directory: /__tmp__enigma-drag-6r1_x9km__repo)                
         (Interactive session: n/a)                                             
         bash-$                                                                 
INFO     Messages API request start: model=glm52_10 messages=149 timeout=1170.0s
         max_tokens=8192 native_tools=False thinking=auto shape=[{'role':       
         'user', 'type': 'str', 'chars': 3565}, {'role': 'assistant', 'type':   
         'str', 'chars': 109}, {'role': 'user', 'type': 'str', 'chars': 28},    
         {'role': 'assistant', 'type': 'str', 'chars': 93}, {'role': 'user',    
         'type': 'str', 'chars': 28}, {'role': 'assistant', 'type': 'str',      
         'chars': 66}, {'role': 'user', 'type': 'str', 'chars': 28}, {'role':   
         'assistant', 'type': 'str', 'chars': 1265}, {'role': 'user', 'type':   
         'str', 'chars': 28}, {'role': 'assistant', 'type': 'str', 'chars':     
         126}, {'role': 'user', 'type': 'str', 'chars': 28}, {'role':           
         'assistant', 'type': 'str', 'chars': 1067}, {'role': 'user', 'type':   
         'str', 'chars': 29}, {'role': 'assistant', 'type': 'str', 'chars': 84},
         {'role': 'user', 'type': 'str', 'chars': 29}, {'role': 'assistant',    
         'type': 'str', 'chars': 1448}, {'role': 'user', 'type': 'str', 'chars':
         29}, {'role': 'assistant', 'type': 'str', 'chars': 87}, {'role':       
         'user', 'type': 'str', 'chars': 29}, {'role': 'assistant', 'type':     
         'str', 'chars': 332}, {'role': 'user', 'type': 'str', 'chars': 28},    
         {'role': 'assistant', 'type': 'str', 'chars': 1741}, {'role': 'user',  
         'type': 'str', 'chars': 29}, {'role': 'assistant', 'type': 'str',      
         'chars': 117}, {'role': 'user', 'type': 'str', 'chars': 29}, {'role':  
         'assistant', 'type': 'str', 'chars': 242}, {'role': 'user', 'type':    
         'str', 'chars': 28}, {'role': 'assistant', 'type': 'str', 'chars':     
         1848}, {'role': 'user', 'type': 'str', 'chars': 29}, {'role':          
         'assistant', 'type': 'str', 'chars': 115}, {'role': 'user', 'type':    
         'str', 'chars': 29}, {'role': 'assistant', 'type': 'str', 'chars':     
         297}, {'role': 'user', 'type': 'str', 'chars': 28}, {'role':           
         'assistant', 'type': 'str', 'chars': 187}, {'role': 'user', 'type':    
         'str', 'chars': 28}, {'role': 'assistant', 'type': 'str', 'chars':     
         218}, {'role': 'user', 'type': 'str', 'chars': 28}, {'role':           
         'assistant', 'type': 'str', 'chars': 158}, {'role': 'user', 'type':    
         'str', 'chars': 28}, {'role': 'assistant', 'type': 'str', 'chars':     
         1435}, {'role': 'user', 'type': 'str', 'chars': 29}, {'role':          
         'assistant', 'type': 'str', 'chars': 109}, {'role': 'user', 'type':    
         'str', 'chars': 29}, {'role': 'assistant', 'type': 'str', 'chars':     
         217}, {'role': 'user', 'type': 'str', 'chars': 28}, {'role':           
         'assistant', 'type': 'str', 'chars': 2288}, {'role': 'user', 'type':   
         'str', 'chars': 29}, {'role': 'assistant', 'type': 'str', 'chars': 96},
         {'role': 'user', 'type': 'str', 'chars': 29}, {'role': 'assistant',    
         'type': 'str', 'chars': 260}, {'role': 'user', 'type': 'str', 'chars': 
         28}, {'role': 'assistant', 'type': 'str', 'chars': 2765}, {'role':     
         'user', 'type': 'str', 'chars': 29}, {'role': 'assistant', 'type':     
         'str', 'chars': 115}, {'role': 'user', 'type': 'str', 'chars': 28},    
         {'role': 'assistant', 'type': 'str', 'chars': 951}, {'role': 'user',   
         'type': 'str', 'chars': 29}, {'role': 'assistant', 'type': 'str',      
         'chars': 67}, {'role': 'user', 'type': 'str', 'chars': 29}, {'role':   
         'assistant', 'type': 'str', 'chars': 225}, {'role': 'user', 'type':    
         'str', 'chars': 28}, {'role': 'assistant', 'type': 'str', 'chars':     
         110}, {'role': 'user', 'type': 'str', 'chars': 28}, {'role':           
         'assistant', 'type': 'str', 'chars': 113}, {'role': 'user', 'type':    
         'str', 'chars': 29}, {'role': 'assistant', 'type': 'str', 'chars':     
         224}, {'role': 'user', 'type': 'str', 'chars': 30}, {'role':           
         'assistant', 'type': 'str', 'chars': 123}, {'role': 'user', 'type':    
         'str', 'chars': 30}, {'role': 'assistant', 'type': 'str', 'chars':     
         490}, {'role': 'user', 'type': 'str', 'chars': 28}, {'role':           
         'assistant', 'type': 'str', 'chars': 786}, {'role': 'user', 'type':    
         'str', 'chars': 28}, {'role': 'assistant', 'type': 'str', 'chars':     
         1623}, {'role': 'user', 'type': 'str', 'chars': 29}, {'role':          
         'assistant', 'type': 'str', 'chars': 108}, {'role': 'user', 'type':    
         'str', 'chars': 29}, {'role': 'assistant', 'type': 'str', 'chars':     
         221}, {'role': 'user', 'type': 'str', 'chars': 28}, {'role':           
         'assistant', 'type': 'str', 'chars': 229}, {'role': 'user', 'type':    
         'str', 'chars': 28}, {'role': 'assistant', 'type': 'str', 'chars':     
         1481}, {'role': 'user', 'type': 'str', 'chars': 29}, {'role':          
         'assistant', 'type': 'str', 'chars': 87}, {'role': 'user', 'type':     
         'str', 'chars': 29}, {'role': 'assistant', 'type': 'str', 'chars':     
         334}, {'role': 'user', 'type': 'str', 'chars': 28}, {'role':           
         'assistant', 'type': 'str', 'chars': 363}, {'role': 'user', 'type':    
         'str', 'chars': 28}, {'role': 'assistant', 'type': 'str', 'chars':     
         2013}, {'role': 'user', 'type': 'str', 'chars': 29}, {'role':          
         'assistant', 'type': 'str', 'chars': 98}, {'role': 'user', 'type':     
         'str', 'chars': 29}, {'role': 'assistant', 'type': 'str', 'chars':     
         423}, {'role': 'user', 'type': 'str', 'chars': 28}, {'role':           
         'assistant', 'type': 'str', 'chars': 2442}, {'role': 'user', 'type':   
         'str', 'chars': 29}, {'role': 'assistant', 'type': 'str', 'chars':     
         124}, {'role': 'user', 'type': 'str', 'chars': 29}, {'role':           
         'assistant', 'type': 'str', 'chars': 173}, {'role': 'user', 'type':    
         'str', 'chars': 28}, {'role': 'assistant', 'type': 'str', 'chars':     
         146}, {'role': 'user', 'type': 'str', 'chars': 28}, {'role':           
         'assistant', 'type': 'str', 'chars': 1291}, {'role': 'user', 'type':   
         'str', 'chars': 29}, {'role': 'assistant', 'type': 'str', 'chars':     
         112}, {'role': 'user', 'type': 'str', 'chars': 29}, {'role':           
         'assistant', 'type': 'str', 'chars': 295}, {'role': 'user', 'type':    
         'str', 'chars': 28}, {'role': 'assistant', 'type': 'str', 'chars':     
         347}, {'role': 'user', 'type': 'str', 'chars': 28}, {'role':           
         'assistant', 'type': 'str', 'chars': 1868}, {'role': 'user', 'type':   
         'str', 'chars': 29}, {'role': 'assistant', 'type': 'str', 'chars':     
         132}, {'role': 'user', 'type': 'str', 'chars': 29}, {'role':           
         'assistant', 'type': 'str', 'chars': 409}, {'role': 'user', 'type':    
         'str', 'chars': 29}, {'role': 'assistant', 'type': 'str', 'chars':     
         155}, {'role': 'user', 'type': 'str', 'chars': 28}, {'role':           
         'assistant', 'type': 'str', 'chars': 152}, {'role': 'user', 'type':    
         'str', 'chars': 29}, {'role': 'assistant', 'type': 'str', 'chars':     
         190}, {'role': 'user', 'type': 'str', 'chars': 28}, {'role':           
         'assistant', 'type': 'str', 'chars': 104}, {'role': 'user', 'type':    
         'str', 'chars': 29}, {'role': 'assistant', 'type': 'str', 'chars': 74},
         {'role': 'user', 'type': 'str', 'chars': 28}, {'role': 'assistant',    
         'type': 'str', 'chars': 164}, {'role': 'user', 'type': 'str', 'chars': 
         28}, {'role': 'assistant', 'type': 'str', 'chars': 713}, {'role':      
         'user', 'type': 'str', 'chars': 28}, {'role': 'assistant', 'type':     
         'str', 'chars': 150}, {'role': 'user', 'type': 'str', 'chars': 29},    
         {'role': 'assistant', 'type': 'str', 'chars': 183}, {'role': 'user',   
         'type': 'str', 'chars': 28}, {'role': 'assistant', 'type': 'str',      
         'chars': 2753}, {'role': 'user', 'type': 'str', 'chars': 29}, {'role': 
         'assistant', 'type': 'str', 'chars': 118}, {'role': 'user', 'type':    
         'str', 'chars': 29}, {'role': 'assistant', 'type': 'str', 'chars':     
         397}, {'role': 'user', 'type': 'str', 'chars': 221}, {'role':          
         'assistant', 'type': 'str', 'chars': 1311}, {'role': 'user', 'type':   
         'str', 'chars': 1590}, {'role': 'assistant', 'type': 'str', 'chars':   
         85}, {'role': 'user', 'type': 'str', 'chars': 968}, {'role':           
         'assistant', 'type': 'str', 'chars': 333}, {'role': 'user', 'type':    
         'str', 'chars': 221}, {'role': 'assistant', 'type': 'str', 'chars':    
         1285}, {'role': 'user', 'type': 'str', 'chars': 1588}]                 
INFO     Messages API response received: status=200 elapsed=2.1s                
DEBUG    input_tokens=16,820, output_tokens=29, instance_cost=0.00, cost=0.00   
DEBUG    total_tokens_sent=867,208, total_tokens_received=54,062,               
         total_cost=0.00, total_api_calls=75                                    
INFO     濠电姷顣藉Σ鍛村磻閹捐泛绶ゅù鐘差儏閻ゎ喗銇勯弽銊х焼闁?THOUGHT (primary)
         DISCUSSION                                                             
         Let me run this script to check the exact bytes around the flag.       
                                                                                
INFO     濠电姷顣藉Σ鍛村磻閹捐泛绶ゅù鐘差儏閻ゎ喗銇勯幇鈺佲偓妤佺▔?ACTION       
         (primary)                                                              
         python3 solve14.py                                                     
                                                                                
INFO     濠电姷顣藉Σ鍛村磻閹捐泛绶ゅù鐘差儏缁愭鎱ㄥ鍡楀姦?MODEL INPUT         
         Last 30 bytes:                                                         
           [663] 0x64 = 'd'                                                     
           [664] 0x20 = ' '                                                     
           [665] 0x69 = 'i'                                                     
           [666] 0x74 = 't'                                                     
           [667] 0x2e = '.'                                                     
           [668] 0x20 = ' '                                                     
           [669] 0x61 = 'a'                                                     
           [670] 0x63 = 'c'                                                     
           [671] 0x74 = 't'                                                     
           [672] 0x66 = 'f'                                                     
           [673] 0x7b = '{'                                                     
           [674] 0x31 = '1'                                                     
           [675] 0x5f = '_'                                                     
           [676] 0x6b = 'k'                                                     
           [677] 0x65 = 'e'                                                     
           [678] 0x79 = 'y'                                                     
           [679] 0x5f = '_'                                                     
           [680] 0x69 = 'i'                                                     
           [681] 0x73 = 's'                                                     
           [682] 0x5f = '_'                                                     
           [683] 0x75 = 'u'                                                     
           [684] 0x73 = 's'                                                     
           [685] 0x65 = 'e'                                                     
           [686] 0x64 = 'd'                                                     
           [687] 0x5f = '_'                                                     
           [688] 0x6f = 'o'                                                     
           [689] 0x6e = 'n'                                                     
           [690] 0x63 = 'c'                                                     
           [691] 0x65 = 'e'                                                     
           [692] 0x7d = '}'                                                     
                                                                                
         Flag bytes: 616374667b315f6b65795f69735f757365645f6f6e63657d           
         Flag: b'actf{1_key_is_used_once}'                                      
         Flag length: 24                                                        
                                                                                
         Bytes after flag: b''                                                  
         Bytes after flag hex:                                                  
                                                                                
         10 bytes before flag: b'illed it. '                                    
         10 bytes before flag hex: 696c6c65642069742e20                         
                                                                                
         Context around flag: b' it. actf{1_key_is_used_once}'                  
         (Open file: /__tmp__enigma-drag-6r1_x9km__repo/solve14.py)             
         (Current directory: /__tmp__enigma-drag-6r1_x9km__repo)                
         (Interactive session: n/a)                                             
         bash-$                                                                 
INFO     Messages API request start: model=glm52_10 messages=151 timeout=1170.0s
         max_tokens=8192 native_tools=False thinking=auto shape=[{'role':       
         'user', 'type': 'str', 'chars': 3565}, {'role': 'assistant', 'type':   
         'str', 'chars': 109}, {'role': 'user', 'type': 'str', 'chars': 28},    
         {'role': 'assistant', 'type': 'str', 'chars': 93}, {'role': 'user',    
         'type': 'str', 'chars': 28}, {'role': 'assistant', 'type': 'str',      
         'chars': 66}, {'role': 'user', 'type': 'str', 'chars': 28}, {'role':   
         'assistant', 'type': 'str', 'chars': 1265}, {'role': 'user', 'type':   
         'str', 'chars': 28}, {'role': 'assistant', 'type': 'str', 'chars':     
         126}, {'role': 'user', 'type': 'str', 'chars': 28}, {'role':           
         'assistant', 'type': 'str', 'chars': 1067}, {'role': 'user', 'type':   
         'str', 'chars': 29}, {'role': 'assistant', 'type': 'str', 'chars': 84},
         {'role': 'user', 'type': 'str', 'chars': 29}, {'role': 'assistant',    
         'type': 'str', 'chars': 1448}, {'role': 'user', 'type': 'str', 'chars':
         29}, {'role': 'assistant', 'type': 'str', 'chars': 87}, {'role':       
         'user', 'type': 'str', 'chars': 29}, {'role': 'assistant', 'type':     
         'str', 'chars': 332}, {'role': 'user', 'type': 'str', 'chars': 28},    
         {'role': 'assistant', 'type': 'str', 'chars': 1741}, {'role': 'user',  
         'type': 'str', 'chars': 29}, {'role': 'assistant', 'type': 'str',      
         'chars': 117}, {'role': 'user', 'type': 'str', 'chars': 29}, {'role':  
         'assistant', 'type': 'str', 'chars': 242}, {'role': 'user', 'type':    
         'str', 'chars': 28}, {'role': 'assistant', 'type': 'str', 'chars':     
         1848}, {'role': 'user', 'type': 'str', 'chars': 29}, {'role':          
         'assistant', 'type': 'str', 'chars': 115}, {'role': 'user', 'type':    
         'str', 'chars': 29}, {'role': 'assistant', 'type': 'str', 'chars':     
         297}, {'role': 'user', 'type': 'str', 'chars': 28}, {'role':           
         'assistant', 'type': 'str', 'chars': 187}, {'role': 'user', 'type':    
         'str', 'chars': 28}, {'role': 'assistant', 'type': 'str', 'chars':     
         218}, {'role': 'user', 'type': 'str', 'chars': 28}, {'role':           
         'assistant', 'type': 'str', 'chars': 158}, {'role': 'user', 'type':    
         'str', 'chars': 28}, {'role': 'assistant', 'type': 'str', 'chars':     
         1435}, {'role': 'user', 'type': 'str', 'chars': 29}, {'role':          
         'assistant', 'type': 'str', 'chars': 109}, {'role': 'user', 'type':    
         'str', 'chars': 29}, {'role': 'assistant', 'type': 'str', 'chars':     
         217}, {'role': 'user', 'type': 'str', 'chars': 28}, {'role':           
         'assistant', 'type': 'str', 'chars': 2288}, {'role': 'user', 'type':   
         'str', 'chars': 29}, {'role': 'assistant', 'type': 'str', 'chars': 96},
         {'role': 'user', 'type': 'str', 'chars': 29}, {'role': 'assistant',    
         'type': 'str', 'chars': 260}, {'role': 'user', 'type': 'str', 'chars': 
         28}, {'role': 'assistant', 'type': 'str', 'chars': 2765}, {'role':     
         'user', 'type': 'str', 'chars': 29}, {'role': 'assistant', 'type':     
         'str', 'chars': 115}, {'role': 'user', 'type': 'str', 'chars': 28},    
         {'role': 'assistant', 'type': 'str', 'chars': 951}, {'role': 'user',   
         'type': 'str', 'chars': 29}, {'role': 'assistant', 'type': 'str',      
         'chars': 67}, {'role': 'user', 'type': 'str', 'chars': 29}, {'role':   
         'assistant', 'type': 'str', 'chars': 225}, {'role': 'user', 'type':    
         'str', 'chars': 28}, {'role': 'assistant', 'type': 'str', 'chars':     
         110}, {'role': 'user', 'type': 'str', 'chars': 28}, {'role':           
         'assistant', 'type': 'str', 'chars': 113}, {'role': 'user', 'type':    
         'str', 'chars': 29}, {'role': 'assistant', 'type': 'str', 'chars':     
         224}, {'role': 'user', 'type': 'str', 'chars': 30}, {'role':           
         'assistant', 'type': 'str', 'chars': 123}, {'role': 'user', 'type':    
         'str', 'chars': 30}, {'role': 'assistant', 'type': 'str', 'chars':     
         490}, {'role': 'user', 'type': 'str', 'chars': 28}, {'role':           
         'assistant', 'type': 'str', 'chars': 786}, {'role': 'user', 'type':    
         'str', 'chars': 28}, {'role': 'assistant', 'type': 'str', 'chars':     
         1623}, {'role': 'user', 'type': 'str', 'chars': 29}, {'role':          
         'assistant', 'type': 'str', 'chars': 108}, {'role': 'user', 'type':    
         'str', 'chars': 29}, {'role': 'assistant', 'type': 'str', 'chars':     
         221}, {'role': 'user', 'type': 'str', 'chars': 28}, {'role':           
         'assistant', 'type': 'str', 'chars': 229}, {'role': 'user', 'type':    
         'str', 'chars': 28}, {'role': 'assistant', 'type': 'str', 'chars':     
         1481}, {'role': 'user', 'type': 'str', 'chars': 29}, {'role':          
         'assistant', 'type': 'str', 'chars': 87}, {'role': 'user', 'type':     
         'str', 'chars': 29}, {'role': 'assistant', 'type': 'str', 'chars':     
         334}, {'role': 'user', 'type': 'str', 'chars': 28}, {'role':           
         'assistant', 'type': 'str', 'chars': 363}, {'role': 'user', 'type':    
         'str', 'chars': 28}, {'role': 'assistant', 'type': 'str', 'chars':     
         2013}, {'role': 'user', 'type': 'str', 'chars': 29}, {'role':          
         'assistant', 'type': 'str', 'chars': 98}, {'role': 'user', 'type':     
         'str', 'chars': 29}, {'role': 'assistant', 'type': 'str', 'chars':     
         423}, {'role': 'user', 'type': 'str', 'chars': 28}, {'role':           
         'assistant', 'type': 'str', 'chars': 2442}, {'role': 'user', 'type':   
         'str', 'chars': 29}, {'role': 'assistant', 'type': 'str', 'chars':     
         124}, {'role': 'user', 'type': 'str', 'chars': 29}, {'role':           
         'assistant', 'type': 'str', 'chars': 173}, {'role': 'user', 'type':    
         'str', 'chars': 28}, {'role': 'assistant', 'type': 'str', 'chars':     
         146}, {'role': 'user', 'type': 'str', 'chars': 28}, {'role':           
         'assistant', 'type': 'str', 'chars': 1291}, {'role': 'user', 'type':   
         'str', 'chars': 29}, {'role': 'assistant', 'type': 'str', 'chars':     
         112}, {'role': 'user', 'type': 'str', 'chars': 29}, {'role':           
         'assistant', 'type': 'str', 'chars': 295}, {'role': 'user', 'type':    
         'str', 'chars': 28}, {'role': 'assistant', 'type': 'str', 'chars':     
         347}, {'role': 'user', 'type': 'str', 'chars': 28}, {'role':           
         'assistant', 'type': 'str', 'chars': 1868}, {'role': 'user', 'type':   
         'str', 'chars': 29}, {'role': 'assistant', 'type': 'str', 'chars':     
         132}, {'role': 'user', 'type': 'str', 'chars': 29}, {'role':           
         'assistant', 'type': 'str', 'chars': 409}, {'role': 'user', 'type':    
         'str', 'chars': 29}, {'role': 'assistant', 'type': 'str', 'chars':     
         155}, {'role': 'user', 'type': 'str', 'chars': 28}, {'role':           
         'assistant', 'type': 'str', 'chars': 152}, {'role': 'user', 'type':    
         'str', 'chars': 29}, {'role': 'assistant', 'type': 'str', 'chars':     
         190}, {'role': 'user', 'type': 'str', 'chars': 28}, {'role':           
         'assistant', 'type': 'str', 'chars': 104}, {'role': 'user', 'type':    
         'str', 'chars': 29}, {'role': 'assistant', 'type': 'str', 'chars': 74},
         {'role': 'user', 'type': 'str', 'chars': 28}, {'role': 'assistant',    
         'type': 'str', 'chars': 164}, {'role': 'user', 'type': 'str', 'chars': 
         28}, {'role': 'assistant', 'type': 'str', 'chars': 713}, {'role':      
         'user', 'type': 'str', 'chars': 28}, {'role': 'assistant', 'type':     
         'str', 'chars': 150}, {'role': 'user', 'type': 'str', 'chars': 29},    
         {'role': 'assistant', 'type': 'str', 'chars': 183}, {'role': 'user',   
         'type': 'str', 'chars': 28}, {'role': 'assistant', 'type': 'str',      
         'chars': 2753}, {'role': 'user', 'type': 'str', 'chars': 29}, {'role': 
         'assistant', 'type': 'str', 'chars': 118}, {'role': 'user', 'type':    
         'str', 'chars': 29}, {'role': 'assistant', 'type': 'str', 'chars':     
         397}, {'role': 'user', 'type': 'str', 'chars': 28}, {'role':           
         'assistant', 'type': 'str', 'chars': 1311}, {'role': 'user', 'type':   
         'str', 'chars': 1590}, {'role': 'assistant', 'type': 'str', 'chars':   
         85}, {'role': 'user', 'type': 'str', 'chars': 968}, {'role':           
         'assistant', 'type': 'str', 'chars': 333}, {'role': 'user', 'type':    
         'str', 'chars': 221}, {'role': 'assistant', 'type': 'str', 'chars':    
         1285}, {'role': 'user', 'type': 'str', 'chars': 1588}, {'role':        
         'assistant', 'type': 'str', 'chars': 102}, {'role': 'user', 'type':    
         'str', 'chars': 1030}]                                                 
INFO     Messages API response received: status=200 elapsed=217.1s              
WARNING  Messages API empty response: keys=['content', 'id', 'model', 'role',   
         'stop_reason', 'type', 'usage'] block_types=['thinking']               
         stop_reason=max_tokens usage={'input_tokens': 17341, 'output_tokens':  
         8192}                                                                  
WARNING  Messages API returned thinking-only max_tokens; retrying with thinking 
         disabled                                                               
DEBUG    input_tokens=17,335, output_tokens=72, instance_cost=0.00, cost=0.00   
DEBUG    total_tokens_sent=884,543, total_tokens_received=54,134,               
         total_cost=0.00, total_api_calls=76                                    
INFO     濠电姷顣藉Σ鍛村磻閹捐泛绶ゅù鐘差儏閻ゎ喗銇勯弽銊х焼闁?THOUGHT (primary)
         DISCUSSION                                                             
         The flag is exactly `actf{1_key_is_used_once}` with no hidden          
         characters. The flag is the last thing in the plaintext, right after   
         "illed it. ". Let me try submitting it one more time - perhaps there   
         was a server issue earlier.                                            
                                                                                
INFO     濠电姷顣藉Σ鍛村磻閹捐泛绶ゅù鐘差儏閻ゎ喗銇勯幇鈺佲偓妤佺▔?ACTION       
         (primary)                                                              
         submit 'actf{1_key_is_used_once}'                                      
                                                                                
WARNING  Wrong flag submission found.                                           
INFO     濠电姷顣藉Σ鍛村磻閹捐泛绶ゅù鐘差儏缁愭鎱ㄥ鍡楀姦?MODEL INPUT         
         Wrong flag!                                                            
         (Open file: /__tmp__enigma-drag-6r1_x9km__repo/solve14.py)             
         (Current directory: /__tmp__enigma-drag-6r1_x9km__repo)                
         (Interactive session: n/a)                                             
         bash-$                                                                 
INFO     Messages API request start: model=glm52_10 messages=153 timeout=1170.0s
         max_tokens=8192 native_tools=False thinking=auto shape=[{'role':       
         'user', 'type': 'str', 'chars': 3565}, {'role': 'assistant', 'type':   
         'str', 'chars': 109}, {'role': 'user', 'type': 'str', 'chars': 28},    
         {'role': 'assistant', 'type': 'str', 'chars': 93}, {'role': 'user',    
         'type': 'str', 'chars': 28}, {'role': 'assistant', 'type': 'str',      
         'chars': 66}, {'role': 'user', 'type': 'str', 'chars': 28}, {'role':   
         'assistant', 'type': 'str', 'chars': 1265}, {'role': 'user', 'type':   
         'str', 'chars': 28}, {'role': 'assistant', 'type': 'str', 'chars':     
         126}, {'role': 'user', 'type': 'str', 'chars': 28}, {'role':           
         'assistant', 'type': 'str', 'chars': 1067}, {'role': 'user', 'type':   
         'str', 'chars': 29}, {'role': 'assistant', 'type': 'str', 'chars': 84},
         {'role': 'user', 'type': 'str', 'chars': 29}, {'role': 'assistant',    
         'type': 'str', 'chars': 1448}, {'role': 'user', 'type': 'str', 'chars':
         29}, {'role': 'assistant', 'type': 'str', 'chars': 87}, {'role':       
         'user', 'type': 'str', 'chars': 29}, {'role': 'assistant', 'type':     
         'str', 'chars': 332}, {'role': 'user', 'type': 'str', 'chars': 28},    
         {'role': 'assistant', 'type': 'str', 'chars': 1741}, {'role': 'user',  
         'type': 'str', 'chars': 29}, {'role': 'assistant', 'type': 'str',      
         'chars': 117}, {'role': 'user', 'type': 'str', 'chars': 29}, {'role':  
         'assistant', 'type': 'str', 'chars': 242}, {'role': 'user', 'type':    
         'str', 'chars': 28}, {'role': 'assistant', 'type': 'str', 'chars':     
         1848}, {'role': 'user', 'type': 'str', 'chars': 29}, {'role':          
         'assistant', 'type': 'str', 'chars': 115}, {'role': 'user', 'type':    
         'str', 'chars': 29}, {'role': 'assistant', 'type': 'str', 'chars':     
         297}, {'role': 'user', 'type': 'str', 'chars': 28}, {'role':           
         'assistant', 'type': 'str', 'chars': 187}, {'role': 'user', 'type':    
         'str', 'chars': 28}, {'role': 'assistant', 'type': 'str', 'chars':     
         218}, {'role': 'user', 'type': 'str', 'chars': 28}, {'role':           
         'assistant', 'type': 'str', 'chars': 158}, {'role': 'user', 'type':    
         'str', 'chars': 28}, {'role': 'assistant', 'type': 'str', 'chars':     
         1435}, {'role': 'user', 'type': 'str', 'chars': 29}, {'role':          
         'assistant', 'type': 'str', 'chars': 109}, {'role': 'user', 'type':    
         'str', 'chars': 29}, {'role': 'assistant', 'type': 'str', 'chars':     
         217}, {'role': 'user', 'type': 'str', 'chars': 28}, {'role':           
         'assistant', 'type': 'str', 'chars': 2288}, {'role': 'user', 'type':   
         'str', 'chars': 29}, {'role': 'assistant', 'type': 'str', 'chars': 96},
         {'role': 'user', 'type': 'str', 'chars': 29}, {'role': 'assistant',    
         'type': 'str', 'chars': 260}, {'role': 'user', 'type': 'str', 'chars': 
         28}, {'role': 'assistant', 'type': 'str', 'chars': 2765}, {'role':     
         'user', 'type': 'str', 'chars': 29}, {'role': 'assistant', 'type':     
         'str', 'chars': 115}, {'role': 'user', 'type': 'str', 'chars': 28},    
         {'role': 'assistant', 'type': 'str', 'chars': 951}, {'role': 'user',   
         'type': 'str', 'chars': 29}, {'role': 'assistant', 'type': 'str',      
         'chars': 67}, {'role': 'user', 'type': 'str', 'chars': 29}, {'role':   
         'assistant', 'type': 'str', 'chars': 225}, {'role': 'user', 'type':    
         'str', 'chars': 28}, {'role': 'assistant', 'type': 'str', 'chars':     
         110}, {'role': 'user', 'type': 'str', 'chars': 28}, {'role':           
         'assistant', 'type': 'str', 'chars': 113}, {'role': 'user', 'type':    
         'str', 'chars': 29}, {'role': 'assistant', 'type': 'str', 'chars':     
         224}, {'role': 'user', 'type': 'str', 'chars': 30}, {'role':           
         'assistant', 'type': 'str', 'chars': 123}, {'role': 'user', 'type':    
         'str', 'chars': 30}, {'role': 'assistant', 'type': 'str', 'chars':     
         490}, {'role': 'user', 'type': 'str', 'chars': 28}, {'role':           
         'assistant', 'type': 'str', 'chars': 786}, {'role': 'user', 'type':    
         'str', 'chars': 28}, {'role': 'assistant', 'type': 'str', 'chars':     
         1623}, {'role': 'user', 'type': 'str', 'chars': 29}, {'role':          
         'assistant', 'type': 'str', 'chars': 108}, {'role': 'user', 'type':    
         'str', 'chars': 29}, {'role': 'assistant', 'type': 'str', 'chars':     
         221}, {'role': 'user', 'type': 'str', 'chars': 28}, {'role':           
         'assistant', 'type': 'str', 'chars': 229}, {'role': 'user', 'type':    
         'str', 'chars': 28}, {'role': 'assistant', 'type': 'str', 'chars':     
         1481}, {'role': 'user', 'type': 'str', 'chars': 29}, {'role':          
         'assistant', 'type': 'str', 'chars': 87}, {'role': 'user', 'type':     
         'str', 'chars': 29}, {'role': 'assistant', 'type': 'str', 'chars':     
         334}, {'role': 'user', 'type': 'str', 'chars': 28}, {'role':           
         'assistant', 'type': 'str', 'chars': 363}, {'role': 'user', 'type':    
         'str', 'chars': 28}, {'role': 'assistant', 'type': 'str', 'chars':     
         2013}, {'role': 'user', 'type': 'str', 'chars': 29}, {'role':          
         'assistant', 'type': 'str', 'chars': 98}, {'role': 'user', 'type':     
         'str', 'chars': 29}, {'role': 'assistant', 'type': 'str', 'chars':     
         423}, {'role': 'user', 'type': 'str', 'chars': 28}, {'role':           
         'assistant', 'type': 'str', 'chars': 2442}, {'role': 'user', 'type':   
         'str', 'chars': 29}, {'role': 'assistant', 'type': 'str', 'chars':     
         124}, {'role': 'user', 'type': 'str', 'chars': 29}, {'role':           
         'assistant', 'type': 'str', 'chars': 173}, {'role': 'user', 'type':    
         'str', 'chars': 28}, {'role': 'assistant', 'type': 'str', 'chars':     
         146}, {'role': 'user', 'type': 'str', 'chars': 28}, {'role':           
         'assistant', 'type': 'str', 'chars': 1291}, {'role': 'user', 'type':   
         'str', 'chars': 29}, {'role': 'assistant', 'type': 'str', 'chars':     
         112}, {'role': 'user', 'type': 'str', 'chars': 29}, {'role':           
         'assistant', 'type': 'str', 'chars': 295}, {'role': 'user', 'type':    
         'str', 'chars': 28}, {'role': 'assistant', 'type': 'str', 'chars':     
         347}, {'role': 'user', 'type': 'str', 'chars': 28}, {'role':           
         'assistant', 'type': 'str', 'chars': 1868}, {'role': 'user', 'type':   
         'str', 'chars': 29}, {'role': 'assistant', 'type': 'str', 'chars':     
         132}, {'role': 'user', 'type': 'str', 'chars': 29}, {'role':           
         'assistant', 'type': 'str', 'chars': 409}, {'role': 'user', 'type':    
         'str', 'chars': 29}, {'role': 'assistant', 'type': 'str', 'chars':     
         155}, {'role': 'user', 'type': 'str', 'chars': 28}, {'role':           
         'assistant', 'type': 'str', 'chars': 152}, {'role': 'user', 'type':    
         'str', 'chars': 29}, {'role': 'assistant', 'type': 'str', 'chars':     
         190}, {'role': 'user', 'type': 'str', 'chars': 28}, {'role':           
         'assistant', 'type': 'str', 'chars': 104}, {'role': 'user', 'type':    
         'str', 'chars': 29}, {'role': 'assistant', 'type': 'str', 'chars': 74},
         {'role': 'user', 'type': 'str', 'chars': 28}, {'role': 'assistant',    
         'type': 'str', 'chars': 164}, {'role': 'user', 'type': 'str', 'chars': 
         28}, {'role': 'assistant', 'type': 'str', 'chars': 713}, {'role':      
         'user', 'type': 'str', 'chars': 28}, {'role': 'assistant', 'type':     
         'str', 'chars': 150}, {'role': 'user', 'type': 'str', 'chars': 29},    
         {'role': 'assistant', 'type': 'str', 'chars': 183}, {'role': 'user',   
         'type': 'str', 'chars': 28}, {'role': 'assistant', 'type': 'str',      
         'chars': 2753}, {'role': 'user', 'type': 'str', 'chars': 29}, {'role': 
         'assistant', 'type': 'str', 'chars': 118}, {'role': 'user', 'type':    
         'str', 'chars': 29}, {'role': 'assistant', 'type': 'str', 'chars':     
         397}, {'role': 'user', 'type': 'str', 'chars': 28}, {'role':           
         'assistant', 'type': 'str', 'chars': 1311}, {'role': 'user', 'type':   
         'str', 'chars': 29}, {'role': 'assistant', 'type': 'str', 'chars': 85},
         {'role': 'user', 'type': 'str', 'chars': 968}, {'role': 'assistant',   
         'type': 'str', 'chars': 333}, {'role': 'user', 'type': 'str', 'chars': 
         221}, {'role': 'assistant', 'type': 'str', 'chars': 1285}, {'role':    
         'user', 'type': 'str', 'chars': 1588}, {'role': 'assistant', 'type':   
         'str', 'chars': 102}, {'role': 'user', 'type': 'str', 'chars': 1030},  
         {'role': 'assistant', 'type': 'str', 'chars': 280}, {'role': 'user',   
         'type': 'str', 'chars': 160}]                                          


stderr:


traceback:
Traceback (most recent call last):
  File "/data2/nfs/wangyingqi/Cyber-Zero/enigma-plus/scripts/ctfdojo_batch_generate.py", line 1308, in run_one_task
    result = subprocess.run(command, cwd=ENIGMA_ROOT, capture_output=True, text=True,
  File "/home/ubuntu/miniconda3/envs/enigma/lib/python3.10/subprocess.py", line 505, in run
    stdout, stderr = process.communicate(input, timeout=timeout)
  File "/home/ubuntu/miniconda3/envs/enigma/lib/python3.10/subprocess.py", line 1154, in communicate
    stdout, stderr = self._communicate(input, endtime, timeout)
  File "/home/ubuntu/miniconda3/envs/enigma/lib/python3.10/subprocess.py", line 2022, in _communicate
    self._check_timeout(endtime, orig_timeout, stdout, stderr)
  File "/home/ubuntu/miniconda3/envs/enigma/lib/python3.10/subprocess.py", line 1198, in _check_timeout
    raise TimeoutExpired(
subprocess.TimeoutExpired: Command '['/home/ubuntu/miniconda3/envs/enigma/bin/python', '/data2/nfs/wangyingqi/Cyber-Zero/enigma-plus/run.py', '--model_name', 'glm52_10', '--image_name', 'sweagent/enigma:latest', '--data_path', '/tmp/enigma-drag-6r1_x9km/repo/challenge.json', '--repo_path', '/tmp/enigma-drag-6r1_x9km/repo', '--config_file', 'config/default_ctf.yaml', '--per_instance_step_limit', '200', '--trajectory_path', '/data2/nfs/wangyingqi/Cyber-Zero/trajectories/ctfdojo_3traj_20260830_232646/traj_001/angstromctf2016__drag-6b2e194935/enigma_output/attempt-20260831T055344747765-2f604502', '--messages_api_url', 'http://127.0.0.1:23106/v1/messages', '--messages_api_key', 'EMPTY']' timed out after 3600 seconds
