timestamp: 2026-08-31T04:15:02+00:00
challenge_json: /data2/nfs/wangyingqi/CTF-Dojo/ctf-archive/angstromctf2024/awman/challenge.json
repo_path: /data2/nfs/wangyingqi/CTF-Dojo/ctf-archive/angstromctf2024/awman
dockerfile_path: (none)
command: /home/ubuntu/miniconda3/envs/enigma/bin/python /data2/nfs/wangyingqi/Cyber-Zero/enigma-plus/run.py --model_name glm52_10 --image_name sweagent/enigma:latest --data_path /tmp/enigma-awman-ocp90jpm/repo/challenge.json --repo_path /tmp/enigma-awman-ocp90jpm/repo --config_file config/default_ctf.yaml --per_instance_step_limit 200 --trajectory_path /data2/nfs/wangyingqi/Cyber-Zero/trajectories/ctfdojo_3traj_20260830_232646/traj_001/angstromctf2024__awman-c5e3e16fcf/enigma_output/attempt-20260831T111502071254-de3cccad --messages_api_url http://127.0.0.1:23106/v1/messages --messages_api_key EMPTY

error:
batch task timeout after 3600 seconds

stdout:
ERROR    keys.cfg not found in                                                  
         /data2/nfs/wangyingqi/Cyber-Zero/enigma-plus/sweagent                  
INFO     Logging to                                                             
         /data2/nfs/wangyingqi/Cyber-Zero/trajectories/ctfdojo_3traj_20260830_23
         2646/traj_001/angstromctf2024__awman-c5e3e16fcf/enigma_output/attempt-2
         0260831T111502071254-de3cccad/glm52_10__challenge__default_ctf__t-0.00_
         _p-0.95__k-20__c-0.00__install-1/run-260831111504.log                  
INFO     濠电姷鏁告慨鐑姐€傞挊澹╋綁宕ㄩ弶鎴狅紱闂佽宕樺▔娑氭閵堝悿褰掓偐瀹革拷
         閸庡繘鏌ｉ妶搴℃灍闁靛洤瀚板浠嬶拷鎰垫線缁墎绱?Arguments: actions:    
           apply_patch_locally: false                                           
           open_pr: false                                                       
           push_gh_repo_url: ''                                                 
           skip_if_commits_reference_issue: true                                
         agent:                                                                 
           config:                                                              
             _commands:                                                         
             - arguments:                                                       
                 line_number:                                                   
                   description: the line number to move the window to (if not   
         provided, the                                                          
                     window will start at the top of the file)                  
                   required: false                                              
                   type: integer                                                
                 path:                                                          
                   description: the path to the file to open                    
                   required: true                                               
                   type: string                                                 
               code: "open() {    if [ -z \"$1\" ]    then        echo \"Usage: 
         open \\\"<file>\\\                                                     
                 \"\"        return    fi    # Check if the second argument is  
         provided   \                                                           
                 \ if [ -n \"$2\" ]; then        # Check if the provided        
         argument is a valid\                                                   
                 \ number        if ! [[ $2 =~ ^[0-9]+$ ]]; then            echo
         \"Usage: open\                                                         
                 \ \\\"<file>\\\" [<line_number>]\"            echo \"Error:    
         <line_number>\                                                         
                 \ must be a number\"            return  # Exit if the line     
         number is not valid\                                                   
                 \        fi        local max_line=$(awk 'END {print NR}' $1)   
         if [ $2\                                                               
                 \ -gt $max_line ]; then            echo \"Warning:             
         <line_number> ($2) is greater\                                         
                 \ than the number of lines in the file ($max_line)\"           
         echo \"Warning:\                                                       
                 \ Setting <line_number> to $max_line\"            local        
         line_number=$(jq -n\                                                   
                 \ \"$max_line\")  # Set line number to max if greater than max 
         elif\                                                                  
                 \ [ $2 -lt 1 ]; then            echo \"Warning: <line_number>  
         ($2) is less\                                                          
                 \ than 1\"            echo \"Warning: Setting <line_number> to 
         1\"       \                                                            
                 \     local line_number=$(jq -n \"1\")  # Set line number to 1 
         if less than\                                                          
                 \ 1        else            local OFFSET=$(jq -n \"$WINDOW/6\" |
         jq 'floor')\                                                           
                 \            local line_number=$(jq -n \"[$2 + $WINDOW/2 -     
         $OFFSET, 1] | max\                                                     
                 \ | floor\")        fi    else        local line_number=$(jq -n
         \"$WINDOW/2\"\                                                         
                 )  # Set default line number if not provided    fi    if [ -f  
         \"$1\" ]; then\                                                        
                 \        export CURRENT_FILE=$(realpath \"$1\")        export  
         CURRENT_LINE=$line_number\                                             
                 \        _constrain_line                # Check if this is a   
         summarizer output\                                                     
                 \ file and warn the user        if [[ \"$CURRENT_FILE\" ==     
         */output/* ]];\                                                        
                 \ then            echo \"\u26A0\uFE0F  WARNING: You are now    
         opening a summarizer\                                                  
                 \ output file.\"            echo \"    Current file:           
         $CURRENT_FILE\"     \                                                  
                 \       echo \"    Any EDIT commands will modify THIS file, not
         your original\                                                         
                 \ source file.\"            echo \"    If you want to edit your
         original source\                                                       
                 \ file, use 'open <original_file_path>' first.\"               
         echo \"\"    \                                                         
                 \    fi                _print    elif [ -d \"$1\" ]; then      
         echo \"Error:\                                                         
                 \ $1 is a directory. You can only open files. Use cd or ls to  
         navigate directories.\"\                                               
                 \    else        echo \"File $1 not found\"    fi}"            
               docstring: opens the file at the given path in the editor. If    
         line_number is                                                         
                 provided, the window will be move to include that line         
               end_name: null                                                   
               name: open                                                       
               signature: open "<path>" [<line_number>]                         
             - arguments:                                                       
                 line_number:                                                   
                   description: the line number to move the window to           
                   required: true                                               
                   type: integer                                                
               code: 'goto() {    if [ $# -gt 1 ]; then        echo "goto allows
         only one line                                                          
                 number at a time."        return    fi    if [ -z              
         "$CURRENT_FILE" ]    then        echo                                  
                 "No file open. Use the open command first."        return    fi
         if [ -z                                                                
                 "$1" ]    then        echo "Usage: goto <line>"        return  
         fi    if                                                               
                 ! [[ $1 =~ ^[0-9]+$ ]]    then        echo "Usage: goto <line>"
         echo                                                                   
                 "Error: <line> must be a number"        return    fi    local  
         max_line=$(awk                                                         
                 ''END {print NR}'' "$CURRENT_FILE")    if [ $1 -gt $max_line ] 
         then        echo                                                       
                 "Error: <line> must be less than or equal to $max_line"        
         return    fi    local                                                  
                 OFFSET=$(jq -n "$WINDOW/6" | jq ''floor'')    export           
         CURRENT_LINE=$(jq -n                                                   
                 "[$1 + $WINDOW/2 - $OFFSET, 1] | max | floor")                 
         _constrain_line    _print}'                                            
               docstring: moves the window to show <line_number>                
               end_name: null                                                   
               name: goto                                                       
               signature: goto <line_number>                                    
             - arguments: null                                                  
               code: scroll_down() {    if [ -z "$CURRENT_FILE" ]    then       
         echo "No file                                                          
                 open. Use the open command first."        return    fi         
         export CURRENT_LINE=$(jq                                               
                 -n "$CURRENT_LINE + $WINDOW - $OVERLAP")    _constrain_line    
         _print    _scroll_warning_message}                                     
               docstring: moves the window down {WINDOW} lines                  
               end_name: null                                                   
               name: scroll_down                                                
               signature: scroll_down                                           
             - arguments: null                                                  
               code: scroll_up() {    if [ -z "$CURRENT_FILE" ]    then         
         echo "No file                                                          
                 open. Use the open command first."        return    fi         
         export CURRENT_LINE=$(jq                                               
                 -n "$CURRENT_LINE - $WINDOW + $OVERLAP")    _constrain_line    
         _print    _scroll_warning_message}                                     
               docstring: moves the window down {WINDOW} lines                  
               end_name: null                                                   
               name: scroll_up                                                  
               signature: scroll_up                                             
             - arguments:                                                       
                 filename:                                                      
                   description: the name of the file to create                  
                   required: true                                               
                   type: string                                                 
               code: "create() {    if [ -z \"$1\" ]; then        echo \"Usage: 
         create <filename>\"\                                                   
                 \        return    fi    # Check if the file already exists    
         if [ -e \"\                                                            
                 $1\" ]; then        echo \"Error: File '$1' already            
         exists.\"\t\topen \"$1\"\                                              
                 \        return    fi    # Create the file an empty new line   
         printf \"\\\                                                           
                 n\" > \"$1\"    # Use the existing open command to open the    
         created file \                                                         
                 \   open \"$1\"}"                                              
               docstring: creates and opens a new file with the given name      
               end_name: null                                                   
               name: create                                                     
               signature: create <filename>                                     
             - arguments:                                                       
                 dir:                                                           
                   description: the directory to search in (if not provided,    
         searches in the                                                        
                     current directory)                                         
                   required: false                                              
                   type: string                                                 
                 search_term:                                                   
                   description: the term to search for                          
                   required: true                                               
                   type: string                                                 
               code: 'search_dir() {    if [ $# -eq 1 ]; then        local      
         search_term="$1"        local                                          
                 dir="./"    elif [ $# -eq 2 ]; then        local               
         search_term="$1"        if                                             
                 [ -d "$2" ]; then            local dir="$2"        else        
         echo "Directory                                                        
                 $2 not found"            return        fi    else        echo  
         "Usage: search_dir                                                     
                 <search_term> [<dir>]"        return    fi    dir=$(realpath   
         "$dir")    local                                                       
                 matches=$(find "$dir" -type f ! -path ''*/.*'' -exec grep -nIH 
         -- "$search_term"                                                      
                 {} + | cut -d: -f1 | sort | uniq -c)    # if no matches, return
         if [ -z                                                                
                 "$matches" ]; then        echo "No matches found for           
         \"$search_term\" in $dir"        return    fi    #                     
                 Calculate total number of matches    local num_matches=$(echo  
         "$matches" |                                                           
                 awk ''{sum+=$1} END {print sum}'')    # calculate total number 
         of files matched    local                                              
                 num_files=$(echo "$matches" | wc -l | awk ''{$1=$1; print      
         $0}'')    # if num_files                                               
                 is > 100, print an error    if [ $num_files -gt 100 ]; then    
         echo "More                                                             
                 than $num_files files matched for \"$search_term\" in $dir.    
         Please narrow                                                          
                 your search."        return    fi    echo "Found $num_matches  
         matches for                                                            
                 \"$search_term\" in $dir:"    echo "$matches" | awk ''{$2=$2;  
         gsub(/^\.+\/+/,                                                        
                 "./", $2); print $2 " ("$1" matches)"}''    echo "End of       
         matches for \"$search_term\"                                           
                 in $dir"}'                                                     
               docstring: searches for search_term in all files in dir. If dir  
         is not provided,                                                       
                 searches in the current directory                              
               end_name: null                                                   
               name: search_dir                                                 
               signature: search_dir <search_term> [<dir>]                      
             - arguments:                                                       
                 file:                                                          
                   description: the file to search in (if not provided, searches
         in the current                                                         
                     open file)                                                 
                   required: false                                              
                   type: string                                                 
                 search_term:                                                   
                   description: the term to search for                          
                   required: true                                               
                   type: string                                                 
               code: 'search_file() {    # Check if the first argument is       
         provided    if [                                                       
                 -z "$1" ]; then        echo "Usage: search_file <search_term>  
         [<file>]"        return    fi    #                                     
                 Check if the second argument is provided    if [ -n "$2" ];    
         then        #                                                          
                 Check if the provided argument is a valid file        if [ -f  
         "$2" ]; then            local                                          
                 file="$2"  # Set file if valid        else            echo     
         "Usage: search_file                                                    
                 <search_term> [<file>]"            echo "Error: File name $2   
         not found. Please                                                      
                 provide a valid file name."            return  # Exit if the   
         file is not valid        fi    else        #                           
                 Check if a file is open        if [ -z "$CURRENT_FILE" ]; then 
         echo                                                                   
                 "No file open. Use the open command first."            return  
         # Exit if no                                                           
                 file is open        fi        local file="$CURRENT_FILE"  # Set
         file to the                                                            
                 current open file    fi    local search_term="$1"              
         file=$(realpath "$file")    #                                          
                 Use grep to directly get the desired formatted output    local 
         matches=$(grep                                                         
                 -nH -- "$search_term" "$file")    # Check if no matches were   
         found    if [                                                          
                 -z "$matches" ]; then        echo "No matches found for        
         \"$search_term\" in                                                    
                 $file"        return    fi    # Calculate total number of      
         matches    local                                                       
                 num_matches=$(echo "$matches" | wc -l | awk ''{$1=$1; print    
         $0}'')    # calculate                                                  
                 total number of lines matched    local num_lines=$(echo        
         "$matches" | cut -d:                                                   
                 -f1 | sort | uniq | wc -l | awk ''{$1=$1; print $0}'')    # if 
         num_lines is                                                           
                 > 100, print an error    if [ $num_lines -gt 100 ]; then       
         echo "More                                                             
                 than $num_lines lines matched for \"$search_term\" in $file.   
         Please narrow                                                          
                 your search."        return    fi    # Print the total number  
         of matches and                                                         
                 the matches themselves    echo "Found $num_matches matches for 
         \"$search_term\"                                                       
                 in $file:"    echo "$matches" | cut -d: -f1-2 | sort -u -t:    
         -k2,2n | while                                                         
                 IFS=: read -r filename line_number; do        echo "Line       
         $line_number:$(sed                                                     
                 -n "${line_number}p" "$file")"    done    echo "End of matches 
         for \"$search_term\"                                                   
                 in $file"}'                                                    
               docstring: searches for search_term in file. If file is not      
         provided, searches                                                     
                 in the current open file                                       
               end_name: null                                                   
               name: search_file                                                
               signature: search_file <search_term> [<file>]                    
             - arguments:                                                       
                 dir:                                                           
                   description: the directory to search in (if not provided,    
         searches in the                                                        
                     current directory)                                         
                   required: false                                              
                   type: string                                                 
                 file_name:                                                     
                   description: the name of the file to search for              
                   required: true                                               
                   type: string                                                 
               code: 'find_file() {    if [ $# -eq 1 ]; then        local       
         file_name="$1"        local                                            
                 dir="./"    elif [ $# -eq 2 ]; then        local file_name="$1"
         if                                                                     
                 [ -d "$2" ]; then            local dir="$2"        else        
         echo "Directory                                                        
                 $2 not found"            return        fi    else        echo  
         "Usage: find_file                                                      
                 <file_name> [<dir>]"        return    fi    dir=$(realpath     
         "$dir")    local                                                       
                 matches=$(find "$dir" -type f -name "$file_name")    # if no   
         matches, return    if                                                  
                 [ -z "$matches" ]; then        echo "No matches found for      
         \"$file_name\" in                                                      
                 $dir"        return    fi    # Calculate total number of       
         matches    local                                                       
                 num_matches=$(echo "$matches" | wc -l | awk ''{$1=$1; print    
         $0}'')    echo                                                         
                 "Found $num_matches matches for \"$file_name\" in $dir:"       
         echo "$matches"                                                        
                 | awk ''{print $0}''}'                                         
               docstring: finds all files with the given name in dir. If dir is 
         not provided,                                                          
                 searches in the current directory                              
               end_name: null                                                   
               name: find_file                                                  
               signature: find_file <file_name> [<dir>]                         
             - arguments:                                                       
                 end_line:                                                      
                   description: the line number to end the edit at (inclusive)  
                   required: true                                               
                   type: integer                                                
                 replacement_text:                                              
                   description: the text to replace the current selection with  
                   required: true                                               
                   type: string                                                 
                 start_line:                                                    
                   description: the line number to start the edit at            
                   required: true                                               
                   type: integer                                                
               code: 'edit() {    if [ -z "$CURRENT_FILE" ]    then        echo 
         ''No file open.                                                        
                 Use the `open` command first.''        return    fi    local   
         start_line="$(echo                                                     
                 $1: | cut -d: -f1)"    local end_line="$(echo $1: | cut -d:    
         -f2)"    if [                                                          
                 -z "$start_line" ] || [ -z "$end_line" ]    then        echo   
         "Usage: edit                                                           
                 <start_line>:<end_line>"        return    fi    local          
         re=''^[0-9]+$''    if                                                  
                 ! [[ $start_line =~ $re ]]; then        echo "Usage: edit      
         <start_line>:<end_line>"        echo                                   
                 "Error: start_line must be a number"        return    fi    if 
         ! [[ $end_line                                                         
                 =~ $re ]]; then        echo "Usage: edit                       
         <start_line>:<end_line>"        echo                                   
                 "Error: end_line must be a number"        return    fi    local
         linter_cmd="flake8                                                     
                 --isolated --select=F821,F822,F831,E111,E112,E113,E999,E902"   
         local linter_before_edit=$($linter_cmd                                 
                 "$CURRENT_FILE" 2>&1)    # Bash array starts at 0, so let''s   
         adjust    local                                                        
                 start_line=$((start_line - 1))    local end_line=$((end_line)) 
         local line_count=0    local                                            
                 replacement=()    while IFS= read -r line    do                
         replacement+=("$line")        ((line_count++))    done    #            
                 Create a backup of the current file    cp "$CURRENT_FILE"      
         "/root/$(basename                                                      
                 "$CURRENT_FILE")_backup"    # Read the file line by line into  
         an array    mapfile                                                    
                 -t lines < "$CURRENT_FILE"    local                            
         new_lines=("${lines[@]:0:$start_line}"                                 
                 "${replacement[@]}" "${lines[@]:$((end_line))}")    # Write the
         new stuff                                                              
                 directly back into the original file    printf "%s\n"          
         "${new_lines[@]}" >|                                                   
                 "$CURRENT_FILE"    # Run linter    if [[ $CURRENT_FILE == *.py 
         ]]; then        _lint_output=$($linter_cmd                             
                 "$CURRENT_FILE" 2>&1)        lint_output=$(_split_string       
         "$_lint_output" "$linter_before_edit"                                  
                 "$((start_line+1))" "$end_line" "$line_count")    else        #
         do nothing        lint_output=""    fi    #                            
                 if there is no output, then the file is good    if [ -z        
         "$lint_output" ];                                                      
                 then        export CURRENT_LINE=$start_line                    
         _constrain_line        _print        echo                              
                 "File updated. Please review the changes and make sure they are
         correct (correct                                                       
                 indentation, no duplicate lines, etc). Edit the file again if  
         necessary."    else        echo                                        
                 "Your proposed edit has introduced new syntax error(s). Please 
         read this error                                                        
                 message carefully and then retry editing the file."        echo
         ""        echo                                                         
                 "ERRORS:"        echo "$lint_output"        echo ""        #   
         Save original                                                          
                 values        original_current_line=$CURRENT_LINE              
         original_window=$WINDOW        #                                       
                 Update values        export CURRENT_LINE=$(( (line_count / 2) +
         start_line                                                             
                 )) # Set to "center" of edit        export WINDOW=$((line_count
         + 10)) # Show                                                          
                 +/- 5 lines around edit        echo "This is how your edit     
         would have looked                                                      
                 if applied"        echo                                        
         "-------------------------------------------------"                    
         _constrain_line        _print        echo                              
                 "-------------------------------------------------"        echo
         ""        #                                                            
                 Restoring CURRENT_FILE to original contents.        cp         
         "/root/$(basename "$CURRENT_FILE")_backup"                             
                 "$CURRENT_FILE"        export CURRENT_LINE=$(( ((end_line -    
         start_line + 1)                                                        
                 / 2) + start_line ))        export WINDOW=$((end_line -        
         start_line + 10))        echo                                          
                 "This is the original code before your edit"        echo       
         "-------------------------------------------------"                    
         _constrain_line        _print        echo                              
                 "-------------------------------------------------"        #   
         Restore original                                                       
                 values        export CURRENT_LINE=$original_current_line       
         export WINDOW=$original_window        echo                             
                 "Your changes have NOT been applied. Please fix your edit      
         command and try                                                        
                 again."        echo "You either need to 1) Specify the correct 
         start/end line                                                         
                 arguments or 2) Correct your edit code."        echo "DO NOT   
         re-run the same                                                        
                 failed edit command. Running it again will lead to the same    
         error."    fi    #                                                     
                 Remove backup file    rm -f "/root/$(basename                  
         "$CURRENT_FILE")_backup"}'                                             
               docstring: replaces lines <start_line> through <end_line>        
         (inclusive) with the                                                   
                 given text in the open file. The replacement text is terminated
         by a line                                                              
                 with only end_of_edit on it. All of the <replacement text> will
         be entered,                                                            
                 so make sure your indentation is formatted properly. Python    
         files will be                                                          
                 checked for syntax errors after the edit. If the system detects
         a syntax error,                                                        
                 the edit will not be executed. Simply try to edit the file     
         again, but make                                                        
                 sure to read the error message and modify the edit command you 
         issue accordingly.                                                     
                 Issuing the same command a second time will just lead to the   
         same error message                                                     
                 again.                                                         
               end_name: end_of_edit                                            
               name: edit                                                       
               signature: |-                                                    
                 edit <start_line>:<end_line>                                   
                 <replacement_text>                                             
                 end_of_edit                                                    
             - arguments:                                                       
                 flag:                                                          
                   description: the flag found                                  
                   required: true                                               
                   type: string                                                 
               code: 'submit() {    if [ -z "$1" ]; then        echo "Usage:    
         submit <flag>"        return    fi    echo                             
                 -n "<<SUBMISSION||"    echo -n "$@"    echo "||SUBMISSION>>"}' 
               docstring: submits your current flag and terminates the session, 
         you should                                                             
                 be aware to properly escape the flag as this is a bash command 
         and to put                                                             
                 your flag under single quotes.                                 
               end_name: null                                                   
               name: submit                                                     
               signature: submit '<flag>'                                       
             - arguments:                                                       
                 binary_path:                                                   
                   description: The path to the binary to be decompiled         
                   required: true                                               
                   type: file path                                              
                 function_name:                                                 
                   description: The function name to be decompiled, or main by  
         default                                                                
                   required: false                                              
                   type: string                                                 
               code: "#!/usr/bin/env python3\n# Copyright Amazon.com, Inc. or   
         its affiliates.\                                                       
                 \ All Rights Reserved.  \n\n# SPDX-License-Identifier:         
         CC-BY-NC-4.0\n\n\n\                                                    
                 #!/root/miniconda3/bin/python\n\n#\n# @yaml\n# signature:      
         decompile <binary_path>\                                               
                 \ [--function_name <function_name>]\n# docstring: Decompile a  
         binary and prints\                                                     
                 \ the decompilation of a given function name\n# arguments:\n#  
         binary_path:\n\                                                        
                 #       type: file path\n#       description: The path to the  
         binary to be\                                                          
                 \ decompiled\n#       required: true\n#   function_name:\n#    
         type: string\n\                                                        
                 #       description: The function name to be decompiled, or    
         main by default\n\                                                     
                 #       required: false\n\nimport argparse\nimport             
         subprocess\nimport re\n\                                               
                 import json\nimport tempfile\nfrom typing import               
         Annotated\nfrom pathlib import\                                        
                 \ Path\n\nGHIDRA_BINARY = \"analyzeHeadless\"\n\nclass         
         Decompile:\n    def\                                                   
                 \ __init__(self):\n        pass\n\n    def __call__(self,\n    
         \                                                                      
                 \   path: Annotated[str,\"path to the binary to decompile\"],\n
         \                                                                      
                 \       function: Annotated[str,\"the function to decompile\"] 
         = 'main'):\n\                                                          
                 \        \"\"\"Decompile a function from a binary using        
         Ghidra.\"\"\"\n  \                                                     
                 \      if path is None or not Path(path).is_file():\n          
         return f\"\                                                            
                 Error: Binary {path} does not exist! Please try again with a   
         real binary file.\"\                                                   
                 \n        if function is None:\n            function =         
         \"main\"\n        return\                                              
                 \ self.decompile(path, function)\n\n    def find_function(self,
         dis, function):\n\                                                     
                 \        \"\"\"Returns the name of the function found in the   
         dict\"\"\"\n\                                                          
                 \        if function in dis[\"functions\"]:\n            return
         function\n\                                                            
                 \        # Looking for main entry point, so try other names    
         also\n       \                                                         
                 \ if function == \"main\":\n            if \"main\" in dis:\n  
         \                                                                      
                 \    return dis[\"main\"]\n            if \"_start\" in        
         dis[\"functions\"\                                                     
                 ]:\n                return \"_start\"\n            if          
         \"invoke_main\" in dis[\"\                                             
                 functions\"]:\n                return \"invoke_main\"\n        
         if \"entry\"\                                                          
                 \ in dis[\"functions\"]:\n                return \"entry\"\n   
         # Check\                                                               
                 \ if requesting radare2 unnamed function with address\n        
         if re.match(r\"\                                                       
                 fcn\\.[0-9a-f]+$\", function):\n            addr =             
         function[4:]\n        \                                                
                 \    if addr in dis[\"addresses\"]:\n                return    
         dis[\"addresses\"\                                                     
                 ][addr]\n        # Nothing found\n        return None\n\n      
         def decompile(self,\                                                   
                 \ binary: str, function: str) -> str:\n        # Look for the  
         decompilation\                                                         
                 \ output in \"decomp\"\n        basename = Path(binary).name\n 
         decomp_output_path\                                                    
                 \ = Path(f\"/ghidra_out/{basename}.decomp.json\")\n        if  
         not decomp_output_path.exists():\n\                                    
                 \            if not self.run_ghidra(basename,                  
         decomp_output_path):\n     \                                           
                 \           return f\"Error: Decompilation for {binary} not    
         available\"\n\                                                         
                 \        decomp_output = decomp_output_path.read_text()\n      
         try:\n  \                                                              
                 \          self.ghidra_out = json.loads(decomp_output)\n       
         except json.JSONDecodeError\                                           
                 \ as e:\n            msg = (\n                f\"Error: Failed 
         to parse Ghidra\                                                       
                 \ output {decomp_output!r} for {binary}. \"\n                  
         \"Please report\                                                       
                 \ this bug.\"\n            )\n            raise ValueError(msg)
         from e\n\n\                                                            
                 \        if found := self.find_function(self.ghidra_out,       
         function):\n    \                                                      
                 \        ret = self.ghidra_out[\"functions\"][found]\n         
         if found\                                                              
                 \ == function:\n                # Exact name found\n           
         return\                                                                
                 \ f\"Decompilation Found!\\n{ret}\"\n            else:\n       
         return\                                                                
                 \ f\"Function {function} not found! Instead, here is the       
         decompilation of\                                                      
                 \ equivalent function {found}:\\n{ret}\"\n        else:\n      
         funclist\                                                              
                 \ = \", \".join(self.ghidra_out['functions'].keys())\n         
         return f\"\                                                            
                 Error: Function {function} not found in {binary}.\\nThese are  
         the available\                                                         
                 \ functions found: {funclist}\"\n\n    def run_ghidra(self,    
         binary: str, output:\                                                  
                 \ Path) -> bool:\n        \"\"\"Run ghidra if possible.\n\n    
         Returns:\n\                                                            
                 \            bool: True if successful, False otherwise\n       
         \"\"\"\n \                                                             
                 \       real_binary = Path(binary)\n        if not real_binary 
         or not real_binary.exists():\n\                                        
                 \            return False\n                                    
         output.parent.mkdir(parents=True, exist_ok=True)\n\                    
                 \        with tempfile.TemporaryDirectory() as tmpdir:\n       
         tmpdir\                                                                
                 \ = Path(tmpdir)\n            subprocess.run(\n                
         [GHIDRA_BINARY,\                                                       
                 \ tmpdir, \"DummyProj\", \"-scriptpath\", '/ghidra_scripts',\n 
         \                                                                      
                 \      \"-import\", real_binary, \"-postscript\",              
         \"DecompileToJson.java\"\                                              
                 , output],\n                check=False, capture_output=True,\n
         \                                                                      
                 \  )\n            return output.exists()\n\n\nif __name__ ==   
         \"__main__\"\                                                          
                 :\n    parser = argparse.ArgumentParser(\n                     
         description=\"Print the\                                               
                 \ contents of a Python file, skipping lengthy function and     
         method definitions.\"\                                                 
                 \n    )\n    parser.add_argument(\"file_path\", type=str,      
         help=\"The path\                                                       
                 \ to the binary to be decompiled\")\n                          
         parser.add_argument(\"--function_name\"\                               
                 , type=str, help=\"The function name to be decompiled\",       
         required=False, default=\"\                                            
                 main\")\n    args = parser.parse_args()\n                      
         print(Decompile()(args.file_path,\                                     
                 \ args.function_name))\n"                                      
               docstring: Decompile a binary and prints the decompilation of a  
         given function                                                         
                 name                                                           
               end_name: null                                                   
               name: decompile                                                  
               signature: decompile <binary_path> [--function_name              
         <function_name>]                                                       
             - arguments:                                                       
                 binary_path:                                                   
                   description: The path to the binary to be disassembled       
                   required: true                                               
                   type: file path                                              
                 function_name:                                                 
                   description: The function name to be disassembled, or main by
         default                                                                
                   required: false                                              
                   type: string                                                 
               code: "#!/usr/bin/env python3\n# Copyright Amazon.com, Inc. or   
         its affiliates.\                                                       
                 \ All Rights Reserved.  \n\n# SPDX-License-Identifier:         
         CC-BY-NC-4.0\n\n\n\                                                    
                 #!/root/miniconda3/bin/python\n\n#\n# @yaml\n# signature:      
         disassemble <binary_path>\                                             
                 \ [--function_name <function_name>]\n# docstring: Disassembles 
         a binary and\                                                          
                 \ prints the disassembly of a given function name\n#           
         arguments:\n#   binary_path:\n\                                        
                 #       type: file path\n#       description: The path to the  
         binary to be\                                                          
                 \ disassembled\n#       required: true\n#   function_name:\n#  
         type:\                                                                 
                 \ string\n#       description: The function name to be         
         disassembled, or main\                                                 
                 \ by default\n#       required: false\n\nimport                
         argparse\nimport subprocess\n\                                         
                 import re\nimport json\nimport tempfile\nfrom typing import    
         Annotated\nfrom\                                                       
                 \ pathlib import Path\n\nGHIDRA_BINARY =                       
         \"analyzeHeadless\"\n\nclass Disassemble:\n\                           
                 \    def __init__(self):\n        pass\n\n    def              
         __call__(self,\n       \                                               
                 \          path: Annotated[str,\"path to the binary to         
         disassemble\"],\n \                                                    
                 \                function: Annotated[str,\"the function to     
         disassemble\"]\                                                        
                 \ = 'main'):\n        \"\"\"Disassemble a function from a      
         binary using Ghidra.\"\                                                
                 \"\"\n        if path is None or not Path(path).is_file():\n   
         return\                                                                
                 \ f\"Error: Binary {path} does not exist! Please try again with
         a real binary\                                                         
                 \ file.\"\n        if function is None:\n            function =
         \"main\"\n\                                                            
                 \        return self.disassemble(path, function)\n\n    def    
         find_function(self,\                                                   
                 \ dis, function):\n        \"\"\"Returns the name of the       
         function found in\                                                     
                 \ the dict\"\"\"\n        if function in dis[\"functions\"]:\n 
         \                                                                      
                 \ return function\n        # Looking for main entry point, so  
         try other names\                                                       
                 \ also\n        if function == \"main\":\n            if       
         \"main\" in dis:\n\                                                    
                 \                return dis[\"main\"]\n            if          
         \"_start\" in dis[\"\                                                  
                 functions\"]:\n                return \"_start\"\n             
         if \"invoke_main\"\                                                    
                 \ in dis[\"functions\"]:\n                return               
         \"invoke_main\"\n       \                                              
                 \     if \"entry\" in dis[\"functions\"]:\n                    
         return \"entry\"\                                                      
                 \n        # Check if requesting radare2 unnamed function with  
         address\n  \                                                           
                 \      if re.match(r\"fcn\\.[0-9a-f]+$\", function):\n         
         addr = function[4:]\n\                                                 
                 \            if addr in dis[\"addresses\"]:\n                  
         return dis[\"\                                                         
                 addresses\"][addr]\n        # Nothing found\n        return    
         None\n\n    def\                                                       
                 \ disassemble(self, binary, function):\n        # Look for the 
         disassembly\                                                           
                 \ output in \"disas\"\n        basename = Path(binary).name\n  
         disas_output_path\                                                     
                 \ = Path(f\"/ghidra_out/{basename}.disas.json\")\n        if   
         not disas_output_path.exists():\n\                                     
                 \            if not self.run_ghidra(basename,                  
         disas_output_path):\n      \                                           
                 \          return f\"Error: Disassembly for {binary} not       
         available\"\n   \                                                      
                 \     disas_output = disas_output_path.read_text()\n           
         try:\n       \                                                         
                 \     self.ghidra_out = json.loads(disas_output)\n             
         except json.JSONDecodeError\                                           
                 \ as e:\n            msg = (\n                f\"Error: Failed 
         to parse Ghidra\                                                       
                 \ output {disas_output!r} for {binary}. \"\n                   
         \"Please report\                                                       
                 \ this bug.\"\n            )\n            raise ValueError(msg)
         from e\n\n\                                                            
                 \        if found := self.find_function(self.ghidra_out,       
         function):\n    \                                                      
                 \        ret = self.ghidra_out[\"functions\"][found]\n         
         if found\                                                              
                 \ == function:\n                # Exact name found\n           
         return\                                                                
                 \ f\"Disassembly Found!\\n{ret}\"\n            else:\n         
         return\                                                                
                 \ f\"Function {function} not found! Instead, here is the       
         disassembly of equivalent\                                             
                 \ function {found}:\\n{ret}\"\n        else:\n                 
         funclist = \", \"\                                                     
                 .join(self.ghidra_out[\"functions\"].keys())\n                 
         return f\"Error:\                                                      
                 \ Function {function} not found in {binary}.\\nThese are the   
         available functions\                                                   
                 \ found: {funclist}\"\n\n    def run_ghidra(self, binary,      
         output):\n     \                                                       
                 \   real_binary = Path(binary)\n        if not real_binary or  
         not real_binary.exists():\n\                                           
                 \            return False\n                                    
         output.parent.mkdir(parents=True, exist_ok=True)\n\                    
                 \        with tempfile.TemporaryDirectory() as tmpdir:\n       
         tmpdir\                                                                
                 \ = Path(tmpdir)\n            subprocess.run(\n                
         [GHIDRA_BINARY,\                                                       
                 \ tmpdir, \"DummyProj\", \"-scriptpath\", '/ghidra_scripts',\n 
         \                                                                      
                 \      \"-import\", real_binary, \"-postscript\",              
         \"DisassembleToJson.java\"\                                            
                 , output],\n                check=False, capture_output=True,\n
         \                                                                      
                 \  )\n            return output.exists()\n\n\nif __name__ ==   
         \"__main__\"\                                                          
                 :\n    parser = argparse.ArgumentParser(\n                     
         description=\"Print the\                                               
                 \ contents of a Python file, skipping lengthy function and     
         method definitions.\"\                                                 
                 \n    )\n    parser.add_argument(\"file_path\", type=str,      
         help=\"The path\                                                       
                 \ to the binary to be disassembled\")\n                        
         parser.add_argument(\"--function_name\"\                               
                 , type=str, help=\"The function name to be disassembled\",     
         required=False,\                                                       
                 \ default=\"main\")\n    args = parser.parse_args()\n          
         print(Disassemble()(args.file_path,\                                   
                 \ args.function_name))\n"                                      
               docstring: Disassembles a binary and prints the disassembly of a 
         given function                                                         
                 name                                                           
               end_name: null                                                   
               name: disassemble                                                
               signature: disassemble <binary_path> [--function_name            
         <function_name>]                                                       
             - arguments:                                                       
                 args:                                                          
                   description: optional command-line arguments for the binary  
                   required: false                                              
                   type: string                                                 
                 binary:                                                        
                   description: the path to the binary to debug                 
                   required: true                                               
                   type: string                                                 
               code: 'debug_start() {    if [ -z "$1" ]    then        echo     
         "Usage: debug_start                                                    
                 <binary>"        return    fi    if [ ! -x "$1" ]    then      
         echo "Error:                                                           
                 File $1 does not exist, or is not executable"        return    
         fi    fp=$(realpath                                                    
                 $1)    _debug_command "SESSION=gdb"    _debug_command "START"  
         _debug_command                                                         
                 "set confirm off"    _debug_command "file $fp"    if [ ! -z    
         "$2" ]    then        _debug_command                                   
                 "set args ${@:2:$#}" # Set arguments from 2 until the end    fi
         _debug_command                                                         
                 "starti"    export INTERACTIVE_SESSION="gdb $@"}'              
               docstring: Starts a debug session with the given binary.         
               end_name: null                                                   
               name: debug_start                                                
               signature: debug_start <binary> [<args>]                         
             - arguments:                                                       
                 breakpoint:                                                    
                   description: The breakpoint location, which may be a function
         name, address,                                                         
                     or filename and line number.                               
                   required: true                                               
                   type: string                                                 
               code: 'debug_add_breakpoint() {    if [ -z "$1" ]    then        
         echo "Usage:                                                           
                 debug_add_breakpoint <breakpoint>"        return    fi         
         _debug_command "SESSION=gdb"    _debug_command                         
                 ''break ''$1}'                                                 
               docstring: Adds a breakpoint in the debug session                
               end_name: null                                                   
               name: debug_add_breakpoint                                       
               signature: debug_add_breakpoint <breakpoint>                     
             - arguments: null                                                  
               code: debug_continue() {    _debug_command "SESSION=gdb"         
         _debug_command 'continue'}                                             
               docstring: Continues the program execution in the debug session. 
               end_name: null                                                   
               name: debug_continue                                             
               signature: debug_continue                                        
             - arguments:                                                       
                 number:                                                        
                   description: number of instructions to step (default is 1)   
                   required: false                                              
                   type: integer                                                
               code: 'debug_step() {    if [ -z "$1" ]    then                  
         _debug_command "SESSION=gdb"        _debug_command                     
                 ''stepi''    elif [[ (("$1" -eq "$1") && ("$1" -gt "0")) ]] #  
         Check if integer                                                       
                 and positive    then        _debug_command "SESSION=gdb"       
         _debug_command                                                         
                 ''stepi ''$1    else        echo "Please provide a positive    
         integer for number                                                     
                 of instructions."        echo "Usage: debug_step [number]"     
         fi}'                                                                   
               docstring: Steps number of instructions in the debug session.    
               end_name: null                                                   
               name: debug_step                                                 
               signature: debug_step [number]                                   
             - arguments:                                                       
                 command:                                                       
                   description: command to execute (wrap in single quotes to    
         avoid shell escaping                                                   
                     and substitution)                                          
                   required: true                                               
                   type: string                                                 
               code: 'debug_exec() {    if [ -z "$1" ]    then        echo      
         "Usage: debug_exec                                                     
                 <command>"        return    fi    _debug_command "SESSION=gdb" 
         _debug_command                                                         
                 "$1"}'                                                         
               docstring: Executes arbitrary gdb command in debug session.      
               end_name: null                                                   
               name: debug_exec                                                 
               signature: debug_exec <command>                                  
             - arguments: null                                                  
               code: debug_stop() {    _debug_command "SESSION=gdb"             
         _debug_command "quit"    _debug_command                                
                 "STOP"    unset INTERACTIVE_SESSION}                           
               docstring: Stops the current debug session.                      
               end_name: null                                                   
               name: debug_stop                                                 
               signature: debug_stop                                            
             - arguments:                                                       
                 port:                                                          
                   description: desired port for connection                     
                   required: true                                               
                   type: int                                                    
                 server_address:                                                
                   description: the server address to initiate connection to    
                   required: true                                               
                   type: string                                                 
               code: 'connect_start() {    if [ -z "$1" ] || [ -z "$2" ]    then
         echo                                                                   
                 "Usage: connect_start <server_address> <port>"        return   
         fi    _connect_command                                                 
                 "SESSION=connect"    _connect_command "START"                  
         _connect_command "connect                                              
                 $1 $2"    export INTERACTIVE_SESSION="connect $@"}'            
               docstring: Starts a new interactive connection to the server     
         address and port.                                                      
               end_name: null                                                   
               name: connect_start                                              
               signature: connect_start <server_address> <port>                 
             - arguments:                                                       
                 line:                                                          
                   description: The line to send to the connection              
                   required: false                                              
                   type: string                                                 
               code: connect_sendline() {    _connect_command "SESSION=connect" 
         _connect_command                                                       
                 'sendline '$@}                                                 
               docstring: Sends a line with unicode/hexadecimal values to the   
         connection. Sending                                                    
                 hexadecimal bytes should be done using \x<hh> where hh stands  
         for the sepecific                                                      
                 byte you want to send.                                         
               end_name: null                                                   
               name: connect_sendline                                           
               signature: connect_sendline [<line>]                             
             - arguments:                                                       
                 command:                                                       
                   description: command to execute (wrap in single quotes to    
         avoid shell escaping                                                   
                     and substitution)                                          
                   required: true                                               
                   type: string                                                 
               code: 'connect_exec() {    if [ -z "$1" ]    then        echo    
         "Usage: connect_exec                                                   
                 <command>"        return    fi    _connect_command             
         "SESSION=connect"    _connect_command                                  
                 "$@"}'                                                         
               docstring: Executes arbitrary connect command in connect session.
               end_name: null                                                   
               name: connect_exec                                               
               signature: connect_exec <command>                                
             - arguments: null                                                  
               code: connect_stop() {    _connect_command "SESSION=connect"     
         _connect_command                                                       
                 "quit"    _connect_command "STOP"    unset INTERACTIVE_SESSION}
               docstring: Stops the current connect session.                    
               end_name: null                                                   
               name: connect_stop                                               
               signature: connect_stop                                          
             - arguments: null                                                  
               code: "exit_forfeit() {    echo \"Forfeit \U0001F625\"    #      
         Implementation note:\                                                  
                 \ This is actually caught directly in swe_env.py    # We only  
         include this\                                                          
                 \ stub so that the command is shown to the agent.}"            
               docstring: Give up on the current challenge and terminate the    
         session.                                                               
               end_name: null                                                   
               name: exit_forfeit                                               
               signature: exit_forfeit                                          
             _subroutines: {}                                                   
             block_unless_regex:                                                
               r2: \b(?:radare2)\b.*\s+-c\s+.*                                  
               radare2: \b(?:radare2)\b.*\s+-c\s+.*                             
             blocklist:                                                         
             - vim                                                              
             - vi                                                               
             - emacs                                                            
             - nano                                                             
             - nohup                                                            
             - gdb                                                              
             blocklist_error_template: |                                        
               Interactive operation '{name}' is not supported by this          
         environment.                                                           
               Please consider using one of the interactive commands available  
         to you in this environment.                                            
             blocklist_standalone:                                              
             - python                                                           
             - python3                                                          
             - ipython                                                          
             - bash                                                             
             - sh                                                               
             - exit                                                             
             - /bin/bash                                                        
             - /bin/sh                                                          
             - nohup                                                            
             - vi                                                               
             - vim                                                              
             - emacs                                                            
             - nano                                                             
             - su                                                               
             command_docs: |+                                                   
               open:                                                            
                 docstring: opens the file at the given path in the editor. If  
         line_number is provided, the window will be move to include that line  
                 signature: open "<path>" [<line_number>]                       
                 arguments:                                                     
                   - path (string) [required]: the path to the file to open     
                   - line_number (integer) [optional]: the line number to move  
         the window to (if not provided, the window will start at the top of the
         file)                                                                  
                                                                                
               goto:                                                            
                 docstring: moves the window to show <line_number>              
                 signature: goto <line_number>                                  
                 arguments:                                                     
                   - line_number (integer) [required]: the line number to move  
         the window to                                                          
                                                                                
               scroll_down:                                                     
                 docstring: moves the window down 100 lines                     
                 signature: scroll_down                                         
                                                                                
               scroll_up:                                                       
                 docstring: moves the window down 100 lines                     
                 signature: scroll_up                                           
                                                                                
               create:                                                          
                 docstring: creates and opens a new file with the given name    
                 signature: create <filename>                                   
                 arguments:                                                     
                   - filename (string) [required]: the name of the file to      
         create                                                                 
                                                                                
               search_dir:                                                      
                 docstring: searches for search_term in all files in dir. If dir
         is not provided, searches in the current directory                     
                 signature: search_dir <search_term> [<dir>]                    
                 arguments:                                                     
                   - search_term (string) [required]: the term to search for    
                   - dir (string) [optional]: the directory to search in (if not
         provided, searches in the current directory)                           
                                                                                
               search_file:                                                     
                 docstring: searches for search_term in file. If file is not    
         provided, searches in the current open file                            
                 signature: search_file <search_term> [<file>]                  
                 arguments:                                                     
                   - search_term (string) [required]: the term to search for    
                   - file (string) [optional]: the file to search in (if not    
         provided, searches in the current open file)                           
                                                                                
               find_file:                                                       
                 docstring: finds all files with the given name in dir. If dir  
         is not provided, searches in the current directory                     
                 signature: find_file <file_name> [<dir>]                       
                 arguments:                                                     
                   - file_name (string) [required]: the name of the file to     
         search for                                                             
                   - dir (string) [optional]: the directory to search in (if not
         provided, searches in the current directory)                           
                                                                                
               edit:                                                            
                 docstring: replaces lines <start_line> through <end_line>      
         (inclusive) with the given text in the open file. The replacement text 
         is terminated by a line with only end_of_edit on it. All of the        
         <replacement text> will be entered, so make sure your indentation is   
         formatted properly. Python files will be checked for syntax errors     
         after the edit. If the system detects a syntax error, the edit will not
         be executed. Simply try to edit the file again, but make sure to read  
         the error message and modify the edit command you issue accordingly.   
         Issuing the same command a second time will just lead to the same error
         message again.                                                         
                 signature: edit <start_line>:<end_line>                        
               <replacement_text>                                               
               end_of_edit                                                      
                 arguments:                                                     
                   - start_line (integer) [required]: the line number to start  
         the edit at                                                            
                   - end_line (integer) [required]: the line number to end the  
         edit at (inclusive)                                                    
                   - replacement_text (string) [required]: the text to replace  
         the current selection with                                             
                                                                                
               submit:                                                          
                 docstring: submits your current flag and terminates the        
         session, you should be aware to properly escape the flag as this is a  
         bash command and to put your flag under single quotes.                 
                 signature: submit '<flag>'                                     
                 arguments:                                                     
                   - flag (string) [required]: the flag found                   
                                                                                
               decompile:                                                       
                 docstring: Decompile a binary and prints the decompilation of a
         given function name                                                    
                 signature: decompile <binary_path> [--function_name            
         <function_name>]                                                       
                 arguments:                                                     
                   - binary_path (file path) [required]: The path to the binary 
         to be decompiled                                                       
                   - function_name (string) [optional]: The function name to be 
         decompiled, or main by default                                         
                                                                                
               disassemble:                                                     
                 docstring: Disassembles a binary and prints the disassembly of 
         a given function name                                                  
                 signature: disassemble <binary_path> [--function_name          
         <function_name>]                                                       
                 arguments:                                                     
                   - binary_path (file path) [required]: The path to the binary 
         to be disassembled                                                     
                   - function_name (string) [optional]: The function name to be 
         disassembled, or main by default                                       
                                                                                
               debug_start:                                                     
                 docstring: Starts a debug session with the given binary.       
                 signature: debug_start <binary> [<args>]                       
                 arguments:                                                     
                   - binary (string) [required]: the path to the binary to debug
                   - args (string) [optional]: optional command-line arguments  
         for the binary                                                         
                                                                                
               debug_add_breakpoint:                                            
                 docstring: Adds a breakpoint in the debug session              
                 signature: debug_add_breakpoint <breakpoint>                   
                 arguments:                                                     
                   - breakpoint (string) [required]: The breakpoint location,   
         which may be a function name, address, or filename and line number.    
                                                                                
               debug_continue:                                                  
                 docstring: Continues the program execution in the debug        
         session.                                                               
                 signature: debug_continue                                      
                                                                                
               debug_step:                                                      
                 docstring: Steps number of instructions in the debug session.  
                 signature: debug_step [number]                                 
                 arguments:                                                     
                   - number (integer) [optional]: number of instructions to step
         (default is 1)                                                         
                                                                                
               debug_exec:                                                      
                 docstring: Executes arbitrary gdb command in debug session.    
                 signature: debug_exec <command>                                
                 arguments:                                                     
                   - command (string) [required]: command to execute (wrap in   
         single quotes to avoid shell escaping and substitution)                
                                                                                
               debug_stop:                                                      
                 docstring: Stops the current debug session.                    
                 signature: debug_stop                                          
                                                                                
               connect_start:                                                   
                 docstring: Starts a new interactive connection to the server   
         address and port.                                                      
                 signature: connect_start <server_address> <port>               
                 arguments:                                                     
                   - server_address (string) [required]: the server address to  
         initiate connection to                                                 
                   - port (int) [required]: desired port for connection         
                                                                                
               connect_sendline:                                                
                 docstring: Sends a line with unicode/hexadecimal values to the 
         connection. Sending hexadecimal bytes should be done using \x<hh> where
         hh stands for the sepecific byte you want to send.                     
                 signature: connect_sendline [<line>]                           
                 arguments:                                                     
                   - line (string) [optional]: The line to send to the          
         connection                                                             
                                                                                
               connect_exec:                                                    
                 docstring: Executes arbitrary connect command in connect       
         session.                                                               
                 signature: connect_exec <command>                              
                 arguments:                                                     
                   - command (string) [required]: command to execute (wrap in   
         single quotes to avoid shell escaping and substitution)                
                                                                                
               connect_stop:                                                    
                 docstring: Stops the current connect session.                  
                 signature: connect_stop                                        
                                                                                
               exit_forfeit:                                                    
                 docstring: Give up on the current challenge and terminate the  
         session.                                                               
                 signature: exit_forfeit                                        
                                                                                
             command_files:                                                     
             -                                                                  
         /data2/nfs/wangyingqi/Cyber-Zero/enigma-plus/config/commands/defaults.s
         h                                                                      
             -                                                                  
         /data2/nfs/wangyingqi/Cyber-Zero/enigma-plus/config/commands/search.sh 
             -                                                                  
         /data2/nfs/wangyingqi/Cyber-Zero/enigma-plus/config/commands/edit_linti
         ng.sh                                                                  
             -                                                                  
         /data2/nfs/wangyingqi/Cyber-Zero/enigma-plus/config/commands/_split_str
         ing.py                                                                 
             -                                                                  
         /data2/nfs/wangyingqi/Cyber-Zero/enigma-plus/config/commands/submit_ctf
         .sh                                                                    
             -                                                                  
         /data2/nfs/wangyingqi/Cyber-Zero/enigma-plus/config/commands/decompile.
         py                                                                     
             -                                                                  
         /data2/nfs/wangyingqi/Cyber-Zero/enigma-plus/config/commands/disassembl
         e.py                                                                   
             -                                                                  
         /data2/nfs/wangyingqi/Cyber-Zero/enigma-plus/config/commands/debug.sh  
             -                                                                  
         /data2/nfs/wangyingqi/Cyber-Zero/enigma-plus/config/commands/_connect.p
         y                                                                      
             -                                                                  
         /data2/nfs/wangyingqi/Cyber-Zero/enigma-plus/config/commands/server_con
         nection.sh                                                             
             -                                                                  
         /data2/nfs/wangyingqi/Cyber-Zero/enigma-plus/config/commands/forfeit.sh
             context_compression:                                               
               enabled: true                                                    
               max_context_tokens: 32000                                        
               max_summary_input_chars: 120000                                  
               max_summary_output_chars: 24000                                  
               summary_model: same_as_agent                                     
               trigger_ratio: 0.75                                              
             demonstration_template: null                                       
             demonstrations: []                                                 
             enable_context_compression: true                                   
             enable_thought_recording: true                                     
             env_variables:                                                     
               CURRENT_FILE: ''                                                 
               CURRENT_LINE: '0'                                                
               OVERLAP: '2'                                                     
               SEARCH_FILES: ()                                                 
               SEARCH_INDEX: '0'                                                
               SEARCH_RESULTS: ()                                               
               WINDOW: '100'                                                    
             format_error_template: |                                           
               Your output was not formatted correctly. You must always include 
         one discussion and one command as part of your response. Make sure you 
         do not have multiple discussion/command tags.                          
               The command may be multiline (for example a single heredoc or    
         `python3 -c` block), but it must be contained in exactly one fenced    
         code block. Do not include a second command block.                     
               Please make sure your output precisely matches the following     
         format:                                                                
               DISCUSSION                                                       
               Discuss here with yourself about what your planning and what     
         you're going to do in this step.                                       
                                                                                
               ```                                                              
               command(s) that you're going to run                              
               ```                                                              
             history_processor: {}                                              
             history_processor_args: {}                                         
             instance_template: |-                                              
               We're currently solving the following CTF challenge. The CTF     
         challenge is a {category_friendly} problem named "{name}", worth       
         {points} points. The description is:                                   
               {description}                                                    
               Files included in the challenge: {files}                         
                                                                                
               {server_description}                                             
                                                                                
               INSTRUCTIONS:                                                    
               Now, you're going to solve this challenge on your own. Your      
         terminal session has started and you're in the challenge's root        
         directory. You can use any bash commands or the special interface to   
         help you.                                                              
               Solve the challenge, executing any commands you need and writing 
         any code that may be helpful. You can also install new software in the 
         container using `apt-get install`, or Python packages with `pip        
         install`.                                                              
               Remember, YOU CAN ONLY ENTER ONE COMMAND AT A TIME. You should   
         always wait for feedback after every command.                          
               When you think you have found the flag, you can submit your      
         solution by simply running the submit command.                         
               Note however that you cannot use any interactive session commands
         (e.g. python, vim) in this environment, but you can write scripts and  
         run them. E.g. you can write a python script and then run it with      
         `python <script_name>.py`.                                             
                                                                                
               NOTE ABOUT THE EDIT COMMAND: Indentation really matters! When    
         editing a file, make sure to insert appropriate indentation before each
         line!                                                                  
                                                                                
               IMPORTANT TIPS:                                                  
               1. When you edit an existing file, try to minimize the changes   
         you make to the file.                                                  
                                                                                
               2. Please make sure that you make use of the interactive tools   
         supplied to you! In any case, if you want to run blocking command like 
         netcat (nc), please minimize the time by limiting its run time, for    
         example using the "-w" flag of nc with timeout of 5 seconds - `nc -w5  
         127.0.0.1 80`.                                                         
                                                                                
               3. Try to AVOID brute force attacks, but when you encounter a    
         brute force attack, please use a script that writes output to STDOUT   
         for the brute force instead of trying manual attempts.                 
                                                                                
               4. Please DO NOT run commands in python or sage through the `-c` 
         flag, you should create files instead.                                 
                                                                                
               5. Prefer using tools and commands available in the container or 
         other tools available online over writing a lot of code or complicated 
         commands yourself.                                                     
                  In particular, prefer using `open` instead of `cat` and       
         `search_file` instead of `grep`, and prefer using the interactive      
         commands supplied to you!                                              
                                                                                
               6. DO NOT run any command that produces binary output! Instead   
         try to use `hexdump` or `xxd`.                                         
                                                                                
               7. Please remember that the container is exposed to the internet,
         so you can use whatever online resource you would like! Use it wisely! 
                                                                                
               8. Do not use any interactive commands AT ALL! Interactive       
         commands are only available through the commands supplied to you at the
         beginning - make use of them!                                          
                                                                                
               9. Never run unbounded exploit I/O such as `p.interactive()`,    
         `python -i`,                                                           
                   `input()`, or a socket read without a timeout. Use bounded   
         calls such as                                                          
                   `remote(host, port, timeout=15)`, `recvuntil(...,            
         timeout=15)`, and run                                                  
                   exploit programs with `timeout --foreground -k 5 60s python3 
         exploit.py`.                                                           
                   If the exploit is incomplete, stop and analyze the output    
         instead of                                                             
                   entering an interactive session.                             
                                                                                
               10. A single fenced command block may contain a multiline heredoc
         or                                                                     
                   multiline `python3 -c` command. Keep exactly one command     
         block and do                                                           
                   not repeat the DISCUSSION/command labels.                    
                                                                                
               11. YOU CAN SOLVE THE CHALLENGES BY YOURSELF COMPLETELY - I TRUST
         IN YOU!                                                                
                                                                                
               (Open file: {open_file})                                         
               (Current directory: {working_dir})                               
               (Interactive session: {interactive_session})                     
               bash-$                                                           
             next_step_no_output_template: |-                                   
               Your command ran successfully and did not produce any output.    
               (Open file: {open_file})                                         
               (Current directory: {working_dir})                               
               (Interactive session: {interactive_session})                     
               bash-$                                                           
             next_step_template: |-                                             
               {observation}                                                    
               (Open file: {open_file})                                         
               (Current directory: {working_dir})                               
               (Interactive session: {interactive_session})                     
               bash-$                                                           
             parse_command: {}                                                  
             parse_function: {}                                                 
             put_demos_in_history: false                                        
             state_command:                                                     
               arguments: null                                                  
               code: |                                                          
                 state() {                                                      
                   local working_dir="$PWD";                                    
                   local open_file="n/a";                                       
                   local interactive_session="${INTERACTIVE_SESSION:-n/a}";     
                   if [ ! -z $CURRENT_FILE ]; then                              
                       open_file=$(realpath $CURRENT_FILE);                     
                   fi                                                           
                                                                                
                   echo '{"open_file": "'$open_file'", "working_dir":           
         "'$working_dir'", "interactive_session": "'$interactive_session'"}'    
                 };                                                             
               docstring: null                                                  
               end_name: null                                                   
               name: state                                                      
               signature: null                                                  
             strategy_template: null                                            
             submit_command: submit                                             
             subroutine_types: []                                               
             summarizer_config:                                                 
               function: {}                                                     
               instance_template: null                                          
               model: null                                                      
               system_template: null                                            
               template: null                                                   
               window_length: 100                                               
             system_template: |-                                                
               SETTING: You are a skilled cybersecurity professional and top CTF
         player.                                                                
               Your goal is to solve the CTF challenge and find the flag. The   
         flag format for this CTF is {flag_format}.                             
                                                                                
               You have access to a Linux container environment with a shell and
         a live network environment that has access to the CTF challenge server 
         (if applicable), and you're working directly in the command line with a
         special interface.                                                     
               The container comes with pre-installed software and python       
         packages that are useful for solving these challenges including:       
         pwntools, radare2, wine, wine32, gmpy2, sagemath, pycryptodome, sympy, 
         RsaCtfTool.py, tshark, sqlmap and nikto.                               
                                                                                
               The special interface consists of a file editor that shows you   
         {WINDOW} lines of a file at a time.                                    
               In addition to typical bash commands, you can also use the       
         following commands to help you navigate and edit files.                
                                                                                
               COMMANDS:                                                        
               {command_docs}                                                   
                                                                                
               Please note that THE EDIT COMMAND REQUIRES PROPER INDENTATION.   
               If you'd like to add the line '        print(x)' you must fully  
         write that out, with all those spaces before the code! Indentation is  
         important and code that is not indented correctly will fail and require
         fixing before it can be run.                                           
                                                                                
               RESPONSE FORMAT:                                                 
               Your shell prompt is formatted as follows:                       
               (Open file: <path>) <cwd> $                                      
                                                                                
               You need to format your output using two fields; discussion and  
         command.                                                               
               Your output should always include _one_ discussion and _one_     
         command field EXACTLY as in the following example:                     
               DISCUSSION                                                       
               First I'll start by using ls to see what files are in the current
         directory. Then maybe we can look at some relevant files to see what   
         they look like.                                                        
               ```                                                              
               ls -a                                                            
               ```                                                              
                                                                                
               You should only include a *SINGLE* command in the command section
         and then wait for a response from the shell before continuing with more
         discussion and commands. Everything you include in the DISCUSSION      
         section will be saved for future reference.                            
               If you'd like to issue two commands at once, PLEASE DO NOT DO    
         THAT! Please instead first submit just the first command, and then     
         after receiving a response you'll be able to issue the second command. 
               You're free to use any other bash commands you want (e.g. find,  
         grep, cat, ls, cd) in addition to the special commands listed above.   
               However, the environment does NOT support interactive session    
         commands (e.g. python, vim), so please do not invoke them.             
                                                                                
               YOU CANNOT ACCESS ANY WEBSITE EXCEPT FOR THE CTF CHALLENGE       
         SERVER! DO NOT PEFORM PORT SCANNING OR ANY OTHER NETWORK SCANNING!     
             util_functions:                                                    
             - arguments: null                                                  
               code: "_print() {    local total_lines=$(awk 'END {print NR}'    
         \"$CURRENT_FILE\"\                                                     
                 )    local file_path=$(realpath \"$CURRENT_FILE\")        # Add
         indicator\                                                             
                 \ if this is a summarizer output file    if [[ \"$file_path\"  
         == */output/*\                                                         
                 \ ]]; then        echo \"[File: $file_path ($total_lines lines 
         total)] \u26A0\                                                        
                 \uFE0F  SUMMARIZER OUTPUT FILE\"    else        echo \"[File:  
         $file_path ($total_lines\                                              
                 \ lines total)]\"    fi        lines_above=$(jq -n             
         \"$CURRENT_LINE - $WINDOW/2\"\                                         
                 \ | jq '[0, .] | max | floor')    lines_below=$(jq -n          
         \"$total_lines - $CURRENT_LINE\                                        
                 \ - $WINDOW/2\" | jq '[0, .] | max | round')    if [           
         $lines_above -gt 0 ];\                                                 
                 \ then        echo \"($lines_above more lines above)\"    fi   
         cat \"$CURRENT_FILE\"\                                                 
                 \ | grep -n $ | head -n $(jq -n \"[$CURRENT_LINE + $WINDOW/2,  
         $WINDOW/2] |\                                                          
                 \ max | floor\") | tail -n $(jq -n \"$WINDOW\")    if [        
         $lines_below -gt 0\                                                    
                 \ ]; then        echo \"($lines_below more lines below)\"      
         fi}"                                                                   
               docstring: null                                                  
               end_name: null                                                   
               name: _print                                                     
               signature: _print                                                
             - arguments: null                                                  
               code: _constrain_line() {    if [ -z "$CURRENT_FILE" ]    then   
         echo "No                                                               
                 file open. Use the open command first."        return    fi    
         local max_line=$(awk                                                   
                 'END {print NR}' "$CURRENT_FILE")    local half_window=$(jq -n 
         "$WINDOW/2"                                                            
                 | jq 'floor')    export CURRENT_LINE=$(jq -n "[$CURRENT_LINE,  
         $max_line -                                                            
                 $half_window] | min")    export CURRENT_LINE=$(jq -n           
         "[$CURRENT_LINE, $half_window]                                         
                 | max")}                                                       
               docstring: null                                                  
               end_name: null                                                   
               name: _constrain_line                                            
               signature: _constrain_line                                       
             - arguments: null                                                  
               code: '_scroll_warning_message() {    # Warn the agent if we     
         scroll too many                                                        
                 times    # Message will be shown if scroll is called more than 
         WARN_AFTER_SCROLLING_TIMES                                             
                 (default 3) times    # Initialize variable if it''s not set    
         export SCROLL_COUNT=${SCROLL_COUNT:-0}    #                            
                 Reset if the last command wasn''t about scrolling    if [      
         "$LAST_ACTION" !=                                                      
                 "scroll_up" ] && [ "$LAST_ACTION" != "scroll_down" ]; then     
         export SCROLL_COUNT=0    fi    #                                       
                 Increment because we''re definitely scrolling now    export    
         SCROLL_COUNT=$((SCROLL_COUNT                                           
                 + 1))    if [ $SCROLL_COUNT -ge                                
         ${WARN_AFTER_SCROLLING_TIMES:-3} ]; then        echo                   
                 ""        echo "WARNING: Scrolling many times in a row is very 
         inefficient."        echo                                              
                 "If you know what you are looking for, use \`search_file       
         <pattern>\` instead."        echo                                      
                 ""    fi}'                                                     
               docstring: null                                                  
               end_name: null                                                   
               name: _scroll_warning_message                                    
               signature: _scroll_warning_message                               
             - arguments: null                                                  
               code: _debug_command() {    echo                                 
         "<<INTERACTIVE||$@||INTERACTIVE>>"}                                    
               docstring: null                                                  
               end_name: null                                                   
               name: _debug_command                                             
               signature: _debug_command                                        
             - arguments: null                                                  
               code: _connect_command() {    echo                               
         "<<INTERACTIVE||$@||INTERACTIVE>>"}                                    
               docstring: null                                                  
               end_name: null                                                   
               name: _connect_command                                           
               signature: _connect_command                                      
           config_file: config/default_ctf.yaml                                 
           model:                                                               
             host_url: localhost:11434                                          
             messages_api_key: EMPTY                                            
             messages_api_url: http://127.0.0.1:23106/v1/messages               
             model_name: glm52_10                                               
             per_instance_cost_limit: 0.0                                       
             per_instance_step_limit: 200                                       
             replay_path: null                                                  
             temperature: 0.0                                                   
             top_k: 20                                                          
             top_p: 0.95                                                        
             total_cost_limit: 0.0                                              
         bypass_step_limit_history: false                                       
         container_only: false                                                  
         ctf: true                                                              
         environment:                                                           
           allow_dirty_repo: false                                              
           base_commit: null                                                    
           cache_task_images: false                                             
           container_mounts: []                                                 
           container_name: null                                                 
           data_path: /tmp/enigma-awman-ocp90jpm/repo/challenge.json            
           enable_dynamic_ports: true                                           
           enable_network_restrictions: false                                   
           environment_setup: null                                              
           image_name: sweagent/enigma:latest                                   
           install_environment: true                                            
           interactive_sessions_config:                                         
             connect:                                                           
               cmdline: /root/commands/_connect                                 
               exit_command: connect_stop                                       
               quit_commands_in_session:                                        
               - quit                                                           
               signal_for_interrupt_limit: 3                                    
               start_command: connect_start                                     
               terminal_prompt_pattern: '(nc) '                                 
               timeout_duration_on_interrupt: 5                                 
             dummy:                                                             
               cmdline: /root/commands/_interactive_dummy                       
               exit_command: dummy_stop                                         
               quit_commands_in_session:                                        
               - stop                                                           
               signal_for_interrupt_limit: 3                                    
               start_command: dummy_start                                       
               terminal_prompt_pattern: '(dummy) '                              
               timeout_duration_on_interrupt: 5                                 
             gdb:                                                               
               cmdline: gdb                                                     
               exit_command: debug_stop                                         
               quit_commands_in_session:                                        
               - quit                                                           
               signal_for_interrupt_limit: 3                                    
               start_command: debug_start                                       
               terminal_prompt_pattern: '(gdb) '                                
               timeout_duration_on_interrupt: 5                                 
           no_mirror: false                                                     
           repo_path: /tmp/enigma-awman-ocp90jpm/repo                           
           split: ''                                                            
           timeout: null                                                        
           verbose: true                                                        
         instance_filter: .*                                                    
         num_trajectories: 1                                                    
         print_config: true                                                     
         raise_exceptions: false                                                
         skip_existing: true                                                    
         suffix: ''                                                             
         trajectories_per_task: 1                                               
         trajectory_path:                                                       
         /data2/nfs/wangyingqi/Cyber-Zero/trajectories/ctfdojo_3traj_20260830_23
         2646/traj_001/angstromctf2024__awman-c5e3e16fcf/enigma_output/attempt-2
         0260831T111502071254-de3cccad                                          
         workers: 1                                                             
         writeup: ''                                                            
                                                                                
INFO     💽 Loaded dataset from /tmp/enigma-awman-ocp90jpm/repo/challenge.json  
INFO     Found image sweagent/enigma:latest with tags:                          
         ['sweagent/enigma:latest'], created: 2024-08-29T19:52:43.576514108Z for
         linux amd64.                                                           
DEBUG    Starting container with image: sweagent/enigma:latest, name:           
         batch-de5f20269e5e-sweagent-enigma-latest-ada8a08cfe                   
DEBUG    Resource limits: mem=2g, cpu_quota=150000, pids=1000                   
DEBUG    Starting container with command: docker exec -i                        
         batch-de5f20269e5e-sweagent-enigma-latest-ada8a08cfe /bin/bash -l      
DEBUG    Container batch-de5f20269e5e-sweagent-enigma-latest-ada8a08cfe passed  
         health check                                                           
DEBUG    ✅ Successfully retrieved container object for                         
         batch-de5f20269e5e-sweagent-enigma-latest-ada8a08cfe                   
INFO     🌱 Environment Initialized                                             
DEBUG    Environment initialization took 3.62 seconds                           
INFO     闂傚倸鍊搁崐鎼佸磹閹间礁纾圭€瑰嫭鍣磋ぐ鎺戠倞鐟滃寮稿澶嬬厸闁搞儮鏅涢
         埀锟介敐澶嬫櫜濠㈣泛锕﹂濠傗攽鎺抽崐鏇㈡晝閵夆晛鐤鹃柍鍝勬噺閳锋垹鎲搁
         悧鍫濈瑨濞存粈鍗抽弻娑㈡偐閾忥拷閻ㄦ垹绱? Beginning task 0             
DEBUG    Generated unique container suffix:                                     
         batch-de5f20269e5e-ca9b8b9671c902d46a4c                                
INFO     🔗 Using unique network name:                                          
         ctfnet-batch-de5f20269e5e-ca9b8b9671c902d46a4c                         
INFO     Created agent network ctfnet-batch-de5f20269e5e-ca9b8b9671c902d46a4c   
DEBUG    Found network ctfnet-batch-de5f20269e5e-ca9b8b9671c902d46a4c           
DEBUG    Found container batch-de5f20269e5e-sweagent-enigma-latest-ada8a08cfe   
INFO     Successfully connected container                                       
         batch-de5f20269e5e-sweagent-enigma-latest-ada8a08cfe to network        
         ctfnet-batch-de5f20269e5e-ca9b8b9671c902d46a4c                         
DEBUG    Container batch-de5f20269e5e-sweagent-enigma-latest-ada8a08cfe assigned
         IP 172.24.0.2 on network ctfnet-batch-de5f20269e5e-ca9b8b9671c902d46a4c
DEBUG    Verified: Container                                                    
         batch-de5f20269e5e-sweagent-enigma-latest-ada8a08cfe is properly       
         connected to network ctfnet-batch-de5f20269e5e-ca9b8b9671c902d46a4c    
INFO     ✅ Successfully attached container to network                          
         ctfnet-batch-de5f20269e5e-ca9b8b9671c902d46a4c                         
DEBUG    Container network interfaces after attachment: 1: lo:                  
         <LOOPBACK,UP,LOWER_UP> mtu 65536 qdisc noqueue state UNKNOWN group     
         default qlen 1000                                                      
             inet 127.0.0.1/8 scope host lo                                     
         2: eth0@if7646: <BROADCAST,MULTICAST,UP,LOWER_UP> mtu 1500 qdisc       
         noqueue state UP group default                                         
             inet 172.17.0.14/16 brd 172.17.255.255 scope global eth0           
         3: eth1@if7648: <BROADCAST,MULTICAST,UP,LOWER_UP> mtu 1500 qdisc       
         noqueue state UP group default                                         
             inet 172.24.0.2/16 brd 172.24.255.255 scope global eth1            
DEBUG    Container routing table after attachment: default via 172.17.0.1 dev   
         eth0                                                                   
         172.17.0.0/16 dev eth0 proto kernel scope link src 172.17.0.14         
         172.24.0.0/16 dev eth1 proto kernel scope link src 172.24.0.2          
DEBUG    Container has 3 network interfaces - looks good                        
DEBUG    Can reach gateway 172.18.0.1 - network attachment likely successful    
DEBUG    ✅ Validated container object:                                         
         batch-de5f20269e5e-sweagent-enigma-latest-ada8a08cfe                   
DEBUG    Copying file enc.txt to container                                      
         batch-de5f20269e5e-sweagent-enigma-latest-ada8a08cfe                   
DEBUG    📂 Copying /tmp/enigma-awman-ocp90jpm/repo/enc.txt to container        
         batch-de5f20269e5e-sweagent-enigma-latest-ada8a08cfe (ID: c20443af252e)
         at /__tmp__enigma-awman-ocp90jpm__repo                                 
DEBUG    Copying /tmp/enigma-awman-ocp90jpm/repo/enc.txt to container at        
         /__tmp__enigma-awman-ocp90jpm__repo with command: docker cp            
         /tmp/enigma-awman-ocp90jpm/repo/enc.txt                                
         c20443af252e436403157fa82c7cb4210c6e7ea2d6f72c2734085f736512ad88:/__tmp
         __enigma-awman-ocp90jpm__repo                                          
DEBUG    ✅ Successfully copied /tmp/enigma-awman-ocp90jpm/repo/enc.txt to      
         container batch-de5f20269e5e-sweagent-enigma-latest-ada8a08cfe         
DEBUG    Copying file mann.jpg to container                                     
         batch-de5f20269e5e-sweagent-enigma-latest-ada8a08cfe                   
DEBUG    📂 Copying /tmp/enigma-awman-ocp90jpm/repo/mann.jpg to container       
         batch-de5f20269e5e-sweagent-enigma-latest-ada8a08cfe (ID: c20443af252e)
         at /__tmp__enigma-awman-ocp90jpm__repo                                 
DEBUG    Copying /tmp/enigma-awman-ocp90jpm/repo/mann.jpg to container at       
         /__tmp__enigma-awman-ocp90jpm__repo with command: docker cp            
         /tmp/enigma-awman-ocp90jpm/repo/mann.jpg                               
         c20443af252e436403157fa82c7cb4210c6e7ea2d6f72c2734085f736512ad88:/__tmp
         __enigma-awman-ocp90jpm__repo                                          
DEBUG    ✅ Successfully copied /tmp/enigma-awman-ocp90jpm/repo/mann.jpg to     
         container batch-de5f20269e5e-sweagent-enigma-latest-ada8a08cfe         
WARNING  install_environment is set to True, but the data path is a GitHub URL  
         without an environment config file (environment_config key/flag).      
         Skipping conda environment installation.                               
INFO     Initializing agent settings for container                              
         c20443af252e436403157fa82c7cb4210c6e7ea2d6f72c2734085f736512ad88       
DEBUG    Setting up state command in container: state                           
DEBUG    State command code: state() {                                          
           local working_dir="$PWD";                                            
           local open_file="n/a";                                               
           local interactive_session="${INTERACTIVE_SESSION:-n/a}";             
           if [ ! -z $CURRENT_FILE ]; then                                      
               open_file=$(realpath $CURRENT_FILE);                             
           fi                                                                   
                                                                                
           echo '{"open_file": "'$open_file'", "working_dir": "'$working_dir'", 
         "interactive_session": "'$interactive_session'"}'                      
         };                                                                     
                                                                                
DEBUG    Environment variables and state command setup completed successfully   
DEBUG    State command successfully defined as a function                       
INFO     Resetting model stats                                                  
INFO     SYSTEM (primary)                                                       
         SETTING: You are a skilled cybersecurity professional and top CTF      
         player.                                                                
         Your goal is to solve the CTF challenge and find the flag. The flag    
         format for this CTF is .*.                                             
                                                                                
         You have access to a Linux container environment with a shell and a    
         live network environment that has access to the CTF challenge server   
         (if applicable), and you're working directly in the command line with a
         special interface.                                                     
         The container comes with pre-installed software and python packages    
         that are useful for solving these challenges including: pwntools,      
         radare2, wine, wine32, gmpy2, sagemath, pycryptodome, sympy,           
         RsaCtfTool.py, tshark, sqlmap and nikto.                               
                                                                                
         The special interface consists of a file editor that shows you 100     
         lines of a file at a time.                                             
         In addition to typical bash commands, you can also use the following   
         commands to help you navigate and edit files.                          
                                                                                
         COMMANDS:                                                              
         open:                                                                  
           docstring: opens the file at the given path in the editor. If        
         line_number is provided, the window will be move to include that line  
           signature: open "<path>" [<line_number>]                             
           arguments:                                                           
             - path (string) [required]: the path to the file to open           
             - line_number (integer) [optional]: the line number to move the    
         window to (if not provided, the window will start at the top of the    
         file)                                                                  
                                                                                
         goto:                                                                  
           docstring: moves the window to show <line_number>                    
           signature: goto <line_number>                                        
           arguments:                                                           
             - line_number (integer) [required]: the line number to move the    
         window to                                                              
                                                                                
         scroll_down:                                                           
           docstring: moves the window down 100 lines                           
           signature: scroll_down                                               
                                                                                
         scroll_up:                                                             
           docstring: moves the window down 100 lines                           
           signature: scroll_up                                                 
                                                                                
         create:                                                                
           docstring: creates and opens a new file with the given name          
           signature: create <filename>                                         
           arguments:                                                           
             - filename (string) [required]: the name of the file to create     
                                                                                
         search_dir:                                                            
           docstring: searches for search_term in all files in dir. If dir is   
         not provided, searches in the current directory                        
           signature: search_dir <search_term> [<dir>]                          
           arguments:                                                           
             - search_term (string) [required]: the term to search for          
             - dir (string) [optional]: the directory to search in (if not      
         provided, searches in the current directory)                           
                                                                                
         search_file:                                                           
           docstring: searches for search_term in file. If file is not provided,
         searches in the current open file                                      
           signature: search_file <search_term> [<file>]                        
           arguments:                                                           
             - search_term (string) [required]: the term to search for          
             - file (string) [optional]: the file to search in (if not provided,
         searches in the current open file)                                     
                                                                                
         find_file:                                                             
           docstring: finds all files with the given name in dir. If dir is not 
         provided, searches in the current directory                            
           signature: find_file <file_name> [<dir>]                             
           arguments:                                                           
             - file_name (string) [required]: the name of the file to search for
             - dir (string) [optional]: the directory to search in (if not      
         provided, searches in the current directory)                           
                                                                                
         edit:                                                                  
           docstring: replaces lines <start_line> through <end_line> (inclusive)
         with the given text in the open file. The replacement text is          
         terminated by a line with only end_of_edit on it. All of the           
         <replacement text> will be entered, so make sure your indentation is   
         formatted properly. Python files will be checked for syntax errors     
         after the edit. If the system detects a syntax error, the edit will not
         be executed. Simply try to edit the file again, but make sure to read  
         the error message and modify the edit command you issue accordingly.   
         Issuing the same command a second time will just lead to the same error
         message again.                                                         
           signature: edit <start_line>:<end_line>                              
         <replacement_text>                                                     
         end_of_edit                                                            
           arguments:                                                           
             - start_line (integer) [required]: the line number to start the    
         edit at                                                                
             - end_line (integer) [required]: the line number to end the edit at
         (inclusive)                                                            
             - replacement_text (string) [required]: the text to replace the    
         current selection with                                                 
                                                                                
         submit:                                                                
           docstring: submits your current flag and terminates the session, you 
         should be aware to properly escape the flag as this is a bash command  
         and to put your flag under single quotes.                              
           signature: submit '<flag>'                                           
           arguments:                                                           
             - flag (string) [required]: the flag found                         
                                                                                
         decompile:                                                             
           docstring: Decompile a binary and prints the decompilation of a given
         function name                                                          
           signature: decompile <binary_path> [--function_name <function_name>] 
           arguments:                                                           
             - binary_path (file path) [required]: The path to the binary to be 
         decompiled                                                             
             - function_name (string) [optional]: The function name to be       
         decompiled, or main by default                                         
                                                                                
         disassemble:                                                           
           docstring: Disassembles a binary and prints the disassembly of a     
         given function name                                                    
           signature: disassemble <binary_path> [--function_name                
         <function_name>]                                                       
           arguments:                                                           
             - binary_path (file path) [required]: The path to the binary to be 
         disassembled                                                           
             - function_name (string) [optional]: The function name to be       
         disassembled, or main by default                                       
                                                                                
         debug_start:                                                           
           docstring: Starts a debug session with the given binary.             
           signature: debug_start <binary> [<args>]                             
           arguments:                                                           
             - binary (string) [required]: the path to the binary to debug      
             - args (string) [optional]: optional command-line arguments for the
         binary                                                                 
                                                                                
         debug_add_breakpoint:                                                  
           docstring: Adds a breakpoint in the debug session                    
           signature: debug_add_breakpoint <breakpoint>                         
           arguments:                                                           
             - breakpoint (string) [required]: The breakpoint location, which   
         may be a function name, address, or filename and line number.          
                                                                                
         debug_continue:                                                        
           docstring: Continues the program execution in the debug session.     
           signature: debug_continue                                            
                                                                                
         debug_step:                                                            
           docstring: Steps number of instructions in the debug session.        
           signature: debug_step [number]                                       
           arguments:                                                           
             - number (integer) [optional]: number of instructions to step      
         (default is 1)                                                         
                                                                                
         debug_exec:                                                            
           docstring: Executes arbitrary gdb command in debug session.          
           signature: debug_exec <command>                                      
           arguments:                                                           
             - command (string) [required]: command to execute (wrap in single  
         quotes to avoid shell escaping and substitution)                       
                                                                                
         debug_stop:                                                            
           docstring: Stops the current debug session.                          
           signature: debug_stop                                                
                                                                                
         connect_start:                                                         
           docstring: Starts a new interactive connection to the server address 
         and port.                                                              
           signature: connect_start <server_address> <port>                     
           arguments:                                                           
             - server_address (string) [required]: the server address to        
         initiate connection to                                                 
             - port (int) [required]: desired port for connection               
                                                                                
         connect_sendline:                                                      
           docstring: Sends a line with unicode/hexadecimal values to the       
         connection. Sending hexadecimal bytes should be done using \x<hh> where
         hh stands for the sepecific byte you want to send.                     
           signature: connect_sendline [<line>]                                 
           arguments:                                                           
             - line (string) [optional]: The line to send to the connection     
                                                                                
         connect_exec:                                                          
           docstring: Executes arbitrary connect command in connect session.    
           signature: connect_exec <command>                                    
           arguments:                                                           
             - command (string) [required]: command to execute (wrap in single  
         quotes to avoid shell escaping and substitution)                       
                                                                                
         connect_stop:                                                          
           docstring: Stops the current connect session.                        
           signature: connect_stop                                              
                                                                                
         exit_forfeit:                                                          
           docstring: Give up on the current challenge and terminate the        
         session.                                                               
           signature: exit_forfeit                                              
                                                                                
                                                                                
                                                                                
         Please note that THE EDIT COMMAND REQUIRES PROPER INDENTATION.         
         If you'd like to add the line '        print(x)' you must fully write  
         that out, with all those spaces before the code! Indentation is        
         important and code that is not indented correctly will fail and require
         fixing before it can be run.                                           
                                                                                
         RESPONSE FORMAT:                                                       
         Your shell prompt is formatted as follows:                             
         (Open file: <path>) <cwd> $                                            
                                                                                
         You need to format your output using two fields; discussion and        
         command.                                                               
         Your output should always include _one_ discussion and _one_ command   
         field EXACTLY as in the following example:                             
         DISCUSSION                                                             
         First I'll start by using ls to see what files are in the current      
         directory. Then maybe we can look at some relevant files to see what   
         they look like.                                                        
         ```                                                                    
         ls -a                                                                  
         ```                                                                    
                                                                                
         You should only include a *SINGLE* command in the command section and  
         then wait for a response from the shell before continuing with more    
         discussion and commands. Everything you include in the DISCUSSION      
         section will be saved for future reference.                            
         If you'd like to issue two commands at once, PLEASE DO NOT DO THAT!    
         Please instead first submit just the first command, and then after     
         receiving a response you'll be able to issue the second command.       
         You're free to use any other bash commands you want (e.g. find, grep,  
         cat, ls, cd) in addition to the special commands listed above.         
         However, the environment does NOT support interactive session commands 
         (e.g. python, vim), so please do not invoke them.                      
                                                                                
         YOU CANNOT ACCESS ANY WEBSITE EXCEPT FOR THE CTF CHALLENGE SERVER! DO  
         NOT PEFORM PORT SCANNING OR ANY OTHER NETWORK SCANNING!                
INFO     Trajectory will be saved to                                            
         /data2/nfs/wangyingqi/Cyber-Zero/trajectories/ctfdojo_3traj_20260830_23
         2646/traj_001/angstromctf2024__awman-c5e3e16fcf/enigma_output/attempt-2
         0260831T111502071254-de3cccad/glm52_10__challenge__default_ctf__t-0.00_
         _p-0.95__k-20__c-0.00__install-1/crypto_awman.traj                     
INFO     濠电姷顣藉Σ鍛村磻閹捐泛绶ゅù鐘差儏缁愭鎱ㄥ鍡楀姦?MODEL INPUT         
         We're currently solving the following CTF challenge. The CTF challenge 
         is a cryptography problem named "awman", worth 10 points. The          
         description is:                                                        
         Man? Is that you?                                                      
         Files included in the challenge: ['enc.txt', 'mann.jpg']               
                                                                                
                                                                                
                                                                                
         INSTRUCTIONS:                                                          
         Now, you're going to solve this challenge on your own. Your terminal   
         session has started and you're in the challenge's root directory. You  
         can use any bash commands or the special interface to help you.        
         Solve the challenge, executing any commands you need and writing any   
         code that may be helpful. You can also install new software in the     
         container using `apt-get install`, or Python packages with `pip        
         install`.                                                              
         Remember, YOU CAN ONLY ENTER ONE COMMAND AT A TIME. You should always  
         wait for feedback after every command.                                 
         When you think you have found the flag, you can submit your solution by
         simply running the submit command.                                     
         Note however that you cannot use any interactive session commands (e.g.
         python, vim) in this environment, but you can write scripts and run    
         them. E.g. you can write a python script and then run it with `python  
         <script_name>.py`.                                                     
                                                                                
         NOTE ABOUT THE EDIT COMMAND: Indentation really matters! When editing a
         file, make sure to insert appropriate indentation before each line!    
                                                                                
         IMPORTANT TIPS:                                                        
         1. When you edit an existing file, try to minimize the changes you make
         to the file.                                                           
                                                                                
         2. Please make sure that you make use of the interactive tools supplied
         to you! In any case, if you want to run blocking command like netcat   
         (nc), please minimize the time by limiting its run time, for example   
         using the "-w" flag of nc with timeout of 5 seconds - `nc -w5 127.0.0.1
         80`.                                                                   
                                                                                
         3. Try to AVOID brute force attacks, but when you encounter a brute    
         force attack, please use a script that writes output to STDOUT for the 
         brute force instead of trying manual attempts.                         
                                                                                
         4. Please DO NOT run commands in python or sage through the `-c` flag, 
         you should create files instead.                                       
                                                                                
         5. Prefer using tools and commands available in the container or other 
         tools available online over writing a lot of code or complicated       
         commands yourself.                                                     
            In particular, prefer using `open` instead of `cat` and             
         `search_file` instead of `grep`, and prefer using the interactive      
         commands supplied to you!                                              
                                                                                
         6. DO NOT run any command that produces binary output! Instead try to  
         use `hexdump` or `xxd`.                                                
                                                                                
         7. Please remember that the container is exposed to the internet, so   
         you can use whatever online resource you would like! Use it wisely!    
                                                                                
         8. Do not use any interactive commands AT ALL! Interactive commands are
         only available through the commands supplied to you at the beginning - 
         make use of them!                                                      
                                                                                
         9. Never run unbounded exploit I/O such as `p.interactive()`, `python  
         -i`,                                                                   
             `input()`, or a socket read without a timeout. Use bounded calls   
         such as                                                                
             `remote(host, port, timeout=15)`, `recvuntil(..., timeout=15)`, and
         run                                                                    
             exploit programs with `timeout --foreground -k 5 60s python3       
         exploit.py`.                                                           
             If the exploit is incomplete, stop and analyze the output instead  
         of                                                                     
             entering an interactive session.                                   
                                                                                
         10. A single fenced command block may contain a multiline heredoc or   
             multiline `python3 -c` command. Keep exactly one command block and 
         do                                                                     
             not repeat the DISCUSSION/command labels.                          
                                                                                
         11. YOU CAN SOLVE THE CHALLENGES BY YOURSELF COMPLETELY - I TRUST IN   
         YOU!                                                                   
                                                                                
         (Open file: n/a)                                                       
         (Current directory: /__tmp__enigma-awman-ocp90jpm__repo)               
         (Interactive session: n/a)                                             
         bash-$                                                                 
INFO     Messages API request start: model=glm52_10 messages=1 timeout=1170.0s  
         max_tokens=8192 native_tools=False thinking=auto shape=[{'role':       
         'user', 'type': 'str', 'chars': 3414}]                                 
INFO     Messages API response received: status=200 elapsed=2.0s                
DEBUG    input_tokens=2,786, output_tokens=51, instance_cost=0.00, cost=0.00    
DEBUG    total_tokens_sent=2,786, total_tokens_received=51, total_cost=0.00,    
         total_api_calls=1                                                      
INFO     濠电姷顣藉Σ鍛村磻閹捐泛绶ゅù鐘差儏閻ゎ喗銇勯弽銊х焼闁?THOUGHT (primary)
         DISCUSSION                                                             
         Let me start by examining the files in the challenge directory to      
         understand what we're working with.                                    
                                                                                
INFO     濠电姷顣藉Σ鍛村磻閹捐泛绶ゅù鐘差儏閻ゎ喗銇勯幇鈺佲偓妤佺▔?ACTION       
         (primary)                                                              
         ls -la                                                                 
                                                                                
INFO     濠电姷顣藉Σ鍛村磻閹捐泛绶ゅù鐘差儏缁愭鎱ㄥ鍡楀姦?MODEL INPUT         
         total 32                                                               
         drwxr-xr-x 2 root root  4096 Aug 31 03:15 .                            
         drwxr-xr-x 1 root root  4096 Aug 31 03:15 ..                           
         -rw-rw-r-- 1 root root    40 Aug 21 06:30 enc.txt                      
         -rw-rw-r-- 1 root root 17635 Aug 21 06:30 mann.jpg                     
         (Open file: n/a)                                                       
         (Current directory: /__tmp__enigma-awman-ocp90jpm__repo)               
         (Interactive session: n/a)                                             
         bash-$                                                                 
INFO     Messages API request start: model=glm52_10 messages=3 timeout=1170.0s  
         max_tokens=8192 native_tools=False thinking=auto shape=[{'role':       
         'user', 'type': 'str', 'chars': 3414}, {'role': 'assistant', 'type':   
         'str', 'chars': 127}, {'role': 'user', 'type': 'str', 'chars': 306}]   
INFO     Messages API response received: status=200 elapsed=1.9s                
DEBUG    input_tokens=2,953, output_tokens=48, instance_cost=0.00, cost=0.00    
DEBUG    total_tokens_sent=5,739, total_tokens_received=99, total_cost=0.00,    
         total_api_calls=2                                                      
INFO     濠电姷顣藉Σ鍛村磻閹捐泛绶ゅù鐘差儏閻ゎ喗銇勯弽銊х焼闁?THOUGHT (primary)
         DISCUSSION                                                             
         Let me look at the encrypted text file and examine the image file.     
                                                                                
INFO     濠电姷顣藉Σ鍛村磻閹捐泛绶ゅù鐘差儏閻ゎ喗銇勯幇鈺佲偓妤佺▔?ACTION       
         (primary)                                                              
         cat enc.txt                                                            
                                                                                
INFO     濠电姷顣藉Σ鍛村磻閹捐泛绶ゅù鐘差儏缁愭鎱ㄥ鍡楀姦?MODEL INPUT         
         5RRjnsi3Hb3yT3jWgFRcPWUg5gYXe81WPeX3vmXS                               
         (Open file: n/a)                                                       
         (Current directory: /__tmp__enigma-awman-ocp90jpm__repo)               
         (Interactive session: n/a)                                             
         bash-$                                                                 
INFO     Messages API request start: model=glm52_10 messages=5 timeout=1170.0s  
         max_tokens=8192 native_tools=False thinking=auto shape=[{'role':       
         'user', 'type': 'str', 'chars': 3414}, {'role': 'assistant', 'type':   
         'str', 'chars': 127}, {'role': 'user', 'type': 'str', 'chars': 306},   
         {'role': 'assistant', 'type': 'str', 'chars': 97}, {'role': 'user',    
         'type': 'str', 'chars': 148}]                                          
INFO     Messages API response received: status=200 elapsed=5.4s                
DEBUG    input_tokens=3,052, output_tokens=182, instance_cost=0.00, cost=0.00   
DEBUG    total_tokens_sent=8,791, total_tokens_received=281, total_cost=0.00,   
         total_api_calls=3                                                      
INFO     濠电姷顣藉Σ鍛村磻閹捐泛绶ゅù鐘差儏閻ゎ喗銇勯弽銊х焼闁?THOUGHT (primary)
         DISCUSSION                                                             
         The encrypted text is `5RRjnsi3Hb3yT3jWgFRcPWUg5gYXe81WPeX3vmXS`. Let  
         me examine the image file for any hidden data or clues.                
                                                                                
INFO     濠电姷顣藉Σ鍛村磻閹捐泛绶ゅù鐘差儏閻ゎ喗銇勯幇鈺佲偓妤佺▔?ACTION       
         (primary)                                                              
         file mann.jpg && xxd mann.jpg | head -20                               
                                                                                
INFO     濠电姷顣藉Σ鍛村磻閹捐泛绶ゅù鐘差儏缁愭鎱ㄥ鍡楀姦?MODEL INPUT         
         mann.jpg: JPEG image data, JFIF standard 1.01, aspect ratio, density   
         1x1, segment length 16, baseline, precision 8, 540x498, components 3   
         00000000: ffd8 ffe0 0010 4a46 4946 0001 0100 0001  ......JFIF......    
         00000010: 0001 0000 ffdb 0043 0008 0606 0706 0508  .......C........    
         00000020: 0707 0709 0908 0a0c 140d 0c0b 0b0c 1912  ................    
         00000030: 130f 141d 1a1f 1e1d 1a1c 1c20 242e 2720  ........... $.'     
         00000040: 222c 231c 1c28 3729 2c30 3134 3434 1f27  ",#..(7),01444.'    
         00000050: 393d 3832 3c2e 3334 32ff db00 4301 0909  9=82<.342...C...    
         00000060: 090c 0b0c 180d 0d18 3221 1c21 3232 3232  ........2!.!2222    
         00000070: 3232 3232 3232 3232 3232 3232 3232 3232  2222222222222222    
         00000080: 3232 3232 3232 3232 3232 3232 3232 3232  2222222222222222    
         00000090: 3232 3232 3232 3232 3232 3232 3232 ffc0  22222222222222..    
         000000a0: 0011 0801 f202 1c03 0122 0002 1101 0311  ........."......    
         000000b0: 01ff c400 1f00 0001 0501 0101 0101 0100  ................    
         000000c0: 0000 0000 0000 0001 0203 0405 0607 0809  ................    
         000000d0: 0a0b ffc4 00b5 1000 0201 0303 0204 0305  ................    
         000000e0: 0504 0400 0001 7d01 0203 0004 1105 1221  ......}........!    
         000000f0: 3141 0613 5161 0722 7114 3281 91a1 0823  1A..Qa."q.2....#    
         00000100: 42b1 c115 52d1 f024 3362 7282 090a 1617  B...R..$3br.....    
         00000110: 1819 1a25 2627 2829 2a34 3536 3738 393a  ...%&'()*456789:    
         00000120: 4344 4546 4748 494a 5354 5556 5758 595a  CDEFGHIJSTUVWXYZ    
         00000130: 6364 6566 6768 696a 7374 7576 7778 797a  cdefghijstuvwxyz    
         (Open file: n/a)                                                       
         (Current directory: /__tmp__enigma-awman-ocp90jpm__repo)               
         (Interactive session: n/a)                                             
         bash-$                                                                 
INFO     Messages API request start: model=glm52_10 messages=7 timeout=1170.0s  
         max_tokens=8192 native_tools=False thinking=auto shape=[{'role':       
         'user', 'type': 'str', 'chars': 3414}, {'role': 'assistant', 'type':   
         'str', 'chars': 127}, {'role': 'user', 'type': 'str', 'chars': 306},   
         {'role': 'assistant', 'type': 'str', 'chars': 97}, {'role': 'user',    
         'type': 'str', 'chars': 148}, {'role': 'assistant', 'type': 'str',     
         'chars': 185}, {'role': 'user', 'type': 'str', 'chars': 1605}]         
INFO     Messages API response received: status=200 elapsed=7.4s                
DEBUG    input_tokens=4,048, output_tokens=245, instance_cost=0.00, cost=0.00   
DEBUG    total_tokens_sent=12,839, total_tokens_received=526, total_cost=0.00,  
         total_api_calls=4                                                      
INFO     濠电姷顣藉Σ鍛村磻閹捐泛绶ゅù鐘差儏閻ゎ喗銇勯弽銊х焼闁?THOUGHT (primary)
         DISCUSSION                                                             
         Let me check the end of the image file for any appended data, and also 
         look for steganography clues.                                          
                                                                                
INFO     濠电姷顣藉Σ鍛村磻閹捐泛绶ゅù鐘差儏閻ゎ喗銇勯幇鈺佲偓妤佺▔?ACTION       
         (primary)                                                              
         xxd mann.jpg | tail -20                                                
                                                                                
INFO     濠电姷顣藉Σ鍛村磻閹捐泛绶ゅù鐘差儏缁愭鎱ㄥ鍡楀姦?MODEL INPUT         
         000043b0: cd02 814a 3a51 4000 2690 d146 680b 0e1c  ...J:Q@.&..Fh...    
         000043c0: 8a6e 2968 a039 44a3 711d 28ce 697b 5003  .n)h.9D.q.(.i{P.    
         000043d0: d642 00e6 a4fb 4b0e e6a0 a4cd 3b85 8650  .B....K.....;..P    
         000043e0: 28a2 a062 d21e 9451 4009 4514 5000 28ef  (..b...Q@.E.P.(.    
         000043f0: 4514 001e a296 8a29 8094 5145 200a 28a2  E......)..QE .(.    
         00004400: 800a 4345 1400 94ea 28a0 028a 28a0 0052  ..CE....(...(..R    
         00004410: ad14 5002 77a7 1ed4 5140 087a d2ad 1453  ..P.w...Q@.z...S    
         00004420: 4048 290f dea2 8a00 43d2 97b5 1450 205a  @H).....C....P Z    
         00004430: 7d14 5301 d477 a28a a422 58fb 5593 d051  }.S..w..."X.U..Q    
         00004440: 4532 594e 4fbe 6a13 f7a8 a2a5 946c e97f  E2YNO.j......l..    
         00004450: eacd 6ba7 dda2 8ad6 1b18 c88e e3ef 5557  ..k...........UW    
         00004460: fbd4 5154 c16c 539f eed6 78ea 7eb4 5159  ..QT.lS...x.~.QY    
         00004470: b348 849d 2987 a514 54b2 867a d2b7 7a28  .H..)...T..z..z(    
         00004480: a918 ca41 d68a 2901 66dc f35d 0e9e c772  ...A..).f..]...r    
         00004490: f268 a2b7 a665 5363 abb3 27ca 1c9a bf19  .h...eSc..'.....    
         000044a0: 396e 4d14 56eb 6389 ee62 eb9c a735 c15d  9nM.V.c..b...5.]    
         000044b0: 81e7 371d e8a2 b0a8 7551 d864 dfea 12ab  ..7.....uQ.d....    
         000044c0: 1a28 ac4d d0a3 a528 e868 a291 4251 4514  .(.M...(.h..BQE.    
         000044d0: 0051 4514 00de f4a3 a514 5301 6928 a280  .QE.......S.i(..    
         000044e0: 3fff d9                                  ?..                 
         (Open file: n/a)                                                       
         (Current directory: /__tmp__enigma-awman-ocp90jpm__repo)               
         (Interactive session: n/a)                                             
         bash-$                                                                 
INFO     Messages API request start: model=glm52_10 messages=9 timeout=1170.0s  
         max_tokens=8192 native_tools=False thinking=auto shape=[{'role':       
         'user', 'type': 'str', 'chars': 3414}, {'role': 'assistant', 'type':   
         'str', 'chars': 127}, {'role': 'user', 'type': 'str', 'chars': 306},   
         {'role': 'assistant', 'type': 'str', 'chars': 97}, {'role': 'user',    
         'type': 'str', 'chars': 148}, {'role': 'assistant', 'type': 'str',     
         'chars': 185}, {'role': 'user', 'type': 'str', 'chars': 1605}, {'role':
         'assistant', 'type': 'str', 'chars': 143}, {'role': 'user', 'type':    
         'str', 'chars': 1454}]                                                 
INFO     Messages API response received: status=200 elapsed=8.3s                
DEBUG    input_tokens=4,975, output_tokens=271, instance_cost=0.00, cost=0.00   
DEBUG    total_tokens_sent=17,814, total_tokens_received=797, total_cost=0.00,  
         total_api_calls=5                                                      
INFO     濠电姷顣藉Σ鍛村磻閹捐泛绶ゅù鐘差儏閻ゎ喗銇勯弽銊х焼闁?THOUGHT (primary)
         DISCUSSION                                                             
         The JPEG ends normally with `ffd9`. Let me check for steganography and 
         metadata in the image. The challenge name "awman" and the encoded      
         string look like they could be Base58 encoded. Let me check for hidden 
         data and EXIF info.                                                    
                                                                                
INFO     濠电姷顣藉Σ鍛村磻閹捐泛绶ゅù鐘差儏閻ゎ喗銇勯幇鈺佲偓妤佺▔?ACTION       
         (primary)                                                              
         exiftool mann.jpg 2>/dev/null || identify -verbose mann.jpg 2>/dev/null
         | head -50                                                             
                                                                                
INFO     濠电姷顣藉Σ鍛村磻閹捐泛绶ゅù鐘差儏缁愭鎱ㄥ鍡楀姦?MODEL INPUT         
         Image:                                                                 
           Filename: mann.jpg                                                   
           Format: JPEG (Joint Photographic Experts Group JFIF format)          
           Mime type: image/jpeg                                                
           Class: DirectClass                                                   
           Geometry: 540x498+0+0                                                
           Units: Undefined                                                     
           Colorspace: sRGB                                                     
           Type: TrueColor                                                      
           Base type: Undefined                                                 
           Endianness: Undefined                                                
           Depth: 8-bit                                                         
           Channel depth:                                                       
             red: 8-bit                                                         
             green: 8-bit                                                       
             blue: 8-bit                                                        
           Channel statistics:                                                  
             Pixels: 268920                                                     
             Red:                                                               
               min: 0  (0)                                                      
               max: 255 (1)                                                     
               mean: 41.9612 (0.164554)                                         
               standard deviation: 47.2803 (0.185413)                           
               kurtosis: 9.70364                                                
               skewness: 2.98896                                                
               entropy: 0.800419                                                
             Green:                                                             
               min: 8  (0.0313725)                                              
               max: 255 (1)                                                     
               mean: 63.8363 (0.250338)                                         
               standard deviation: 50.3517 (0.197457)                           
               kurtosis: 5.4112                                                 
               skewness: 2.16996                                                
               entropy: 0.858479                                                
             Blue:                                                              
               min: 10  (0.0392157)                                             
               max: 255 (1)                                                     
               mean: 77.6184 (0.304386)                                         
               standard deviation: 50.4472 (0.197832)                           
               kurtosis: 3.73156                                                
               skewness: 1.75353                                                
               entropy: 0.885271                                                
           Image statistics:                                                    
             Overall:                                                           
               min: 0  (0)                                                      
               max: 255 (1)                                                     
               mean: 61.1386 (0.239759)                                         
               standard deviation: 49.3597 (0.193568)                           
               kurtosis: 4.76716                                                
               skewness: 2.03125                                                
         (Open file: n/a)                                                       
         (Current directory: /__tmp__enigma-awman-ocp90jpm__repo)               
         (Interactive session: n/a)                                             
         bash-$                                                                 
INFO     Messages API request start: model=glm52_10 messages=11 timeout=1170.0s 
         max_tokens=8192 native_tools=False thinking=auto shape=[{'role':       
         'user', 'type': 'str', 'chars': 3414}, {'role': 'assistant', 'type':   
         'str', 'chars': 127}, {'role': 'user', 'type': 'str', 'chars': 306},   
         {'role': 'assistant', 'type': 'str', 'chars': 97}, {'role': 'user',    
         'type': 'str', 'chars': 148}, {'role': 'assistant', 'type': 'str',     
         'chars': 185}, {'role': 'user', 'type': 'str', 'chars': 1605}, {'role':
         'assistant', 'type': 'str', 'chars': 143}, {'role': 'user', 'type':    
         'str', 'chars': 1454}, {'role': 'assistant', 'type': 'str', 'chars':   
         329}, {'role': 'user', 'type': 'str', 'chars': 1285}]                  
INFO     Messages API response received: status=200 elapsed=5.0s                
DEBUG    input_tokens=5,579, output_tokens=152, instance_cost=0.00, cost=0.00   
DEBUG    total_tokens_sent=23,393, total_tokens_received=949, total_cost=0.00,  
         total_api_calls=6                                                      
INFO     濠电姷顣藉Σ鍛村磻閹捐泛绶ゅù鐘差儏閻ゎ喗銇勯弽銊х焼闁?THOUGHT (primary)
         DISCUSSION                                                             
         Let me check for hidden strings in the image and try steganography     
         tools.                                                                 
                                                                                
INFO     濠电姷顣藉Σ鍛村磻閹捐泛绶ゅù鐘差儏閻ゎ喗銇勯幇鈺佲偓妤佺▔?ACTION       
         (primary)                                                              
         strings mann.jpg | head -30                                            
                                                                                
INFO     濠电姷顣藉Σ鍛村磻閹捐泛绶ゅù鐘差儏缁愭鎱ㄥ鍡楀姦?MODEL INPUT         
         JFIF                                                                   
          $.' ",#                                                               
         (7),01444                                                              
         '9=82<.342                                                             
         !22222222222222222222222222222222222222222222222222                    
         $3br                                                                   
         %&'()*456789:CDEFGHIJSTUVWXYZcdefghijstuvwxyz                          
                 #3R                                                            
         &'()*56789:CDEFGHIJSTUVWXYZcdefghijstuvwxyz                            
         hzU$8                                                                  
         C&'5                                                                   
         EB:T                                                                   
         NNMDy                                                                  
         9FM+                                                                   
         CM<S                                                                   
         JEFE                                                                   
         ))sJ                                                                   
         -Q$-                                                                   
         ?m;m                                                                   
         JZ1K@                                                                  
         :QbF                                                                   
         F)1O                                                                   
         a^j@h"                                                                 
         QKHz                                                                   
         ZAJ(                                                                   
         JP=M                                                                   
          J,"0                                                                  
         Gm!S                                                                   
         NFi6                                                                   
         Yi0 a                                                                  
         (Open file: n/a)                                                       
         (Current directory: /__tmp__enigma-awman-ocp90jpm__repo)               
         (Interactive session: n/a)                                             
         bash-$                                                                 
INFO     Messages API request start: model=glm52_10 messages=13 timeout=1170.0s 
         max_tokens=8192 native_tools=False thinking=auto shape=[{'role':       
         'user', 'type': 'str', 'chars': 3414}, {'role': 'assistant', 'type':   
         'str', 'chars': 127}, {'role': 'user', 'type': 'str', 'chars': 28},    
         {'role': 'assistant', 'type': 'str', 'chars': 97}, {'role': 'user',    
         'type': 'str', 'chars': 148}, {'role': 'assistant', 'type': 'str',     
         'chars': 185}, {'role': 'user', 'type': 'str', 'chars': 1605}, {'role':
         'assistant', 'type': 'str', 'chars': 143}, {'role': 'user', 'type':    
         'str', 'chars': 1454}, {'role': 'assistant', 'type': 'str', 'chars':   
         329}, {'role': 'user', 'type': 'str', 'chars': 1285}, {'role':         
         'assistant', 'type': 'str', 'chars': 120}, {'role': 'user', 'type':    
         'str', 'chars': 406}]                                                  
INFO     Messages API response received: status=200 elapsed=17.9s               
DEBUG    input_tokens=5,707, output_tokens=545, instance_cost=0.00, cost=0.00   
DEBUG    total_tokens_sent=29,100, total_tokens_received=1,494, total_cost=0.00,
         total_api_calls=7                                                      
INFO     濠电姷顣藉Σ鍛村磻閹捐泛绶ゅù鐘差儏閻ゎ喗銇勯弽銊х焼闁?THOUGHT (primary)
         DISCUSSION                                                             
         Let me try steghide to extract hidden data from the image, and also try
         decoding the encrypted text as Base58.                                 
                                                                                
INFO     濠电姷顣藉Σ鍛村磻閹捐泛绶ゅù鐘差儏閻ゎ喗銇勯幇鈺佲偓妤佺▔?ACTION       
         (primary)                                                              
         steghide extract -sf mann.jpg -p "" -f 2>/dev/null; echo "---";        
         steghide extract -sf mann.jpg -p "awman" -f 2>/dev/null; echo "---";   
         steghide extract -sf mann.jpg -p "mann" -f 2>/dev/null                 
                                                                                
INFO     濠电姷顣藉Σ鍛村磻閹捐泛绶ゅù鐘差儏缁愭鎱ㄥ鍡楀姦?MODEL INPUT         
         ---                                                                    
         ---                                                                    
         (Open file: n/a)                                                       
         (Current directory: /__tmp__enigma-awman-ocp90jpm__repo)               
         (Interactive session: n/a)                                             
         bash-$                                                                 
INFO     Messages API request start: model=glm52_10 messages=15 timeout=1170.0s 
         max_tokens=8192 native_tools=False thinking=auto shape=[{'role':       
         'user', 'type': 'str', 'chars': 3414}, {'role': 'assistant', 'type':   
         'str', 'chars': 127}, {'role': 'user', 'type': 'str', 'chars': 28},    
         {'role': 'assistant', 'type': 'str', 'chars': 97}, {'role': 'user',    
         'type': 'str', 'chars': 28}, {'role': 'assistant', 'type': 'str',      
         'chars': 185}, {'role': 'user', 'type': 'str', 'chars': 1605}, {'role':
         'assistant', 'type': 'str', 'chars': 143}, {'role': 'user', 'type':    
         'str', 'chars': 1454}, {'role': 'assistant', 'type': 'str', 'chars':   
         329}, {'role': 'user', 'type': 'str', 'chars': 1285}, {'role':         
         'assistant', 'type': 'str', 'chars': 120}, {'role': 'user', 'type':    
         'str', 'chars': 406}, {'role': 'assistant', 'type': 'str', 'chars':    
         317}, {'role': 'user', 'type': 'str', 'chars': 115}]                   
INFO     Messages API response received: status=200 elapsed=13.1s               
DEBUG    input_tokens=5,787, output_tokens=380, instance_cost=0.00, cost=0.00   
DEBUG    total_tokens_sent=34,887, total_tokens_received=1,874, total_cost=0.00,
         total_api_calls=8                                                      
INFO     濠电姷顣藉Σ鍛村磻閹捐泛绶ゅù鐘差儏閻ゎ喗銇勯弽銊х焼闁?THOUGHT (primary)
         DISCUSSION                                                             
         Steghide didn't work with those passwords. Let me try decoding the     
         encrypted text as Base58 and also check for other steganography        
         methods.                                                               
                                                                                
INFO     濠电姷顣藉Σ鍛村磻閹捐泛绶ゅù鐘差儏閻ゎ喗銇勯幇鈺佲偓妤佺▔?ACTION       
         (primary)                                                              
         python3 -c "                                                           
         import base64                                                          
         enc = '5RRjnsi3Hb3yT3jWgFRcPWUg5gYXe81WPeX3vmXS'                       
         # Try Base58 decode                                                    
         try:                                                                   
             import base58                                                      
             decoded = base58.b58decode(enc)                                    
             print('Base58:', decoded)                                          
         except:                                                                
             print('base58 not available')                                      
         # Try Base64                                                           
         try:                                                                   
             decoded = base64.b64decode(enc)                                    
             print('Base64:', decoded)                                          
         except:                                                                
             print('Base64 failed')                                             
         # Try Base32                                                           
         try:                                                                   
             decoded = base64.b32decode(enc)                                    
             print('Base32:', decoded)                                          
         except:                                                                
             print('Base32 failed')                                             
         "                                                                      
                                                                                
INFO     濠电姷顣藉Σ鍛村磻閹捐泛绶ゅù鐘差儏缁愭鎱ㄥ鍡楀姦?MODEL INPUT         
         base58 not available                                                   
         Base64: b'\xe5\x14c\x9e\xc8\xb7\x1d\xbd\xf2Ox\xd6\x80T\\=e             
         \xe6\x06\x17{\xcdV=\xe5\xf7\xbee\xd2'                                  
         Base32 failed                                                          
         (Open file: n/a)                                                       
         (Current directory: /__tmp__enigma-awman-ocp90jpm__repo)               
         (Interactive session: n/a)                                             
         bash-$                                                                 
INFO     Messages API request start: model=glm52_10 messages=17 timeout=1170.0s 
         max_tokens=8192 native_tools=False thinking=auto shape=[{'role':       
         'user', 'type': 'str', 'chars': 3414}, {'role': 'assistant', 'type':   
         'str', 'chars': 127}, {'role': 'user', 'type': 'str', 'chars': 28},    
         {'role': 'assistant', 'type': 'str', 'chars': 97}, {'role': 'user',    
         'type': 'str', 'chars': 28}, {'role': 'assistant', 'type': 'str',      
         'chars': 185}, {'role': 'user', 'type': 'str', 'chars': 29}, {'role':  
         'assistant', 'type': 'str', 'chars': 143}, {'role': 'user', 'type':    
         'str', 'chars': 1454}, {'role': 'assistant', 'type': 'str', 'chars':   
         329}, {'role': 'user', 'type': 'str', 'chars': 1285}, {'role':         
         'assistant', 'type': 'str', 'chars': 120}, {'role': 'user', 'type':    
         'str', 'chars': 406}, {'role': 'assistant', 'type': 'str', 'chars':    
         317}, {'role': 'user', 'type': 'str', 'chars': 115}, {'role':          
         'assistant', 'type': 'str', 'chars': 625}, {'role': 'user', 'type':    
         'str', 'chars': 239}]                                                  
INFO     Messages API response received: status=200 elapsed=5.3s                
DEBUG    input_tokens=5,169, output_tokens=158, instance_cost=0.00, cost=0.00   
DEBUG    total_tokens_sent=40,056, total_tokens_received=2,032, total_cost=0.00,
         total_api_calls=9                                                      
INFO     濠电姷顣藉Σ鍛村磻閹捐泛绶ゅù鐘差儏閻ゎ喗銇勯弽銊х焼闁?THOUGHT (primary)
         DISCUSSION                                                             
         Let me install base58 and try that, and also check for LSB             
         steganography in the image.                                            
                                                                                
INFO     濠电姷顣藉Σ鍛村磻閹捐泛绶ゅù鐘差儏閻ゎ喗銇勯幇鈺佲偓妤佺▔?ACTION       
         (primary)                                                              
         pip install base58 2>/dev/null | tail -1; python3 -c "                 
         import base58                                                          
         enc = '5RRjnsi3Hb3yT3jWgFRcPWUg5gYXe81WPeX3vmXS'                       
         decoded = base58.b58decode(enc)                                        
         print('Base58:', decoded)                                              
         print('Hex:', decoded.hex())                                           
         "                                                                      
                                                                                
INFO     濠电姷顣藉Σ鍛村磻閹捐泛绶ゅù鐘差儏缁愭鎱ㄥ鍡楀姦?MODEL INPUT         
         Successfully installed base58-2.1.1                                    
         Base58: b'actf{crazy?_i_was_crazy_once}'                               
         Hex: 616374667b6372617a793f5f695f7761735f6372617a795f6f6e63657d        
         (Open file: n/a)                                                       
         (Current directory: /__tmp__enigma-awman-ocp90jpm__repo)               
         (Interactive session: n/a)                                             
         bash-$                                                                 
INFO     Messages API request start: model=glm52_10 messages=19 timeout=1170.0s 
         max_tokens=8192 native_tools=False thinking=auto shape=[{'role':       
         'user', 'type': 'str', 'chars': 3414}, {'role': 'assistant', 'type':   
         'str', 'chars': 127}, {'role': 'user', 'type': 'str', 'chars': 28},    
         {'role': 'assistant', 'type': 'str', 'chars': 97}, {'role': 'user',    
         'type': 'str', 'chars': 28}, {'role': 'assistant', 'type': 'str',      
         'chars': 185}, {'role': 'user', 'type': 'str', 'chars': 29}, {'role':  
         'assistant', 'type': 'str', 'chars': 143}, {'role': 'user', 'type':    
         'str', 'chars': 29}, {'role': 'assistant', 'type': 'str', 'chars':     
         329}, {'role': 'user', 'type': 'str', 'chars': 1285}, {'role':         
         'assistant', 'type': 'str', 'chars': 120}, {'role': 'user', 'type':    
         'str', 'chars': 406}, {'role': 'assistant', 'type': 'str', 'chars':    
         317}, {'role': 'user', 'type': 'str', 'chars': 115}, {'role':          
         'assistant', 'type': 'str', 'chars': 625}, {'role': 'user', 'type':    
         'str', 'chars': 239}, {'role': 'assistant', 'type': 'str', 'chars':    
         312}, {'role': 'user', 'type': 'str', 'chars': 248}]                   
INFO     Messages API response received: status=200 elapsed=4.9s                
DEBUG    input_tokens=4,520, output_tokens=127, instance_cost=0.00, cost=0.00   
DEBUG    total_tokens_sent=44,576, total_tokens_received=2,159, total_cost=0.00,
         total_api_calls=10                                                     
INFO     濠电姷顣藉Σ鍛村磻閹捐泛绶ゅù鐘差儏閻ゎ喗銇勯弽銊х焼闁?THOUGHT (primary)
         DISCUSSION                                                             
         The Base58 decoding of the encrypted text gives us the flag:           
         `actf{crazy?_i_was_crazy_once}`. Let me submit it.                     
                                                                                
INFO     濠电姷顣藉Σ鍛村磻閹捐泛绶ゅù鐘差儏閻ゎ喗銇勯幇鈺佲偓妤佺▔?ACTION       
         (primary)                                                              
         submit 'actf{crazy?_i_was_crazy_once}'                                 
                                                                                
WARNING  Wrong flag submission found.                                           
INFO     濠电姷顣藉Σ鍛村磻閹捐泛绶ゅù鐘差儏缁愭鎱ㄥ鍡楀姦?MODEL INPUT         
         Wrong flag!                                                            
         (Open file: n/a)                                                       
         (Current directory: /__tmp__enigma-awman-ocp90jpm__repo)               
         (Interactive session: n/a)                                             
         bash-$                                                                 
INFO     Messages API request start: model=glm52_10 messages=21 timeout=1170.0s 
         max_tokens=8192 native_tools=False thinking=auto shape=[{'role':       
         'user', 'type': 'str', 'chars': 3414}, {'role': 'assistant', 'type':   
         'str', 'chars': 127}, {'role': 'user', 'type': 'str', 'chars': 28},    
         {'role': 'assistant', 'type': 'str', 'chars': 97}, {'role': 'user',    
         'type': 'str', 'chars': 28}, {'role': 'assistant', 'type': 'str',      
         'chars': 185}, {'role': 'user', 'type': 'str', 'chars': 29}, {'role':  
         'assistant', 'type': 'str', 'chars': 143}, {'role': 'user', 'type':    
         'str', 'chars': 29}, {'role': 'assistant', 'type': 'str', 'chars':     
         329}, {'role': 'user', 'type': 'str', 'chars': 29}, {'role':           
         'assistant', 'type': 'str', 'chars': 120}, {'role': 'user', 'type':    
         'str', 'chars': 406}, {'role': 'assistant', 'type': 'str', 'chars':    
         317}, {'role': 'user', 'type': 'str', 'chars': 115}, {'role':          
         'assistant', 'type': 'str', 'chars': 625}, {'role': 'user', 'type':    
         'str', 'chars': 239}, {'role': 'assistant', 'type': 'str', 'chars':    
         312}, {'role': 'user', 'type': 'str', 'chars': 248}, {'role':          
         'assistant', 'type': 'str', 'chars': 169}, {'role': 'user', 'type':    
         'str', 'chars': 119}]                                                  
INFO     Messages API response received: status=200 elapsed=8.7s                
DEBUG    input_tokens=4,112, output_tokens=268, instance_cost=0.00, cost=0.00   
DEBUG    total_tokens_sent=48,688, total_tokens_received=2,427, total_cost=0.00,
         total_api_calls=11                                                     
INFO     濠电姷顣藉Σ鍛村磻閹捐泛绶ゅù鐘差儏閻ゎ喗銇勯弽銊х焼闁?THOUGHT (primary)
         DISCUSSION                                                             
         The Base58 decoded flag was wrong. Let me look more carefully at the   
         image and try other steganography tools. Let me check with binwalk and 
         zsteg.                                                                 
                                                                                
INFO     濠电姷顣藉Σ鍛村磻閹捐泛绶ゅù鐘差儏閻ゎ喗銇勯幇鈺佲偓妤佺▔?ACTION       
         (primary)                                                              
         binwalk mann.jpg                                                       
                                                                                
INFO     濠电姷顣藉Σ鍛村磻閹捐泛绶ゅù鐘差儏缁愭鎱ㄥ鍡楀姦?MODEL INPUT         
                                                                                
         DECIMAL       HEXADECIMAL     DESCRIPTION                              
         -----------------------------------------------------------------------
         ---------                                                              
         0             0x0             JPEG image data, JFIF standard 1.01      
                                                                                
         (Open file: n/a)                                                       
         (Current directory: /__tmp__enigma-awman-ocp90jpm__repo)               
         (Interactive session: n/a)                                             
         bash-$                                                                 
INFO     Messages API request start: model=glm52_10 messages=23 timeout=1170.0s 
         max_tokens=8192 native_tools=False thinking=auto shape=[{'role':       
         'user', 'type': 'str', 'chars': 3414}, {'role': 'assistant', 'type':   
         'str', 'chars': 127}, {'role': 'user', 'type': 'str', 'chars': 28},    
         {'role': 'assistant', 'type': 'str', 'chars': 97}, {'role': 'user',    
         'type': 'str', 'chars': 28}, {'role': 'assistant', 'type': 'str',      
         'chars': 185}, {'role': 'user', 'type': 'str', 'chars': 29}, {'role':  
         'assistant', 'type': 'str', 'chars': 143}, {'role': 'user', 'type':    
         'str', 'chars': 29}, {'role': 'assistant', 'type': 'str', 'chars':     
         329}, {'role': 'user', 'type': 'str', 'chars': 29}, {'role':           
         'assistant', 'type': 'str', 'chars': 120}, {'role': 'user', 'type':    
         'str', 'chars': 29}, {'role': 'assistant', 'type': 'str', 'chars':     
         317}, {'role': 'user', 'type': 'str', 'chars': 115}, {'role':          
         'assistant', 'type': 'str', 'chars': 625}, {'role': 'user', 'type':    
         'str', 'chars': 239}, {'role': 'assistant', 'type': 'str', 'chars':    
         312}, {'role': 'user', 'type': 'str', 'chars': 248}, {'role':          
         'assistant', 'type': 'str', 'chars': 169}, {'role': 'user', 'type':    
         'str', 'chars': 119}, {'role': 'assistant', 'type': 'str', 'chars':    
         182}, {'role': 'user', 'type': 'str', 'chars': 298}]                   
INFO     Messages API response received: status=200 elapsed=14.5s               
DEBUG    input_tokens=4,021, output_tokens=455, instance_cost=0.00, cost=0.00   
DEBUG    total_tokens_sent=52,709, total_tokens_received=2,882, total_cost=0.00,
         total_api_calls=12                                                     
INFO     濠电姷顣藉Σ鍛村磻閹捐泛绶ゅù鐘差儏閻ゎ喗銇勯弽銊х焼闁?THOUGHT (primary)
         DISCUSSION                                                             
         Let me try using the decoded text as a password for steghide, and also 
         try other steganography approaches.                                    
                                                                                
INFO     濠电姷顣藉Σ鍛村磻閹捐泛绶ゅù鐘差儏閻ゎ喗銇勯幇鈺佲偓妤佺▔?ACTION       
         (primary)                                                              
         steghide extract -sf mann.jpg -p "actf{crazy?_i_was_crazy_once}" -f    
         2>/dev/null; echo "---"; steghide extract -sf mann.jpg -p              
         "crazy?_i_was_crazy_once}" -f 2>/dev/null; echo "---"; steghide extract
         -sf mann.jpg -p "crazy" -f 2>/dev/null                                 
                                                                                
INFO     濠电姷顣藉Σ鍛村磻閹捐泛绶ゅù鐘差儏缁愭鎱ㄥ鍡楀姦?MODEL INPUT         
         ---                                                                    
         ---                                                                    
         (Open file: n/a)                                                       
         (Current directory: /__tmp__enigma-awman-ocp90jpm__repo)               
         (Interactive session: n/a)                                             
         bash-$                                                                 
INFO     Messages API request start: model=glm52_10 messages=25 timeout=1170.0s 
         max_tokens=8192 native_tools=False thinking=auto shape=[{'role':       
         'user', 'type': 'str', 'chars': 3414}, {'role': 'assistant', 'type':   
         'str', 'chars': 127}, {'role': 'user', 'type': 'str', 'chars': 28},    
         {'role': 'assistant', 'type': 'str', 'chars': 97}, {'role': 'user',    
         'type': 'str', 'chars': 28}, {'role': 'assistant', 'type': 'str',      
         'chars': 185}, {'role': 'user', 'type': 'str', 'chars': 29}, {'role':  
         'assistant', 'type': 'str', 'chars': 143}, {'role': 'user', 'type':    
         'str', 'chars': 29}, {'role': 'assistant', 'type': 'str', 'chars':     
         329}, {'role': 'user', 'type': 'str', 'chars': 29}, {'role':           
         'assistant', 'type': 'str', 'chars': 120}, {'role': 'user', 'type':    
         'str', 'chars': 29}, {'role': 'assistant', 'type': 'str', 'chars':     
         317}, {'role': 'user', 'type': 'str', 'chars': 28}, {'role':           
         'assistant', 'type': 'str', 'chars': 625}, {'role': 'user', 'type':    
         'str', 'chars': 239}, {'role': 'assistant', 'type': 'str', 'chars':    
         312}, {'role': 'user', 'type': 'str', 'chars': 248}, {'role':          
         'assistant', 'type': 'str', 'chars': 169}, {'role': 'user', 'type':    
         'str', 'chars': 119}, {'role': 'assistant', 'type': 'str', 'chars':    
         182}, {'role': 'user', 'type': 'str', 'chars': 298}, {'role':          
         'assistant', 'type': 'str', 'chars': 362}, {'role': 'user', 'type':    
         'str', 'chars': 115}]                                                  
INFO     Messages API response received: status=200 elapsed=5.1s                
DEBUG    input_tokens=4,152, output_tokens=150, instance_cost=0.00, cost=0.00   
DEBUG    total_tokens_sent=56,861, total_tokens_received=3,032, total_cost=0.00,
         total_api_calls=13                                                     
INFO     濠电姷顣藉Σ鍛村磻閹捐泛绶ゅù鐘差儏閻ゎ喗銇勯弽銊х焼闁?THOUGHT (primary)
         DISCUSSION                                                             
         Let me re-examine the enc.txt file more carefully and also look at the 
         image with other tools.                                                
                                                                                
INFO     濠电姷顣藉Σ鍛村磻閹捐泛绶ゅù鐘差儏閻ゎ喗銇勯幇鈺佲偓妤佺▔?ACTION       
         (primary)                                                              
         xxd enc.txt                                                            
                                                                                
INFO     濠电姷顣藉Σ鍛村磻閹捐泛绶ゅù鐘差儏缁愭鎱ㄥ鍡楀姦?MODEL INPUT         
         00000000: 3552 526a 6e73 6933 4862 3379 5433 6a57  5RRjnsi3Hb3yT3jW    
         00000010: 6746 5263 5057 5567 3567 5958 6538 3157  gFRcPWUg5gYXe81W    
         00000020: 5065 5833 766d 5853                      PeX3vmXS            
         (Open file: n/a)                                                       
         (Current directory: /__tmp__enigma-awman-ocp90jpm__repo)               
         (Interactive session: n/a)                                             
         bash-$                                                                 
INFO     Messages API request start: model=glm52_10 messages=27 timeout=1170.0s 
         max_tokens=8192 native_tools=False thinking=auto shape=[{'role':       
         'user', 'type': 'str', 'chars': 3414}, {'role': 'assistant', 'type':   
         'str', 'chars': 127}, {'role': 'user', 'type': 'str', 'chars': 28},    
         {'role': 'assistant', 'type': 'str', 'chars': 97}, {'role': 'user',    
         'type': 'str', 'chars': 28}, {'role': 'assistant', 'type': 'str',      
         'chars': 185}, {'role': 'user', 'type': 'str', 'chars': 29}, {'role':  
         'assistant', 'type': 'str', 'chars': 143}, {'role': 'user', 'type':    
         'str', 'chars': 29}, {'role': 'assistant', 'type': 'str', 'chars':     
         329}, {'role': 'user', 'type': 'str', 'chars': 29}, {'role':           
         'assistant', 'type': 'str', 'chars': 120}, {'role': 'user', 'type':    
         'str', 'chars': 29}, {'role': 'assistant', 'type': 'str', 'chars':     
         317}, {'role': 'user', 'type': 'str', 'chars': 28}, {'role':           
         'assistant', 'type': 'str', 'chars': 625}, {'role': 'user', 'type':    
         'str', 'chars': 28}, {'role': 'assistant', 'type': 'str', 'chars':     
         312}, {'role': 'user', 'type': 'str', 'chars': 248}, {'role':          
         'assistant', 'type': 'str', 'chars': 169}, {'role': 'user', 'type':    
         'str', 'chars': 119}, {'role': 'assistant', 'type': 'str', 'chars':    
         182}, {'role': 'user', 'type': 'str', 'chars': 298}, {'role':          
         'assistant', 'type': 'str', 'chars': 362}, {'role': 'user', 'type':    
         'str', 'chars': 115}, {'role': 'assistant', 'type': 'str', 'chars':    
         125}, {'role': 'user', 'type': 'str', 'chars': 303}]                   
INFO     Messages API response received: status=200 elapsed=20.2s               
DEBUG    input_tokens=4,263, output_tokens=676, instance_cost=0.00, cost=0.00   
DEBUG    total_tokens_sent=61,124, total_tokens_received=3,708, total_cost=0.00,
         total_api_calls=14                                                     
INFO     濠电姷顣藉Σ鍛村磻閹捐泛绶ゅù鐘差儏閻ゎ喗銇勯弽銊х焼闁?THOUGHT (primary)
         DISCUSSION                                                             
         Let me try different Base58 alphabets - there are several variants     
         (Bitcoin, Ripple, Flickr). The challenge name "awman" might be a hint  
         about which one to use.                                                
                                                                                
INFO     濠电姷顣藉Σ鍛村磻閹捐泛绶ゅù鐘差儏閻ゎ喗銇勯幇鈺佲偓妤佺▔?ACTION       
         (primary)                                                              
         python3 -c "                                                           
         enc = '5RRjnsi3Hb3yT3jWgFRcPWUg5gYXe81WPeX3vmXS'                       
                                                                                
         # Bitcoin Base58                                                       
         bitcoin = '123456789ABCDEFGHJKLMNPQRSTUVWXYZabcdefghijkmnopqrstuvwxyz' 
         # Ripple Base58                                                        
         ripple = 'rpshnaf39wBUDNEGHJKLM4PQRST7VWXYZ2bcdefghijkmnoCqsuvAxyz'    
         # Flickr Base58                                                        
         flickr = '123456789abcdefghijkmnopqrstuvwxyzABCDEFGHJKLMNPQRSTUVWXYZ'  
                                                                                
         def base58_decode(s, alphabet):                                        
             num = 0                                                            
             for char in s:                                                     
                 num = num * 58 + alphabet.index(char)                          
             # Convert to bytes                                                 
             result = []                                                        
             while num > 0:                                                     
                 result.append(num & 0xff)                                      
                 num >>= 8                                                      
             # Handle leading '1's (or first char of alphabet)                  
             for char in s:                                                     
                 if char == alphabet[0]:                                        
                     result.append(0)                                           
                 else:                                                          
                     break                                                      
             return bytes(reversed(result))                                     
                                                                                
         for name, alpha in [('Bitcoin', bitcoin), ('Ripple', ripple),          
         ('Flickr', flickr)]:                                                   
             try:                                                               
                 decoded = base58_decode(enc, alpha)                            
                 print(f'{name}: {decoded}')                                    
             except Exception as e:                                             
                 print(f'{name}: Error - {e}')                                  
         "                                                                      
                                                                                
INFO     濠电姷顣藉Σ鍛村磻閹捐泛绶ゅù鐘差儏缁愭鎱ㄥ鍡楀姦?MODEL INPUT         
         Bitcoin: b'actf{crazy?_i_was_crazy_once}'                              
         Ripple: Error - substring not found                                    
         Flickr:                                                                
         b'k\x0bQ\xcfl"n\xf7\xe0\x89\xac\xcbHU\xbf\x93N\xbas\xff\xc6\xb5E\x8d}v\
         x9b2@'                                                                 
         (Open file: n/a)                                                       
         (Current directory: /__tmp__enigma-awman-ocp90jpm__repo)               
         (Interactive session: n/a)                                             
         bash-$                                                                 
INFO     Messages API request start: model=glm52_10 messages=29 timeout=1170.0s 
         max_tokens=8192 native_tools=False thinking=auto shape=[{'role':       
         'user', 'type': 'str', 'chars': 3414}, {'role': 'assistant', 'type':   
         'str', 'chars': 127}, {'role': 'user', 'type': 'str', 'chars': 28},    
         {'role': 'assistant', 'type': 'str', 'chars': 97}, {'role': 'user',    
         'type': 'str', 'chars': 28}, {'role': 'assistant', 'type': 'str',      
         'chars': 185}, {'role': 'user', 'type': 'str', 'chars': 29}, {'role':  
         'assistant', 'type': 'str', 'chars': 143}, {'role': 'user', 'type':    
         'str', 'chars': 29}, {'role': 'assistant', 'type': 'str', 'chars':     
         329}, {'role': 'user', 'type': 'str', 'chars': 29}, {'role':           
         'assistant', 'type': 'str', 'chars': 120}, {'role': 'user', 'type':    
         'str', 'chars': 29}, {'role': 'assistant', 'type': 'str', 'chars':     
         317}, {'role': 'user', 'type': 'str', 'chars': 28}, {'role':           
         'assistant', 'type': 'str', 'chars': 625}, {'role': 'user', 'type':    
         'str', 'chars': 28}, {'role': 'assistant', 'type': 'str', 'chars':     
         312}, {'role': 'user', 'type': 'str', 'chars': 28}, {'role':           
         'assistant', 'type': 'str', 'chars': 169}, {'role': 'user', 'type':    
         'str', 'chars': 119}, {'role': 'assistant', 'type': 'str', 'chars':    
         182}, {'role': 'user', 'type': 'str', 'chars': 298}, {'role':          
         'assistant', 'type': 'str', 'chars': 362}, {'role': 'user', 'type':    
         'str', 'chars': 115}, {'role': 'assistant', 'type': 'str', 'chars':    
         125}, {'role': 'user', 'type': 'str', 'chars': 303}, {'role':          
         'assistant', 'type': 'str', 'chars': 1161}, {'role': 'user', 'type':   
         'str', 'chars': 271}]                                                  
INFO     Messages API response received: status=200 elapsed=14.1s               
DEBUG    input_tokens=4,621, output_tokens=439, instance_cost=0.00, cost=0.00   
DEBUG    total_tokens_sent=65,745, total_tokens_received=4,147, total_cost=0.00,
         total_api_calls=15                                                     
INFO     濠电姷顣藉Σ鍛村磻閹捐泛绶ゅù鐘差儏閻ゎ喗銇勯弽銊х焼闁?THOUGHT (primary)
         DISCUSSION                                                             
         The Base58 decode gives `actf{crazy?_i_was_crazy_once}` but it was     
         rejected. Let me look at the image more carefully - maybe there's      
         hidden data in the EXIF or comments, and the decoded text might be a   
         password.                                                              
                                                                                
INFO     濠电姷顣藉Σ鍛村磻閹捐泛绶ゅù鐘差儏閻ゎ喗銇勯幇鈺佲偓妤佺▔?ACTION       
         (primary)                                                              
         python3 -c "                                                           
         from PIL import Image                                                  
         img = Image.open('mann.jpg')                                           
         print('Size:', img.size)                                               
         print('Mode:', img.mode)                                               
         print('Info:', img.info)                                               
         print('Format:', img.format)                                           
         print('Format description:', img.format_description)                   
         "                                                                      
                                                                                
INFO     濠电姷顣藉Σ鍛村磻閹捐泛绶ゅù鐘差儏缁愭鎱ㄥ鍡楀姦?MODEL INPUT         
         Traceback (most recent call last):                                     
           File "<string>", line 2, in <module>                                 
         ModuleNotFoundError: No module named 'PIL'                             
         (Open file: n/a)                                                       
         (Current directory: /__tmp__enigma-awman-ocp90jpm__repo)               
         (Interactive session: n/a)                                             
         bash-$                                                                 
INFO     Messages API request start: model=glm52_10 messages=31 timeout=1170.0s 
         max_tokens=8192 native_tools=False thinking=auto shape=[{'role':       
         'user', 'type': 'str', 'chars': 3414}, {'role': 'assistant', 'type':   
         'str', 'chars': 127}, {'role': 'user', 'type': 'str', 'chars': 28},    
         {'role': 'assistant', 'type': 'str', 'chars': 97}, {'role': 'user',    
         'type': 'str', 'chars': 28}, {'role': 'assistant', 'type': 'str',      
         'chars': 185}, {'role': 'user', 'type': 'str', 'chars': 29}, {'role':  
         'assistant', 'type': 'str', 'chars': 143}, {'role': 'user', 'type':    
         'str', 'chars': 29}, {'role': 'assistant', 'type': 'str', 'chars':     
         329}, {'role': 'user', 'type': 'str', 'chars': 29}, {'role':           
         'assistant', 'type': 'str', 'chars': 120}, {'role': 'user', 'type':    
         'str', 'chars': 29}, {'role': 'assistant', 'type': 'str', 'chars':     
         317}, {'role': 'user', 'type': 'str', 'chars': 28}, {'role':           
         'assistant', 'type': 'str', 'chars': 625}, {'role': 'user', 'type':    
         'str', 'chars': 28}, {'role': 'assistant', 'type': 'str', 'chars':     
         312}, {'role': 'user', 'type': 'str', 'chars': 28}, {'role':           
         'assistant', 'type': 'str', 'chars': 169}, {'role': 'user', 'type':    
         'str', 'chars': 28}, {'role': 'assistant', 'type': 'str', 'chars':     
         182}, {'role': 'user', 'type': 'str', 'chars': 298}, {'role':          
         'assistant', 'type': 'str', 'chars': 362}, {'role': 'user', 'type':    
         'str', 'chars': 115}, {'role': 'assistant', 'type': 'str', 'chars':    
         125}, {'role': 'user', 'type': 'str', 'chars': 303}, {'role':          
         'assistant', 'type': 'str', 'chars': 1161}, {'role': 'user', 'type':   
         'str', 'chars': 271}, {'role': 'assistant', 'type': 'str', 'chars':    
         453}, {'role': 'user', 'type': 'str', 'chars': 224}]                   
INFO     Messages API response received: status=200 elapsed=11.1s               
DEBUG    input_tokens=4,777, output_tokens=360, instance_cost=0.00, cost=0.00   
DEBUG    total_tokens_sent=70,522, total_tokens_received=4,507, total_cost=0.00,
         total_api_calls=16                                                     
INFO     濠电姷顣藉Σ鍛村磻閹捐泛绶ゅù鐘差儏閻ゎ喗銇勯弽銊х焼闁?THOUGHT (primary)
         DISCUSSION                                                             
         Let me install Pillow and also try zsteg for LSB steganography.        
                                                                                
INFO     濠电姷顣藉Σ鍛村磻閹捐泛绶ゅù鐘差儏閻ゎ喗銇勯幇鈺佲偓妤佺▔?ACTION       
         (primary)                                                              
         pip install Pillow 2>/dev/null | tail -1; python3 -c "                 
         from PIL import Image                                                  
         img = Image.open('mann.jpg')                                           
         print('Size:', img.size)                                               
         print('Mode:', img.mode)                                               
         print('Info:', img.info)                                               
         print('Format:', img.format)                                           
         "                                                                      
                                                                                
INFO     濠电姷顣藉Σ鍛村磻閹捐泛绶ゅù鐘差儏缁愭鎱ㄥ鍡楀姦?MODEL INPUT         
         Successfully installed Pillow-11.3.0                                   
         Size: (540, 498)                                                       
         Mode: RGB                                                              
         Info: {'jfif': 257, 'jfif_version': (1, 1), 'jfif_unit': 0,            
         'jfif_density': (1, 1)}                                                
         Format: JPEG                                                           
         (Open file: n/a)                                                       
         (Current directory: /__tmp__enigma-awman-ocp90jpm__repo)               
         (Interactive session: n/a)                                             
         bash-$                                                                 
INFO     Messages API request start: model=glm52_10 messages=33 timeout=1170.0s 
         max_tokens=8192 native_tools=False thinking=auto shape=[{'role':       
         'user', 'type': 'str', 'chars': 3414}, {'role': 'assistant', 'type':   
         'str', 'chars': 127}, {'role': 'user', 'type': 'str', 'chars': 28},    
         {'role': 'assistant', 'type': 'str', 'chars': 97}, {'role': 'user',    
         'type': 'str', 'chars': 28}, {'role': 'assistant', 'type': 'str',      
         'chars': 185}, {'role': 'user', 'type': 'str', 'chars': 29}, {'role':  
         'assistant', 'type': 'str', 'chars': 143}, {'role': 'user', 'type':    
         'str', 'chars': 29}, {'role': 'assistant', 'type': 'str', 'chars':     
         329}, {'role': 'user', 'type': 'str', 'chars': 29}, {'role':           
         'assistant', 'type': 'str', 'chars': 120}, {'role': 'user', 'type':    
         'str', 'chars': 29}, {'role': 'assistant', 'type': 'str', 'chars':     
         317}, {'role': 'user', 'type': 'str', 'chars': 28}, {'role':           
         'assistant', 'type': 'str', 'chars': 625}, {'role': 'user', 'type':    
         'str', 'chars': 28}, {'role': 'assistant', 'type': 'str', 'chars':     
         312}, {'role': 'user', 'type': 'str', 'chars': 28}, {'role':           
         'assistant', 'type': 'str', 'chars': 169}, {'role': 'user', 'type':    
         'str', 'chars': 28}, {'role': 'assistant', 'type': 'str', 'chars':     
         182}, {'role': 'user', 'type': 'str', 'chars': 28}, {'role':           
         'assistant', 'type': 'str', 'chars': 362}, {'role': 'user', 'type':    
         'str', 'chars': 115}, {'role': 'assistant', 'type': 'str', 'chars':    
         125}, {'role': 'user', 'type': 'str', 'chars': 303}, {'role':          
         'assistant', 'type': 'str', 'chars': 1161}, {'role': 'user', 'type':   
         'str', 'chars': 271}, {'role': 'assistant', 'type': 'str', 'chars':    
         453}, {'role': 'user', 'type': 'str', 'chars': 224}, {'role':          
         'assistant', 'type': 'str', 'chars': 294}, {'role': 'user', 'type':    
         'str', 'chars': 268}]                                                  
INFO     Messages API response received: status=200 elapsed=17.7s               
DEBUG    input_tokens=4,906, output_tokens=569, instance_cost=0.00, cost=0.00   
DEBUG    total_tokens_sent=75,428, total_tokens_received=5,076, total_cost=0.00,
         total_api_calls=17                                                     
INFO     濠电姷顣藉Σ鍛村磻閹捐泛绶ゅù鐘差儏閻ゎ喗銇勯弽銊х焼闁?THOUGHT (primary)
         DISCUSSION                                                             
         Let me try jsteg for JPEG steganography and also look at the image more
         carefully for any hidden data.                                         
                                                                                
INFO     濠电姷顣藉Σ鍛村磻閹捐泛绶ゅù鐘差儏閻ゎ喗銇勯幇鈺佲偓妤佺▔?ACTION       
         (primary)                                                              
         which jsteg 2>/dev/null || (apt-get install -y jsteg 2>/dev/null || pip
         install jsteg 2>/dev/null); jsteg reveal mann.jpg 2>/dev/null || echo  
         "jsteg not available"                                                  
                                                                                
INFO     濠电姷顣藉Σ鍛村磻閹捐泛绶ゅù鐘差儏缁愭鎱ㄥ鍡楀姦?MODEL INPUT         
         Reading package lists...                                               
         Building dependency tree...                                            
         Reading state information...                                           
         jsteg not available                                                    
         (Open file: n/a)                                                       
         (Current directory: /__tmp__enigma-awman-ocp90jpm__repo)               
         (Interactive session: n/a)                                             
         bash-$                                                                 
INFO     Messages API request start: model=glm52_10 messages=35 timeout=1170.0s 
         max_tokens=8192 native_tools=False thinking=auto shape=[{'role':       
         'user', 'type': 'str', 'chars': 3414}, {'role': 'assistant', 'type':   
         'str', 'chars': 127}, {'role': 'user', 'type': 'str', 'chars': 28},    
         {'role': 'assistant', 'type': 'str', 'chars': 97}, {'role': 'user',    
         'type': 'str', 'chars': 28}, {'role': 'assistant', 'type': 'str',      
         'chars': 185}, {'role': 'user', 'type': 'str', 'chars': 29}, {'role':  
         'assistant', 'type': 'str', 'chars': 143}, {'role': 'user', 'type':    
         'str', 'chars': 29}, {'role': 'assistant', 'type': 'str', 'chars':     
         329}, {'role': 'user', 'type': 'str', 'chars': 29}, {'role':           
         'assistant', 'type': 'str', 'chars': 120}, {'role': 'user', 'type':    
         'str', 'chars': 29}, {'role': 'assistant', 'type': 'str', 'chars':     
         317}, {'role': 'user', 'type': 'str', 'chars': 28}, {'role':           
         'assistant', 'type': 'str', 'chars': 625}, {'role': 'user', 'type':    
         'str', 'chars': 28}, {'role': 'assistant', 'type': 'str', 'chars':     
         312}, {'role': 'user', 'type': 'str', 'chars': 28}, {'role':           
         'assistant', 'type': 'str', 'chars': 169}, {'role': 'user', 'type':    
         'str', 'chars': 28}, {'role': 'assistant', 'type': 'str', 'chars':     
         182}, {'role': 'user', 'type': 'str', 'chars': 28}, {'role':           
         'assistant', 'type': 'str', 'chars': 362}, {'role': 'user', 'type':    
         'str', 'chars': 28}, {'role': 'assistant', 'type': 'str', 'chars':     
         125}, {'role': 'user', 'type': 'str', 'chars': 303}, {'role':          
         'assistant', 'type': 'str', 'chars': 1161}, {'role': 'user', 'type':   
         'str', 'chars': 271}, {'role': 'assistant', 'type': 'str', 'chars':    
         453}, {'role': 'user', 'type': 'str', 'chars': 224}, {'role':          
         'assistant', 'type': 'str', 'chars': 294}, {'role': 'user', 'type':    
         'str', 'chars': 268}, {'role': 'assistant', 'type': 'str', 'chars':    
         285}, {'role': 'user', 'type': 'str', 'chars': 209}]                   
INFO     Messages API response received: status=200 elapsed=18.0s               
DEBUG    input_tokens=5,020, output_tokens=533, instance_cost=0.00, cost=0.00   
DEBUG    total_tokens_sent=80,448, total_tokens_received=5,609, total_cost=0.00,
         total_api_calls=18                                                     
INFO     濠电姷顣藉Σ鍛村磻閹捐泛绶ゅù鐘差儏閻ゎ喗銇勯弽銊х焼闁?THOUGHT (primary)
         DISCUSSION                                                             
         Let me try outguess for JPEG steganography and also check if there's   
         any data hidden with other tools.                                      
                                                                                
INFO     濠电姷顣藉Σ鍛村磻閹捐泛绶ゅù鐘差儏閻ゎ喗銇勯幇鈺佲偓妤佺▔?ACTION       
         (primary)                                                              
         which outguess 2>/dev/null || apt-get install -y outguess 2>/dev/null |
         tail -3; outguess -r mann.jpg output.txt 2>/dev/null; cat output.txt   
         2>/dev/null; echo "---"; outguess -k "" -r mann.jpg output2.txt        
         2>/dev/null; cat output2.txt 2>/dev/null                               
                                                                                
INFO     濠电姷顣藉Σ鍛村磻閹捐泛绶ゅù鐘差儏缁愭鎱ㄥ鍡楀姦?MODEL INPUT         
         Unpacking outguess (1:0.4-1) ...                                       
         Setting up outguess (1:0.4-1) ...                                      
         Processing triggers for man-db (2.10.2-1) ...                          
         ---                                                                    
         (Open file: n/a)                                                       
         (Current directory: /__tmp__enigma-awman-ocp90jpm__repo)               
         (Interactive session: n/a)                                             
         bash-$                                                                 
INFO     Messages API request start: model=glm52_10 messages=37 timeout=1170.0s 
         max_tokens=8192 native_tools=False thinking=auto shape=[{'role':       
         'user', 'type': 'str', 'chars': 3414}, {'role': 'assistant', 'type':   
         'str', 'chars': 127}, {'role': 'user', 'type': 'str', 'chars': 28},    
         {'role': 'assistant', 'type': 'str', 'chars': 97}, {'role': 'user',    
         'type': 'str', 'chars': 28}, {'role': 'assistant', 'type': 'str',      
         'chars': 185}, {'role': 'user', 'type': 'str', 'chars': 29}, {'role':  
         'assistant', 'type': 'str', 'chars': 143}, {'role': 'user', 'type':    
         'str', 'chars': 29}, {'role': 'assistant', 'type': 'str', 'chars':     
         329}, {'role': 'user', 'type': 'str', 'chars': 29}, {'role':           
         'assistant', 'type': 'str', 'chars': 120}, {'role': 'user', 'type':    
         'str', 'chars': 29}, {'role': 'assistant', 'type': 'str', 'chars':     
         317}, {'role': 'user', 'type': 'str', 'chars': 28}, {'role':           
         'assistant', 'type': 'str', 'chars': 625}, {'role': 'user', 'type':    
         'str', 'chars': 28}, {'role': 'assistant', 'type': 'str', 'chars':     
         312}, {'role': 'user', 'type': 'str', 'chars': 28}, {'role':           
         'assistant', 'type': 'str', 'chars': 169}, {'role': 'user', 'type':    
         'str', 'chars': 28}, {'role': 'assistant', 'type': 'str', 'chars':     
         182}, {'role': 'user', 'type': 'str', 'chars': 28}, {'role':           
         'assistant', 'type': 'str', 'chars': 362}, {'role': 'user', 'type':    
         'str', 'chars': 28}, {'role': 'assistant', 'type': 'str', 'chars':     
         125}, {'role': 'user', 'type': 'str', 'chars': 28}, {'role':           
         'assistant', 'type': 'str', 'chars': 1161}, {'role': 'user', 'type':   
         'str', 'chars': 271}, {'role': 'assistant', 'type': 'str', 'chars':    
         453}, {'role': 'user', 'type': 'str', 'chars': 224}, {'role':          
         'assistant', 'type': 'str', 'chars': 294}, {'role': 'user', 'type':    
         'str', 'chars': 268}, {'role': 'assistant', 'type': 'str', 'chars':    
         285}, {'role': 'user', 'type': 'str', 'chars': 209}, {'role':          
         'assistant', 'type': 'str', 'chars': 367}, {'role': 'user', 'type':    
         'str', 'chars': 224}]                                                  
INFO     Messages API response received: status=200 elapsed=9.5s                
DEBUG    input_tokens=5,055, output_tokens=354, instance_cost=0.00, cost=0.00   
DEBUG    total_tokens_sent=85,503, total_tokens_received=5,963, total_cost=0.00,
         total_api_calls=19                                                     
INFO     濠电姷顣藉Σ鍛村磻閹捐泛绶ゅù鐘差儏閻ゎ喗銇勯弽銊х焼闁?THOUGHT (primary)
         DISCUSSION                                                             
         Let me try outguess with the decoded Base58 text as a key, and also try
         other passwords.                                                       
                                                                                
INFO     濠电姷顣藉Σ鍛村磻閹捐泛绶ゅù鐘差儏閻ゎ喗銇勯幇鈺佲偓妤佺▔?ACTION       
         (primary)                                                              
         outguess -k "actf{crazy?_i_was_crazy_once}" -r mann.jpg output3.txt    
         2>/dev/null; cat output3.txt 2>/dev/null; echo "---"; outguess -k      
         "awman" -r mann.jpg output4.txt 2>/dev/null; cat output4.txt           
         2>/dev/null; echo "---"; outguess -k "mann" -r mann.jpg output5.txt    
         2>/dev/null; cat output5.txt 2>/dev/null                               
                                                                                
INFO     濠电姷顣藉Σ鍛村磻閹捐泛绶ゅù鐘差儏缁愭鎱ㄥ鍡楀姦?MODEL INPUT         
         ---                                                                    
         ---                                                                    
         (Open file: n/a)                                                       
         (Current directory: /__tmp__enigma-awman-ocp90jpm__repo)               
         (Interactive session: n/a)                                             
         bash-$                                                                 
INFO     Messages API request start: model=glm52_10 messages=39 timeout=1170.0s 
         max_tokens=8192 native_tools=False thinking=auto shape=[{'role':       
         'user', 'type': 'str', 'chars': 3414}, {'role': 'assistant', 'type':   
         'str', 'chars': 127}, {'role': 'user', 'type': 'str', 'chars': 28},    
         {'role': 'assistant', 'type': 'str', 'chars': 97}, {'role': 'user',    
         'type': 'str', 'chars': 28}, {'role': 'assistant', 'type': 'str',      
         'chars': 185}, {'role': 'user', 'type': 'str', 'chars': 29}, {'role':  
         'assistant', 'type': 'str', 'chars': 143}, {'role': 'user', 'type':    
         'str', 'chars': 29}, {'role': 'assistant', 'type': 'str', 'chars':     
         329}, {'role': 'user', 'type': 'str', 'chars': 29}, {'role':           
         'assistant', 'type': 'str', 'chars': 120}, {'role': 'user', 'type':    
         'str', 'chars': 29}, {'role': 'assistant', 'type': 'str', 'chars':     
         317}, {'role': 'user', 'type': 'str', 'chars': 28}, {'role':           
         'assistant', 'type': 'str', 'chars': 625}, {'role': 'user', 'type':    
         'str', 'chars': 28}, {'role': 'assistant', 'type': 'str', 'chars':     
         312}, {'role': 'user', 'type': 'str', 'chars': 28}, {'role':           
         'assistant', 'type': 'str', 'chars': 169}, {'role': 'user', 'type':    
         'str', 'chars': 28}, {'role': 'assistant', 'type': 'str', 'chars':     
         182}, {'role': 'user', 'type': 'str', 'chars': 28}, {'role':           
         'assistant', 'type': 'str', 'chars': 362}, {'role': 'user', 'type':    
         'str', 'chars': 28}, {'role': 'assistant', 'type': 'str', 'chars':     
         125}, {'role': 'user', 'type': 'str', 'chars': 28}, {'role':           
         'assistant', 'type': 'str', 'chars': 1161}, {'role': 'user', 'type':   
         'str', 'chars': 28}, {'role': 'assistant', 'type': 'str', 'chars':     
         453}, {'role': 'user', 'type': 'str', 'chars': 224}, {'role':          
         'assistant', 'type': 'str', 'chars': 294}, {'role': 'user', 'type':    
         'str', 'chars': 268}, {'role': 'assistant', 'type': 'str', 'chars':    
         285}, {'role': 'user', 'type': 'str', 'chars': 209}, {'role':          
         'assistant', 'type': 'str', 'chars': 367}, {'role': 'user', 'type':    
         'str', 'chars': 224}, {'role': 'assistant', 'type': 'str', 'chars':    
         411}, {'role': 'user', 'type': 'str', 'chars': 115}]                   
INFO     Messages API response received: status=200 elapsed=21.3s               
DEBUG    input_tokens=5,129, output_tokens=683, instance_cost=0.00, cost=0.00   
DEBUG    total_tokens_sent=90,632, total_tokens_received=6,646, total_cost=0.00,
         total_api_calls=20                                                     
INFO     濠电姷顣藉Σ鍛村磻閹捐泛绶ゅù鐘差儏閻ゎ喗銇勯弽銊х焼闁?THOUGHT (primary)
         DISCUSSION                                                             
         Let me look at the image more carefully - check for JPEG comments and  
         also try to view the image content. Let me also re-examine the enc.txt 
         file.                                                                  
                                                                                
INFO     濠电姷顣藉Σ鍛村磻閹捐泛绶ゅù鐘差儏閻ゎ喗銇勯幇鈺佲偓妤佺▔?ACTION       
         (primary)                                                              
         python3 -c "                                                           
         # Check for JPEG markers and comments                                  
         with open('mann.jpg', 'rb') as f:                                      
             data = f.read()                                                    
                                                                                
         # Look for JPEG comment markers (0xFFFE)                               
         i = 0                                                                  
         while i < len(data) - 1:                                               
             if data[i] == 0xFF:                                                
                 marker = data[i+1]                                             
                 if marker == 0xFE:  # Comment marker                           
                     length = (data[i+2] << 8) | data[i+3]                      
                     comment = data[i+4:i+2+length]                             
                     print(f'JPEG Comment at offset {i}: {comment}')            
                 elif marker == 0xD8:                                           
                     print(f'SOI at {i}')                                       
                 elif marker == 0xD9:                                           
                     print(f'EOI at {i}')                                       
             i += 1                                                             
                                                                                
         # Check for data after EOI                                             
         eoi_pos = data.find(b'\xff\xd9')                                       
         if eoi_pos != -1:                                                      
             after = data[eoi_pos+2:]                                           
             if after:                                                          
                 print(f'Data after EOI ({len(after)} bytes): {after[:100]}')   
             else:                                                              
                 print('No data after EOI')                                     
         "                                                                      
                                                                                
INFO     濠电姷顣藉Σ鍛村磻閹捐泛绶ゅù鐘差儏缁愭鎱ㄥ鍡楀姦?MODEL INPUT         
         SOI at 0                                                               
         EOI at 17633                                                           
         No data after EOI                                                      
         (Open file: n/a)                                                       
         (Current directory: /__tmp__enigma-awman-ocp90jpm__repo)               
         (Interactive session: n/a)                                             
         bash-$                                                                 
INFO     Messages API request start: model=glm52_10 messages=41 timeout=1170.0s 
         max_tokens=8192 native_tools=False thinking=auto shape=[{'role':       
         'user', 'type': 'str', 'chars': 3414}, {'role': 'assistant', 'type':   
         'str', 'chars': 127}, {'role': 'user', 'type': 'str', 'chars': 28},    
         {'role': 'assistant', 'type': 'str', 'chars': 97}, {'role': 'user',    
         'type': 'str', 'chars': 28}, {'role': 'assistant', 'type': 'str',      
         'chars': 185}, {'role': 'user', 'type': 'str', 'chars': 29}, {'role':  
         'assistant', 'type': 'str', 'chars': 143}, {'role': 'user', 'type':    
         'str', 'chars': 29}, {'role': 'assistant', 'type': 'str', 'chars':     
         329}, {'role': 'user', 'type': 'str', 'chars': 29}, {'role':           
         'assistant', 'type': 'str', 'chars': 120}, {'role': 'user', 'type':    
         'str', 'chars': 29}, {'role': 'assistant', 'type': 'str', 'chars':     
         317}, {'role': 'user', 'type': 'str', 'chars': 28}, {'role':           
         'assistant', 'type': 'str', 'chars': 625}, {'role': 'user', 'type':    
         'str', 'chars': 28}, {'role': 'assistant', 'type': 'str', 'chars':     
         312}, {'role': 'user', 'type': 'str', 'chars': 28}, {'role':           
         'assistant', 'type': 'str', 'chars': 169}, {'role': 'user', 'type':    
         'str', 'chars': 28}, {'role': 'assistant', 'type': 'str', 'chars':     
         182}, {'role': 'user', 'type': 'str', 'chars': 28}, {'role':           
         'assistant', 'type': 'str', 'chars': 362}, {'role': 'user', 'type':    
         'str', 'chars': 28}, {'role': 'assistant', 'type': 'str', 'chars':     
         125}, {'role': 'user', 'type': 'str', 'chars': 28}, {'role':           
         'assistant', 'type': 'str', 'chars': 1161}, {'role': 'user', 'type':   
         'str', 'chars': 28}, {'role': 'assistant', 'type': 'str', 'chars':     
         453}, {'role': 'user', 'type': 'str', 'chars': 28}, {'role':           
         'assistant', 'type': 'str', 'chars': 294}, {'role': 'user', 'type':    
         'str', 'chars': 268}, {'role': 'assistant', 'type': 'str', 'chars':    
         285}, {'role': 'user', 'type': 'str', 'chars': 209}, {'role':          
         'assistant', 'type': 'str', 'chars': 367}, {'role': 'user', 'type':    
         'str', 'chars': 224}, {'role': 'assistant', 'type': 'str', 'chars':    
         411}, {'role': 'user', 'type': 'str', 'chars': 115}, {'role':          
         'assistant', 'type': 'str', 'chars': 969}, {'role': 'user', 'type':    
         'str', 'chars': 147}]                                                  
INFO     Messages API response received: status=200 elapsed=24.4s               
DEBUG    input_tokens=5,421, output_tokens=751, instance_cost=0.00, cost=0.00   
DEBUG    total_tokens_sent=96,053, total_tokens_received=7,397, total_cost=0.00,
         total_api_calls=21                                                     
INFO     濠电姷顣藉Σ鍛村磻閹捐泛绶ゅù鐘差儏閻ゎ喗銇勯弽銊х焼闁?THOUGHT (primary)
         DISCUSSION                                                             
         Let me look at the image visually and also try different decodings. Let
         me check if the image has any visible text or clues.                   
                                                                                
INFO     濠电姷顣藉Σ鍛村磻閹捐泛绶ゅù鐘差儏閻ゎ喗銇勯幇鈺佲偓妤佺▔?ACTION       
         (primary)                                                              
         python3 -c "                                                           
         from PIL import Image                                                  
         img = Image.open('mann.jpg')                                           
         # Check pixel values at edges and corners for any patterns             
         pixels = list(img.getdata())                                           
         print('First 10 pixels:', pixels[:10])                                 
         print('Last 10 pixels:', pixels[-10:])                                 
         # Check if image has any unusual properties                            
         print('Bands:', img.getbands())                                        
         # Check histogram for unusual patterns                                 
         hist = img.histogram()                                                 
         print('Histogram length:', len(hist))                                  
         # Check for non-zero values in unusual places                          
         for i in range(len(hist)):                                             
             if hist[i] > 0 and i > 250:                                        
                 print(f'Histogram[{i}]: {hist[i]}')                            
         "                                                                      
                                                                                
DEBUG    Summarizing current observation for input python3 -c "                 
         from PIL import Image                                                  
         img = Image.open('mann.jpg')                                           
         # Check pixel values at edges and corners for any patterns             
         pixels = list(img.getdata())                                           
         print('First 10 pixels:', pixels[:10])                                 
         print('Last 10 pixels:', pixels[-10:])                                 
         # Check if image has any unusual properties                            
         print('Bands:', img.getbands())                                        
         # Check histogram for unusual patterns                                 
         hist = img.histogram()                                                 
         print('Histogram length:', len(hist))                                  
         # Check for non-zero values in unusual places                          
         for i in range(len(hist)):                                             
             if hist[i] > 0 and i > 250:                                        
                 print(f'Histogram[{i}]: {hist[i]}')                            
         "                                                                      
                                                                                
DEBUG    📂 Copying /tmp/tmpxd_l2o70 to container                               
         batch-de5f20269e5e-sweagent-enigma-latest-ada8a08cfe (ID: c20443af252e)
         at                                                                     
         /output/python3__c___from_PIL_import_Image_img___Image_ope_178814638797
         5                                                                      
DEBUG    Copying /tmp/tmpxd_l2o70 to container at                               
         /output/python3__c___from_PIL_import_Image_img___Image_ope_178814638797
         5 with command: docker cp /tmp/tmpxd_l2o70                             
         c20443af252e436403157fa82c7cb4210c6e7ea2d6f72c2734085f736512ad88:/outpu
         t/python3__c___from_PIL_import_Image_img___Image_ope_1788146387975     
DEBUG    ✅ Successfully copied /tmp/tmpxd_l2o70 to container                   
         batch-de5f20269e5e-sweagent-enigma-latest-ada8a08cfe                   
INFO     濠电姷顣藉Σ鍛村磻閹捐泛绶ゅù鐘差儏缁愭鎱ㄥ鍡楀姦?MODEL INPUT         
         Warning: Command output exceeded window, saved command to a file       
         /output/python3__c___from_PIL_import_Image_img___Image_ope_178814638797
         5. Use 'open                                                           
         /output/python3__c___from_PIL_import_Image_img___Image_ope_178814638797
         5' to view the full output.                                            
                                                                                
                                                                                
         First 10 pixels: [(23, 41, 63), (23, 41, 63), (23, 41, 63), (23, 41,   
         63), (23, 41, 63), (23, 41, 63), (23, 41, 63), (23, 41, 63), (24, 42,  
         64), (24, 42, 64)]                                                     
         Last 10 pixels: [(9, 16, 26), (9, 16, 26), (9, 16, 26), (9, 16, 26),   
         (9, 16, 26), (9, 16, 26), (8, 15, 25), (8, 15, 25), (8, 15, 25), (8,   
         15, 25)]                                                               
         Bands: ('R', 'G', 'B')                                                 
         Histogram length: 768                                                  
         Histogram[251]: 388                                                    
         Histogram[252]: 496                                                    
         Histogram[253]: 472                                                    
         Histogram[254]: 2890                                                   
         Histogram[255]: 321                                                    
         Histogram[264]: 8                                                      
                                                                                
         ... (493 more lines in                                                 
         /output/python3__c___from_PIL_import_Image_img___Image_ope_178814638797
         5)                                                                     
         (Open file: n/a)                                                       
         (Current directory: /__tmp__enigma-awman-ocp90jpm__repo)               
         (Interactive session: n/a)                                             
         bash-$                                                                 
INFO     Messages API request start: model=glm52_10 messages=43 timeout=1170.0s 
         max_tokens=8192 native_tools=False thinking=auto shape=[{'role':       
         'user', 'type': 'str', 'chars': 3414}, {'role': 'assistant', 'type':   
         'str', 'chars': 127}, {'role': 'user', 'type': 'str', 'chars': 28},    
         {'role': 'assistant', 'type': 'str', 'chars': 97}, {'role': 'user',    
         'type': 'str', 'chars': 28}, {'role': 'assistant', 'type': 'str',      
         'chars': 185}, {'role': 'user', 'type': 'str', 'chars': 29}, {'role':  
         'assistant', 'type': 'str', 'chars': 143}, {'role': 'user', 'type':    
         'str', 'chars': 29}, {'role': 'assistant', 'type': 'str', 'chars':     
         329}, {'role': 'user', 'type': 'str', 'chars': 29}, {'role':           
         'assistant', 'type': 'str', 'chars': 120}, {'role': 'user', 'type':    
         'str', 'chars': 29}, {'role': 'assistant', 'type': 'str', 'chars':     
         317}, {'role': 'user', 'type': 'str', 'chars': 28}, {'role':           
         'assistant', 'type': 'str', 'chars': 625}, {'role': 'user', 'type':    
         'str', 'chars': 28}, {'role': 'assistant', 'type': 'str', 'chars':     
         312}, {'role': 'user', 'type': 'str', 'chars': 28}, {'role':           
         'assistant', 'type': 'str', 'chars': 169}, {'role': 'user', 'type':    
         'str', 'chars': 28}, {'role': 'assistant', 'type': 'str', 'chars':     
         182}, {'role': 'user', 'type': 'str', 'chars': 28}, {'role':           
         'assistant', 'type': 'str', 'chars': 362}, {'role': 'user', 'type':    
         'str', 'chars': 28}, {'role': 'assistant', 'type': 'str', 'chars':     
         125}, {'role': 'user', 'type': 'str', 'chars': 28}, {'role':           
         'assistant', 'type': 'str', 'chars': 1161}, {'role': 'user', 'type':   
         'str', 'chars': 28}, {'role': 'assistant', 'type': 'str', 'chars':     
         453}, {'role': 'user', 'type': 'str', 'chars': 28}, {'role':           
         'assistant', 'type': 'str', 'chars': 294}, {'role': 'user', 'type':    
         'str', 'chars': 28}, {'role': 'assistant', 'type': 'str', 'chars':     
         285}, {'role': 'user', 'type': 'str', 'chars': 209}, {'role':          
         'assistant', 'type': 'str', 'chars': 367}, {'role': 'user', 'type':    
         'str', 'chars': 224}, {'role': 'assistant', 'type': 'str', 'chars':    
         411}, {'role': 'user', 'type': 'str', 'chars': 115}, {'role':          
         'assistant', 'type': 'str', 'chars': 969}, {'role': 'user', 'type':    
         'str', 'chars': 147}, {'role': 'assistant', 'type': 'str', 'chars':    
         700}, {'role': 'user', 'type': 'str', 'chars': 924}]                   
INFO     Messages API response received: status=200 elapsed=27.8s               
DEBUG    input_tokens=5,911, output_tokens=1,046, instance_cost=0.00, cost=0.00 
DEBUG    total_tokens_sent=101,964, total_tokens_received=8,443,                
         total_cost=0.00, total_api_calls=22                                    
INFO     濠电姷顣藉Σ鍛村磻閹捐泛绶ゅù鐘差儏閻ゎ喗銇勯弽銊х焼闁?THOUGHT (primary)
         DISCUSSION                                                             
         Let me try using stegseek to brute-force steghide passwords, and also  
         try OCR on the image to see if there's visible text.                   
                                                                                
INFO     濠电姷顣藉Σ鍛村磻閹捐泛绶ゅù鐘差儏閻ゎ喗銇勯幇鈺佲偓妤佺▔?ACTION       
         (primary)                                                              
         apt-get install -y stegseek 2>/dev/null | tail -3; stegseek --seed     
         mann.jpg 2>/dev/null; echo "---"; stegseek mann.jpg                    
         /usr/share/wordlists/rockyou.txt 2>/dev/null || echo "stegseek not     
         available or no wordlist"                                              
                                                                                
INFO     濠电姷顣藉Σ鍛村磻閹捐泛绶ゅù鐘差儏缁愭鎱ㄥ鍡楀姦?MODEL INPUT         
         Reading package lists...                                               
         Building dependency tree...                                            
         Reading state information...                                           
         ---                                                                    
         stegseek not available or no wordlist                                  
         (Open file: n/a)                                                       
         (Current directory: /__tmp__enigma-awman-ocp90jpm__repo)               
         (Interactive session: n/a)                                             
         bash-$                                                                 
INFO     Messages API request start: model=glm52_10 messages=45 timeout=1170.0s 
         max_tokens=8192 native_tools=False thinking=auto shape=[{'role':       
         'user', 'type': 'str', 'chars': 3414}, {'role': 'assistant', 'type':   
         'str', 'chars': 127}, {'role': 'user', 'type': 'str', 'chars': 28},    
         {'role': 'assistant', 'type': 'str', 'chars': 97}, {'role': 'user',    
         'type': 'str', 'chars': 28}, {'role': 'assistant', 'type': 'str',      
         'chars': 185}, {'role': 'user', 'type': 'str', 'chars': 29}, {'role':  
         'assistant', 'type': 'str', 'chars': 143}, {'role': 'user', 'type':    
         'str', 'chars': 29}, {'role': 'assistant', 'type': 'str', 'chars':     
         329}, {'role': 'user', 'type': 'str', 'chars': 29}, {'role':           
         'assistant', 'type': 'str', 'chars': 120}, {'role': 'user', 'type':    
         'str', 'chars': 29}, {'role': 'assistant', 'type': 'str', 'chars':     
         317}, {'role': 'user', 'type': 'str', 'chars': 28}, {'role':           
         'assistant', 'type': 'str', 'chars': 625}, {'role': 'user', 'type':    
         'str', 'chars': 28}, {'role': 'assistant', 'type': 'str', 'chars':     
         312}, {'role': 'user', 'type': 'str', 'chars': 28}, {'role':           
         'assistant', 'type': 'str', 'chars': 169}, {'role': 'user', 'type':    
         'str', 'chars': 28}, {'role': 'assistant', 'type': 'str', 'chars':     
         182}, {'role': 'user', 'type': 'str', 'chars': 28}, {'role':           
         'assistant', 'type': 'str', 'chars': 362}, {'role': 'user', 'type':    
         'str', 'chars': 28}, {'role': 'assistant', 'type': 'str', 'chars':     
         125}, {'role': 'user', 'type': 'str', 'chars': 28}, {'role':           
         'assistant', 'type': 'str', 'chars': 1161}, {'role': 'user', 'type':   
         'str', 'chars': 28}, {'role': 'assistant', 'type': 'str', 'chars':     
         453}, {'role': 'user', 'type': 'str', 'chars': 28}, {'role':           
         'assistant', 'type': 'str', 'chars': 294}, {'role': 'user', 'type':    
         'str', 'chars': 28}, {'role': 'assistant', 'type': 'str', 'chars':     
         285}, {'role': 'user', 'type': 'str', 'chars': 28}, {'role':           
         'assistant', 'type': 'str', 'chars': 367}, {'role': 'user', 'type':    
         'str', 'chars': 224}, {'role': 'assistant', 'type': 'str', 'chars':    
         411}, {'role': 'user', 'type': 'str', 'chars': 115}, {'role':          
         'assistant', 'type': 'str', 'chars': 969}, {'role': 'user', 'type':    
         'str', 'chars': 147}, {'role': 'assistant', 'type': 'str', 'chars':    
         700}, {'role': 'user', 'type': 'str', 'chars': 924}, {'role':          
         'assistant', 'type': 'str', 'chars': 353}, {'role': 'user', 'type':    
         'str', 'chars': 231}]                                                  
INFO     Messages API response received: status=200 elapsed=18.7s               
DEBUG    input_tokens=6,031, output_tokens=603, instance_cost=0.00, cost=0.00   
DEBUG    total_tokens_sent=107,995, total_tokens_received=9,046,                
         total_cost=0.00, total_api_calls=23                                    
INFO     濠电姷顣藉Σ鍛村磻閹捐泛绶ゅù鐘差儏閻ゎ喗銇勯弽銊х焼闁?THOUGHT (primary)
         DISCUSSION                                                             
         Let me try a different approach. Let me look at the image with OCR to  
         see if there's visible text, and also try different decodings of the   
         encrypted text.                                                        
                                                                                
INFO     濠电姷顣藉Σ鍛村磻閹捐泛绶ゅù鐘差儏閻ゎ喗銇勯幇鈺佲偓妤佺▔?ACTION       
         (primary)                                                              
         python3 -c "                                                           
         import base58                                                          
         enc = '5RRjnsi3Hb3yT3jWgFRcPWUg5gYXe81WPeX3vmXS'                       
         decoded = base58.b58decode(enc)                                        
         print('Decoded bytes:', decoded)                                       
         print('Decoded hex:', decoded.hex())                                   
         print('Decoded text:', decoded.decode('utf-8', errors='replace'))      
                                                                                
         # Also try base58gmp                                                   
         # Try with different encodings                                         
         import base64                                                          
         # URL safe base64                                                      
         try:                                                                   
             print('Base64 urlsafe:', base64.urlsafe_b64decode(enc + '=='))     
         except Exception as e:                                                 
             print('Base64 urlsafe error:', e)                                  
                                                                                
         # Try ROT13                                                            
         import codecs                                                          
         print('ROT13:', codecs.decode(enc, 'rot_13'))                          
                                                                                
         # Try reversing                                                        
         print('Reversed:', enc[::-1])                                          
         # Base58 decode reversed                                               
         try:                                                                   
             print('Base58 reversed:', base58.b58decode(enc[::-1]))             
         except Exception as e:                                                 
             print('Base58 reversed error:', e)                                 
         "                                                                      
                                                                                
INFO     濠电姷顣藉Σ鍛村磻閹捐泛绶ゅù鐘差儏缁愭鎱ㄥ鍡楀姦?MODEL INPUT         
         Decoded bytes: b'actf{crazy?_i_was_crazy_once}'                        
         Decoded hex: 616374667b6372617a793f5f695f7761735f6372617a795f6f6e63657d
         Decoded text: actf{crazy?_i_was_crazy_once}                            
         Base64 urlsafe: b'\xe5\x14c\x9e\xc8\xb7\x1d\xbd\xf2Ox\xd6\x80T\\=e     
         \xe6\x06\x17{\xcdV=\xe5\xf7\xbee\xd2'                                  
         ROT13: 5EEwafv3Uo3lG3wJtSEpCJHt5tLKr81JCrK3izKF                        
         Reversed: SXmv3XePW18eXYg5gUWPcRFgWj3Ty3bH3isnjRR5                     
         Base58 reversed:                                                       
         b'\x022b\x869t\x14\xac\xa1\x06\xbd;\xcbe\x87\xe0u\xba\xf8\x97\xb7\xd6b\
         xd5\xb4\x17\x15A\xd1\xb4'                                              
         (Open file: n/a)                                                       
         (Current directory: /__tmp__enigma-awman-ocp90jpm__repo)               
         (Interactive session: n/a)                                             
         bash-$                                                                 
INFO     Messages API request start: model=glm52_10 messages=47 timeout=1170.0s 
         max_tokens=8192 native_tools=False thinking=auto shape=[{'role':       
         'user', 'type': 'str', 'chars': 3414}, {'role': 'assistant', 'type':   
         'str', 'chars': 127}, {'role': 'user', 'type': 'str', 'chars': 28},    
         {'role': 'assistant', 'type': 'str', 'chars': 97}, {'role': 'user',    
         'type': 'str', 'chars': 28}, {'role': 'assistant', 'type': 'str',      
         'chars': 185}, {'role': 'user', 'type': 'str', 'chars': 29}, {'role':  
         'assistant', 'type': 'str', 'chars': 143}, {'role': 'user', 'type':    
         'str', 'chars': 29}, {'role': 'assistant', 'type': 'str', 'chars':     
         329}, {'role': 'user', 'type': 'str', 'chars': 29}, {'role':           
         'assistant', 'type': 'str', 'chars': 120}, {'role': 'user', 'type':    
         'str', 'chars': 29}, {'role': 'assistant', 'type': 'str', 'chars':     
         317}, {'role': 'user', 'type': 'str', 'chars': 28}, {'role':           
         'assistant', 'type': 'str', 'chars': 625}, {'role': 'user', 'type':    
         'str', 'chars': 28}, {'role': 'assistant', 'type': 'str', 'chars':     
         312}, {'role': 'user', 'type': 'str', 'chars': 28}, {'role':           
         'assistant', 'type': 'str', 'chars': 169}, {'role': 'user', 'type':    
         'str', 'chars': 28}, {'role': 'assistant', 'type': 'str', 'chars':     
         182}, {'role': 'user', 'type': 'str', 'chars': 28}, {'role':           
         'assistant', 'type': 'str', 'chars': 362}, {'role': 'user', 'type':    
         'str', 'chars': 28}, {'role': 'assistant', 'type': 'str', 'chars':     
         125}, {'role': 'user', 'type': 'str', 'chars': 28}, {'role':           
         'assistant', 'type': 'str', 'chars': 1161}, {'role': 'user', 'type':   
         'str', 'chars': 28}, {'role': 'assistant', 'type': 'str', 'chars':     
         453}, {'role': 'user', 'type': 'str', 'chars': 28}, {'role':           
         'assistant', 'type': 'str', 'chars': 294}, {'role': 'user', 'type':    
         'str', 'chars': 28}, {'role': 'assistant', 'type': 'str', 'chars':     
         285}, {'role': 'user', 'type': 'str', 'chars': 28}, {'role':           
         'assistant', 'type': 'str', 'chars': 367}, {'role': 'user', 'type':    
         'str', 'chars': 28}, {'role': 'assistant', 'type': 'str', 'chars':     
         411}, {'role': 'user', 'type': 'str', 'chars': 115}, {'role':          
         'assistant', 'type': 'str', 'chars': 969}, {'role': 'user', 'type':    
         'str', 'chars': 147}, {'role': 'assistant', 'type': 'str', 'chars':    
         700}, {'role': 'user', 'type': 'str', 'chars': 924}, {'role':          
         'assistant', 'type': 'str', 'chars': 353}, {'role': 'user', 'type':    
         'str', 'chars': 231}, {'role': 'assistant', 'type': 'str', 'chars':    
         908}, {'role': 'user', 'type': 'str', 'chars': 589}]                   
INFO     Messages API response received: status=200 elapsed=19.2s               
DEBUG    input_tokens=6,533, output_tokens=670, instance_cost=0.00, cost=0.00   
DEBUG    total_tokens_sent=114,528, total_tokens_received=9,716,                
         total_cost=0.00, total_api_calls=24                                    
INFO     濠电姷顣藉Σ鍛村磻閹捐泛绶ゅù鐘差儏閻ゎ喗銇勯弽銊х焼闁?THOUGHT (primary)
         DISCUSSION                                                             
         The Base58 decode gives `actf{crazy?_i_was_crazy_once}` but it was     
         rejected. Let me look at the image more carefully - maybe there's      
         visible text or the image itself contains a clue. Let me also check if 
         there are other files or hidden content.                               
                                                                                
INFO     濠电姷顣藉Σ鍛村磻閹捐泛绶ゅù鐘差儏閻ゎ喗銇勯幇鈺佲偓妤佺▔?ACTION       
         (primary)                                                              
         python3 -c "                                                           
         # Let's check the image dimensions and look for any patterns           
         from PIL import Image                                                  
         img = Image.open('mann.jpg')                                           
         print('Image size:', img.size)                                         
         # Let's check if there's any text visible by looking at unique colors  
         colors = set()                                                         
         pixels = list(img.getdata())                                           
         for p in pixels:                                                       
             colors.add(p)                                                      
         print('Unique colors:', len(colors))                                   
         # Check if image is mostly dark (could be hiding text)                 
         dark = sum(1 for p in pixels if sum(p) < 100)                          
         light = sum(1 for p in pixels if sum(p) > 600)                         
         print('Dark pixels:', dark)                                            
         print('Light pixels:', light)                                          
         print('Total pixels:', len(pixels))                                    
         "                                                                      
                                                                                
INFO     濠电姷顣藉Σ鍛村磻閹捐泛绶ゅù鐘差儏缁愭鎱ㄥ鍡楀姦?MODEL INPUT         
         Image size: (540, 498)                                                 
         Unique colors: 16871                                                   
         Dark pixels: 78460                                                     
         Light pixels: 11635                                                    
         Total pixels: 268920                                                   
         (Open file: n/a)                                                       
         (Current directory: /__tmp__enigma-awman-ocp90jpm__repo)               
         (Interactive session: n/a)                                             
         bash-$                                                                 
INFO     Messages API request start: model=glm52_10 messages=49 timeout=1170.0s 
         max_tokens=8192 native_tools=False thinking=auto shape=[{'role':       
         'user', 'type': 'str', 'chars': 3414}, {'role': 'assistant', 'type':   
         'str', 'chars': 127}, {'role': 'user', 'type': 'str', 'chars': 28},    
         {'role': 'assistant', 'type': 'str', 'chars': 97}, {'role': 'user',    
         'type': 'str', 'chars': 28}, {'role': 'assistant', 'type': 'str',      
         'chars': 185}, {'role': 'user', 'type': 'str', 'chars': 29}, {'role':  
         'assistant', 'type': 'str', 'chars': 143}, {'role': 'user', 'type':    
         'str', 'chars': 29}, {'role': 'assistant', 'type': 'str', 'chars':     
         329}, {'role': 'user', 'type': 'str', 'chars': 29}, {'role':           
         'assistant', 'type': 'str', 'chars': 120}, {'role': 'user', 'type':    
         'str', 'chars': 29}, {'role': 'assistant', 'type': 'str', 'chars':     
         317}, {'role': 'user', 'type': 'str', 'chars': 28}, {'role':           
         'assistant', 'type': 'str', 'chars': 625}, {'role': 'user', 'type':    
         'str', 'chars': 28}, {'role': 'assistant', 'type': 'str', 'chars':     
         312}, {'role': 'user', 'type': 'str', 'chars': 28}, {'role':           
         'assistant', 'type': 'str', 'chars': 169}, {'role': 'user', 'type':    
         'str', 'chars': 28}, {'role': 'assistant', 'type': 'str', 'chars':     
         182}, {'role': 'user', 'type': 'str', 'chars': 28}, {'role':           
         'assistant', 'type': 'str', 'chars': 362}, {'role': 'user', 'type':    
         'str', 'chars': 28}, {'role': 'assistant', 'type': 'str', 'chars':     
         125}, {'role': 'user', 'type': 'str', 'chars': 28}, {'role':           
         'assistant', 'type': 'str', 'chars': 1161}, {'role': 'user', 'type':   
         'str', 'chars': 28}, {'role': 'assistant', 'type': 'str', 'chars':     
         453}, {'role': 'user', 'type': 'str', 'chars': 28}, {'role':           
         'assistant', 'type': 'str', 'chars': 294}, {'role': 'user', 'type':    
         'str', 'chars': 28}, {'role': 'assistant', 'type': 'str', 'chars':     
         285}, {'role': 'user', 'type': 'str', 'chars': 28}, {'role':           
         'assistant', 'type': 'str', 'chars': 367}, {'role': 'user', 'type':    
         'str', 'chars': 28}, {'role': 'assistant', 'type': 'str', 'chars':     
         411}, {'role': 'user', 'type': 'str', 'chars': 28}, {'role':           
         'assistant', 'type': 'str', 'chars': 969}, {'role': 'user', 'type':    
         'str', 'chars': 147}, {'role': 'assistant', 'type': 'str', 'chars':    
         700}, {'role': 'user', 'type': 'str', 'chars': 924}, {'role':          
         'assistant', 'type': 'str', 'chars': 353}, {'role': 'user', 'type':    
         'str', 'chars': 231}, {'role': 'assistant', 'type': 'str', 'chars':    
         908}, {'role': 'user', 'type': 'str', 'chars': 589}, {'role':          
         'assistant', 'type': 'str', 'chars': 849}, {'role': 'user', 'type':    
         'str', 'chars': 211}]                                                  
INFO     Messages API response received: status=200 elapsed=9.7s                
DEBUG    input_tokens=6,805, output_tokens=286, instance_cost=0.00, cost=0.00   
DEBUG    total_tokens_sent=121,333, total_tokens_received=10,002,               
         total_cost=0.00, total_api_calls=25                                    
INFO     濠电姷顣藉Σ鍛村磻閹捐泛绶ゅù鐘差儏閻ゎ喗銇勯弽銊х焼闁?THOUGHT (primary)
         DISCUSSION                                                             
         Let me try to use OCR on the image to see if there's visible text, and 
         also try installing tesseract.                                         
                                                                                
INFO     濠电姷顣藉Σ鍛村磻閹捐泛绶ゅù鐘差儏閻ゎ喗銇勯幇鈺佲偓妤佺▔?ACTION       
         (primary)                                                              
         apt-get install -y tesseract-ocr 2>/dev/null | tail -3; tesseract      
         mann.jpg stdout 2>/dev/null                                            
                                                                                
INFO     濠电姷顣藉Σ鍛村磻閹捐泛绶ゅù鐘差儏缁愭鎱ㄥ鍡楀姦?MODEL INPUT         
         Setting up tesseract-ocr (4.1.1-2.1build1) ...                         
         Processing triggers for man-db (2.10.2-1) ...                          
         Processing triggers for libc-bin (2.35-0ubuntu3.8) ...                 
                                                                                
                                                                                
         (Open file: n/a)                                                       
         (Current directory: /__tmp__enigma-awman-ocp90jpm__repo)               
         (Interactive session: n/a)                                             
         bash-$                                                                 
INFO     Messages API request start: model=glm52_10 messages=51 timeout=1170.0s 
         max_tokens=8192 native_tools=False thinking=auto shape=[{'role':       
         'user', 'type': 'str', 'chars': 3414}, {'role': 'assistant', 'type':   
         'str', 'chars': 127}, {'role': 'user', 'type': 'str', 'chars': 28},    
         {'role': 'assistant', 'type': 'str', 'chars': 97}, {'role': 'user',    
         'type': 'str', 'chars': 28}, {'role': 'assistant', 'type': 'str',      
         'chars': 185}, {'role': 'user', 'type': 'str', 'chars': 29}, {'role':  
         'assistant', 'type': 'str', 'chars': 143}, {'role': 'user', 'type':    
         'str', 'chars': 29}, {'role': 'assistant', 'type': 'str', 'chars':     
         329}, {'role': 'user', 'type': 'str', 'chars': 29}, {'role':           
         'assistant', 'type': 'str', 'chars': 120}, {'role': 'user', 'type':    
         'str', 'chars': 29}, {'role': 'assistant', 'type': 'str', 'chars':     
         317}, {'role': 'user', 'type': 'str', 'chars': 28}, {'role':           
         'assistant', 'type': 'str', 'chars': 625}, {'role': 'user', 'type':    
         'str', 'chars': 28}, {'role': 'assistant', 'type': 'str', 'chars':     
         312}, {'role': 'user', 'type': 'str', 'chars': 28}, {'role':           
         'assistant', 'type': 'str', 'chars': 169}, {'role': 'user', 'type':    
         'str', 'chars': 28}, {'role': 'assistant', 'type': 'str', 'chars':     
         182}, {'role': 'user', 'type': 'str', 'chars': 28}, {'role':           
         'assistant', 'type': 'str', 'chars': 362}, {'role': 'user', 'type':    
         'str', 'chars': 28}, {'role': 'assistant', 'type': 'str', 'chars':     
         125}, {'role': 'user', 'type': 'str', 'chars': 28}, {'role':           
         'assistant', 'type': 'str', 'chars': 1161}, {'role': 'user', 'type':   
         'str', 'chars': 28}, {'role': 'assistant', 'type': 'str', 'chars':     
         453}, {'role': 'user', 'type': 'str', 'chars': 28}, {'role':           
         'assistant', 'type': 'str', 'chars': 294}, {'role': 'user', 'type':    
         'str', 'chars': 28}, {'role': 'assistant', 'type': 'str', 'chars':     
         285}, {'role': 'user', 'type': 'str', 'chars': 28}, {'role':           
         'assistant', 'type': 'str', 'chars': 367}, {'role': 'user', 'type':    
         'str', 'chars': 28}, {'role': 'assistant', 'type': 'str', 'chars':     
         411}, {'role': 'user', 'type': 'str', 'chars': 28}, {'role':           
         'assistant', 'type': 'str', 'chars': 969}, {'role': 'user', 'type':    
         'str', 'chars': 28}, {'role': 'assistant', 'type': 'str', 'chars':     
         700}, {'role': 'user', 'type': 'str', 'chars': 924}, {'role':          
         'assistant', 'type': 'str', 'chars': 353}, {'role': 'user', 'type':    
         'str', 'chars': 231}, {'role': 'assistant', 'type': 'str', 'chars':    
         908}, {'role': 'user', 'type': 'str', 'chars': 589}, {'role':          
         'assistant', 'type': 'str', 'chars': 849}, {'role': 'user', 'type':    
         'str', 'chars': 211}, {'role': 'assistant', 'type': 'str', 'chars':    
         214}, {'role': 'user', 'type': 'str', 'chars': 258}]                   
INFO     Messages API response received: status=200 elapsed=22.5s               
DEBUG    input_tokens=6,911, output_tokens=716, instance_cost=0.00, cost=0.00   
DEBUG    total_tokens_sent=128,244, total_tokens_received=10,718,               
         total_cost=0.00, total_api_calls=26                                    
INFO     濠电姷顣藉Σ鍛村磻閹捐泛绶ゅù鐘差儏閻ゎ喗銇勯弽銊х焼闁?THOUGHT (primary)
         DISCUSSION                                                             
         OCR didn't find any text. Let me try to view the image by converting it
         to ASCII art, and also check if there are any hidden characters in     
         enc.txt.                                                               
                                                                                
INFO     濠电姷顣藉Σ鍛村磻閹捐泛绶ゅù鐘差儏閻ゎ喗銇勯幇鈺佲偓妤佺▔?ACTION       
         (primary)                                                              
         python3 -c "                                                           
         with open('enc.txt', 'rb') as f:                                       
             data = f.read()                                                    
         print('Raw bytes:', data)                                              
         print('Hex:', data.hex())                                              
         print('Length:', len(data))                                            
         "                                                                      
                                                                                
INFO     濠电姷顣藉Σ鍛村磻閹捐泛绶ゅù鐘差儏缁愭鎱ㄥ鍡楀姦?MODEL INPUT         
         Raw bytes: b'5RRjnsi3Hb3yT3jWgFRcPWUg5gYXe81WPeX3vmXS'                 
         Hex:                                                                   
         3552526a6e7369334862337954336a57674652635057556735675958653831575065583
         3766d5853                                                              
         Length: 40                                                             
         (Open file: n/a)                                                       
         (Current directory: /__tmp__enigma-awman-ocp90jpm__repo)               
         (Interactive session: n/a)                                             
         bash-$                                                                 
INFO     Messages API request start: model=glm52_10 messages=53 timeout=1170.0s 
         max_tokens=8192 native_tools=False thinking=auto shape=[{'role':       
         'user', 'type': 'str', 'chars': 3414}, {'role': 'assistant', 'type':   
         'str', 'chars': 127}, {'role': 'user', 'type': 'str', 'chars': 28},    
         {'role': 'assistant', 'type': 'str', 'chars': 97}, {'role': 'user',    
         'type': 'str', 'chars': 28}, {'role': 'assistant', 'type': 'str',      
         'chars': 185}, {'role': 'user', 'type': 'str', 'chars': 29}, {'role':  
         'assistant', 'type': 'str', 'chars': 143}, {'role': 'user', 'type':    
         'str', 'chars': 29}, {'role': 'assistant', 'type': 'str', 'chars':     
         329}, {'role': 'user', 'type': 'str', 'chars': 29}, {'role':           
         'assistant', 'type': 'str', 'chars': 120}, {'role': 'user', 'type':    
         'str', 'chars': 29}, {'role': 'assistant', 'type': 'str', 'chars':     
         317}, {'role': 'user', 'type': 'str', 'chars': 28}, {'role':           
         'assistant', 'type': 'str', 'chars': 625}, {'role': 'user', 'type':    
         'str', 'chars': 28}, {'role': 'assistant', 'type': 'str', 'chars':     
         312}, {'role': 'user', 'type': 'str', 'chars': 28}, {'role':           
         'assistant', 'type': 'str', 'chars': 169}, {'role': 'user', 'type':    
         'str', 'chars': 28}, {'role': 'assistant', 'type': 'str', 'chars':     
         182}, {'role': 'user', 'type': 'str', 'chars': 28}, {'role':           
         'assistant', 'type': 'str', 'chars': 362}, {'role': 'user', 'type':    
         'str', 'chars': 28}, {'role': 'assistant', 'type': 'str', 'chars':     
         125}, {'role': 'user', 'type': 'str', 'chars': 28}, {'role':           
         'assistant', 'type': 'str', 'chars': 1161}, {'role': 'user', 'type':   
         'str', 'chars': 28}, {'role': 'assistant', 'type': 'str', 'chars':     
         453}, {'role': 'user', 'type': 'str', 'chars': 28}, {'role':           
         'assistant', 'type': 'str', 'chars': 294}, {'role': 'user', 'type':    
         'str', 'chars': 28}, {'role': 'assistant', 'type': 'str', 'chars':     
         285}, {'role': 'user', 'type': 'str', 'chars': 28}, {'role':           
         'assistant', 'type': 'str', 'chars': 367}, {'role': 'user', 'type':    
         'str', 'chars': 28}, {'role': 'assistant', 'type': 'str', 'chars':     
         411}, {'role': 'user', 'type': 'str', 'chars': 28}, {'role':           
         'assistant', 'type': 'str', 'chars': 969}, {'role': 'user', 'type':    
         'str', 'chars': 28}, {'role': 'assistant', 'type': 'str', 'chars':     
         700}, {'role': 'user', 'type': 'str', 'chars': 29}, {'role':           
         'assistant', 'type': 'str', 'chars': 353}, {'role': 'user', 'type':    
         'str', 'chars': 231}, {'role': 'assistant', 'type': 'str', 'chars':    
         908}, {'role': 'user', 'type': 'str', 'chars': 589}, {'role':          
         'assistant', 'type': 'str', 'chars': 849}, {'role': 'user', 'type':    
         'str', 'chars': 211}, {'role': 'assistant', 'type': 'str', 'chars':    
         214}, {'role': 'user', 'type': 'str', 'chars': 258}, {'role':          
         'assistant', 'type': 'str', 'chars': 314}, {'role': 'user', 'type':    
         'str', 'chars': 259}]                                                  
INFO     Messages API response received: status=200 elapsed=22.2s               
DEBUG    input_tokens=6,738, output_tokens=740, instance_cost=0.00, cost=0.00   
DEBUG    total_tokens_sent=134,982, total_tokens_received=11,458,               
         total_cost=0.00, total_api_calls=27                                    
INFO     濠电姷顣藉Σ鍛村磻閹捐泛绶ゅù鐘差儏閻ゎ喗銇勯弽銊х焼闁?THOUGHT (primary)
         DISCUSSION                                                             
         Let me try downloading a wordlist and using stegseek, and also try     
         other steganography tools. Let me also check if the image has any EXIF 
         GPS data or other metadata.                                            
                                                                                
INFO     濠电姷顣藉Σ鍛村磻閹捐泛绶ゅù鐘差儏閻ゎ喗銇勯幇鈺佲偓妤佺▔?ACTION       
         (primary)                                                              
         python3 -c "                                                           
         from PIL import Image                                                  
         from PIL.ExifTags import TAGS, GPSTAGS                                 
         img = Image.open('mann.jpg')                                           
         exif = img._getexif()                                                  
         if exif:                                                               
             for tag_id, value in exif.items():                                 
                 tag = TAGS.get(tag_id, tag_id)                                 
                 print(f'{tag}: {value}')                                       
         else:                                                                  
             print('No EXIF data')                                              
         "                                                                      
                                                                                
INFO     濠电姷顣藉Σ鍛村磻閹捐泛绶ゅù鐘差儏缁愭鎱ㄥ鍡楀姦?MODEL INPUT         
         No EXIF data                                                           
         (Open file: n/a)                                                       
         (Current directory: /__tmp__enigma-awman-ocp90jpm__repo)               
         (Interactive session: n/a)                                             
         bash-$                                                                 
INFO     Messages API request start: model=glm52_10 messages=55 timeout=1170.0s 
         max_tokens=8192 native_tools=False thinking=auto shape=[{'role':       
         'user', 'type': 'str', 'chars': 3414}, {'role': 'assistant', 'type':   
         'str', 'chars': 127}, {'role': 'user', 'type': 'str', 'chars': 28},    
         {'role': 'assistant', 'type': 'str', 'chars': 97}, {'role': 'user',    
         'type': 'str', 'chars': 28}, {'role': 'assistant', 'type': 'str',      
         'chars': 185}, {'role': 'user', 'type': 'str', 'chars': 29}, {'role':  
         'assistant', 'type': 'str', 'chars': 143}, {'role': 'user', 'type':    
         'str', 'chars': 29}, {'role': 'assistant', 'type': 'str', 'chars':     
         329}, {'role': 'user', 'type': 'str', 'chars': 29}, {'role':           
         'assistant', 'type': 'str', 'chars': 120}, {'role': 'user', 'type':    
         'str', 'chars': 29}, {'role': 'assistant', 'type': 'str', 'chars':     
         317}, {'role': 'user', 'type': 'str', 'chars': 28}, {'role':           
         'assistant', 'type': 'str', 'chars': 625}, {'role': 'user', 'type':    
         'str', 'chars': 28}, {'role': 'assistant', 'type': 'str', 'chars':     
         312}, {'role': 'user', 'type': 'str', 'chars': 28}, {'role':           
         'assistant', 'type': 'str', 'chars': 169}, {'role': 'user', 'type':    
         'str', 'chars': 28}, {'role': 'assistant', 'type': 'str', 'chars':     
         182}, {'role': 'user', 'type': 'str', 'chars': 28}, {'role':           
         'assistant', 'type': 'str', 'chars': 362}, {'role': 'user', 'type':    
         'str', 'chars': 28}, {'role': 'assistant', 'type': 'str', 'chars':     
         125}, {'role': 'user', 'type': 'str', 'chars': 28}, {'role':           
         'assistant', 'type': 'str', 'chars': 1161}, {'role': 'user', 'type':   
         'str', 'chars': 28}, {'role': 'assistant', 'type': 'str', 'chars':     
         453}, {'role': 'user', 'type': 'str', 'chars': 28}, {'role':           
         'assistant', 'type': 'str', 'chars': 294}, {'role': 'user', 'type':    
         'str', 'chars': 28}, {'role': 'assistant', 'type': 'str', 'chars':     
         285}, {'role': 'user', 'type': 'str', 'chars': 28}, {'role':           
         'assistant', 'type': 'str', 'chars': 367}, {'role': 'user', 'type':    
         'str', 'chars': 28}, {'role': 'assistant', 'type': 'str', 'chars':     
         411}, {'role': 'user', 'type': 'str', 'chars': 28}, {'role':           
         'assistant', 'type': 'str', 'chars': 969}, {'role': 'user', 'type':    
         'str', 'chars': 28}, {'role': 'assistant', 'type': 'str', 'chars':     
         700}, {'role': 'user', 'type': 'str', 'chars': 29}, {'role':           
         'assistant', 'type': 'str', 'chars': 353}, {'role': 'user', 'type':    
         'str', 'chars': 28}, {'role': 'assistant', 'type': 'str', 'chars':     
         908}, {'role': 'user', 'type': 'str', 'chars': 589}, {'role':          
         'assistant', 'type': 'str', 'chars': 849}, {'role': 'user', 'type':    
         'str', 'chars': 211}, {'role': 'assistant', 'type': 'str', 'chars':    
         214}, {'role': 'user', 'type': 'str', 'chars': 258}, {'role':          
         'assistant', 'type': 'str', 'chars': 314}, {'role': 'user', 'type':    
         'str', 'chars': 259}, {'role': 'assistant', 'type': 'str', 'chars':    
         463}, {'role': 'user', 'type': 'str', 'chars': 120}]                   
INFO     Messages API response received: status=200 elapsed=78.4s               
DEBUG    input_tokens=6,865, output_tokens=2,679, instance_cost=0.00, cost=0.00 
DEBUG    total_tokens_sent=141,847, total_tokens_received=14,137,               
         total_cost=0.00, total_api_calls=28                                    
INFO     濠电姷顣藉Σ鍛村磻閹捐泛绶ゅù鐘差儏閻ゎ喗銇勯弽銊х焼闁?THOUGHT (primary)
         DISCUSSION                                                             
         Let me try a few more approaches - checking for data in JPEG APP       
         markers, trying jphide, and also trying to brute-force steghide with a 
         common wordlist.                                                       
                                                                                
INFO     濠电姷顣藉Σ鍛村磻閹捐泛绶ゅù鐘差儏閻ゎ喗銇勯幇鈺佲偓妤佺▔?ACTION       
         (primary)                                                              
         python3 -c "                                                           
         with open('mann.jpg', 'rb') as f:                                      
             data = f.read()                                                    
                                                                                
         # Find all JPEG markers                                                
         i = 0                                                                  
         while i < len(data) - 1:                                               
             if data[i] == 0xFF and data[i+1] != 0x00 and data[i+1] != 0xFF:    
                 marker = data[i+1]                                             
                 if marker == 0xD8:                                             
                     print(f'SOI at {i}')                                       
                 elif marker == 0xD9:                                           
                     print(f'EOI at {i}')                                       
                 elif marker == 0xDA:                                           
                     print(f'SOS at {i}')                                       
                 elif 0xE0 <= marker <= 0xEF:                                   
                     length = (data[i+2] << 8) | data[i+3]                      
                     content = data[i+4:i+2+length]                             
                     print(f'APP{marker-0xE0} at {i}, length {length}:          
         {content[:50]}')                                                       
                 elif marker == 0xFE:                                           
                     length = (data[i+2] << 8) | data[i+3]                      
                     content = data[i+4:i+2+length]                             
                     print(f'Comment at {i}, length {length}: {content}')       
                 elif marker == 0xDB:                                           
                     length = (data[i+2] << 8) | data[i+3]                      
                     print(f'DQT at {i}, length {length}')                      
                 elif marker == 0xC0:                                           
                     length = (data[i+2] << 8) | data[i+3]                      
                     print(f'SOF0 at {i}, length {length}')                     
                 elif marker == 0xC4:                                           
                     length = (data[i+2] << 8) | data[i+3]                      
                     print(f'DHT at {i}, length {length}')                      
             i += 1                                                             
         "                                                                      
                                                                                
INFO     濠电姷顣藉Σ鍛村磻閹捐泛绶ゅù鐘差儏缁愭鎱ㄥ鍡楀姦?MODEL INPUT         
         SOI at 0                                                               
         APP0 at 2, length 16: b'JFIF\x00\x01\x01\x00\x00\x01\x00\x01\x00\x00'  
         DQT at 20, length 67                                                   
         DQT at 89, length 67                                                   
         SOF0 at 158, length 17                                                 
         DHT at 177, length 31                                                  
         DHT at 210, length 181                                                 
         DHT at 393, length 31                                                  
         DHT at 426, length 181                                                 
         SOS at 609                                                             
         EOI at 17633                                                           
         (Open file: n/a)                                                       
         (Current directory: /__tmp__enigma-awman-ocp90jpm__repo)               
         (Interactive session: n/a)                                             
         bash-$                                                                 
INFO     Messages API request start: model=glm52_10 messages=57 timeout=1170.0s 
         max_tokens=8192 native_tools=False thinking=auto shape=[{'role':       
         'user', 'type': 'str', 'chars': 3414}, {'role': 'assistant', 'type':   
         'str', 'chars': 127}, {'role': 'user', 'type': 'str', 'chars': 28},    
         {'role': 'assistant', 'type': 'str', 'chars': 97}, {'role': 'user',    
         'type': 'str', 'chars': 28}, {'role': 'assistant', 'type': 'str',      
         'chars': 185}, {'role': 'user', 'type': 'str', 'chars': 29}, {'role':  
         'assistant', 'type': 'str', 'chars': 143}, {'role': 'user', 'type':    
         'str', 'chars': 29}, {'role': 'assistant', 'type': 'str', 'chars':     
         329}, {'role': 'user', 'type': 'str', 'chars': 29}, {'role':           
         'assistant', 'type': 'str', 'chars': 120}, {'role': 'user', 'type':    
         'str', 'chars': 29}, {'role': 'assistant', 'type': 'str', 'chars':     
         317}, {'role': 'user', 'type': 'str', 'chars': 28}, {'role':           
         'assistant', 'type': 'str', 'chars': 625}, {'role': 'user', 'type':    
         'str', 'chars': 28}, {'role': 'assistant', 'type': 'str', 'chars':     
         312}, {'role': 'user', 'type': 'str', 'chars': 28}, {'role':           
         'assistant', 'type': 'str', 'chars': 169}, {'role': 'user', 'type':    
         'str', 'chars': 28}, {'role': 'assistant', 'type': 'str', 'chars':     
         182}, {'role': 'user', 'type': 'str', 'chars': 28}, {'role':           
         'assistant', 'type': 'str', 'chars': 362}, {'role': 'user', 'type':    
         'str', 'chars': 28}, {'role': 'assistant', 'type': 'str', 'chars':     
         125}, {'role': 'user', 'type': 'str', 'chars': 28}, {'role':           
         'assistant', 'type': 'str', 'chars': 1161}, {'role': 'user', 'type':   
         'str', 'chars': 28}, {'role': 'assistant', 'type': 'str', 'chars':     
         453}, {'role': 'user', 'type': 'str', 'chars': 28}, {'role':           
         'assistant', 'type': 'str', 'chars': 294}, {'role': 'user', 'type':    
         'str', 'chars': 28}, {'role': 'assistant', 'type': 'str', 'chars':     
         285}, {'role': 'user', 'type': 'str', 'chars': 28}, {'role':           
         'assistant', 'type': 'str', 'chars': 367}, {'role': 'user', 'type':    
         'str', 'chars': 28}, {'role': 'assistant', 'type': 'str', 'chars':     
         411}, {'role': 'user', 'type': 'str', 'chars': 28}, {'role':           
         'assistant', 'type': 'str', 'chars': 969}, {'role': 'user', 'type':    
         'str', 'chars': 28}, {'role': 'assistant', 'type': 'str', 'chars':     
         700}, {'role': 'user', 'type': 'str', 'chars': 29}, {'role':           
         'assistant', 'type': 'str', 'chars': 353}, {'role': 'user', 'type':    
         'str', 'chars': 28}, {'role': 'assistant', 'type': 'str', 'chars':     
         908}, {'role': 'user', 'type': 'str', 'chars': 29}, {'role':           
         'assistant', 'type': 'str', 'chars': 849}, {'role': 'user', 'type':    
         'str', 'chars': 211}, {'role': 'assistant', 'type': 'str', 'chars':    
         214}, {'role': 'user', 'type': 'str', 'chars': 258}, {'role':          
         'assistant', 'type': 'str', 'chars': 314}, {'role': 'user', 'type':    
         'str', 'chars': 259}, {'role': 'assistant', 'type': 'str', 'chars':    
         463}, {'role': 'user', 'type': 'str', 'chars': 120}, {'role':          
         'assistant', 'type': 'str', 'chars': 1370}, {'role': 'user', 'type':   
         'str', 'chars': 365}]                                                  
INFO     Messages API response received: status=200 elapsed=27.2s               
DEBUG    input_tokens=7,174, output_tokens=981, instance_cost=0.00, cost=0.00   
DEBUG    total_tokens_sent=149,021, total_tokens_received=15,118,               
         total_cost=0.00, total_api_calls=29                                    
INFO     濠电姷顣藉Σ鍛村磻閹捐泛绶ゅù鐘差儏閻ゎ喗銇勯弽銊х焼闁?THOUGHT (primary)
         DISCUSSION                                                             
         Let me try jphide/jpseek for JPEG steganography, and also try different
         decodings of the encrypted text.                                       
                                                                                
INFO     濠电姷顣藉Σ鍛村磻閹捐泛绶ゅù鐘差儏閻ゎ喗銇勯幇鈺佲偓妤佺▔?ACTION       
         (primary)                                                              
         apt-get install -y jphide 2>/dev/null | tail -3; which jphide jpseek   
         2>/dev/null; echo "---"; python3 -c "                                  
         import base64                                                          
         enc = '5RRjnsi3Hb3yT3jWgFRcPWUg5gYXe81WPeX3vmXS'                       
                                                                                
         # Try Base85                                                           
         try:                                                                   
             print('Base85:', base64.b85decode(enc))                            
         except Exception as e:                                                 
             print('Base85 error:', e)                                          
                                                                                
         # Try ASCII85                                                          
         try:                                                                   
             print('ASCII85:', base64.a85decode(enc))                           
         except Exception as e:                                                 
             print('ASCII85 error:', e)                                         
                                                                                
         # Try Base62                                                           
         def base62_decode(s):                                                  
             alphabet =                                                         
         '0123456789ABCDEFGHIJKLMNOPQRSTUVWXYZabcdefghijklmnopqrstuvwxyz'       
             num = 0                                                            
             for c in s:                                                        
                 num = num * 62 + alphabet.index(c)                             
             result = []                                                        
             while num > 0:                                                     
                 result.append(num & 0xff)                                      
                 num >>= 8                                                      
             return bytes(reversed(result))                                     
                                                                                
         try:                                                                   
             print('Base62:', base62_decode(enc))                               
         except Exception as e:                                                 
             print('Base62 error:', e)                                          
         "                                                                      
                                                                                
INFO     濠电姷顣藉Σ鍛村磻閹捐泛绶ゅù鐘差儏缁愭鎱ㄥ鍡楀姦?MODEL INPUT         
         Reading package lists...                                               
         Building dependency tree...                                            
         Reading state information...                                           
         ---                                                                    
         Base85:                                                                
         b'\x10\x8e\xa3\x99\xa9\xa0\xa8\x87\x0b\x8b\x01@e\x1b\xd9vN\xf8/\x8e\x83
         \xf0\x11-\x04K1K\x0bq\x06\x99'                                         
         ASCII85 error: Ascii85 overflow                                        
         Base62:                                                                
         b'\x06O\xbd;Y\xdc\xad\x07\x19S\xe5b\xa5\xbe\xe5{\xb3r\xfaj:!\xaa\x05>\x
         9e\xa6\xd2\x95\xa2'                                                    
         (Open file: n/a)                                                       
         (Current directory: /__tmp__enigma-awman-ocp90jpm__repo)               
         (Interactive session: n/a)                                             
         bash-$                                                                 
INFO     Messages API request start: model=glm52_10 messages=59 timeout=1170.0s 
         max_tokens=8192 native_tools=False thinking=auto shape=[{'role':       
         'user', 'type': 'str', 'chars': 3414}, {'role': 'assistant', 'type':   
         'str', 'chars': 127}, {'role': 'user', 'type': 'str', 'chars': 28},    
         {'role': 'assistant', 'type': 'str', 'chars': 97}, {'role': 'user',    
         'type': 'str', 'chars': 28}, {'role': 'assistant', 'type': 'str',      
         'chars': 185}, {'role': 'user', 'type': 'str', 'chars': 29}, {'role':  
         'assistant', 'type': 'str', 'chars': 143}, {'role': 'user', 'type':    
         'str', 'chars': 29}, {'role': 'assistant', 'type': 'str', 'chars':     
         329}, {'role': 'user', 'type': 'str', 'chars': 29}, {'role':           
         'assistant', 'type': 'str', 'chars': 120}, {'role': 'user', 'type':    
         'str', 'chars': 29}, {'role': 'assistant', 'type': 'str', 'chars':     
         317}, {'role': 'user', 'type': 'str', 'chars': 28}, {'role':           
         'assistant', 'type': 'str', 'chars': 625}, {'role': 'user', 'type':    
         'str', 'chars': 28}, {'role': 'assistant', 'type': 'str', 'chars':     
         312}, {'role': 'user', 'type': 'str', 'chars': 28}, {'role':           
         'assistant', 'type': 'str', 'chars': 169}, {'role': 'user', 'type':    
         'str', 'chars': 28}, {'role': 'assistant', 'type': 'str', 'chars':     
         182}, {'role': 'user', 'type': 'str', 'chars': 28}, {'role':           
         'assistant', 'type': 'str', 'chars': 362}, {'role': 'user', 'type':    
         'str', 'chars': 28}, {'role': 'assistant', 'type': 'str', 'chars':     
         125}, {'role': 'user', 'type': 'str', 'chars': 28}, {'role':           
         'assistant', 'type': 'str', 'chars': 1161}, {'role': 'user', 'type':   
         'str', 'chars': 28}, {'role': 'assistant', 'type': 'str', 'chars':     
         453}, {'role': 'user', 'type': 'str', 'chars': 28}, {'role':           
         'assistant', 'type': 'str', 'chars': 294}, {'role': 'user', 'type':    
         'str', 'chars': 28}, {'role': 'assistant', 'type': 'str', 'chars':     
         285}, {'role': 'user', 'type': 'str', 'chars': 28}, {'role':           
         'assistant', 'type': 'str', 'chars': 367}, {'role': 'user', 'type':    
         'str', 'chars': 28}, {'role': 'assistant', 'type': 'str', 'chars':     
         411}, {'role': 'user', 'type': 'str', 'chars': 28}, {'role':           
         'assistant', 'type': 'str', 'chars': 969}, {'role': 'user', 'type':    
         'str', 'chars': 28}, {'role': 'assistant', 'type': 'str', 'chars':     
         700}, {'role': 'user', 'type': 'str', 'chars': 29}, {'role':           
         'assistant', 'type': 'str', 'chars': 353}, {'role': 'user', 'type':    
         'str', 'chars': 28}, {'role': 'assistant', 'type': 'str', 'chars':     
         908}, {'role': 'user', 'type': 'str', 'chars': 29}, {'role':           
         'assistant', 'type': 'str', 'chars': 849}, {'role': 'user', 'type':    
         'str', 'chars': 28}, {'role': 'assistant', 'type': 'str', 'chars':     
         214}, {'role': 'user', 'type': 'str', 'chars': 258}, {'role':          
         'assistant', 'type': 'str', 'chars': 314}, {'role': 'user', 'type':    
         'str', 'chars': 259}, {'role': 'assistant', 'type': 'str', 'chars':    
         463}, {'role': 'user', 'type': 'str', 'chars': 120}, {'role':          
         'assistant', 'type': 'str', 'chars': 1370}, {'role': 'user', 'type':   
         'str', 'chars': 365}, {'role': 'assistant', 'type': 'str', 'chars':    
         939}, {'role': 'user', 'type': 'str', 'chars': 434}]                   
INFO     Messages API response received: status=200 elapsed=18.6s               
DEBUG    input_tokens=7,574, output_tokens=650, instance_cost=0.00, cost=0.00   
DEBUG    total_tokens_sent=156,595, total_tokens_received=15,768,               
         total_cost=0.00, total_api_calls=30                                    
INFO     濠电姷顣藉Σ鍛村磻閹捐泛绶ゅù鐘差儏閻ゎ喗銇勯弽銊х焼闁?THOUGHT (primary)
         DISCUSSION                                                             
         Let me re-examine the Base58 decoding more carefully and verify the    
         exact decoded text character by character.                             
                                                                                
INFO     濠电姷顣藉Σ鍛村磻閹捐泛绶ゅù鐘差儏閻ゎ喗銇勯幇鈺佲偓妤佺▔?ACTION       
         (primary)                                                              
         python3 -c "                                                           
         import base58                                                          
         enc = '5RRjnsi3Hb3yT3jWgFRcPWUg5gYXe81WPeX3vmXS'                       
         decoded = base58.b58decode(enc)                                        
         print('Decoded:', decoded)                                             
         print('Decoded repr:', repr(decoded))                                  
         print('Decoded text:', decoded.decode('utf-8'))                        
         # Verify by re-encoding                                                
         reencoded = base58.b58encode(decoded)                                  
         print('Re-encoded:', reencoded)                                        
         print('Match:', reencoded.decode() == enc)                             
         # Print each character                                                 
         for i, c in enumerate(decoded.decode('utf-8')):                        
             print(f'{i}: {c} (0x{ord(c):02x})')                                
         "                                                                      
                                                                                
INFO     濠电姷顣藉Σ鍛村磻閹捐泛绶ゅù鐘差儏缁愭鎱ㄥ鍡楀姦?MODEL INPUT         
         Decoded: b'actf{crazy?_i_was_crazy_once}'                              
         Decoded repr: b'actf{crazy?_i_was_crazy_once}'                         
         Decoded text: actf{crazy?_i_was_crazy_once}                            
         Re-encoded: b'5RRjnsi3Hb3yT3jWgFRcPWUg5gYXe81WPeX3vmXS'                
         Match: True                                                            
         0: a (0x61)                                                            
         1: c (0x63)                                                            
         2: t (0x74)                                                            
         3: f (0x66)                                                            
         4: { (0x7b)                                                            
         5: c (0x63)                                                            
         6: r (0x72)                                                            
         7: a (0x61)                                                            
         8: z (0x7a)                                                            
         9: y (0x79)                                                            
         10: ? (0x3f)                                                           
         11: _ (0x5f)                                                           
         12: i (0x69)                                                           
         13: _ (0x5f)                                                           
         14: w (0x77)                                                           
         15: a (0x61)                                                           
         16: s (0x73)                                                           
         17: _ (0x5f)                                                           
         18: c (0x63)                                                           
         19: r (0x72)                                                           
         20: a (0x61)                                                           
         21: z (0x7a)                                                           
         22: y (0x79)                                                           
         23: _ (0x5f)                                                           
         24: o (0x6f)                                                           
         25: n (0x6e)                                                           
         26: c (0x63)                                                           
         27: e (0x65)                                                           
         28: } (0x7d)                                                           
         (Open file: n/a)                                                       
         (Current directory: /__tmp__enigma-awman-ocp90jpm__repo)               
         (Interactive session: n/a)                                             
         bash-$                                                                 
INFO     Messages API request start: model=glm52_10 messages=61 timeout=1170.0s 
         max_tokens=8192 native_tools=False thinking=auto shape=[{'role':       
         'user', 'type': 'str', 'chars': 3414}, {'role': 'assistant', 'type':   
         'str', 'chars': 127}, {'role': 'user', 'type': 'str', 'chars': 28},    
         {'role': 'assistant', 'type': 'str', 'chars': 97}, {'role': 'user',    
         'type': 'str', 'chars': 28}, {'role': 'assistant', 'type': 'str',      
         'chars': 185}, {'role': 'user', 'type': 'str', 'chars': 29}, {'role':  
         'assistant', 'type': 'str', 'chars': 143}, {'role': 'user', 'type':    
         'str', 'chars': 29}, {'role': 'assistant', 'type': 'str', 'chars':     
         329}, {'role': 'user', 'type': 'str', 'chars': 29}, {'role':           
         'assistant', 'type': 'str', 'chars': 120}, {'role': 'user', 'type':    
         'str', 'chars': 29}, {'role': 'assistant', 'type': 'str', 'chars':     
         317}, {'role': 'user', 'type': 'str', 'chars': 28}, {'role':           
         'assistant', 'type': 'str', 'chars': 625}, {'role': 'user', 'type':    
         'str', 'chars': 28}, {'role': 'assistant', 'type': 'str', 'chars':     
         312}, {'role': 'user', 'type': 'str', 'chars': 28}, {'role':           
         'assistant', 'type': 'str', 'chars': 169}, {'role': 'user', 'type':    
         'str', 'chars': 28}, {'role': 'assistant', 'type': 'str', 'chars':     
         182}, {'role': 'user', 'type': 'str', 'chars': 28}, {'role':           
         'assistant', 'type': 'str', 'chars': 362}, {'role': 'user', 'type':    
         'str', 'chars': 28}, {'role': 'assistant', 'type': 'str', 'chars':     
         125}, {'role': 'user', 'type': 'str', 'chars': 28}, {'role':           
         'assistant', 'type': 'str', 'chars': 1161}, {'role': 'user', 'type':   
         'str', 'chars': 28}, {'role': 'assistant', 'type': 'str', 'chars':     
         453}, {'role': 'user', 'type': 'str', 'chars': 28}, {'role':           
         'assistant', 'type': 'str', 'chars': 294}, {'role': 'user', 'type':    
         'str', 'chars': 28}, {'role': 'assistant', 'type': 'str', 'chars':     
         285}, {'role': 'user', 'type': 'str', 'chars': 28}, {'role':           
         'assistant', 'type': 'str', 'chars': 367}, {'role': 'user', 'type':    
         'str', 'chars': 28}, {'role': 'assistant', 'type': 'str', 'chars':     
         411}, {'role': 'user', 'type': 'str', 'chars': 28}, {'role':           
         'assistant', 'type': 'str', 'chars': 969}, {'role': 'user', 'type':    
         'str', 'chars': 28}, {'role': 'assistant', 'type': 'str', 'chars':     
         700}, {'role': 'user', 'type': 'str', 'chars': 29}, {'role':           
         'assistant', 'type': 'str', 'chars': 353}, {'role': 'user', 'type':    
         'str', 'chars': 28}, {'role': 'assistant', 'type': 'str', 'chars':     
         908}, {'role': 'user', 'type': 'str', 'chars': 29}, {'role':           
         'assistant', 'type': 'str', 'chars': 849}, {'role': 'user', 'type':    
         'str', 'chars': 28}, {'role': 'assistant', 'type': 'str', 'chars':     
         214}, {'role': 'user', 'type': 'str', 'chars': 28}, {'role':           
         'assistant', 'type': 'str', 'chars': 314}, {'role': 'user', 'type':    
         'str', 'chars': 259}, {'role': 'assistant', 'type': 'str', 'chars':    
         463}, {'role': 'user', 'type': 'str', 'chars': 120}, {'role':          
         'assistant', 'type': 'str', 'chars': 1370}, {'role': 'user', 'type':   
         'str', 'chars': 365}, {'role': 'assistant', 'type': 'str', 'chars':    
         939}, {'role': 'user', 'type': 'str', 'chars': 434}, {'role':          
         'assistant', 'type': 'str', 'chars': 600}, {'role': 'user', 'type':    
         'str', 'chars': 675}]                                                  
INFO     Messages API response received: status=200 elapsed=18.3s               
DEBUG    input_tokens=8,057, output_tokens=663, instance_cost=0.00, cost=0.00   
DEBUG    total_tokens_sent=164,652, total_tokens_received=16,431,               
         total_cost=0.00, total_api_calls=31                                    
INFO     濠电姷顣藉Σ鍛村磻閹捐泛绶ゅù鐘差儏閻ゎ喗銇勯弽銊х焼闁?THOUGHT (primary)
         DISCUSSION                                                             
         The Base58 decode clearly gives `actf{crazy?_i_was_crazy_once}` but it 
         was rejected. Let me think about this differently. Maybe the image     
         contains additional information or the flag format is different. Let me
         try some variations and also look at the image content more carefully. 
                                                                                
INFO     濠电姷顣藉Σ鍛村磻閹捐泛绶ゅù鐘差儏閻ゎ喗銇勯幇鈺佲偓妤佺▔?ACTION       
         (primary)                                                              
         python3 -c "                                                           
         # Maybe the flag is just the content without wrapper                   
         print('Trying different flag formats:')                                
         print('1:', 'crazy?_i_was_crazy_once')                                 
         print('2:', 'actf{crazy?_i_was_crazy_once}')                           
         print('3:', 'CRAZY?_I_WAS_CRAZY_ONCE')                                 
         print('4:', 'actf{crazy_i_was_crazy_once}')                            
         print('5:', 'actf{crazy?_i_was_crazy_once!}')                          
         "                                                                      
                                                                                
INFO     濠电姷顣藉Σ鍛村磻閹捐泛绶ゅù鐘差儏缁愭鎱ㄥ鍡楀姦?MODEL INPUT         
         Trying different flag formats:                                         
         1: crazy?_i_was_crazy_once                                             
         2: actf{crazy?_i_was_crazy_once}                                       
         3: CRAZY?_I_WAS_CRAZY_ONCE                                             
         4: actf{crazy_i_was_crazy_once}                                        
         5: actf{crazy?_i_was_crazy_once!}                                      
         (Open file: n/a)                                                       
         (Current directory: /__tmp__enigma-awman-ocp90jpm__repo)               
         (Interactive session: n/a)                                             
         bash-$                                                                 
INFO     Messages API request start: model=glm52_10 messages=63 timeout=1170.0s 
         max_tokens=8192 native_tools=False thinking=auto shape=[{'role':       
         'user', 'type': 'str', 'chars': 3414}, {'role': 'assistant', 'type':   
         'str', 'chars': 127}, {'role': 'user', 'type': 'str', 'chars': 28},    
         {'role': 'assistant', 'type': 'str', 'chars': 97}, {'role': 'user',    
         'type': 'str', 'chars': 28}, {'role': 'assistant', 'type': 'str',      
         'chars': 185}, {'role': 'user', 'type': 'str', 'chars': 29}, {'role':  
         'assistant', 'type': 'str', 'chars': 143}, {'role': 'user', 'type':    
         'str', 'chars': 29}, {'role': 'assistant', 'type': 'str', 'chars':     
         329}, {'role': 'user', 'type': 'str', 'chars': 29}, {'role':           
         'assistant', 'type': 'str', 'chars': 120}, {'role': 'user', 'type':    
         'str', 'chars': 29}, {'role': 'assistant', 'type': 'str', 'chars':     
         317}, {'role': 'user', 'type': 'str', 'chars': 28}, {'role':           
         'assistant', 'type': 'str', 'chars': 625}, {'role': 'user', 'type':    
         'str', 'chars': 28}, {'role': 'assistant', 'type': 'str', 'chars':     
         312}, {'role': 'user', 'type': 'str', 'chars': 28}, {'role':           
         'assistant', 'type': 'str', 'chars': 169}, {'role': 'user', 'type':    
         'str', 'chars': 28}, {'role': 'assistant', 'type': 'str', 'chars':     
         182}, {'role': 'user', 'type': 'str', 'chars': 28}, {'role':           
         'assistant', 'type': 'str', 'chars': 362}, {'role': 'user', 'type':    
         'str', 'chars': 28}, {'role': 'assistant', 'type': 'str', 'chars':     
         125}, {'role': 'user', 'type': 'str', 'chars': 28}, {'role':           
         'assistant', 'type': 'str', 'chars': 1161}, {'role': 'user', 'type':   
         'str', 'chars': 28}, {'role': 'assistant', 'type': 'str', 'chars':     
         453}, {'role': 'user', 'type': 'str', 'chars': 28}, {'role':           
         'assistant', 'type': 'str', 'chars': 294}, {'role': 'user', 'type':    
         'str', 'chars': 28}, {'role': 'assistant', 'type': 'str', 'chars':     
         285}, {'role': 'user', 'type': 'str', 'chars': 28}, {'role':           
         'assistant', 'type': 'str', 'chars': 367}, {'role': 'user', 'type':    
         'str', 'chars': 28}, {'role': 'assistant', 'type': 'str', 'chars':     
         411}, {'role': 'user', 'type': 'str', 'chars': 28}, {'role':           
         'assistant', 'type': 'str', 'chars': 969}, {'role': 'user', 'type':    
         'str', 'chars': 28}, {'role': 'assistant', 'type': 'str', 'chars':     
         700}, {'role': 'user', 'type': 'str', 'chars': 29}, {'role':           
         'assistant', 'type': 'str', 'chars': 353}, {'role': 'user', 'type':    
         'str', 'chars': 28}, {'role': 'assistant', 'type': 'str', 'chars':     
         908}, {'role': 'user', 'type': 'str', 'chars': 29}, {'role':           
         'assistant', 'type': 'str', 'chars': 849}, {'role': 'user', 'type':    
         'str', 'chars': 28}, {'role': 'assistant', 'type': 'str', 'chars':     
         214}, {'role': 'user', 'type': 'str', 'chars': 28}, {'role':           
         'assistant', 'type': 'str', 'chars': 314}, {'role': 'user', 'type':    
         'str', 'chars': 28}, {'role': 'assistant', 'type': 'str', 'chars':     
         463}, {'role': 'user', 'type': 'str', 'chars': 120}, {'role':          
         'assistant', 'type': 'str', 'chars': 1370}, {'role': 'user', 'type':   
         'str', 'chars': 365}, {'role': 'assistant', 'type': 'str', 'chars':    
         939}, {'role': 'user', 'type': 'str', 'chars': 434}, {'role':          
         'assistant', 'type': 'str', 'chars': 600}, {'role': 'user', 'type':    
         'str', 'chars': 675}, {'role': 'assistant', 'type': 'str', 'chars':    
         620}, {'role': 'user', 'type': 'str', 'chars': 291}]                   
INFO     Messages API response received: status=200 elapsed=9.1s                
DEBUG    input_tokens=8,219, output_tokens=310, instance_cost=0.00, cost=0.00   
DEBUG    total_tokens_sent=172,871, total_tokens_received=16,741,               
         total_cost=0.00, total_api_calls=32                                    
INFO     濠电姷顣藉Σ鍛村磻閹捐泛绶ゅù鐘差儏閻ゎ喗銇勯弽銊х焼闁?THOUGHT (primary)
         DISCUSSION                                                             
         Let me check if there are any hidden characters in the enc.txt file    
         that I might have missed, and also try submitting the flag again       
         carefully.                                                             
                                                                                
INFO     濠电姷顣藉Σ鍛村磻閹捐泛绶ゅù鐘差儏閻ゎ喗銇勯幇鈺佲偓妤佺▔?ACTION       
         (primary)                                                              
         xxd enc.txt                                                            
                                                                                
INFO     濠电姷顣藉Σ鍛村磻閹捐泛绶ゅù鐘差儏缁愭鎱ㄥ鍡楀姦?MODEL INPUT         
         00000000: 3552 526a 6e73 6933 4862 3379 5433 6a57  5RRjnsi3Hb3yT3jW    
         00000010: 6746 5263 5057 5567 3567 5958 6538 3157  gFRcPWUg5gYXe81W    
         00000020: 5065 5833 766d 5853                      PeX3vmXS            
         (Open file: n/a)                                                       
         (Current directory: /__tmp__enigma-awman-ocp90jpm__repo)               
         (Interactive session: n/a)                                             
         bash-$                                                                 
INFO     Messages API request start: model=glm52_10 messages=65 timeout=1170.0s 
         max_tokens=8192 native_tools=False thinking=auto shape=[{'role':       
         'user', 'type': 'str', 'chars': 3414}, {'role': 'assistant', 'type':   
         'str', 'chars': 127}, {'role': 'user', 'type': 'str', 'chars': 28},    
         {'role': 'assistant', 'type': 'str', 'chars': 97}, {'role': 'user',    
         'type': 'str', 'chars': 28}, {'role': 'assistant', 'type': 'str',      
         'chars': 185}, {'role': 'user', 'type': 'str', 'chars': 29}, {'role':  
         'assistant', 'type': 'str', 'chars': 143}, {'role': 'user', 'type':    
         'str', 'chars': 29}, {'role': 'assistant', 'type': 'str', 'chars':     
         329}, {'role': 'user', 'type': 'str', 'chars': 29}, {'role':           
         'assistant', 'type': 'str', 'chars': 120}, {'role': 'user', 'type':    
         'str', 'chars': 29}, {'role': 'assistant', 'type': 'str', 'chars':     
         317}, {'role': 'user', 'type': 'str', 'chars': 28}, {'role':           
         'assistant', 'type': 'str', 'chars': 625}, {'role': 'user', 'type':    
         'str', 'chars': 28}, {'role': 'assistant', 'type': 'str', 'chars':     
         312}, {'role': 'user', 'type': 'str', 'chars': 28}, {'role':           
         'assistant', 'type': 'str', 'chars': 169}, {'role': 'user', 'type':    
         'str', 'chars': 28}, {'role': 'assistant', 'type': 'str', 'chars':     
         182}, {'role': 'user', 'type': 'str', 'chars': 28}, {'role':           
         'assistant', 'type': 'str', 'chars': 362}, {'role': 'user', 'type':    
         'str', 'chars': 28}, {'role': 'assistant', 'type': 'str', 'chars':     
         125}, {'role': 'user', 'type': 'str', 'chars': 28}, {'role':           
         'assistant', 'type': 'str', 'chars': 1161}, {'role': 'user', 'type':   
         'str', 'chars': 28}, {'role': 'assistant', 'type': 'str', 'chars':     
         453}, {'role': 'user', 'type': 'str', 'chars': 28}, {'role':           
         'assistant', 'type': 'str', 'chars': 294}, {'role': 'user', 'type':    
         'str', 'chars': 28}, {'role': 'assistant', 'type': 'str', 'chars':     
         285}, {'role': 'user', 'type': 'str', 'chars': 28}, {'role':           
         'assistant', 'type': 'str', 'chars': 367}, {'role': 'user', 'type':    
         'str', 'chars': 28}, {'role': 'assistant', 'type': 'str', 'chars':     
         411}, {'role': 'user', 'type': 'str', 'chars': 28}, {'role':           
         'assistant', 'type': 'str', 'chars': 969}, {'role': 'user', 'type':    
         'str', 'chars': 28}, {'role': 'assistant', 'type': 'str', 'chars':     
         700}, {'role': 'user', 'type': 'str', 'chars': 29}, {'role':           
         'assistant', 'type': 'str', 'chars': 353}, {'role': 'user', 'type':    
         'str', 'chars': 28}, {'role': 'assistant', 'type': 'str', 'chars':     
         908}, {'role': 'user', 'type': 'str', 'chars': 29}, {'role':           
         'assistant', 'type': 'str', 'chars': 849}, {'role': 'user', 'type':    
         'str', 'chars': 28}, {'role': 'assistant', 'type': 'str', 'chars':     
         214}, {'role': 'user', 'type': 'str', 'chars': 28}, {'role':           
         'assistant', 'type': 'str', 'chars': 314}, {'role': 'user', 'type':    
         'str', 'chars': 28}, {'role': 'assistant', 'type': 'str', 'chars':     
         463}, {'role': 'user', 'type': 'str', 'chars': 28}, {'role':           
         'assistant', 'type': 'str', 'chars': 1370}, {'role': 'user', 'type':   
         'str', 'chars': 365}, {'role': 'assistant', 'type': 'str', 'chars':    
         939}, {'role': 'user', 'type': 'str', 'chars': 434}, {'role':          
         'assistant', 'type': 'str', 'chars': 600}, {'role': 'user', 'type':    
         'str', 'chars': 675}, {'role': 'assistant', 'type': 'str', 'chars':    
         620}, {'role': 'user', 'type': 'str', 'chars': 291}, {'role':          
         'assistant', 'type': 'str', 'chars': 174}, {'role': 'user', 'type':    
         'str', 'chars': 303}]                                                  
INFO     Messages API response received: status=200 elapsed=84.8s               
DEBUG    input_tokens=8,396, output_tokens=3,170, instance_cost=0.00, cost=0.00 
DEBUG    total_tokens_sent=181,267, total_tokens_received=19,911,               
         total_cost=0.00, total_api_calls=33                                    
INFO     濠电姷顣藉Σ鍛村磻閹捐泛绶ゅù鐘差儏閻ゎ喗銇勯弽銊х焼闁?THOUGHT (primary)
         DISCUSSION                                                             
         Let me try to analyze the image content more carefully and also try    
         different steganography approaches. Let me check if the image might be 
         a QR code or contain visible patterns.                                 
                                                                                
INFO     濠电姷顣藉Σ鍛村磻閹捐泛绶ゅù鐘差儏閻ゎ喗銇勯幇鈺佲偓妤佺▔?ACTION       
         (primary)                                                              
         python3 -c "                                                           
         from PIL import Image                                                  
         import numpy as np                                                     
                                                                                
         img = Image.open('mann.jpg')                                           
         arr = np.array(img)                                                    
         print('Image shape:', arr.shape)                                       
         print('Image dtype:', arr.dtype)                                       
                                                                                
         # Check if it could be a QR code (look for black/white patterns)       
         if len(arr.shape) == 3:                                                
             gray = np.mean(arr, axis=2)                                        
         else:                                                                  
             gray = arr                                                         
                                                                                
         # Check corners (QR codes have black squares in corners)               
         print('Top-left 10x10:', gray[:10,:10].astype(int))                    
         print('Top-right 10x10:', gray[:10,-10:].astype(int))                  
         print('Bottom-left 10x10:', gray[-10:,:10].astype(int))                
         print('Bottom-right 10x10:', gray[-10:,-10:].astype(int))              
                                                                                
         # Check overall brightness                                             
         print('Mean brightness:', np.mean(gray))                               
         print('Min:', np.min(gray), 'Max:', np.max(gray))                      
         "                                                                      
                                                                                
INFO     濠电姷顣藉Σ鍛村磻閹捐泛绶ゅù鐘差儏缁愭鎱ㄥ鍡楀姦?MODEL INPUT         
         Traceback (most recent call last):                                     
           File "<string>", line 3, in <module>                                 
         ModuleNotFoundError: No module named 'numpy'                           
         (Open file: n/a)                                                       
         (Current directory: /__tmp__enigma-awman-ocp90jpm__repo)               
         (Interactive session: n/a)                                             
         bash-$                                                                 
INFO     Messages API request start: model=glm52_10 messages=67 timeout=1170.0s 
         max_tokens=8192 native_tools=False thinking=auto shape=[{'role':       
         'user', 'type': 'str', 'chars': 3414}, {'role': 'assistant', 'type':   
         'str', 'chars': 127}, {'role': 'user', 'type': 'str', 'chars': 28},    
         {'role': 'assistant', 'type': 'str', 'chars': 97}, {'role': 'user',    
         'type': 'str', 'chars': 28}, {'role': 'assistant', 'type': 'str',      
         'chars': 185}, {'role': 'user', 'type': 'str', 'chars': 29}, {'role':  
         'assistant', 'type': 'str', 'chars': 143}, {'role': 'user', 'type':    
         'str', 'chars': 29}, {'role': 'assistant', 'type': 'str', 'chars':     
         329}, {'role': 'user', 'type': 'str', 'chars': 29}, {'role':           
         'assistant', 'type': 'str', 'chars': 120}, {'role': 'user', 'type':    
         'str', 'chars': 29}, {'role': 'assistant', 'type': 'str', 'chars':     
         317}, {'role': 'user', 'type': 'str', 'chars': 28}, {'role':           
         'assistant', 'type': 'str', 'chars': 625}, {'role': 'user', 'type':    
         'str', 'chars': 28}, {'role': 'assistant', 'type': 'str', 'chars':     
         312}, {'role': 'user', 'type': 'str', 'chars': 28}, {'role':           
         'assistant', 'type': 'str', 'chars': 169}, {'role': 'user', 'type':    
         'str', 'chars': 28}, {'role': 'assistant', 'type': 'str', 'chars':     
         182}, {'role': 'user', 'type': 'str', 'chars': 28}, {'role':           
         'assistant', 'type': 'str', 'chars': 362}, {'role': 'user', 'type':    
         'str', 'chars': 28}, {'role': 'assistant', 'type': 'str', 'chars':     
         125}, {'role': 'user', 'type': 'str', 'chars': 28}, {'role':           
         'assistant', 'type': 'str', 'chars': 1161}, {'role': 'user', 'type':   
         'str', 'chars': 28}, {'role': 'assistant', 'type': 'str', 'chars':     
         453}, {'role': 'user', 'type': 'str', 'chars': 28}, {'role':           
         'assistant', 'type': 'str', 'chars': 294}, {'role': 'user', 'type':    
         'str', 'chars': 28}, {'role': 'assistant', 'type': 'str', 'chars':     
         285}, {'role': 'user', 'type': 'str', 'chars': 28}, {'role':           
         'assistant', 'type': 'str', 'chars': 367}, {'role': 'user', 'type':    
         'str', 'chars': 28}, {'role': 'assistant', 'type': 'str', 'chars':     
         411}, {'role': 'user', 'type': 'str', 'chars': 28}, {'role':           
         'assistant', 'type': 'str', 'chars': 969}, {'role': 'user', 'type':    
         'str', 'chars': 28}, {'role': 'assistant', 'type': 'str', 'chars':     
         700}, {'role': 'user', 'type': 'str', 'chars': 29}, {'role':           
         'assistant', 'type': 'str', 'chars': 353}, {'role': 'user', 'type':    
         'str', 'chars': 28}, {'role': 'assistant', 'type': 'str', 'chars':     
         908}, {'role': 'user', 'type': 'str', 'chars': 29}, {'role':           
         'assistant', 'type': 'str', 'chars': 849}, {'role': 'user', 'type':    
         'str', 'chars': 28}, {'role': 'assistant', 'type': 'str', 'chars':     
         214}, {'role': 'user', 'type': 'str', 'chars': 28}, {'role':           
         'assistant', 'type': 'str', 'chars': 314}, {'role': 'user', 'type':    
         'str', 'chars': 28}, {'role': 'assistant', 'type': 'str', 'chars':     
         463}, {'role': 'user', 'type': 'str', 'chars': 28}, {'role':           
         'assistant', 'type': 'str', 'chars': 1370}, {'role': 'user', 'type':   
         'str', 'chars': 29}, {'role': 'assistant', 'type': 'str', 'chars':     
         939}, {'role': 'user', 'type': 'str', 'chars': 434}, {'role':          
         'assistant', 'type': 'str', 'chars': 600}, {'role': 'user', 'type':    
         'str', 'chars': 675}, {'role': 'assistant', 'type': 'str', 'chars':    
         620}, {'role': 'user', 'type': 'str', 'chars': 291}, {'role':          
         'assistant', 'type': 'str', 'chars': 174}, {'role': 'user', 'type':    
         'str', 'chars': 303}, {'role': 'assistant', 'type': 'str', 'chars':    
         908}, {'role': 'user', 'type': 'str', 'chars': 226}]                   
INFO     Messages API response received: status=200 elapsed=5.1s                
DEBUG    input_tokens=8,555, output_tokens=145, instance_cost=0.00, cost=0.00   
DEBUG    total_tokens_sent=189,822, total_tokens_received=20,056,               
         total_cost=0.00, total_api_calls=34                                    
INFO     濠电姷顣藉Σ鍛村磻閹捐泛绶ゅù鐘差儏閻ゎ喗銇勯弽銊х焼闁?THOUGHT (primary)
         DISCUSSION                                                             
         Let me install numpy and try again.                                    
                                                                                
INFO     濠电姷顣藉Σ鍛村磻閹捐泛绶ゅù鐘差儏閻ゎ喗銇勯幇鈺佲偓妤佺▔?ACTION       
         (primary)                                                              
         pip install numpy 2>/dev/null | tail -1; python3 -c "                  
         from PIL import Image                                                  
         import numpy as np                                                     
                                                                                
         img = Image.open('mann.jpg')                                           
         arr = np.array(img)                                                    
         print('Image shape:', arr.shape)                                       
         print('Image dtype:', arr.dtype)                                       
                                                                                
         if len(arr.shape) == 3:                                                
             gray = np.mean(arr, axis=2)                                        
         else:                                                                  
             gray = arr                                                         
                                                                                
         print('Top-left 10x10:', gray[:10,:10].astype(int))                    
         print('Mean brightness:', np.mean(gray))                               
         print('Min:', np.min(gray), 'Max:', np.max(gray))                      
         "                                                                      
                                                                                
INFO     濠电姷顣藉Σ鍛村磻閹捐泛绶ゅù鐘差儏缁愭鎱ㄥ鍡楀姦?MODEL INPUT         
         Successfully installed numpy-2.0.2                                     
         Image shape: (498, 540, 3)                                             
         Image dtype: uint8                                                     
         Top-left 10x10: [[42 42 42 42 42 42 42 42 43 43]                       
          [42 42 42 42 42 42 42 42 43 42]                                       
          [42 42 42 42 42 42 42 42 42 41]                                       
          [42 42 42 42 42 42 42 42 41 41]                                       
          [42 42 42 42 42 42 42 42 41 41]                                       
          [42 42 42 42 42 42 42 42 42 41]                                       
          [42 42 42 42 42 42 42 42 43 42]                                       
          [42 42 42 42 42 42 42 42 43 43]                                       
          [41 41 41 41 41 41 41 41 40 40]                                       
          [41 41 41 41 41 41 41 41 40 40]]                                      
         Mean brightness: 61.13862858842778                                     
         Min: 6.333333333333333 Max: 255.0                                      
         (Open file: n/a)                                                       
         (Current directory: /__tmp__enigma-awman-ocp90jpm__repo)               
         (Interactive session: n/a)                                             
         bash-$                                                                 
INFO     Messages API request start: model=glm52_10 messages=69 timeout=1170.0s 
         max_tokens=8192 native_tools=False thinking=auto shape=[{'role':       
         'user', 'type': 'str', 'chars': 3414}, {'role': 'assistant', 'type':   
         'str', 'chars': 127}, {'role': 'user', 'type': 'str', 'chars': 28},    
         {'role': 'assistant', 'type': 'str', 'chars': 97}, {'role': 'user',    
         'type': 'str', 'chars': 28}, {'role': 'assistant', 'type': 'str',      
         'chars': 185}, {'role': 'user', 'type': 'str', 'chars': 29}, {'role':  
         'assistant', 'type': 'str', 'chars': 143}, {'role': 'user', 'type':    
         'str', 'chars': 29}, {'role': 'assistant', 'type': 'str', 'chars':     
         329}, {'role': 'user', 'type': 'str', 'chars': 29}, {'role':           
         'assistant', 'type': 'str', 'chars': 120}, {'role': 'user', 'type':    
         'str', 'chars': 29}, {'role': 'assistant', 'type': 'str', 'chars':     
         317}, {'role': 'user', 'type': 'str', 'chars': 28}, {'role':           
         'assistant', 'type': 'str', 'chars': 625}, {'role': 'user', 'type':    
         'str', 'chars': 28}, {'role': 'assistant', 'type': 'str', 'chars':     
         312}, {'role': 'user', 'type': 'str', 'chars': 28}, {'role':           
         'assistant', 'type': 'str', 'chars': 169}, {'role': 'user', 'type':    
         'str', 'chars': 28}, {'role': 'assistant', 'type': 'str', 'chars':     
         182}, {'role': 'user', 'type': 'str', 'chars': 28}, {'role':           
         'assistant', 'type': 'str', 'chars': 362}, {'role': 'user', 'type':    
         'str', 'chars': 28}, {'role': 'assistant', 'type': 'str', 'chars':     
         125}, {'role': 'user', 'type': 'str', 'chars': 28}, {'role':           
         'assistant', 'type': 'str', 'chars': 1161}, {'role': 'user', 'type':   
         'str', 'chars': 28}, {'role': 'assistant', 'type': 'str', 'chars':     
         453}, {'role': 'user', 'type': 'str', 'chars': 28}, {'role':           
         'assistant', 'type': 'str', 'chars': 294}, {'role': 'user', 'type':    
         'str', 'chars': 28}, {'role': 'assistant', 'type': 'str', 'chars':     
         285}, {'role': 'user', 'type': 'str', 'chars': 28}, {'role':           
         'assistant', 'type': 'str', 'chars': 367}, {'role': 'user', 'type':    
         'str', 'chars': 28}, {'role': 'assistant', 'type': 'str', 'chars':     
         411}, {'role': 'user', 'type': 'str', 'chars': 28}, {'role':           
         'assistant', 'type': 'str', 'chars': 969}, {'role': 'user', 'type':    
         'str', 'chars': 28}, {'role': 'assistant', 'type': 'str', 'chars':     
         700}, {'role': 'user', 'type': 'str', 'chars': 29}, {'role':           
         'assistant', 'type': 'str', 'chars': 353}, {'role': 'user', 'type':    
         'str', 'chars': 28}, {'role': 'assistant', 'type': 'str', 'chars':     
         908}, {'role': 'user', 'type': 'str', 'chars': 29}, {'role':           
         'assistant', 'type': 'str', 'chars': 849}, {'role': 'user', 'type':    
         'str', 'chars': 28}, {'role': 'assistant', 'type': 'str', 'chars':     
         214}, {'role': 'user', 'type': 'str', 'chars': 28}, {'role':           
         'assistant', 'type': 'str', 'chars': 314}, {'role': 'user', 'type':    
         'str', 'chars': 28}, {'role': 'assistant', 'type': 'str', 'chars':     
         463}, {'role': 'user', 'type': 'str', 'chars': 28}, {'role':           
         'assistant', 'type': 'str', 'chars': 1370}, {'role': 'user', 'type':   
         'str', 'chars': 29}, {'role': 'assistant', 'type': 'str', 'chars':     
         939}, {'role': 'user', 'type': 'str', 'chars': 29}, {'role':           
         'assistant', 'type': 'str', 'chars': 600}, {'role': 'user', 'type':    
         'str', 'chars': 675}, {'role': 'assistant', 'type': 'str', 'chars':    
         620}, {'role': 'user', 'type': 'str', 'chars': 291}, {'role':          
         'assistant', 'type': 'str', 'chars': 174}, {'role': 'user', 'type':    
         'str', 'chars': 303}, {'role': 'assistant', 'type': 'str', 'chars':    
         908}, {'role': 'user', 'type': 'str', 'chars': 226}, {'role':          
         'assistant', 'type': 'str', 'chars': 489}, {'role': 'user', 'type':    
         'str', 'chars': 604}]                                                  
INFO     Messages API response received: status=200 elapsed=16.9s               
DEBUG    input_tokens=8,846, output_tokens=569, instance_cost=0.00, cost=0.00   
DEBUG    total_tokens_sent=198,668, total_tokens_received=20,625,               
         total_cost=0.00, total_api_calls=35                                    
INFO     濠电姷顣藉Σ鍛村磻閹捐泛绶ゅù鐘差儏閻ゎ喗銇勯弽銊х焼闁?THOUGHT (primary)
         DISCUSSION                                                             
         The image is 498x540 pixels, mostly dark. Let me try to look at the    
         image content by converting it to ASCII art to see what it shows, and  
         also try zsteg for PNG/BMP steganography (after converting).           
                                                                                
INFO     濠电姷顣藉Σ鍛村磻閹捐泛绶ゅù鐘差儏閻ゎ喗銇勯幇鈺佲偓妤佺▔?ACTION       
         (primary)                                                              
         python3 -c "                                                           
         from PIL import Image                                                  
         img = Image.open('mann.jpg')                                           
         # Convert to grayscale and resize for ASCII art                        
         img_gray = img.convert('L')                                            
         img_small = img_gray.resize((80, 40))                                  
         chars = ' .:-=+*#%@'                                                   
         for y in range(40):                                                    
             line = ''                                                          
             for x in range(80):                                                
                 pixel = img_small.getpixel((x, y))                             
                 line += chars[min(pixel * len(chars) // 256, len(chars)-1)]    
             print(line)                                                        
         "                                                                      
                                                                                
INFO     濠电姷顣藉Σ鍛村磻閹捐泛绶ゅù鐘差儏缁愭鎱ㄥ鍡楀姦?MODEL INPUT         
         ..............:...........::...........................................
         ....:::::                                                              
         ...............:..........::...........................................
         ...::::::                                                              
         ...............::.........::...........................................
         ..:::::::                                                              
         .................::......::...........................................:
         :::::::::                                                              
         :.................::........                                           
         ...........................:::::::::::::                               
         ::::::...:..............                                               
         .....................:...::::::::::::::                                
         :::::::::::::::.......                                                 
         ..::---......::::::::::::::::::::::::                                  
         :::::::::::::::::....                                                  
         ..-=*#-.:::::::::::::::::::::::::::                                    
         -::::::::::::::::.::.                                                  
         ..-*@@+:::::::::::::::::::::::::--                                     
         --::::::::::::::.-*-                 .......  .                        
         .=@@@*:::::::::::::.::::::----==                                       
         --:::::::::::...-#%:                ............                       
         .#@@@-.:::::::::::::::------===                                        
         --::::::::::....*@%:               ..............                      
         -@@@+......:::::------------::                                         
         -------------::-%@%.               ..............                      
         .#@@%::::...::::--::::::::::::                                         
         ---------------+@@#               ...::::::......                      
         +@@@=:::::...::::::::::::::::                                          
         ---::::::::::::+@@+              .....::::..... .                      
         .+@@+.::::..:::::::::::::::::                                          
         --:::::::::::::=@%:   ..         :...............                      
         *%*::::::::::::::::::::::::                                            
         -::::::::::::::-#+   ........  ..: :: ..                               
         .##::::::::::::::::::::::::                                            
         -:::::::::::::.-#:                 ..   .....::.                       
         +*::::::::::::::::::::::::                                             
         -:::::::::::::::+.       .....          ....:::.. ..                   
         -=::::::::::::::::::::::::                                             
         ::::::::::::::::-.       .....             .........                   
         .--::::::::::::::::::::::::                                            
         :::::::::::::::::.                       ...........                   
         .--::::::::::::::::::::::::                                            
         ::::::::::::::::::                        .........                    
         .:-::::::::::::::::::::::::                                            
         :::::::::::::::::..                                                    
         ...........:-::::::::::::::::::::::::                                  
         ::::::::::::::::::.                                                    
         ......::..:-::::::::::::::::::::::::                                   
         ::::::::::::::::::.  ......                                            
         ....::---==--=-..:------:----------::::::::                            
         ::::::::::::::::-:.                                                    
         ...:::........:::-----=======+=..--------------------::::::            
         ::::::::::::::::-:..                                                   
         ...::::::..:::---====---=----=-.:---------------------:::::            
         :::::::::::::-----...                                                  
         ...--::......::::::-::::--=-=:.:-*******####**+----------:             
         ::::::::::::------....                                                 
         ..:--:....:::::-----==---=--..:-@@@@@@@@@@@@@%*====------              
         :::::::::::-------. ..                                                 
         .:-:.....::::::---===---:...:-@@@@@@@@@@@@@@@*==++=----                
         :::::::-----------.                                                    
         ..:.::::::------------.....:-#@@@@@@@@@@@@@@#==+++==--                 
         :::::::-----------.         ...:..::----------:.                       
         ....:=@@@@@@@@@@@@@%#==++===--                                         
         ::::::------------.            ..::::--------.   .                     
         ..:-*@@@@@@@@@@@@%*===+===--                                           
         :::::::----:---=*-               ..:::::--::.                          
         .......:=%@%##########*=======--                                       
         :::---==:.......:.                  ......    ...::                    
         ..:=#@@+:::--:--=++++++==--                                            
         =+**=:.                                    ...::::.                    
         .:=#%@#:.......::--=======                                             
         ::.                                     ....::::..     .-+#%%=.        
         ..:                                                                    
                                                ....:::......    .:=#%#=.       
         .:::                                                                   
                                                 ...::..:::..     ..-+**-.      
         ..                                                                     
                                                  ...  :::..        .:=++:      
         (Open file: n/a)                                                       
         (Current directory: /__tmp__enigma-awman-ocp90jpm__repo)               
         (Interactive session: n/a)                                             
         bash-$                                                                 
INFO     Messages API request start: model=glm52_10 messages=71 timeout=1170.0s 
         max_tokens=8192 native_tools=False thinking=auto shape=[{'role':       
         'user', 'type': 'str', 'chars': 3414}, {'role': 'assistant', 'type':   
         'str', 'chars': 127}, {'role': 'user', 'type': 'str', 'chars': 28},    
         {'role': 'assistant', 'type': 'str', 'chars': 97}, {'role': 'user',    
         'type': 'str', 'chars': 28}, {'role': 'assistant', 'type': 'str',      
         'chars': 185}, {'role': 'user', 'type': 'str', 'chars': 29}, {'role':  
         'assistant', 'type': 'str', 'chars': 143}, {'role': 'user', 'type':    
         'str', 'chars': 29}, {'role': 'assistant', 'type': 'str', 'chars':     
         329}, {'role': 'user', 'type': 'str', 'chars': 29}, {'role':           
         'assistant', 'type': 'str', 'chars': 120}, {'role': 'user', 'type':    
         'str', 'chars': 29}, {'role': 'assistant', 'type': 'str', 'chars':     
         317}, {'role': 'user', 'type': 'str', 'chars': 28}, {'role':           
         'assistant', 'type': 'str', 'chars': 625}, {'role': 'user', 'type':    
         'str', 'chars': 28}, {'role': 'assistant', 'type': 'str', 'chars':     
         312}, {'role': 'user', 'type': 'str', 'chars': 28}, {'role':           
         'assistant', 'type': 'str', 'chars': 169}, {'role': 'user', 'type':    
         'str', 'chars': 28}, {'role': 'assistant', 'type': 'str', 'chars':     
         182}, {'role': 'user', 'type': 'str', 'chars': 28}, {'role':           
         'assistant', 'type': 'str', 'chars': 362}, {'role': 'user', 'type':    
         'str', 'chars': 28}, {'role': 'assistant', 'type': 'str', 'chars':     
         125}, {'role': 'user', 'type': 'str', 'chars': 28}, {'role':           
         'assistant', 'type': 'str', 'chars': 1161}, {'role': 'user', 'type':   
         'str', 'chars': 28}, {'role': 'assistant', 'type': 'str', 'chars':     
         453}, {'role': 'user', 'type': 'str', 'chars': 28}, {'role':           
         'assistant', 'type': 'str', 'chars': 294}, {'role': 'user', 'type':    
         'str', 'chars': 28}, {'role': 'assistant', 'type': 'str', 'chars':     
         285}, {'role': 'user', 'type': 'str', 'chars': 28}, {'role':           
         'assistant', 'type': 'str', 'chars': 367}, {'role': 'user', 'type':    
         'str', 'chars': 28}, {'role': 'assistant', 'type': 'str', 'chars':     
         411}, {'role': 'user', 'type': 'str', 'chars': 28}, {'role':           
         'assistant', 'type': 'str', 'chars': 969}, {'role': 'user', 'type':    
         'str', 'chars': 28}, {'role': 'assistant', 'type': 'str', 'chars':     
         700}, {'role': 'user', 'type': 'str', 'chars': 29}, {'role':           
         'assistant', 'type': 'str', 'chars': 353}, {'role': 'user', 'type':    
         'str', 'chars': 28}, {'role': 'assistant', 'type': 'str', 'chars':     
         908}, {'role': 'user', 'type': 'str', 'chars': 29}, {'role':           
         'assistant', 'type': 'str', 'chars': 849}, {'role': 'user', 'type':    
         'str', 'chars': 28}, {'role': 'assistant', 'type': 'str', 'chars':     
         214}, {'role': 'user', 'type': 'str', 'chars': 28}, {'role':           
         'assistant', 'type': 'str', 'chars': 314}, {'role': 'user', 'type':    
         'str', 'chars': 28}, {'role': 'assistant', 'type': 'str', 'chars':     
         463}, {'role': 'user', 'type': 'str', 'chars': 28}, {'role':           
         'assistant', 'type': 'str', 'chars': 1370}, {'role': 'user', 'type':   
         'str', 'chars': 29}, {'role': 'assistant', 'type': 'str', 'chars':     
         939}, {'role': 'user', 'type': 'str', 'chars': 29}, {'role':           
         'assistant', 'type': 'str', 'chars': 600}, {'role': 'user', 'type':    
         'str', 'chars': 29}, {'role': 'assistant', 'type': 'str', 'chars':     
         620}, {'role': 'user', 'type': 'str', 'chars': 291}, {'role':          
         'assistant', 'type': 'str', 'chars': 174}, {'role': 'user', 'type':    
         'str', 'chars': 303}, {'role': 'assistant', 'type': 'str', 'chars':    
         908}, {'role': 'user', 'type': 'str', 'chars': 226}, {'role':          
         'assistant', 'type': 'str', 'chars': 489}, {'role': 'user', 'type':    
         'str', 'chars': 604}, {'role': 'assistant', 'type': 'str', 'chars':    
         603}, {'role': 'user', 'type': 'str', 'chars': 3347}]                  
INFO     Messages API response received: status=200 elapsed=24.8s               
DEBUG    input_tokens=9,395, output_tokens=868, instance_cost=0.00, cost=0.00   
DEBUG    total_tokens_sent=208,063, total_tokens_received=21,493,               
         total_cost=0.00, total_api_calls=36                                    
INFO     濠电姷顣藉Σ鍛村磻閹捐泛绶ゅù鐘差儏閻ゎ喗銇勯弽銊х焼闁?THOUGHT (primary)
         DISCUSSION                                                             
         The image shows a person (the "mann" from the challenge). Let me try   
         using the decoded Base58 text as a steghide password more carefully,   
         and also try other steganography tools.                                
                                                                                
INFO     濠电姷顣藉Σ鍛村磻閹捐泛绶ゅù鐘差儏閻ゎ喗銇勯幇鈺佲偓妤佺▔?ACTION       
         (primary)                                                              
         steghide extract -sf mann.jpg -p "actf{crazy?_i_was_crazy_once}" -xf   
         output.txt -f 2>&1; echo "---"; cat output.txt 2>/dev/null; echo "---";
         steghide extract -sf mann.jpg -p "crazy?_i_was_crazy_once" -xf         
         output2.txt -f 2>&1; echo "---"; cat output2.txt 2>/dev/null           
                                                                                
INFO     濠电姷顣藉Σ鍛村磻閹捐泛绶ゅù鐘差儏缁愭鎱ㄥ鍡楀姦?MODEL INPUT         
         /bin/bash: line 1696: steghide: command not found                      
         ---                                                                    
         ---                                                                    
         /bin/bash: line 1696: steghide: command not found                      
         ---                                                                    
         (Open file: n/a)                                                       
         (Current directory: /__tmp__enigma-awman-ocp90jpm__repo)               
         (Interactive session: n/a)                                             
         bash-$                                                                 
INFO     Messages API request start: model=glm52_10 messages=73 timeout=1170.0s 
         max_tokens=8192 native_tools=False thinking=auto shape=[{'role':       
         'user', 'type': 'str', 'chars': 3414}, {'role': 'assistant', 'type':   
         'str', 'chars': 127}, {'role': 'user', 'type': 'str', 'chars': 28},    
         {'role': 'assistant', 'type': 'str', 'chars': 97}, {'role': 'user',    
         'type': 'str', 'chars': 28}, {'role': 'assistant', 'type': 'str',      
         'chars': 185}, {'role': 'user', 'type': 'str', 'chars': 29}, {'role':  
         'assistant', 'type': 'str', 'chars': 143}, {'role': 'user', 'type':    
         'str', 'chars': 29}, {'role': 'assistant', 'type': 'str', 'chars':     
         329}, {'role': 'user', 'type': 'str', 'chars': 29}, {'role':           
         'assistant', 'type': 'str', 'chars': 120}, {'role': 'user', 'type':    
         'str', 'chars': 29}, {'role': 'assistant', 'type': 'str', 'chars':     
         317}, {'role': 'user', 'type': 'str', 'chars': 28}, {'role':           
         'assistant', 'type': 'str', 'chars': 625}, {'role': 'user', 'type':    
         'str', 'chars': 28}, {'role': 'assistant', 'type': 'str', 'chars':     
         312}, {'role': 'user', 'type': 'str', 'chars': 28}, {'role':           
         'assistant', 'type': 'str', 'chars': 169}, {'role': 'user', 'type':    
         'str', 'chars': 28}, {'role': 'assistant', 'type': 'str', 'chars':     
         182}, {'role': 'user', 'type': 'str', 'chars': 28}, {'role':           
         'assistant', 'type': 'str', 'chars': 362}, {'role': 'user', 'type':    
         'str', 'chars': 28}, {'role': 'assistant', 'type': 'str', 'chars':     
         125}, {'role': 'user', 'type': 'str', 'chars': 28}, {'role':           
         'assistant', 'type': 'str', 'chars': 1161}, {'role': 'user', 'type':   
         'str', 'chars': 28}, {'role': 'assistant', 'type': 'str', 'chars':     
         453}, {'role': 'user', 'type': 'str', 'chars': 28}, {'role':           
         'assistant', 'type': 'str', 'chars': 294}, {'role': 'user', 'type':    
         'str', 'chars': 28}, {'role': 'assistant', 'type': 'str', 'chars':     
         285}, {'role': 'user', 'type': 'str', 'chars': 28}, {'role':           
         'assistant', 'type': 'str', 'chars': 367}, {'role': 'user', 'type':    
         'str', 'chars': 28}, {'role': 'assistant', 'type': 'str', 'chars':     
         411}, {'role': 'user', 'type': 'str', 'chars': 28}, {'role':           
         'assistant', 'type': 'str', 'chars': 969}, {'role': 'user', 'type':    
         'str', 'chars': 28}, {'role': 'assistant', 'type': 'str', 'chars':     
         700}, {'role': 'user', 'type': 'str', 'chars': 29}, {'role':           
         'assistant', 'type': 'str', 'chars': 353}, {'role': 'user', 'type':    
         'str', 'chars': 28}, {'role': 'assistant', 'type': 'str', 'chars':     
         908}, {'role': 'user', 'type': 'str', 'chars': 29}, {'role':           
         'assistant', 'type': 'str', 'chars': 849}, {'role': 'user', 'type':    
         'str', 'chars': 28}, {'role': 'assistant', 'type': 'str', 'chars':     
         214}, {'role': 'user', 'type': 'str', 'chars': 28}, {'role':           
         'assistant', 'type': 'str', 'chars': 314}, {'role': 'user', 'type':    
         'str', 'chars': 28}, {'role': 'assistant', 'type': 'str', 'chars':     
         463}, {'role': 'user', 'type': 'str', 'chars': 28}, {'role':           
         'assistant', 'type': 'str', 'chars': 1370}, {'role': 'user', 'type':   
         'str', 'chars': 29}, {'role': 'assistant', 'type': 'str', 'chars':     
         939}, {'role': 'user', 'type': 'str', 'chars': 29}, {'role':           
         'assistant', 'type': 'str', 'chars': 600}, {'role': 'user', 'type':    
         'str', 'chars': 29}, {'role': 'assistant', 'type': 'str', 'chars':     
         620}, {'role': 'user', 'type': 'str', 'chars': 29}, {'role':           
         'assistant', 'type': 'str', 'chars': 174}, {'role': 'user', 'type':    
         'str', 'chars': 303}, {'role': 'assistant', 'type': 'str', 'chars':    
         908}, {'role': 'user', 'type': 'str', 'chars': 226}, {'role':          
         'assistant', 'type': 'str', 'chars': 489}, {'role': 'user', 'type':    
         'str', 'chars': 604}, {'role': 'assistant', 'type': 'str', 'chars':    
         603}, {'role': 'user', 'type': 'str', 'chars': 3347}, {'role':         
         'assistant', 'type': 'str', 'chars': 461}, {'role': 'user', 'type':    
         'str', 'chars': 219}]                                                  
INFO     Messages API response received: status=200 elapsed=2.1s                
DEBUG    input_tokens=9,511, output_tokens=47, instance_cost=0.00, cost=0.00    
DEBUG    total_tokens_sent=217,574, total_tokens_received=21,540,               
         total_cost=0.00, total_api_calls=37                                    
INFO     濠电姷顣藉Σ鍛村磻閹捐泛绶ゅù鐘差儏閻ゎ喗銇勯弽銊х焼闁?THOUGHT (primary)
         DISCUSSION                                                             
         Steghide is not installed. Let me install it and try again.            
                                                                                
INFO     濠电姷顣藉Σ鍛村磻閹捐泛绶ゅù鐘差儏閻ゎ喗銇勯幇鈺佲偓妤佺▔?ACTION       
         (primary)                                                              
         apt-get install -y steghide 2>/dev/null | tail -3; which steghide      
                                                                                
INFO     濠电姷顣藉Σ鍛村磻閹捐泛绶ゅù鐘差儏缁愭鎱ㄥ鍡楀姦?MODEL INPUT         
         Setting up steghide (0.5.1-15) ...                                     
         Processing triggers for man-db (2.10.2-1) ...                          
         Processing triggers for libc-bin (2.35-0ubuntu3.8) ...                 
         /usr/bin/steghide                                                      
         (Open file: n/a)                                                       
         (Current directory: /__tmp__enigma-awman-ocp90jpm__repo)               
         (Interactive session: n/a)                                             
         bash-$                                                                 
INFO     Messages API request start: model=glm52_10 messages=75 timeout=1170.0s 
         max_tokens=8192 native_tools=False thinking=auto shape=[{'role':       
         'user', 'type': 'str', 'chars': 3414}, {'role': 'assistant', 'type':   
         'str', 'chars': 127}, {'role': 'user', 'type': 'str', 'chars': 28},    
         {'role': 'assistant', 'type': 'str', 'chars': 97}, {'role': 'user',    
         'type': 'str', 'chars': 28}, {'role': 'assistant', 'type': 'str',      
         'chars': 185}, {'role': 'user', 'type': 'str', 'chars': 29}, {'role':  
         'assistant', 'type': 'str', 'chars': 143}, {'role': 'user', 'type':    
         'str', 'chars': 29}, {'role': 'assistant', 'type': 'str', 'chars':     
         329}, {'role': 'user', 'type': 'str', 'chars': 29}, {'role':           
         'assistant', 'type': 'str', 'chars': 120}, {'role': 'user', 'type':    
         'str', 'chars': 29}, {'role': 'assistant', 'type': 'str', 'chars':     
         317}, {'role': 'user', 'type': 'str', 'chars': 28}, {'role':           
         'assistant', 'type': 'str', 'chars': 625}, {'role': 'user', 'type':    
         'str', 'chars': 28}, {'role': 'assistant', 'type': 'str', 'chars':     
         312}, {'role': 'user', 'type': 'str', 'chars': 28}, {'role':           
         'assistant', 'type': 'str', 'chars': 169}, {'role': 'user', 'type':    
         'str', 'chars': 28}, {'role': 'assistant', 'type': 'str', 'chars':     
         182}, {'role': 'user', 'type': 'str', 'chars': 28}, {'role':           
         'assistant', 'type': 'str', 'chars': 362}, {'role': 'user', 'type':    
         'str', 'chars': 28}, {'role': 'assistant', 'type': 'str', 'chars':     
         125}, {'role': 'user', 'type': 'str', 'chars': 28}, {'role':           
         'assistant', 'type': 'str', 'chars': 1161}, {'role': 'user', 'type':   
         'str', 'chars': 28}, {'role': 'assistant', 'type': 'str', 'chars':     
         453}, {'role': 'user', 'type': 'str', 'chars': 28}, {'role':           
         'assistant', 'type': 'str', 'chars': 294}, {'role': 'user', 'type':    
         'str', 'chars': 28}, {'role': 'assistant', 'type': 'str', 'chars':     
         285}, {'role': 'user', 'type': 'str', 'chars': 28}, {'role':           
         'assistant', 'type': 'str', 'chars': 367}, {'role': 'user', 'type':    
         'str', 'chars': 28}, {'role': 'assistant', 'type': 'str', 'chars':     
         411}, {'role': 'user', 'type': 'str', 'chars': 28}, {'role':           
         'assistant', 'type': 'str', 'chars': 969}, {'role': 'user', 'type':    
         'str', 'chars': 28}, {'role': 'assistant', 'type': 'str', 'chars':     
         700}, {'role': 'user', 'type': 'str', 'chars': 29}, {'role':           
         'assistant', 'type': 'str', 'chars': 353}, {'role': 'user', 'type':    
         'str', 'chars': 28}, {'role': 'assistant', 'type': 'str', 'chars':     
         908}, {'role': 'user', 'type': 'str', 'chars': 29}, {'role':           
         'assistant', 'type': 'str', 'chars': 849}, {'role': 'user', 'type':    
         'str', 'chars': 28}, {'role': 'assistant', 'type': 'str', 'chars':     
         214}, {'role': 'user', 'type': 'str', 'chars': 28}, {'role':           
         'assistant', 'type': 'str', 'chars': 314}, {'role': 'user', 'type':    
         'str', 'chars': 28}, {'role': 'assistant', 'type': 'str', 'chars':     
         463}, {'role': 'user', 'type': 'str', 'chars': 28}, {'role':           
         'assistant', 'type': 'str', 'chars': 1370}, {'role': 'user', 'type':   
         'str', 'chars': 29}, {'role': 'assistant', 'type': 'str', 'chars':     
         939}, {'role': 'user', 'type': 'str', 'chars': 29}, {'role':           
         'assistant', 'type': 'str', 'chars': 600}, {'role': 'user', 'type':    
         'str', 'chars': 29}, {'role': 'assistant', 'type': 'str', 'chars':     
         620}, {'role': 'user', 'type': 'str', 'chars': 29}, {'role':           
         'assistant', 'type': 'str', 'chars': 174}, {'role': 'user', 'type':    
         'str', 'chars': 28}, {'role': 'assistant', 'type': 'str', 'chars':     
         908}, {'role': 'user', 'type': 'str', 'chars': 226}, {'role':          
         'assistant', 'type': 'str', 'chars': 489}, {'role': 'user', 'type':    
         'str', 'chars': 604}, {'role': 'assistant', 'type': 'str', 'chars':    
         603}, {'role': 'user', 'type': 'str', 'chars': 3347}, {'role':         
         'assistant', 'type': 'str', 'chars': 461}, {'role': 'user', 'type':    
         'str', 'chars': 219}, {'role': 'assistant', 'type': 'str', 'chars':    
         144}, {'role': 'user', 'type': 'str', 'chars': 261}]                   
INFO     Messages API response received: status=200 elapsed=5.3s                
DEBUG    input_tokens=9,490, output_tokens=144, instance_cost=0.00, cost=0.00   
DEBUG    total_tokens_sent=227,064, total_tokens_received=21,684,               
         total_cost=0.00, total_api_calls=38                                    
INFO     濠电姷顣藉Σ鍛村磻閹捐泛绶ゅù鐘差儏閻ゎ喗銇勯弽銊х焼闁?THOUGHT (primary)
         DISCUSSION                                                             
         Now let me try steghide with various passwords including the decoded   
         Base58 text.                                                           
                                                                                
INFO     濠电姷顣藉Σ鍛村磻閹捐泛绶ゅù鐘差儏閻ゎ喗銇勯幇鈺佲偓妤佺▔?ACTION       
         (primary)                                                              
         steghide extract -sf mann.jpg -p "" -xf output.txt -f 2>&1; echo "---";
         steghide extract -sf mann.jpg -p "actf{crazy?_i_was_crazy_once}" -xf   
         output2.txt -f 2>&1; echo "---"; steghide extract -sf mann.jpg -p      
         "awman" -xf output3.txt -f 2>&1; echo "---"; steghide extract -sf      
         mann.jpg -p "mann" -xf output4.txt -f 2>&1                             
                                                                                
INFO     濠电姷顣藉Σ鍛村磻閹捐泛绶ゅù鐘差儏缁愭鎱ㄥ鍡楀姦?MODEL INPUT         
         wrote extracted data to "output.txt".                                  
         ---                                                                    
         steghide: could not extract any data with that passphrase!             
         ---                                                                    
         steghide: could not extract any data with that passphrase!             
         ---                                                                    
         steghide: could not extract any data with that passphrase!             
         (Open file: n/a)                                                       
         (Current directory: /__tmp__enigma-awman-ocp90jpm__repo)               
         (Interactive session: n/a)                                             
         bash-$                                                                 
INFO     Messages API request start: model=glm52_10 messages=77 timeout=1170.0s 
         max_tokens=8192 native_tools=False thinking=auto shape=[{'role':       
         'user', 'type': 'str', 'chars': 3414}, {'role': 'assistant', 'type':   
         'str', 'chars': 127}, {'role': 'user', 'type': 'str', 'chars': 28},    
         {'role': 'assistant', 'type': 'str', 'chars': 97}, {'role': 'user',    
         'type': 'str', 'chars': 28}, {'role': 'assistant', 'type': 'str',      
         'chars': 185}, {'role': 'user', 'type': 'str', 'chars': 29}, {'role':  
         'assistant', 'type': 'str', 'chars': 143}, {'role': 'user', 'type':    
         'str', 'chars': 29}, {'role': 'assistant', 'type': 'str', 'chars':     
         329}, {'role': 'user', 'type': 'str', 'chars': 29}, {'role':           
         'assistant', 'type': 'str', 'chars': 120}, {'role': 'user', 'type':    
         'str', 'chars': 29}, {'role': 'assistant', 'type': 'str', 'chars':     
         317}, {'role': 'user', 'type': 'str', 'chars': 28}, {'role':           
         'assistant', 'type': 'str', 'chars': 625}, {'role': 'user', 'type':    
         'str', 'chars': 28}, {'role': 'assistant', 'type': 'str', 'chars':     
         312}, {'role': 'user', 'type': 'str', 'chars': 28}, {'role':           
         'assistant', 'type': 'str', 'chars': 169}, {'role': 'user', 'type':    
         'str', 'chars': 28}, {'role': 'assistant', 'type': 'str', 'chars':     
         182}, {'role': 'user', 'type': 'str', 'chars': 28}, {'role':           
         'assistant', 'type': 'str', 'chars': 362}, {'role': 'user', 'type':    
         'str', 'chars': 28}, {'role': 'assistant', 'type': 'str', 'chars':     
         125}, {'role': 'user', 'type': 'str', 'chars': 28}, {'role':           
         'assistant', 'type': 'str', 'chars': 1161}, {'role': 'user', 'type':   
         'str', 'chars': 28}, {'role': 'assistant', 'type': 'str', 'chars':     
         453}, {'role': 'user', 'type': 'str', 'chars': 28}, {'role':           
         'assistant', 'type': 'str', 'chars': 294}, {'role': 'user', 'type':    
         'str', 'chars': 28}, {'role': 'assistant', 'type': 'str', 'chars':     
         285}, {'role': 'user', 'type': 'str', 'chars': 28}, {'role':           
         'assistant', 'type': 'str', 'chars': 367}, {'role': 'user', 'type':    
         'str', 'chars': 28}, {'role': 'assistant', 'type': 'str', 'chars':     
         411}, {'role': 'user', 'type': 'str', 'chars': 28}, {'role':           
         'assistant', 'type': 'str', 'chars': 969}, {'role': 'user', 'type':    
         'str', 'chars': 28}, {'role': 'assistant', 'type': 'str', 'chars':     
         700}, {'role': 'user', 'type': 'str', 'chars': 29}, {'role':           
         'assistant', 'type': 'str', 'chars': 353}, {'role': 'user', 'type':    
         'str', 'chars': 28}, {'role': 'assistant', 'type': 'str', 'chars':     
         908}, {'role': 'user', 'type': 'str', 'chars': 29}, {'role':           
         'assistant', 'type': 'str', 'chars': 849}, {'role': 'user', 'type':    
         'str', 'chars': 28}, {'role': 'assistant', 'type': 'str', 'chars':     
         214}, {'role': 'user', 'type': 'str', 'chars': 28}, {'role':           
         'assistant', 'type': 'str', 'chars': 314}, {'role': 'user', 'type':    
         'str', 'chars': 28}, {'role': 'assistant', 'type': 'str', 'chars':     
         463}, {'role': 'user', 'type': 'str', 'chars': 28}, {'role':           
         'assistant', 'type': 'str', 'chars': 1370}, {'role': 'user', 'type':   
         'str', 'chars': 29}, {'role': 'assistant', 'type': 'str', 'chars':     
         939}, {'role': 'user', 'type': 'str', 'chars': 29}, {'role':           
         'assistant', 'type': 'str', 'chars': 600}, {'role': 'user', 'type':    
         'str', 'chars': 29}, {'role': 'assistant', 'type': 'str', 'chars':     
         620}, {'role': 'user', 'type': 'str', 'chars': 29}, {'role':           
         'assistant', 'type': 'str', 'chars': 174}, {'role': 'user', 'type':    
         'str', 'chars': 28}, {'role': 'assistant', 'type': 'str', 'chars':     
         908}, {'role': 'user', 'type': 'str', 'chars': 28}, {'role':           
         'assistant', 'type': 'str', 'chars': 489}, {'role': 'user', 'type':    
         'str', 'chars': 604}, {'role': 'assistant', 'type': 'str', 'chars':    
         603}, {'role': 'user', 'type': 'str', 'chars': 3347}, {'role':         
         'assistant', 'type': 'str', 'chars': 461}, {'role': 'user', 'type':    
         'str', 'chars': 219}, {'role': 'assistant', 'type': 'str', 'chars':    
         144}, {'role': 'user', 'type': 'str', 'chars': 261}, {'role':          
         'assistant', 'type': 'str', 'chars': 416}, {'role': 'user', 'type':    
         'str', 'chars': 334}]                                                  
INFO     Messages API response received: status=200 elapsed=2.4s                
DEBUG    input_tokens=9,664, output_tokens=52, instance_cost=0.00, cost=0.00    
DEBUG    total_tokens_sent=236,728, total_tokens_received=21,736,               
         total_cost=0.00, total_api_calls=39                                    
INFO     濠电姷顣藉Σ鍛村磻閹捐泛绶ゅù鐘差儏閻ゎ喗銇勯弽銊х焼闁?THOUGHT (primary)
         DISCUSSION                                                             
         Steghide extracted data with an empty password! Let me check what's in 
         the output file.                                                       
                                                                                
INFO     濠电姷顣藉Σ鍛村磻閹捐泛绶ゅù鐘差儏閻ゎ喗銇勯幇鈺佲偓妤佺▔?ACTION       
         (primary)                                                              
         cat output.txt                                                         
                                                                                
INFO     濠电姷顣藉Σ鍛村磻閹捐泛绶ゅù鐘差儏缁愭鎱ㄥ鍡楀姦?MODEL INPUT         
         5RRjnsi3Hb3yT3jWgFRcPWUg5gYXe81WPeX3vmXS                               
         (Open file: n/a)                                                       
         (Current directory: /__tmp__enigma-awman-ocp90jpm__repo)               
         (Interactive session: n/a)                                             
         bash-$                                                                 
INFO     Messages API request start: model=glm52_10 messages=79 timeout=1170.0s 
         max_tokens=8192 native_tools=False thinking=auto shape=[{'role':       
         'user', 'type': 'str', 'chars': 3414}, {'role': 'assistant', 'type':   
         'str', 'chars': 127}, {'role': 'user', 'type': 'str', 'chars': 28},    
         {'role': 'assistant', 'type': 'str', 'chars': 97}, {'role': 'user',    
         'type': 'str', 'chars': 28}, {'role': 'assistant', 'type': 'str',      
         'chars': 185}, {'role': 'user', 'type': 'str', 'chars': 29}, {'role':  
         'assistant', 'type': 'str', 'chars': 143}, {'role': 'user', 'type':    
         'str', 'chars': 29}, {'role': 'assistant', 'type': 'str', 'chars':     
         329}, {'role': 'user', 'type': 'str', 'chars': 29}, {'role':           
         'assistant', 'type': 'str', 'chars': 120}, {'role': 'user', 'type':    
         'str', 'chars': 29}, {'role': 'assistant', 'type': 'str', 'chars':     
         317}, {'role': 'user', 'type': 'str', 'chars': 28}, {'role':           
         'assistant', 'type': 'str', 'chars': 625}, {'role': 'user', 'type':    
         'str', 'chars': 28}, {'role': 'assistant', 'type': 'str', 'chars':     
         312}, {'role': 'user', 'type': 'str', 'chars': 28}, {'role':           
         'assistant', 'type': 'str', 'chars': 169}, {'role': 'user', 'type':    
         'str', 'chars': 28}, {'role': 'assistant', 'type': 'str', 'chars':     
         182}, {'role': 'user', 'type': 'str', 'chars': 28}, {'role':           
         'assistant', 'type': 'str', 'chars': 362}, {'role': 'user', 'type':    
         'str', 'chars': 28}, {'role': 'assistant', 'type': 'str', 'chars':     
         125}, {'role': 'user', 'type': 'str', 'chars': 28}, {'role':           
         'assistant', 'type': 'str', 'chars': 1161}, {'role': 'user', 'type':   
         'str', 'chars': 28}, {'role': 'assistant', 'type': 'str', 'chars':     
         453}, {'role': 'user', 'type': 'str', 'chars': 28}, {'role':           
         'assistant', 'type': 'str', 'chars': 294}, {'role': 'user', 'type':    
         'str', 'chars': 28}, {'role': 'assistant', 'type': 'str', 'chars':     
         285}, {'role': 'user', 'type': 'str', 'chars': 28}, {'role':           
         'assistant', 'type': 'str', 'chars': 367}, {'role': 'user', 'type':    
         'str', 'chars': 28}, {'role': 'assistant', 'type': 'str', 'chars':     
         411}, {'role': 'user', 'type': 'str', 'chars': 28}, {'role':           
         'assistant', 'type': 'str', 'chars': 969}, {'role': 'user', 'type':    
         'str', 'chars': 28}, {'role': 'assistant', 'type': 'str', 'chars':     
         700}, {'role': 'user', 'type': 'str', 'chars': 29}, {'role':           
         'assistant', 'type': 'str', 'chars': 353}, {'role': 'user', 'type':    
         'str', 'chars': 28}, {'role': 'assistant', 'type': 'str', 'chars':     
         908}, {'role': 'user', 'type': 'str', 'chars': 29}, {'role':           
         'assistant', 'type': 'str', 'chars': 849}, {'role': 'user', 'type':    
         'str', 'chars': 28}, {'role': 'assistant', 'type': 'str', 'chars':     
         214}, {'role': 'user', 'type': 'str', 'chars': 28}, {'role':           
         'assistant', 'type': 'str', 'chars': 314}, {'role': 'user', 'type':    
         'str', 'chars': 28}, {'role': 'assistant', 'type': 'str', 'chars':     
         463}, {'role': 'user', 'type': 'str', 'chars': 28}, {'role':           
         'assistant', 'type': 'str', 'chars': 1370}, {'role': 'user', 'type':   
         'str', 'chars': 29}, {'role': 'assistant', 'type': 'str', 'chars':     
         939}, {'role': 'user', 'type': 'str', 'chars': 29}, {'role':           
         'assistant', 'type': 'str', 'chars': 600}, {'role': 'user', 'type':    
         'str', 'chars': 29}, {'role': 'assistant', 'type': 'str', 'chars':     
         620}, {'role': 'user', 'type': 'str', 'chars': 29}, {'role':           
         'assistant', 'type': 'str', 'chars': 174}, {'role': 'user', 'type':    
         'str', 'chars': 28}, {'role': 'assistant', 'type': 'str', 'chars':     
         908}, {'role': 'user', 'type': 'str', 'chars': 28}, {'role':           
         'assistant', 'type': 'str', 'chars': 489}, {'role': 'user', 'type':    
         'str', 'chars': 29}, {'role': 'assistant', 'type': 'str', 'chars':     
         603}, {'role': 'user', 'type': 'str', 'chars': 3347}, {'role':         
         'assistant', 'type': 'str', 'chars': 461}, {'role': 'user', 'type':    
         'str', 'chars': 219}, {'role': 'assistant', 'type': 'str', 'chars':    
         144}, {'role': 'user', 'type': 'str', 'chars': 261}, {'role':          
         'assistant', 'type': 'str', 'chars': 416}, {'role': 'user', 'type':    
         'str', 'chars': 334}, {'role': 'assistant', 'type': 'str', 'chars':    
         121}, {'role': 'user', 'type': 'str', 'chars': 148}]                   
INFO     Messages API response received: status=200 elapsed=21.9s               
DEBUG    input_tokens=9,460, output_tokens=747, instance_cost=0.00, cost=0.00   
DEBUG    total_tokens_sent=246,188, total_tokens_received=22,483,               
         total_cost=0.00, total_api_calls=40                                    
INFO     濠电姷顣藉Σ鍛村磻閹捐泛绶ゅù鐘差儏閻ゎ喗銇勯弽銊х焼闁?THOUGHT (primary)
         DISCUSSION                                                             
         The steghide output is the same as enc.txt. So the encrypted text was  
         hidden in the image. We already decoded it as Base58 to get            
         `actf{crazy?_i_was_crazy_once}` but it was rejected. Let me try        
         submitting it again carefully, and also try other variations.          
                                                                                
INFO     濠电姷顣藉Σ鍛村磻閹捐泛绶ゅù鐘差儏閻ゎ喗銇勯幇鈺佲偓妤佺▔?ACTION       
         (primary)                                                              
         python3 -c "                                                           
         import base58                                                          
         enc = '5RRjnsi3Hb3yT3jWgFRcPWUg5gYXe81WPeX3vmXS'                       
         decoded = base58.b58decode(enc)                                        
         flag = decoded.decode('utf-8')                                         
         print(repr(flag))                                                      
         print(flag)                                                            
         # Check for any hidden characters                                      
         for c in flag:                                                         
             print(f'{c}: U+{ord(c):04X}')                                      
         "                                                                      
                                                                                
INFO     濠电姷顣藉Σ鍛村磻閹捐泛绶ゅù鐘差儏缁愭鎱ㄥ鍡楀姦?MODEL INPUT         
         'actf{crazy?_i_was_crazy_once}'                                        
         actf{crazy?_i_was_crazy_once}                                          
         a: U+0061                                                              
         c: U+0063                                                              
         t: U+0074                                                              
         f: U+0066                                                              
         {: U+007B                                                              
         c: U+0063                                                              
         r: U+0072                                                              
         a: U+0061                                                              
         z: U+007A                                                              
         y: U+0079                                                              
         ?: U+003F                                                              
         _: U+005F                                                              
         i: U+0069                                                              
         _: U+005F                                                              
         w: U+0077                                                              
         a: U+0061                                                              
         s: U+0073                                                              
         _: U+005F                                                              
         c: U+0063                                                              
         r: U+0072                                                              
         a: U+0061                                                              
         z: U+007A                                                              
         y: U+0079                                                              
         _: U+005F                                                              
         o: U+006F                                                              
         n: U+006E                                                              
         c: U+0063                                                              
         e: U+0065                                                              
         }: U+007D                                                              
         (Open file: n/a)                                                       
         (Current directory: /__tmp__enigma-awman-ocp90jpm__repo)               
         (Interactive session: n/a)                                             
         bash-$                                                                 
INFO     Messages API request start: model=glm52_10 messages=81 timeout=1170.0s 
         max_tokens=8192 native_tools=False thinking=auto shape=[{'role':       
         'user', 'type': 'str', 'chars': 3414}, {'role': 'assistant', 'type':   
         'str', 'chars': 127}, {'role': 'user', 'type': 'str', 'chars': 28},    
         {'role': 'assistant', 'type': 'str', 'chars': 97}, {'role': 'user',    
         'type': 'str', 'chars': 28}, {'role': 'assistant', 'type': 'str',      
         'chars': 185}, {'role': 'user', 'type': 'str', 'chars': 29}, {'role':  
         'assistant', 'type': 'str', 'chars': 143}, {'role': 'user', 'type':    
         'str', 'chars': 29}, {'role': 'assistant', 'type': 'str', 'chars':     
         329}, {'role': 'user', 'type': 'str', 'chars': 29}, {'role':           
         'assistant', 'type': 'str', 'chars': 120}, {'role': 'user', 'type':    
         'str', 'chars': 29}, {'role': 'assistant', 'type': 'str', 'chars':     
         317}, {'role': 'user', 'type': 'str', 'chars': 28}, {'role':           
         'assistant', 'type': 'str', 'chars': 625}, {'role': 'user', 'type':    
         'str', 'chars': 28}, {'role': 'assistant', 'type': 'str', 'chars':     
         312}, {'role': 'user', 'type': 'str', 'chars': 28}, {'role':           
         'assistant', 'type': 'str', 'chars': 169}, {'role': 'user', 'type':    
         'str', 'chars': 28}, {'role': 'assistant', 'type': 'str', 'chars':     
         182}, {'role': 'user', 'type': 'str', 'chars': 28}, {'role':           
         'assistant', 'type': 'str', 'chars': 362}, {'role': 'user', 'type':    
         'str', 'chars': 28}, {'role': 'assistant', 'type': 'str', 'chars':     
         125}, {'role': 'user', 'type': 'str', 'chars': 28}, {'role':           
         'assistant', 'type': 'str', 'chars': 1161}, {'role': 'user', 'type':   
         'str', 'chars': 28}, {'role': 'assistant', 'type': 'str', 'chars':     
         453}, {'role': 'user', 'type': 'str', 'chars': 28}, {'role':           
         'assistant', 'type': 'str', 'chars': 294}, {'role': 'user', 'type':    
         'str', 'chars': 28}, {'role': 'assistant', 'type': 'str', 'chars':     
         285}, {'role': 'user', 'type': 'str', 'chars': 28}, {'role':           
         'assistant', 'type': 'str', 'chars': 367}, {'role': 'user', 'type':    
         'str', 'chars': 28}, {'role': 'assistant', 'type': 'str', 'chars':     
         411}, {'role': 'user', 'type': 'str', 'chars': 28}, {'role':           
         'assistant', 'type': 'str', 'chars': 969}, {'role': 'user', 'type':    
         'str', 'chars': 28}, {'role': 'assistant', 'type': 'str', 'chars':     
         700}, {'role': 'user', 'type': 'str', 'chars': 29}, {'role':           
         'assistant', 'type': 'str', 'chars': 353}, {'role': 'user', 'type':    
         'str', 'chars': 28}, {'role': 'assistant', 'type': 'str', 'chars':     
         908}, {'role': 'user', 'type': 'str', 'chars': 29}, {'role':           
         'assistant', 'type': 'str', 'chars': 849}, {'role': 'user', 'type':    
         'str', 'chars': 28}, {'role': 'assistant', 'type': 'str', 'chars':     
         214}, {'role': 'user', 'type': 'str', 'chars': 28}, {'role':           
         'assistant', 'type': 'str', 'chars': 314}, {'role': 'user', 'type':    
         'str', 'chars': 28}, {'role': 'assistant', 'type': 'str', 'chars':     
         463}, {'role': 'user', 'type': 'str', 'chars': 28}, {'role':           
         'assistant', 'type': 'str', 'chars': 1370}, {'role': 'user', 'type':   
         'str', 'chars': 29}, {'role': 'assistant', 'type': 'str', 'chars':     
         939}, {'role': 'user', 'type': 'str', 'chars': 29}, {'role':           
         'assistant', 'type': 'str', 'chars': 600}, {'role': 'user', 'type':    
         'str', 'chars': 29}, {'role': 'assistant', 'type': 'str', 'chars':     
         620}, {'role': 'user', 'type': 'str', 'chars': 29}, {'role':           
         'assistant', 'type': 'str', 'chars': 174}, {'role': 'user', 'type':    
         'str', 'chars': 28}, {'role': 'assistant', 'type': 'str', 'chars':     
         908}, {'role': 'user', 'type': 'str', 'chars': 28}, {'role':           
         'assistant', 'type': 'str', 'chars': 489}, {'role': 'user', 'type':    
         'str', 'chars': 29}, {'role': 'assistant', 'type': 'str', 'chars':     
         603}, {'role': 'user', 'type': 'str', 'chars': 29}, {'role':           
         'assistant', 'type': 'str', 'chars': 461}, {'role': 'user', 'type':    
         'str', 'chars': 219}, {'role': 'assistant', 'type': 'str', 'chars':    
         144}, {'role': 'user', 'type': 'str', 'chars': 261}, {'role':          
         'assistant', 'type': 'str', 'chars': 416}, {'role': 'user', 'type':    
         'str', 'chars': 334}, {'role': 'assistant', 'type': 'str', 'chars':    
         121}, {'role': 'user', 'type': 'str', 'chars': 148}, {'role':          
         'assistant', 'type': 'str', 'chars': 528}, {'role': 'user', 'type':    
         'str', 'chars': 459}]                                                  
INFO     Messages API response received: status=200 elapsed=9.1s                
DEBUG    input_tokens=9,178, output_tokens=210, instance_cost=0.00, cost=0.00   
DEBUG    total_tokens_sent=255,366, total_tokens_received=22,693,               
         total_cost=0.00, total_api_calls=41                                    
INFO     濠电姷顣藉Σ鍛村磻閹捐泛绶ゅù鐘差儏閻ゎ喗銇勯弽銊х焼闁?THOUGHT (primary)
         DISCUSSION                                                             
         The flag looks clean with no hidden characters. Let me try submitting  
         it again - maybe there was an issue with the first submission.         
                                                                                
INFO     濠电姷顣藉Σ鍛村磻閹捐泛绶ゅù鐘差儏閻ゎ喗銇勯幇鈺佲偓妤佺▔?ACTION       
         (primary)                                                              
         submit 'actf{crazy?_i_was_crazy_once}'                                 
                                                                                
WARNING  Wrong flag submission found.                                           
INFO     濠电姷顣藉Σ鍛村磻閹捐泛绶ゅù鐘差儏缁愭鎱ㄥ鍡楀姦?MODEL INPUT         
         Wrong flag!                                                            
         (Open file: n/a)                                                       
         (Current directory: /__tmp__enigma-awman-ocp90jpm__repo)               
         (Interactive session: n/a)                                             
         bash-$                                                                 
INFO     Messages API request start: model=glm52_10 messages=83 timeout=1170.0s 
         max_tokens=8192 native_tools=False thinking=auto shape=[{'role':       
         'user', 'type': 'str', 'chars': 3414}, {'role': 'assistant', 'type':   
         'str', 'chars': 127}, {'role': 'user', 'type': 'str', 'chars': 28},    
         {'role': 'assistant', 'type': 'str', 'chars': 97}, {'role': 'user',    
         'type': 'str', 'chars': 28}, {'role': 'assistant', 'type': 'str',      
         'chars': 185}, {'role': 'user', 'type': 'str', 'chars': 29}, {'role':  
         'assistant', 'type': 'str', 'chars': 143}, {'role': 'user', 'type':    
         'str', 'chars': 29}, {'role': 'assistant', 'type': 'str', 'chars':     
         329}, {'role': 'user', 'type': 'str', 'chars': 29}, {'role':           
         'assistant', 'type': 'str', 'chars': 120}, {'role': 'user', 'type':    
         'str', 'chars': 29}, {'role': 'assistant', 'type': 'str', 'chars':     
         317}, {'role': 'user', 'type': 'str', 'chars': 28}, {'role':           
         'assistant', 'type': 'str', 'chars': 625}, {'role': 'user', 'type':    
         'str', 'chars': 28}, {'role': 'assistant', 'type': 'str', 'chars':     
         312}, {'role': 'user', 'type': 'str', 'chars': 28}, {'role':           
         'assistant', 'type': 'str', 'chars': 169}, {'role': 'user', 'type':    
         'str', 'chars': 28}, {'role': 'assistant', 'type': 'str', 'chars':     
         182}, {'role': 'user', 'type': 'str', 'chars': 28}, {'role':           
         'assistant', 'type': 'str', 'chars': 362}, {'role': 'user', 'type':    
         'str', 'chars': 28}, {'role': 'assistant', 'type': 'str', 'chars':     
         125}, {'role': 'user', 'type': 'str', 'chars': 28}, {'role':           
         'assistant', 'type': 'str', 'chars': 1161}, {'role': 'user', 'type':   
         'str', 'chars': 28}, {'role': 'assistant', 'type': 'str', 'chars':     
         453}, {'role': 'user', 'type': 'str', 'chars': 28}, {'role':           
         'assistant', 'type': 'str', 'chars': 294}, {'role': 'user', 'type':    
         'str', 'chars': 28}, {'role': 'assistant', 'type': 'str', 'chars':     
         285}, {'role': 'user', 'type': 'str', 'chars': 28}, {'role':           
         'assistant', 'type': 'str', 'chars': 367}, {'role': 'user', 'type':    
         'str', 'chars': 28}, {'role': 'assistant', 'type': 'str', 'chars':     
         411}, {'role': 'user', 'type': 'str', 'chars': 28}, {'role':           
         'assistant', 'type': 'str', 'chars': 969}, {'role': 'user', 'type':    
         'str', 'chars': 28}, {'role': 'assistant', 'type': 'str', 'chars':     
         700}, {'role': 'user', 'type': 'str', 'chars': 29}, {'role':           
         'assistant', 'type': 'str', 'chars': 353}, {'role': 'user', 'type':    
         'str', 'chars': 28}, {'role': 'assistant', 'type': 'str', 'chars':     
         908}, {'role': 'user', 'type': 'str', 'chars': 29}, {'role':           
         'assistant', 'type': 'str', 'chars': 849}, {'role': 'user', 'type':    
         'str', 'chars': 28}, {'role': 'assistant', 'type': 'str', 'chars':     
         214}, {'role': 'user', 'type': 'str', 'chars': 28}, {'role':           
         'assistant', 'type': 'str', 'chars': 314}, {'role': 'user', 'type':    
         'str', 'chars': 28}, {'role': 'assistant', 'type': 'str', 'chars':     
         463}, {'role': 'user', 'type': 'str', 'chars': 28}, {'role':           
         'assistant', 'type': 'str', 'chars': 1370}, {'role': 'user', 'type':   
         'str', 'chars': 29}, {'role': 'assistant', 'type': 'str', 'chars':     
         939}, {'role': 'user', 'type': 'str', 'chars': 29}, {'role':           
         'assistant', 'type': 'str', 'chars': 600}, {'role': 'user', 'type':    
         'str', 'chars': 29}, {'role': 'assistant', 'type': 'str', 'chars':     
         620}, {'role': 'user', 'type': 'str', 'chars': 29}, {'role':           
         'assistant', 'type': 'str', 'chars': 174}, {'role': 'user', 'type':    
         'str', 'chars': 28}, {'role': 'assistant', 'type': 'str', 'chars':     
         908}, {'role': 'user', 'type': 'str', 'chars': 28}, {'role':           
         'assistant', 'type': 'str', 'chars': 489}, {'role': 'user', 'type':    
         'str', 'chars': 29}, {'role': 'assistant', 'type': 'str', 'chars':     
         603}, {'role': 'user', 'type': 'str', 'chars': 29}, {'role':           
         'assistant', 'type': 'str', 'chars': 461}, {'role': 'user', 'type':    
         'str', 'chars': 28}, {'role': 'assistant', 'type': 'str', 'chars':     
         144}, {'role': 'user', 'type': 'str', 'chars': 261}, {'role':          
         'assistant', 'type': 'str', 'chars': 416}, {'role': 'user', 'type':    
         'str', 'chars': 334}, {'role': 'assistant', 'type': 'str', 'chars':    
         121}, {'role': 'user', 'type': 'str', 'chars': 148}, {'role':          
         'assistant', 'type': 'str', 'chars': 528}, {'role': 'user', 'type':    
         'str', 'chars': 459}, {'role': 'assistant', 'type': 'str', 'chars':    
         190}, {'role': 'user', 'type': 'str', 'chars': 119}]                   
INFO     Messages API response received: status=200 elapsed=94.8s               
DEBUG    input_tokens=9,205, output_tokens=3,191, instance_cost=0.00, cost=0.00 
DEBUG    total_tokens_sent=264,571, total_tokens_received=25,884,               
         total_cost=0.00, total_api_calls=42                                    
INFO     濠电姷顣藉Σ鍛村磻閹捐泛绶ゅù鐘差儏閻ゎ喗銇勯弽銊х焼闁?THOUGHT (primary)
         DISCUSSION                                                             
         The flag `actf{crazy?_i_was_crazy_once}` is being rejected. Let me try 
         different variations and also look for additional hidden data in the   
         image. Let me try jsteg for JPEG DCT steganography.                    
                                                                                
INFO     濠电姷顣藉Σ鍛村磻閹捐泛绶ゅù鐘差儏閻ゎ喗銇勯幇鈺佲偓妤佺▔?ACTION       
         (primary)                                                              
         pip install jsteg 2>/dev/null; which jsteg 2>/dev/null; apt-get install
         -y golang-go 2>/dev/null | tail -3; go install                         
         lukechampine.com/jsteg@latest 2>/dev/null; echo "---"; python3 -c "    
         # Try different flag variations                                        
         flags = [                                                              
             'actf{crazy?_i_was_crazy_once}',                                   
             'actf{crazy_i_was_crazy_once}',                                    
             'actf{Crazy?_I_was_crazy_once}',                                   
             'actf{crazy?_I_was_crazy_once}',                                   
             'flag{crazy?_i_was_crazy_once}',                                   
             'crazy?_i_was_crazy_once',                                         
             'actf{crazy?_i_was_crazy_once.}',                                  
         ]                                                                      
         for f in flags:                                                        
             print(f)                                                           
         "                                                                      
                                                                                
INFO     濠电姷顣藉Σ鍛村磻閹捐泛绶ゅù鐘差儏缁愭鎱ㄥ鍡楀姦?MODEL INPUT         
         Setting up golang-1.18-go (1.18.1-1ubuntu1.2) ...                      
         Setting up golang-go:amd64 (2:1.18~0ubuntu2) ...                       
         Processing triggers for man-db (2.10.2-1) ...                          
         ---                                                                    
         actf{crazy?_i_was_crazy_once}                                          
         actf{crazy_i_was_crazy_once}                                           
         actf{Crazy?_I_was_crazy_once}                                          
         actf{crazy?_I_was_crazy_once}                                          
         flag{crazy?_i_was_crazy_once}                                          
         crazy?_i_was_crazy_once                                                
         actf{crazy?_i_was_crazy_once.}                                         
         (Open file: n/a)                                                       
         (Current directory: /__tmp__enigma-awman-ocp90jpm__repo)               
         (Interactive session: n/a)                                             
         bash-$                                                                 
INFO     Messages API request start: model=glm52_10 messages=85 timeout=1170.0s 
         max_tokens=8192 native_tools=False thinking=auto shape=[{'role':       
         'user', 'type': 'str', 'chars': 3414}, {'role': 'assistant', 'type':   
         'str', 'chars': 127}, {'role': 'user', 'type': 'str', 'chars': 28},    
         {'role': 'assistant', 'type': 'str', 'chars': 97}, {'role': 'user',    
         'type': 'str', 'chars': 28}, {'role': 'assistant', 'type': 'str',      
         'chars': 185}, {'role': 'user', 'type': 'str', 'chars': 29}, {'role':  
         'assistant', 'type': 'str', 'chars': 143}, {'role': 'user', 'type':    
         'str', 'chars': 29}, {'role': 'assistant', 'type': 'str', 'chars':     
         329}, {'role': 'user', 'type': 'str', 'chars': 29}, {'role':           
         'assistant', 'type': 'str', 'chars': 120}, {'role': 'user', 'type':    
         'str', 'chars': 29}, {'role': 'assistant', 'type': 'str', 'chars':     
         317}, {'role': 'user', 'type': 'str', 'chars': 28}, {'role':           
         'assistant', 'type': 'str', 'chars': 625}, {'role': 'user', 'type':    
         'str', 'chars': 28}, {'role': 'assistant', 'type': 'str', 'chars':     
         312}, {'role': 'user', 'type': 'str', 'chars': 28}, {'role':           
         'assistant', 'type': 'str', 'chars': 169}, {'role': 'user', 'type':    
         'str', 'chars': 28}, {'role': 'assistant', 'type': 'str', 'chars':     
         182}, {'role': 'user', 'type': 'str', 'chars': 28}, {'role':           
         'assistant', 'type': 'str', 'chars': 362}, {'role': 'user', 'type':    
         'str', 'chars': 28}, {'role': 'assistant', 'type': 'str', 'chars':     
         125}, {'role': 'user', 'type': 'str', 'chars': 28}, {'role':           
         'assistant', 'type': 'str', 'chars': 1161}, {'role': 'user', 'type':   
         'str', 'chars': 28}, {'role': 'assistant', 'type': 'str', 'chars':     
         453}, {'role': 'user', 'type': 'str', 'chars': 28}, {'role':           
         'assistant', 'type': 'str', 'chars': 294}, {'role': 'user', 'type':    
         'str', 'chars': 28}, {'role': 'assistant', 'type': 'str', 'chars':     
         285}, {'role': 'user', 'type': 'str', 'chars': 28}, {'role':           
         'assistant', 'type': 'str', 'chars': 367}, {'role': 'user', 'type':    
         'str', 'chars': 28}, {'role': 'assistant', 'type': 'str', 'chars':     
         411}, {'role': 'user', 'type': 'str', 'chars': 28}, {'role':           
         'assistant', 'type': 'str', 'chars': 969}, {'role': 'user', 'type':    
         'str', 'chars': 28}, {'role': 'assistant', 'type': 'str', 'chars':     
         700}, {'role': 'user', 'type': 'str', 'chars': 29}, {'role':           
         'assistant', 'type': 'str', 'chars': 353}, {'role': 'user', 'type':    
         'str', 'chars': 28}, {'role': 'assistant', 'type': 'str', 'chars':     
         908}, {'role': 'user', 'type': 'str', 'chars': 29}, {'role':           
         'assistant', 'type': 'str', 'chars': 849}, {'role': 'user', 'type':    
         'str', 'chars': 28}, {'role': 'assistant', 'type': 'str', 'chars':     
         214}, {'role': 'user', 'type': 'str', 'chars': 28}, {'role':           
         'assistant', 'type': 'str', 'chars': 314}, {'role': 'user', 'type':    
         'str', 'chars': 28}, {'role': 'assistant', 'type': 'str', 'chars':     
         463}, {'role': 'user', 'type': 'str', 'chars': 28}, {'role':           
         'assistant', 'type': 'str', 'chars': 1370}, {'role': 'user', 'type':   
         'str', 'chars': 29}, {'role': 'assistant', 'type': 'str', 'chars':     
         939}, {'role': 'user', 'type': 'str', 'chars': 29}, {'role':           
         'assistant', 'type': 'str', 'chars': 600}, {'role': 'user', 'type':    
         'str', 'chars': 29}, {'role': 'assistant', 'type': 'str', 'chars':     
         620}, {'role': 'user', 'type': 'str', 'chars': 29}, {'role':           
         'assistant', 'type': 'str', 'chars': 174}, {'role': 'user', 'type':    
         'str', 'chars': 28}, {'role': 'assistant', 'type': 'str', 'chars':     
         908}, {'role': 'user', 'type': 'str', 'chars': 28}, {'role':           
         'assistant', 'type': 'str', 'chars': 489}, {'role': 'user', 'type':    
         'str', 'chars': 29}, {'role': 'assistant', 'type': 'str', 'chars':     
         603}, {'role': 'user', 'type': 'str', 'chars': 29}, {'role':           
         'assistant', 'type': 'str', 'chars': 461}, {'role': 'user', 'type':    
         'str', 'chars': 28}, {'role': 'assistant', 'type': 'str', 'chars':     
         144}, {'role': 'user', 'type': 'str', 'chars': 28}, {'role':           
         'assistant', 'type': 'str', 'chars': 416}, {'role': 'user', 'type':    
         'str', 'chars': 334}, {'role': 'assistant', 'type': 'str', 'chars':    
         121}, {'role': 'user', 'type': 'str', 'chars': 148}, {'role':          
         'assistant', 'type': 'str', 'chars': 528}, {'role': 'user', 'type':    
         'str', 'chars': 459}, {'role': 'assistant', 'type': 'str', 'chars':    
         190}, {'role': 'user', 'type': 'str', 'chars': 119}, {'role':          
         'assistant', 'type': 'str', 'chars': 725}, {'role': 'user', 'type':    
         'str', 'chars': 460}]                                                  
INFO     Messages API response received: status=200 elapsed=28.9s               
DEBUG    input_tokens=9,551, output_tokens=960, instance_cost=0.00, cost=0.00   
DEBUG    total_tokens_sent=274,122, total_tokens_received=26,844,               
         total_cost=0.00, total_api_calls=43                                    
INFO     濠电姷顣藉Σ鍛村磻閹捐泛绶ゅù鐘差儏閻ゎ喗銇勯弽銊х焼闁?THOUGHT (primary)
         DISCUSSION                                                             
         Let me try installing jsteg properly and also look for other hidden    
         data in the image. Let me also try different Base58 variants and other 
         encodings more carefully.                                              
                                                                                
INFO     濠电姷顣藉Σ鍛村磻閹捐泛绶ゅù鐘差儏閻ゎ喗銇勯幇鈺佲偓妤佺▔?ACTION       
         (primary)                                                              
         python3 -c "                                                           
         # Try different Base58 alphabets more carefully                        
         enc = '5RRjnsi3Hb3yT3jWgFRcPWUg5gYXe81WPeX3vmXS'                       
                                                                                
         # Standard Bitcoin Base58                                              
         bitcoin = '123456789ABCDEFGHJKLMNPQRSTUVWXYZabcdefghijkmnopqrstuvwxyz' 
         # Ripple Base58                                                        
         ripple = 'rpshnaf39wBUDNEGHJKLM4PQRST7VWXYZ2bcdefghijkmnoCqsuvAxyz'    
         # Flickr Base58                                                        
         flickr = '123456789abcdefghijkmnopqrstuvwxyzABCDEFGHJKLMNPQRSTUVWXYZ'  
                                                                                
         def base58_decode(s, alphabet):                                        
             num = 0                                                            
             for char in s:                                                     
                 idx = alphabet.find(char)                                      
                 if idx == -1:                                                  
                     raise ValueError(f'Character {char} not in alphabet')      
                 num = num * 58 + idx                                           
             result = []                                                        
             while num > 0:                                                     
                 result.append(num & 0xff)                                      
                 num >>= 8                                                      
             # Handle leading zeros                                             
             for char in s:                                                     
                 if char == alphabet[0]:                                        
                     result.append(0)                                           
                 else:                                                          
                     break                                                      
             return bytes(reversed(result))                                     
                                                                                
         for name, alpha in [('Bitcoin', bitcoin), ('Ripple', ripple),          
         ('Flickr', flicker if 'flicker' in dir() else flickr)]:                
             try:                                                               
                 decoded = base58_decode(enc, alpha)                            
                 print(f'{name}: {decoded}')                                    
                 print(f'{name} text: {decoded.decode(\"utf-8\",                
         errors=\"replace\")}')                                                 
             except Exception as e:                                             
                 print(f'{name}: Error - {e}')                                  
         "                                                                      
                                                                                
INFO     濠电姷顣藉Σ鍛村磻閹捐泛绶ゅù鐘差儏缁愭鎱ㄥ鍡楀姦?MODEL INPUT         
         Bitcoin: b'actf{crazy?_i_was_crazy_once}'                              
         Bitcoin text: actf{crazy?_i_was_crazy_once}                            
         Ripple: Error - Character 5 not in alphabet                            
         Flickr:                                                                
         b'k\x0bQ\xcfl"n\xf7\xe0\x89\xac\xcbHU\xbf\x93N\xbas\xff\xc6\xb5E\x8d}v\
         x9b2@'                                                                 
         Flickr text: k                                                         
         Q�l"n�����HU��N�s�ƵE�}v�2@                                             
         (Open file: n/a)                                                       
         (Current directory: /__tmp__enigma-awman-ocp90jpm__repo)               
         (Interactive session: n/a)                                             
         bash-$                                                                 
INFO     Messages API request start: model=glm52_10 messages=87 timeout=1170.0s 
         max_tokens=8192 native_tools=False thinking=auto shape=[{'role':       
         'user', 'type': 'str', 'chars': 3414}, {'role': 'assistant', 'type':   
         'str', 'chars': 127}, {'role': 'user', 'type': 'str', 'chars': 28},    
         {'role': 'assistant', 'type': 'str', 'chars': 97}, {'role': 'user',    
         'type': 'str', 'chars': 28}, {'role': 'assistant', 'type': 'str',      
         'chars': 185}, {'role': 'user', 'type': 'str', 'chars': 29}, {'role':  
         'assistant', 'type': 'str', 'chars': 143}, {'role': 'user', 'type':    
         'str', 'chars': 29}, {'role': 'assistant', 'type': 'str', 'chars':     
         329}, {'role': 'user', 'type': 'str', 'chars': 29}, {'role':           
         'assistant', 'type': 'str', 'chars': 120}, {'role': 'user', 'type':    
         'str', 'chars': 29}, {'role': 'assistant', 'type': 'str', 'chars':     
         317}, {'role': 'user', 'type': 'str', 'chars': 28}, {'role':           
         'assistant', 'type': 'str', 'chars': 625}, {'role': 'user', 'type':    
         'str', 'chars': 28}, {'role': 'assistant', 'type': 'str', 'chars':     
         312}, {'role': 'user', 'type': 'str', 'chars': 28}, {'role':           
         'assistant', 'type': 'str', 'chars': 169}, {'role': 'user', 'type':    
         'str', 'chars': 28}, {'role': 'assistant', 'type': 'str', 'chars':     
         182}, {'role': 'user', 'type': 'str', 'chars': 28}, {'role':           
         'assistant', 'type': 'str', 'chars': 362}, {'role': 'user', 'type':    
         'str', 'chars': 28}, {'role': 'assistant', 'type': 'str', 'chars':     
         125}, {'role': 'user', 'type': 'str', 'chars': 28}, {'role':           
         'assistant', 'type': 'str', 'chars': 1161}, {'role': 'user', 'type':   
         'str', 'chars': 28}, {'role': 'assistant', 'type': 'str', 'chars':     
         453}, {'role': 'user', 'type': 'str', 'chars': 28}, {'role':           
         'assistant', 'type': 'str', 'chars': 294}, {'role': 'user', 'type':    
         'str', 'chars': 28}, {'role': 'assistant', 'type': 'str', 'chars':     
         285}, {'role': 'user', 'type': 'str', 'chars': 28}, {'role':           
         'assistant', 'type': 'str', 'chars': 367}, {'role': 'user', 'type':    
         'str', 'chars': 28}, {'role': 'assistant', 'type': 'str', 'chars':     
         411}, {'role': 'user', 'type': 'str', 'chars': 28}, {'role':           
         'assistant', 'type': 'str', 'chars': 969}, {'role': 'user', 'type':    
         'str', 'chars': 28}, {'role': 'assistant', 'type': 'str', 'chars':     
         700}, {'role': 'user', 'type': 'str', 'chars': 29}, {'role':           
         'assistant', 'type': 'str', 'chars': 353}, {'role': 'user', 'type':    
         'str', 'chars': 28}, {'role': 'assistant', 'type': 'str', 'chars':     
         908}, {'role': 'user', 'type': 'str', 'chars': 29}, {'role':           
         'assistant', 'type': 'str', 'chars': 849}, {'role': 'user', 'type':    
         'str', 'chars': 28}, {'role': 'assistant', 'type': 'str', 'chars':     
         214}, {'role': 'user', 'type': 'str', 'chars': 28}, {'role':           
         'assistant', 'type': 'str', 'chars': 314}, {'role': 'user', 'type':    
         'str', 'chars': 28}, {'role': 'assistant', 'type': 'str', 'chars':     
         463}, {'role': 'user', 'type': 'str', 'chars': 28}, {'role':           
         'assistant', 'type': 'str', 'chars': 1370}, {'role': 'user', 'type':   
         'str', 'chars': 29}, {'role': 'assistant', 'type': 'str', 'chars':     
         939}, {'role': 'user', 'type': 'str', 'chars': 29}, {'role':           
         'assistant', 'type': 'str', 'chars': 600}, {'role': 'user', 'type':    
         'str', 'chars': 29}, {'role': 'assistant', 'type': 'str', 'chars':     
         620}, {'role': 'user', 'type': 'str', 'chars': 29}, {'role':           
         'assistant', 'type': 'str', 'chars': 174}, {'role': 'user', 'type':    
         'str', 'chars': 28}, {'role': 'assistant', 'type': 'str', 'chars':     
         908}, {'role': 'user', 'type': 'str', 'chars': 28}, {'role':           
         'assistant', 'type': 'str', 'chars': 489}, {'role': 'user', 'type':    
         'str', 'chars': 29}, {'role': 'assistant', 'type': 'str', 'chars':     
         603}, {'role': 'user', 'type': 'str', 'chars': 29}, {'role':           
         'assistant', 'type': 'str', 'chars': 461}, {'role': 'user', 'type':    
         'str', 'chars': 28}, {'role': 'assistant', 'type': 'str', 'chars':     
         144}, {'role': 'user', 'type': 'str', 'chars': 28}, {'role':           
         'assistant', 'type': 'str', 'chars': 416}, {'role': 'user', 'type':    
         'str', 'chars': 29}, {'role': 'assistant', 'type': 'str', 'chars':     
         121}, {'role': 'user', 'type': 'str', 'chars': 148}, {'role':          
         'assistant', 'type': 'str', 'chars': 528}, {'role': 'user', 'type':    
         'str', 'chars': 459}, {'role': 'assistant', 'type': 'str', 'chars':    
         190}, {'role': 'user', 'type': 'str', 'chars': 119}, {'role':          
         'assistant', 'type': 'str', 'chars': 725}, {'role': 'user', 'type':    
         'str', 'chars': 460}, {'role': 'assistant', 'type': 'str', 'chars':    
         1393}, {'role': 'user', 'type': 'str', 'chars': 365}]                  
INFO     Messages API response received: status=200 elapsed=12.6s               
DEBUG    input_tokens=10,031, output_tokens=379, instance_cost=0.00, cost=0.00  
DEBUG    total_tokens_sent=284,153, total_tokens_received=27,223,               
         total_cost=0.00, total_api_calls=44                                    
INFO     濠电姷顣藉Σ鍛村磻閹捐泛绶ゅù鐘差儏閻ゎ喗銇勯弽銊х焼闁?THOUGHT (primary)
         DISCUSSION                                                             
         Let me try jsteg for JPEG steganography and also look for other hidden 
         data in the image using different approaches.                          
                                                                                
INFO     濠电姷顣藉Σ鍛村磻閹捐泛绶ゅù鐘差儏閻ゎ喗銇勯幇鈺佲偓妤佺▔?ACTION       
         (primary)                                                              
         go install lukechampine.com/jsteg@latest 2>&1 | tail -5; ls ~/go/bin/  
         2>/dev/null                                                            
                                                                                
INFO     濠电姷顣藉Σ鍛村磻閹捐泛绶ゅù鐘差儏缁愭鎱ㄥ鍡楀姦?MODEL INPUT         
         package lukechampine.com/jsteg is not a main package                   
         (Open file: n/a)                                                       
         (Current directory: /__tmp__enigma-awman-ocp90jpm__repo)               
         (Interactive session: n/a)                                             
         bash-$                                                                 
INFO     Messages API request start: model=glm52_10 messages=89 timeout=1170.0s 
         max_tokens=8192 native_tools=False thinking=auto shape=[{'role':       
         'user', 'type': 'str', 'chars': 3414}, {'role': 'assistant', 'type':   
         'str', 'chars': 127}, {'role': 'user', 'type': 'str', 'chars': 28},    
         {'role': 'assistant', 'type': 'str', 'chars': 97}, {'role': 'user',    
         'type': 'str', 'chars': 28}, {'role': 'assistant', 'type': 'str',      
         'chars': 185}, {'role': 'user', 'type': 'str', 'chars': 29}, {'role':  
         'assistant', 'type': 'str', 'chars': 143}, {'role': 'user', 'type':    
         'str', 'chars': 29}, {'role': 'assistant', 'type': 'str', 'chars':     
         329}, {'role': 'user', 'type': 'str', 'chars': 29}, {'role':           
         'assistant', 'type': 'str', 'chars': 120}, {'role': 'user', 'type':    
         'str', 'chars': 29}, {'role': 'assistant', 'type': 'str', 'chars':     
         317}, {'role': 'user', 'type': 'str', 'chars': 28}, {'role':           
         'assistant', 'type': 'str', 'chars': 625}, {'role': 'user', 'type':    
         'str', 'chars': 28}, {'role': 'assistant', 'type': 'str', 'chars':     
         312}, {'role': 'user', 'type': 'str', 'chars': 28}, {'role':           
         'assistant', 'type': 'str', 'chars': 169}, {'role': 'user', 'type':    
         'str', 'chars': 28}, {'role': 'assistant', 'type': 'str', 'chars':     
         182}, {'role': 'user', 'type': 'str', 'chars': 28}, {'role':           
         'assistant', 'type': 'str', 'chars': 362}, {'role': 'user', 'type':    
         'str', 'chars': 28}, {'role': 'assistant', 'type': 'str', 'chars':     
         125}, {'role': 'user', 'type': 'str', 'chars': 28}, {'role':           
         'assistant', 'type': 'str', 'chars': 1161}, {'role': 'user', 'type':   
         'str', 'chars': 28}, {'role': 'assistant', 'type': 'str', 'chars':     
         453}, {'role': 'user', 'type': 'str', 'chars': 28}, {'role':           
         'assistant', 'type': 'str', 'chars': 294}, {'role': 'user', 'type':    
         'str', 'chars': 28}, {'role': 'assistant', 'type': 'str', 'chars':     
         285}, {'role': 'user', 'type': 'str', 'chars': 28}, {'role':           
         'assistant', 'type': 'str', 'chars': 367}, {'role': 'user', 'type':    
         'str', 'chars': 28}, {'role': 'assistant', 'type': 'str', 'chars':     
         411}, {'role': 'user', 'type': 'str', 'chars': 28}, {'role':           
         'assistant', 'type': 'str', 'chars': 969}, {'role': 'user', 'type':    
         'str', 'chars': 28}, {'role': 'assistant', 'type': 'str', 'chars':     
         700}, {'role': 'user', 'type': 'str', 'chars': 29}, {'role':           
         'assistant', 'type': 'str', 'chars': 353}, {'role': 'user', 'type':    
         'str', 'chars': 28}, {'role': 'assistant', 'type': 'str', 'chars':     
         908}, {'role': 'user', 'type': 'str', 'chars': 29}, {'role':           
         'assistant', 'type': 'str', 'chars': 849}, {'role': 'user', 'type':    
         'str', 'chars': 28}, {'role': 'assistant', 'type': 'str', 'chars':     
         214}, {'role': 'user', 'type': 'str', 'chars': 28}, {'role':           
         'assistant', 'type': 'str', 'chars': 314}, {'role': 'user', 'type':    
         'str', 'chars': 28}, {'role': 'assistant', 'type': 'str', 'chars':     
         463}, {'role': 'user', 'type': 'str', 'chars': 28}, {'role':           
         'assistant', 'type': 'str', 'chars': 1370}, {'role': 'user', 'type':   
         'str', 'chars': 29}, {'role': 'assistant', 'type': 'str', 'chars':     
         939}, {'role': 'user', 'type': 'str', 'chars': 29}, {'role':           
         'assistant', 'type': 'str', 'chars': 600}, {'role': 'user', 'type':    
         'str', 'chars': 29}, {'role': 'assistant', 'type': 'str', 'chars':     
         620}, {'role': 'user', 'type': 'str', 'chars': 29}, {'role':           
         'assistant', 'type': 'str', 'chars': 174}, {'role': 'user', 'type':    
         'str', 'chars': 28}, {'role': 'assistant', 'type': 'str', 'chars':     
         908}, {'role': 'user', 'type': 'str', 'chars': 28}, {'role':           
         'assistant', 'type': 'str', 'chars': 489}, {'role': 'user', 'type':    
         'str', 'chars': 29}, {'role': 'assistant', 'type': 'str', 'chars':     
         603}, {'role': 'user', 'type': 'str', 'chars': 29}, {'role':           
         'assistant', 'type': 'str', 'chars': 461}, {'role': 'user', 'type':    
         'str', 'chars': 28}, {'role': 'assistant', 'type': 'str', 'chars':     
         144}, {'role': 'user', 'type': 'str', 'chars': 28}, {'role':           
         'assistant', 'type': 'str', 'chars': 416}, {'role': 'user', 'type':    
         'str', 'chars': 29}, {'role': 'assistant', 'type': 'str', 'chars':     
         121}, {'role': 'user', 'type': 'str', 'chars': 28}, {'role':           
         'assistant', 'type': 'str', 'chars': 528}, {'role': 'user', 'type':    
         'str', 'chars': 459}, {'role': 'assistant', 'type': 'str', 'chars':    
         190}, {'role': 'user', 'type': 'str', 'chars': 119}, {'role':          
         'assistant', 'type': 'str', 'chars': 725}, {'role': 'user', 'type':    
         'str', 'chars': 460}, {'role': 'assistant', 'type': 'str', 'chars':    
         1393}, {'role': 'user', 'type': 'str', 'chars': 365}, {'role':         
         'assistant', 'type': 'str', 'chars': 217}, {'role': 'user', 'type':    
         'str', 'chars': 160}]                                                  
INFO     Messages API response received: status=200 elapsed=223.6s              
WARNING  Messages API empty response: keys=['content', 'id', 'model', 'role',   
         'stop_reason', 'type', 'usage'] block_types=['thinking']               
         stop_reason=max_tokens usage={'input_tokens': 10090, 'output_tokens':  
         8192}                                                                  
WARNING  Messages API returned thinking-only max_tokens; retrying with thinking 
         disabled                                                               
DEBUG    input_tokens=10,084, output_tokens=62, instance_cost=0.00, cost=0.00   
DEBUG    total_tokens_sent=294,237, total_tokens_received=27,285,               
         total_cost=0.00, total_api_calls=45                                    
INFO     濠电姷顣藉Σ鍛村磻閹捐泛绶ゅù鐘差儏閻ゎ喗銇勯弽銊х焼闁?THOUGHT (primary)
         DISCUSSION                                                             
         Let me try installing jsteg differently and also try other             
         steganography tools.                                                   
                                                                                
INFO     濠电姷顣藉Σ鍛村磻閹捐泛绶ゅù鐘差儏閻ゎ喗銇勯幇鈺佲偓妤佺▔?ACTION       
         (primary)                                                              
         go install lukechampine.com/jsteg/cmd/jsteg@latest 2>&1 | tail -5; ls  
         ~/go/bin/ 2>/dev/null                                                  
                                                                                
INFO     濠电姷顣藉Σ鍛村磻閹捐泛绶ゅù鐘差儏缁愭鎱ㄥ鍡楀姦?MODEL INPUT         
         go: downloading lukechampine.com/flagg v1.1.1                          
         jsteg                                                                  
         (Open file: n/a)                                                       
         (Current directory: /__tmp__enigma-awman-ocp90jpm__repo)               
         (Interactive session: n/a)                                             
         bash-$                                                                 
INFO     Messages API request start: model=glm52_10 messages=91 timeout=1170.0s 
         max_tokens=8192 native_tools=False thinking=auto shape=[{'role':       
         'user', 'type': 'str', 'chars': 3414}, {'role': 'assistant', 'type':   
         'str', 'chars': 127}, {'role': 'user', 'type': 'str', 'chars': 28},    
         {'role': 'assistant', 'type': 'str', 'chars': 97}, {'role': 'user',    
         'type': 'str', 'chars': 28}, {'role': 'assistant', 'type': 'str',      
         'chars': 185}, {'role': 'user', 'type': 'str', 'chars': 29}, {'role':  
         'assistant', 'type': 'str', 'chars': 143}, {'role': 'user', 'type':    
         'str', 'chars': 29}, {'role': 'assistant', 'type': 'str', 'chars':     
         329}, {'role': 'user', 'type': 'str', 'chars': 29}, {'role':           
         'assistant', 'type': 'str', 'chars': 120}, {'role': 'user', 'type':    
         'str', 'chars': 29}, {'role': 'assistant', 'type': 'str', 'chars':     
         317}, {'role': 'user', 'type': 'str', 'chars': 28}, {'role':           
         'assistant', 'type': 'str', 'chars': 625}, {'role': 'user', 'type':    
         'str', 'chars': 28}, {'role': 'assistant', 'type': 'str', 'chars':     
         312}, {'role': 'user', 'type': 'str', 'chars': 28}, {'role':           
         'assistant', 'type': 'str', 'chars': 169}, {'role': 'user', 'type':    
         'str', 'chars': 28}, {'role': 'assistant', 'type': 'str', 'chars':     
         182}, {'role': 'user', 'type': 'str', 'chars': 28}, {'role':           
         'assistant', 'type': 'str', 'chars': 362}, {'role': 'user', 'type':    
         'str', 'chars': 28}, {'role': 'assistant', 'type': 'str', 'chars':     
         125}, {'role': 'user', 'type': 'str', 'chars': 28}, {'role':           
         'assistant', 'type': 'str', 'chars': 1161}, {'role': 'user', 'type':   
         'str', 'chars': 28}, {'role': 'assistant', 'type': 'str', 'chars':     
         453}, {'role': 'user', 'type': 'str', 'chars': 28}, {'role':           
         'assistant', 'type': 'str', 'chars': 294}, {'role': 'user', 'type':    
         'str', 'chars': 28}, {'role': 'assistant', 'type': 'str', 'chars':     
         285}, {'role': 'user', 'type': 'str', 'chars': 28}, {'role':           
         'assistant', 'type': 'str', 'chars': 367}, {'role': 'user', 'type':    
         'str', 'chars': 28}, {'role': 'assistant', 'type': 'str', 'chars':     
         411}, {'role': 'user', 'type': 'str', 'chars': 28}, {'role':           
         'assistant', 'type': 'str', 'chars': 969}, {'role': 'user', 'type':    
         'str', 'chars': 28}, {'role': 'assistant', 'type': 'str', 'chars':     
         700}, {'role': 'user', 'type': 'str', 'chars': 29}, {'role':           
         'assistant', 'type': 'str', 'chars': 353}, {'role': 'user', 'type':    
         'str', 'chars': 28}, {'role': 'assistant', 'type': 'str', 'chars':     
         908}, {'role': 'user', 'type': 'str', 'chars': 29}, {'role':           
         'assistant', 'type': 'str', 'chars': 849}, {'role': 'user', 'type':    
         'str', 'chars': 28}, {'role': 'assistant', 'type': 'str', 'chars':     
         214}, {'role': 'user', 'type': 'str', 'chars': 28}, {'role':           
         'assistant', 'type': 'str', 'chars': 314}, {'role': 'user', 'type':    
         'str', 'chars': 28}, {'role': 'assistant', 'type': 'str', 'chars':     
         463}, {'role': 'user', 'type': 'str', 'chars': 28}, {'role':           
         'assistant', 'type': 'str', 'chars': 1370}, {'role': 'user', 'type':   
         'str', 'chars': 29}, {'role': 'assistant', 'type': 'str', 'chars':     
         939}, {'role': 'user', 'type': 'str', 'chars': 29}, {'role':           
         'assistant', 'type': 'str', 'chars': 600}, {'role': 'user', 'type':    
         'str', 'chars': 29}, {'role': 'assistant', 'type': 'str', 'chars':     
         620}, {'role': 'user', 'type': 'str', 'chars': 29}, {'role':           
         'assistant', 'type': 'str', 'chars': 174}, {'role': 'user', 'type':    
         'str', 'chars': 28}, {'role': 'assistant', 'type': 'str', 'chars':     
         908}, {'role': 'user', 'type': 'str', 'chars': 28}, {'role':           
         'assistant', 'type': 'str', 'chars': 489}, {'role': 'user', 'type':    
         'str', 'chars': 29}, {'role': 'assistant', 'type': 'str', 'chars':     
         603}, {'role': 'user', 'type': 'str', 'chars': 29}, {'role':           
         'assistant', 'type': 'str', 'chars': 461}, {'role': 'user', 'type':    
         'str', 'chars': 28}, {'role': 'assistant', 'type': 'str', 'chars':     
         144}, {'role': 'user', 'type': 'str', 'chars': 28}, {'role':           
         'assistant', 'type': 'str', 'chars': 416}, {'role': 'user', 'type':    
         'str', 'chars': 29}, {'role': 'assistant', 'type': 'str', 'chars':     
         121}, {'role': 'user', 'type': 'str', 'chars': 28}, {'role':           
         'assistant', 'type': 'str', 'chars': 528}, {'role': 'user', 'type':    
         'str', 'chars': 29}, {'role': 'assistant', 'type': 'str', 'chars':     
         190}, {'role': 'user', 'type': 'str', 'chars': 119}, {'role':          
         'assistant', 'type': 'str', 'chars': 725}, {'role': 'user', 'type':    
         'str', 'chars': 460}, {'role': 'assistant', 'type': 'str', 'chars':    
         1393}, {'role': 'user', 'type': 'str', 'chars': 365}, {'role':         
         'assistant', 'type': 'str', 'chars': 217}, {'role': 'user', 'type':    
         'str', 'chars': 160}, {'role': 'assistant', 'type': 'str', 'chars':    
         190}, {'role': 'user', 'type': 'str', 'chars': 159}]                   
INFO     Messages API response received: status=200 elapsed=3.1s                
DEBUG    input_tokens=9,944, output_tokens=56, instance_cost=0.00, cost=0.00    
DEBUG    total_tokens_sent=304,181, total_tokens_received=27,341,               
         total_cost=0.00, total_api_calls=46                                    
INFO     濠电姷顣藉Σ鍛村磻閹捐泛绶ゅù鐘差儏閻ゎ喗銇勯弽銊х焼闁?THOUGHT (primary)
         DISCUSSION                                                             
         jsteg is installed. Let me use it to extract hidden data from the JPEG.
                                                                                
INFO     濠电姷顣藉Σ鍛村磻閹捐泛绶ゅù鐘差儏閻ゎ喗銇勯幇鈺佲偓妤佺▔?ACTION       
         (primary)                                                              
         ~/go/bin/jsteg reveal mann.jpg 2>&1                                    
                                                                                
INFO     濠电姷顣藉Σ鍛村磻閹捐泛绶ゅù鐘差儏缁愭鎱ㄥ鍡楀姦?MODEL INPUT         
         jpeg does not contain hidden data                                      
         (Open file: n/a)                                                       
         (Current directory: /__tmp__enigma-awman-ocp90jpm__repo)               
         (Interactive session: n/a)                                             
         bash-$                                                                 
INFO     Messages API request start: model=glm52_10 messages=93 timeout=1170.0s 
         max_tokens=8192 native_tools=False thinking=auto shape=[{'role':       
         'user', 'type': 'str', 'chars': 3414}, {'role': 'assistant', 'type':   
         'str', 'chars': 127}, {'role': 'user', 'type': 'str', 'chars': 28},    
         {'role': 'assistant', 'type': 'str', 'chars': 97}, {'role': 'user',    
         'type': 'str', 'chars': 28}, {'role': 'assistant', 'type': 'str',      
         'chars': 185}, {'role': 'user', 'type': 'str', 'chars': 29}, {'role':  
         'assistant', 'type': 'str', 'chars': 143}, {'role': 'user', 'type':    
         'str', 'chars': 29}, {'role': 'assistant', 'type': 'str', 'chars':     
         329}, {'role': 'user', 'type': 'str', 'chars': 29}, {'role':           
         'assistant', 'type': 'str', 'chars': 120}, {'role': 'user', 'type':    
         'str', 'chars': 29}, {'role': 'assistant', 'type': 'str', 'chars':     
         317}, {'role': 'user', 'type': 'str', 'chars': 28}, {'role':           
         'assistant', 'type': 'str', 'chars': 625}, {'role': 'user', 'type':    
         'str', 'chars': 28}, {'role': 'assistant', 'type': 'str', 'chars':     
         312}, {'role': 'user', 'type': 'str', 'chars': 28}, {'role':           
         'assistant', 'type': 'str', 'chars': 169}, {'role': 'user', 'type':    
         'str', 'chars': 28}, {'role': 'assistant', 'type': 'str', 'chars':     
         182}, {'role': 'user', 'type': 'str', 'chars': 28}, {'role':           
         'assistant', 'type': 'str', 'chars': 362}, {'role': 'user', 'type':    
         'str', 'chars': 28}, {'role': 'assistant', 'type': 'str', 'chars':     
         125}, {'role': 'user', 'type': 'str', 'chars': 28}, {'role':           
         'assistant', 'type': 'str', 'chars': 1161}, {'role': 'user', 'type':   
         'str', 'chars': 28}, {'role': 'assistant', 'type': 'str', 'chars':     
         453}, {'role': 'user', 'type': 'str', 'chars': 28}, {'role':           
         'assistant', 'type': 'str', 'chars': 294}, {'role': 'user', 'type':    
         'str', 'chars': 28}, {'role': 'assistant', 'type': 'str', 'chars':     
         285}, {'role': 'user', 'type': 'str', 'chars': 28}, {'role':           
         'assistant', 'type': 'str', 'chars': 367}, {'role': 'user', 'type':    
         'str', 'chars': 28}, {'role': 'assistant', 'type': 'str', 'chars':     
         411}, {'role': 'user', 'type': 'str', 'chars': 28}, {'role':           
         'assistant', 'type': 'str', 'chars': 969}, {'role': 'user', 'type':    
         'str', 'chars': 28}, {'role': 'assistant', 'type': 'str', 'chars':     
         700}, {'role': 'user', 'type': 'str', 'chars': 29}, {'role':           
         'assistant', 'type': 'str', 'chars': 353}, {'role': 'user', 'type':    
         'str', 'chars': 28}, {'role': 'assistant', 'type': 'str', 'chars':     
         908}, {'role': 'user', 'type': 'str', 'chars': 29}, {'role':           
         'assistant', 'type': 'str', 'chars': 849}, {'role': 'user', 'type':    
         'str', 'chars': 28}, {'role': 'assistant', 'type': 'str', 'chars':     
         214}, {'role': 'user', 'type': 'str', 'chars': 28}, {'role':           
         'assistant', 'type': 'str', 'chars': 314}, {'role': 'user', 'type':    
         'str', 'chars': 28}, {'role': 'assistant', 'type': 'str', 'chars':     
         463}, {'role': 'user', 'type': 'str', 'chars': 28}, {'role':           
         'assistant', 'type': 'str', 'chars': 1370}, {'role': 'user', 'type':   
         'str', 'chars': 29}, {'role': 'assistant', 'type': 'str', 'chars':     
         939}, {'role': 'user', 'type': 'str', 'chars': 29}, {'role':           
         'assistant', 'type': 'str', 'chars': 600}, {'role': 'user', 'type':    
         'str', 'chars': 29}, {'role': 'assistant', 'type': 'str', 'chars':     
         620}, {'role': 'user', 'type': 'str', 'chars': 29}, {'role':           
         'assistant', 'type': 'str', 'chars': 174}, {'role': 'user', 'type':    
         'str', 'chars': 28}, {'role': 'assistant', 'type': 'str', 'chars':     
         908}, {'role': 'user', 'type': 'str', 'chars': 28}, {'role':           
         'assistant', 'type': 'str', 'chars': 489}, {'role': 'user', 'type':    
         'str', 'chars': 29}, {'role': 'assistant', 'type': 'str', 'chars':     
         603}, {'role': 'user', 'type': 'str', 'chars': 29}, {'role':           
         'assistant', 'type': 'str', 'chars': 461}, {'role': 'user', 'type':    
         'str', 'chars': 28}, {'role': 'assistant', 'type': 'str', 'chars':     
         144}, {'role': 'user', 'type': 'str', 'chars': 28}, {'role':           
         'assistant', 'type': 'str', 'chars': 416}, {'role': 'user', 'type':    
         'str', 'chars': 29}, {'role': 'assistant', 'type': 'str', 'chars':     
         121}, {'role': 'user', 'type': 'str', 'chars': 28}, {'role':           
         'assistant', 'type': 'str', 'chars': 528}, {'role': 'user', 'type':    
         'str', 'chars': 29}, {'role': 'assistant', 'type': 'str', 'chars':     
         190}, {'role': 'user', 'type': 'str', 'chars': 28}, {'role':           
         'assistant', 'type': 'str', 'chars': 725}, {'role': 'user', 'type':    
         'str', 'chars': 460}, {'role': 'assistant', 'type': 'str', 'chars':    
         1393}, {'role': 'user', 'type': 'str', 'chars': 365}, {'role':         
         'assistant', 'type': 'str', 'chars': 217}, {'role': 'user', 'type':    
         'str', 'chars': 160}, {'role': 'assistant', 'type': 'str', 'chars':    
         190}, {'role': 'user', 'type': 'str', 'chars': 159}, {'role':          
         'assistant', 'type': 'str', 'chars': 126}, {'role': 'user', 'type':    
         'str', 'chars': 141}]                                                  
INFO     Messages API response received: status=200 elapsed=27.5s               
DEBUG    input_tokens=9,998, output_tokens=905, instance_cost=0.00, cost=0.00   
DEBUG    total_tokens_sent=314,179, total_tokens_received=28,246,               
         total_cost=0.00, total_api_calls=47                                    
INFO     濠电姷顣藉Σ鍛村磻閹捐泛绶ゅù鐘差儏閻ゎ喗銇勯弽銊х焼闁?THOUGHT (primary)
         DISCUSSION                                                             
         Let me check if the steghide output is exactly the same as enc.txt, and
         also try other approaches to find hidden data.                         
                                                                                
INFO     濠电姷顣藉Σ鍛村磻閹捐泛绶ゅù鐘差儏閻ゎ喗銇勯幇鈺佲偓妤佺▔?ACTION       
         (primary)                                                              
         diff enc.txt output.txt && echo "Files are identical" || echo "Files   
         differ"; xxd output.txt                                                
                                                                                
INFO     濠电姷顣藉Σ鍛村磻閹捐泛绶ゅù鐘差儏缁愭鎱ㄥ鍡楀姦?MODEL INPUT         
         Files are identical                                                    
         00000000: 3552 526a 6e73 6933 4862 3379 5433 6a57  5RRjnsi3Hb3yT3jW    
         00000010: 6746 5263 5057 5567 3567 5958 6538 3157  gFRcPWUg5gYXe81W    
         00000020: 5065 5833 766d 5853                      PeX3vmXS            
         (Open file: n/a)                                                       
         (Current directory: /__tmp__enigma-awman-ocp90jpm__repo)               
         (Interactive session: n/a)                                             
         bash-$                                                                 
INFO     Messages API request start: model=glm52_10 messages=95 timeout=1170.0s 
         max_tokens=8192 native_tools=False thinking=auto shape=[{'role':       
         'user', 'type': 'str', 'chars': 3414}, {'role': 'assistant', 'type':   
         'str', 'chars': 127}, {'role': 'user', 'type': 'str', 'chars': 28},    
         {'role': 'assistant', 'type': 'str', 'chars': 97}, {'role': 'user',    
         'type': 'str', 'chars': 28}, {'role': 'assistant', 'type': 'str',      
         'chars': 185}, {'role': 'user', 'type': 'str', 'chars': 29}, {'role':  
         'assistant', 'type': 'str', 'chars': 143}, {'role': 'user', 'type':    
         'str', 'chars': 29}, {'role': 'assistant', 'type': 'str', 'chars':     
         329}, {'role': 'user', 'type': 'str', 'chars': 29}, {'role':           
         'assistant', 'type': 'str', 'chars': 120}, {'role': 'user', 'type':    
         'str', 'chars': 29}, {'role': 'assistant', 'type': 'str', 'chars':     
         317}, {'role': 'user', 'type': 'str', 'chars': 28}, {'role':           
         'assistant', 'type': 'str', 'chars': 625}, {'role': 'user', 'type':    
         'str', 'chars': 28}, {'role': 'assistant', 'type': 'str', 'chars':     
         312}, {'role': 'user', 'type': 'str', 'chars': 28}, {'role':           
         'assistant', 'type': 'str', 'chars': 169}, {'role': 'user', 'type':    
         'str', 'chars': 28}, {'role': 'assistant', 'type': 'str', 'chars':     
         182}, {'role': 'user', 'type': 'str', 'chars': 28}, {'role':           
         'assistant', 'type': 'str', 'chars': 362}, {'role': 'user', 'type':    
         'str', 'chars': 28}, {'role': 'assistant', 'type': 'str', 'chars':     
         125}, {'role': 'user', 'type': 'str', 'chars': 28}, {'role':           
         'assistant', 'type': 'str', 'chars': 1161}, {'role': 'user', 'type':   
         'str', 'chars': 28}, {'role': 'assistant', 'type': 'str', 'chars':     
         453}, {'role': 'user', 'type': 'str', 'chars': 28}, {'role':           
         'assistant', 'type': 'str', 'chars': 294}, {'role': 'user', 'type':    
         'str', 'chars': 28}, {'role': 'assistant', 'type': 'str', 'chars':     
         285}, {'role': 'user', 'type': 'str', 'chars': 28}, {'role':           
         'assistant', 'type': 'str', 'chars': 367}, {'role': 'user', 'type':    
         'str', 'chars': 28}, {'role': 'assistant', 'type': 'str', 'chars':     
         411}, {'role': 'user', 'type': 'str', 'chars': 28}, {'role':           
         'assistant', 'type': 'str', 'chars': 969}, {'role': 'user', 'type':    
         'str', 'chars': 28}, {'role': 'assistant', 'type': 'str', 'chars':     
         700}, {'role': 'user', 'type': 'str', 'chars': 29}, {'role':           
         'assistant', 'type': 'str', 'chars': 353}, {'role': 'user', 'type':    
         'str', 'chars': 28}, {'role': 'assistant', 'type': 'str', 'chars':     
         908}, {'role': 'user', 'type': 'str', 'chars': 29}, {'role':           
         'assistant', 'type': 'str', 'chars': 849}, {'role': 'user', 'type':    
         'str', 'chars': 28}, {'role': 'assistant', 'type': 'str', 'chars':     
         214}, {'role': 'user', 'type': 'str', 'chars': 28}, {'role':           
         'assistant', 'type': 'str', 'chars': 314}, {'role': 'user', 'type':    
         'str', 'chars': 28}, {'role': 'assistant', 'type': 'str', 'chars':     
         463}, {'role': 'user', 'type': 'str', 'chars': 28}, {'role':           
         'assistant', 'type': 'str', 'chars': 1370}, {'role': 'user', 'type':   
         'str', 'chars': 29}, {'role': 'assistant', 'type': 'str', 'chars':     
         939}, {'role': 'user', 'type': 'str', 'chars': 29}, {'role':           
         'assistant', 'type': 'str', 'chars': 600}, {'role': 'user', 'type':    
         'str', 'chars': 29}, {'role': 'assistant', 'type': 'str', 'chars':     
         620}, {'role': 'user', 'type': 'str', 'chars': 29}, {'role':           
         'assistant', 'type': 'str', 'chars': 174}, {'role': 'user', 'type':    
         'str', 'chars': 28}, {'role': 'assistant', 'type': 'str', 'chars':     
         908}, {'role': 'user', 'type': 'str', 'chars': 28}, {'role':           
         'assistant', 'type': 'str', 'chars': 489}, {'role': 'user', 'type':    
         'str', 'chars': 29}, {'role': 'assistant', 'type': 'str', 'chars':     
         603}, {'role': 'user', 'type': 'str', 'chars': 29}, {'role':           
         'assistant', 'type': 'str', 'chars': 461}, {'role': 'user', 'type':    
         'str', 'chars': 28}, {'role': 'assistant', 'type': 'str', 'chars':     
         144}, {'role': 'user', 'type': 'str', 'chars': 28}, {'role':           
         'assistant', 'type': 'str', 'chars': 416}, {'role': 'user', 'type':    
         'str', 'chars': 29}, {'role': 'assistant', 'type': 'str', 'chars':     
         121}, {'role': 'user', 'type': 'str', 'chars': 28}, {'role':           
         'assistant', 'type': 'str', 'chars': 528}, {'role': 'user', 'type':    
         'str', 'chars': 29}, {'role': 'assistant', 'type': 'str', 'chars':     
         190}, {'role': 'user', 'type': 'str', 'chars': 28}, {'role':           
         'assistant', 'type': 'str', 'chars': 725}, {'role': 'user', 'type':    
         'str', 'chars': 29}, {'role': 'assistant', 'type': 'str', 'chars':     
         1393}, {'role': 'user', 'type': 'str', 'chars': 365}, {'role':         
         'assistant', 'type': 'str', 'chars': 217}, {'role': 'user', 'type':    
         'str', 'chars': 160}, {'role': 'assistant', 'type': 'str', 'chars':    
         190}, {'role': 'user', 'type': 'str', 'chars': 159}, {'role':          
         'assistant', 'type': 'str', 'chars': 126}, {'role': 'user', 'type':    
         'str', 'chars': 141}, {'role': 'assistant', 'type': 'str', 'chars':    
         230}, {'role': 'user', 'type': 'str', 'chars': 323}]                   
INFO     Messages API response received: status=200 elapsed=231.4s              
WARNING  Messages API empty response: keys=['content', 'id', 'model', 'role',   
         'stop_reason', 'type', 'usage'] block_types=['thinking']               
         stop_reason=max_tokens usage={'input_tokens': 10055, 'output_tokens':  
         8192}                                                                  
WARNING  Messages API returned thinking-only max_tokens; retrying with thinking 
         disabled                                                               
DEBUG    input_tokens=10,049, output_tokens=283, instance_cost=0.00, cost=0.00  
DEBUG    total_tokens_sent=324,228, total_tokens_received=28,529,               
         total_cost=0.00, total_api_calls=48                                    
INFO     濠电姷顣藉Σ鍛村磻閹捐泛绶ゅù鐘差儏閻ゎ喗銇勯弽銊х焼闁?THOUGHT (primary)
         DISCUSSION                                                             
         The steghide output is identical to enc.txt. Let me try different flag 
         formats - maybe the flag format isn't `actf{...}` but something else.  
         Let me also check if there's a different encoding or if the challenge  
         uses a different flag format.                                          
                                                                                
INFO     濠电姷顣藉Σ鍛村磻閹捐泛绶ゅù鐘差儏閻ゎ喗銇勯幇鈺佲偓妤佺▔?ACTION       
         (primary)                                                              
         python3 -c "                                                           
         import base58                                                          
         enc = '5RRjnsi3Hb3yT3jWgFRcPWUg5gYXe81WPeX3vmXS'                       
         decoded = base58.b58decode(enc)                                        
         flag = decoded.decode('utf-8')                                         
         print('Flag:', flag)                                                   
                                                                                
         # Try different flag formats                                           
         variations = [                                                         
             flag,                                                              
             'actf{crazy?_i_was_crazy_once}',                                   
             'ACTF{crazy?_i_was_crazy_once}',                                   
             'Actf{crazy?_i_was_crazy_once}',                                   
             'actf{CRAZY?_I_WAS_CRAZY_ONCE}',                                   
             'actf{Crazy?_I_Was_Crazy_Once}',                                   
             'actf{crazy?_i_was_crazy_once!}',                                  
             'actf{crazy?_i_was_crazy_once}',                                   
             'actf{crazy?_i_was_crazy_once}',                                   
         ]                                                                      
         for v in variations:                                                   
             print(repr(v))                                                     
         "                                                                      
                                                                                
INFO     濠电姷顣藉Σ鍛村磻閹捐泛绶ゅù鐘差儏缁愭鎱ㄥ鍡楀姦?MODEL INPUT         
         Flag: actf{crazy?_i_was_crazy_once}                                    
         'actf{crazy?_i_was_crazy_once}'                                        
         'actf{crazy?_i_was_crazy_once}'                                        
         'ACTF{crazy?_i_was_crazy_once}'                                        
         'Actf{crazy?_i_was_crazy_once}'                                        
         'actf{CRAZY?_I_WAS_CRAZY_ONCE}'                                        
         'actf{Crazy?_I_Was_Crazy_Once}'                                        
         'actf{crazy?_i_was_crazy_once!}'                                       
         'actf{crazy?_i_was_crazy_once}'                                        
         'actf{crazy?_i_was_crazy_once}'                                        
         (Open file: n/a)                                                       
         (Current directory: /__tmp__enigma-awman-ocp90jpm__repo)               
         (Interactive session: n/a)                                             
         bash-$                                                                 
INFO     Messages API request start: model=glm52_10 messages=97 timeout=1170.0s 
         max_tokens=8192 native_tools=False thinking=auto shape=[{'role':       
         'user', 'type': 'str', 'chars': 3414}, {'role': 'assistant', 'type':   
         'str', 'chars': 127}, {'role': 'user', 'type': 'str', 'chars': 28},    
         {'role': 'assistant', 'type': 'str', 'chars': 97}, {'role': 'user',    
         'type': 'str', 'chars': 28}, {'role': 'assistant', 'type': 'str',      
         'chars': 185}, {'role': 'user', 'type': 'str', 'chars': 29}, {'role':  
         'assistant', 'type': 'str', 'chars': 143}, {'role': 'user', 'type':    
         'str', 'chars': 29}, {'role': 'assistant', 'type': 'str', 'chars':     
         329}, {'role': 'user', 'type': 'str', 'chars': 29}, {'role':           
         'assistant', 'type': 'str', 'chars': 120}, {'role': 'user', 'type':    
         'str', 'chars': 29}, {'role': 'assistant', 'type': 'str', 'chars':     
         317}, {'role': 'user', 'type': 'str', 'chars': 28}, {'role':           
         'assistant', 'type': 'str', 'chars': 625}, {'role': 'user', 'type':    
         'str', 'chars': 28}, {'role': 'assistant', 'type': 'str', 'chars':     
         312}, {'role': 'user', 'type': 'str', 'chars': 28}, {'role':           
         'assistant', 'type': 'str', 'chars': 169}, {'role': 'user', 'type':    
         'str', 'chars': 28}, {'role': 'assistant', 'type': 'str', 'chars':     
         182}, {'role': 'user', 'type': 'str', 'chars': 28}, {'role':           
         'assistant', 'type': 'str', 'chars': 362}, {'role': 'user', 'type':    
         'str', 'chars': 28}, {'role': 'assistant', 'type': 'str', 'chars':     
         125}, {'role': 'user', 'type': 'str', 'chars': 28}, {'role':           
         'assistant', 'type': 'str', 'chars': 1161}, {'role': 'user', 'type':   
         'str', 'chars': 28}, {'role': 'assistant', 'type': 'str', 'chars':     
         453}, {'role': 'user', 'type': 'str', 'chars': 28}, {'role':           
         'assistant', 'type': 'str', 'chars': 294}, {'role': 'user', 'type':    
         'str', 'chars': 28}, {'role': 'assistant', 'type': 'str', 'chars':     
         285}, {'role': 'user', 'type': 'str', 'chars': 28}, {'role':           
         'assistant', 'type': 'str', 'chars': 367}, {'role': 'user', 'type':    
         'str', 'chars': 28}, {'role': 'assistant', 'type': 'str', 'chars':     
         411}, {'role': 'user', 'type': 'str', 'chars': 28}, {'role':           
         'assistant', 'type': 'str', 'chars': 969}, {'role': 'user', 'type':    
         'str', 'chars': 28}, {'role': 'assistant', 'type': 'str', 'chars':     
         700}, {'role': 'user', 'type': 'str', 'chars': 29}, {'role':           
         'assistant', 'type': 'str', 'chars': 353}, {'role': 'user', 'type':    
         'str', 'chars': 28}, {'role': 'assistant', 'type': 'str', 'chars':     
         908}, {'role': 'user', 'type': 'str', 'chars': 29}, {'role':           
         'assistant', 'type': 'str', 'chars': 849}, {'role': 'user', 'type':    
         'str', 'chars': 28}, {'role': 'assistant', 'type': 'str', 'chars':     
         214}, {'role': 'user', 'type': 'str', 'chars': 28}, {'role':           
         'assistant', 'type': 'str', 'chars': 314}, {'role': 'user', 'type':    
         'str', 'chars': 28}, {'role': 'assistant', 'type': 'str', 'chars':     
         463}, {'role': 'user', 'type': 'str', 'chars': 28}, {'role':           
         'assistant', 'type': 'str', 'chars': 1370}, {'role': 'user', 'type':   
         'str', 'chars': 29}, {'role': 'assistant', 'type': 'str', 'chars':     
         939}, {'role': 'user', 'type': 'str', 'chars': 29}, {'role':           
         'assistant', 'type': 'str', 'chars': 600}, {'role': 'user', 'type':    
         'str', 'chars': 29}, {'role': 'assistant', 'type': 'str', 'chars':     
         620}, {'role': 'user', 'type': 'str', 'chars': 29}, {'role':           
         'assistant', 'type': 'str', 'chars': 174}, {'role': 'user', 'type':    
         'str', 'chars': 28}, {'role': 'assistant', 'type': 'str', 'chars':     
         908}, {'role': 'user', 'type': 'str', 'chars': 28}, {'role':           
         'assistant', 'type': 'str', 'chars': 489}, {'role': 'user', 'type':    
         'str', 'chars': 29}, {'role': 'assistant', 'type': 'str', 'chars':     
         603}, {'role': 'user', 'type': 'str', 'chars': 29}, {'role':           
         'assistant', 'type': 'str', 'chars': 461}, {'role': 'user', 'type':    
         'str', 'chars': 28}, {'role': 'assistant', 'type': 'str', 'chars':     
         144}, {'role': 'user', 'type': 'str', 'chars': 28}, {'role':           
         'assistant', 'type': 'str', 'chars': 416}, {'role': 'user', 'type':    
         'str', 'chars': 29}, {'role': 'assistant', 'type': 'str', 'chars':     
         121}, {'role': 'user', 'type': 'str', 'chars': 28}, {'role':           
         'assistant', 'type': 'str', 'chars': 528}, {'role': 'user', 'type':    
         'str', 'chars': 29}, {'role': 'assistant', 'type': 'str', 'chars':     
         190}, {'role': 'user', 'type': 'str', 'chars': 28}, {'role':           
         'assistant', 'type': 'str', 'chars': 725}, {'role': 'user', 'type':    
         'str', 'chars': 29}, {'role': 'assistant', 'type': 'str', 'chars':     
         1393}, {'role': 'user', 'type': 'str', 'chars': 29}, {'role':          
         'assistant', 'type': 'str', 'chars': 217}, {'role': 'user', 'type':    
         'str', 'chars': 160}, {'role': 'assistant', 'type': 'str', 'chars':    
         190}, {'role': 'user', 'type': 'str', 'chars': 159}, {'role':          
         'assistant', 'type': 'str', 'chars': 126}, {'role': 'user', 'type':    
         'str', 'chars': 141}, {'role': 'assistant', 'type': 'str', 'chars':    
         230}, {'role': 'user', 'type': 'str', 'chars': 323}, {'role':          
         'assistant', 'type': 'str', 'chars': 815}, {'role': 'user', 'type':    
         'str', 'chars': 432}]                                                  
INFO     Messages API response received: status=200 elapsed=224.2s              
WARNING  Messages API empty response: keys=['content', 'id', 'model', 'role',   
         'stop_reason', 'type', 'usage'] block_types=['thinking']               
         stop_reason=max_tokens usage={'input_tokens': 10375, 'output_tokens':  
         8192}                                                                  
WARNING  Messages API returned thinking-only max_tokens; retrying with thinking 
         disabled                                                               
DEBUG    input_tokens=10,369, output_tokens=40, instance_cost=0.00, cost=0.00   
DEBUG    total_tokens_sent=334,597, total_tokens_received=28,569,               
         total_cost=0.00, total_api_calls=49                                    
INFO     濠电姷顣藉Σ鍛村磻閹捐泛绶ゅù鐘差儏閻ゎ喗銇勯弽銊х焼闁?THOUGHT (primary)
         DISCUSSION                                                             
         Let me try submitting some variations of the flag to see if any of them
         work.                                                                  
                                                                                
INFO     濠电姷顣藉Σ鍛村磻閹捐泛绶ゅù鐘差儏閻ゎ喗銇勯幇鈺佲偓妤佺▔?ACTION       
         (primary)                                                              
         submit 'ACTF{crazy?_i_was_crazy_once}'                                 
                                                                                
WARNING  Wrong flag submission found.                                           
INFO     濠电姷顣藉Σ鍛村磻閹捐泛绶ゅù鐘差儏缁愭鎱ㄥ鍡楀姦?MODEL INPUT         
         Wrong flag!                                                            
         (Open file: n/a)                                                       
         (Current directory: /__tmp__enigma-awman-ocp90jpm__repo)               
         (Interactive session: n/a)                                             
         bash-$                                                                 
INFO     Messages API request start: model=glm52_10 messages=99 timeout=1170.0s 
         max_tokens=8192 native_tools=False thinking=auto shape=[{'role':       
         'user', 'type': 'str', 'chars': 3414}, {'role': 'assistant', 'type':   
         'str', 'chars': 127}, {'role': 'user', 'type': 'str', 'chars': 28},    
         {'role': 'assistant', 'type': 'str', 'chars': 97}, {'role': 'user',    
         'type': 'str', 'chars': 28}, {'role': 'assistant', 'type': 'str',      
         'chars': 185}, {'role': 'user', 'type': 'str', 'chars': 29}, {'role':  
         'assistant', 'type': 'str', 'chars': 143}, {'role': 'user', 'type':    
         'str', 'chars': 29}, {'role': 'assistant', 'type': 'str', 'chars':     
         329}, {'role': 'user', 'type': 'str', 'chars': 29}, {'role':           
         'assistant', 'type': 'str', 'chars': 120}, {'role': 'user', 'type':    
         'str', 'chars': 29}, {'role': 'assistant', 'type': 'str', 'chars':     
         317}, {'role': 'user', 'type': 'str', 'chars': 28}, {'role':           
         'assistant', 'type': 'str', 'chars': 625}, {'role': 'user', 'type':    
         'str', 'chars': 28}, {'role': 'assistant', 'type': 'str', 'chars':     
         312}, {'role': 'user', 'type': 'str', 'chars': 28}, {'role':           
         'assistant', 'type': 'str', 'chars': 169}, {'role': 'user', 'type':    
         'str', 'chars': 28}, {'role': 'assistant', 'type': 'str', 'chars':     
         182}, {'role': 'user', 'type': 'str', 'chars': 28}, {'role':           
         'assistant', 'type': 'str', 'chars': 362}, {'role': 'user', 'type':    
         'str', 'chars': 28}, {'role': 'assistant', 'type': 'str', 'chars':     
         125}, {'role': 'user', 'type': 'str', 'chars': 28}, {'role':           
         'assistant', 'type': 'str', 'chars': 1161}, {'role': 'user', 'type':   
         'str', 'chars': 28}, {'role': 'assistant', 'type': 'str', 'chars':     
         453}, {'role': 'user', 'type': 'str', 'chars': 28}, {'role':           
         'assistant', 'type': 'str', 'chars': 294}, {'role': 'user', 'type':    
         'str', 'chars': 28}, {'role': 'assistant', 'type': 'str', 'chars':     
         285}, {'role': 'user', 'type': 'str', 'chars': 28}, {'role':           
         'assistant', 'type': 'str', 'chars': 367}, {'role': 'user', 'type':    
         'str', 'chars': 28}, {'role': 'assistant', 'type': 'str', 'chars':     
         411}, {'role': 'user', 'type': 'str', 'chars': 28}, {'role':           
         'assistant', 'type': 'str', 'chars': 969}, {'role': 'user', 'type':    
         'str', 'chars': 28}, {'role': 'assistant', 'type': 'str', 'chars':     
         700}, {'role': 'user', 'type': 'str', 'chars': 29}, {'role':           
         'assistant', 'type': 'str', 'chars': 353}, {'role': 'user', 'type':    
         'str', 'chars': 28}, {'role': 'assistant', 'type': 'str', 'chars':     
         908}, {'role': 'user', 'type': 'str', 'chars': 29}, {'role':           
         'assistant', 'type': 'str', 'chars': 849}, {'role': 'user', 'type':    
         'str', 'chars': 28}, {'role': 'assistant', 'type': 'str', 'chars':     
         214}, {'role': 'user', 'type': 'str', 'chars': 28}, {'role':           
         'assistant', 'type': 'str', 'chars': 314}, {'role': 'user', 'type':    
         'str', 'chars': 28}, {'role': 'assistant', 'type': 'str', 'chars':     
         463}, {'role': 'user', 'type': 'str', 'chars': 28}, {'role':           
         'assistant', 'type': 'str', 'chars': 1370}, {'role': 'user', 'type':   
         'str', 'chars': 29}, {'role': 'assistant', 'type': 'str', 'chars':     
         939}, {'role': 'user', 'type': 'str', 'chars': 29}, {'role':           
         'assistant', 'type': 'str', 'chars': 600}, {'role': 'user', 'type':    
         'str', 'chars': 29}, {'role': 'assistant', 'type': 'str', 'chars':     
         620}, {'role': 'user', 'type': 'str', 'chars': 29}, {'role':           
         'assistant', 'type': 'str', 'chars': 174}, {'role': 'user', 'type':    
         'str', 'chars': 28}, {'role': 'assistant', 'type': 'str', 'chars':     
         908}, {'role': 'user', 'type': 'str', 'chars': 28}, {'role':           
         'assistant', 'type': 'str', 'chars': 489}, {'role': 'user', 'type':    
         'str', 'chars': 29}, {'role': 'assistant', 'type': 'str', 'chars':     
         603}, {'role': 'user', 'type': 'str', 'chars': 29}, {'role':           
         'assistant', 'type': 'str', 'chars': 461}, {'role': 'user', 'type':    
         'str', 'chars': 28}, {'role': 'assistant', 'type': 'str', 'chars':     
         144}, {'role': 'user', 'type': 'str', 'chars': 28}, {'role':           
         'assistant', 'type': 'str', 'chars': 416}, {'role': 'user', 'type':    
         'str', 'chars': 29}, {'role': 'assistant', 'type': 'str', 'chars':     
         121}, {'role': 'user', 'type': 'str', 'chars': 28}, {'role':           
         'assistant', 'type': 'str', 'chars': 528}, {'role': 'user', 'type':    
         'str', 'chars': 29}, {'role': 'assistant', 'type': 'str', 'chars':     
         190}, {'role': 'user', 'type': 'str', 'chars': 28}, {'role':           
         'assistant', 'type': 'str', 'chars': 725}, {'role': 'user', 'type':    
         'str', 'chars': 29}, {'role': 'assistant', 'type': 'str', 'chars':     
         1393}, {'role': 'user', 'type': 'str', 'chars': 29}, {'role':          
         'assistant', 'type': 'str', 'chars': 217}, {'role': 'user', 'type':    
         'str', 'chars': 28}, {'role': 'assistant', 'type': 'str', 'chars':     
         190}, {'role': 'user', 'type': 'str', 'chars': 159}, {'role':          
         'assistant', 'type': 'str', 'chars': 126}, {'role': 'user', 'type':    
         'str', 'chars': 141}, {'role': 'assistant', 'type': 'str', 'chars':    
         230}, {'role': 'user', 'type': 'str', 'chars': 323}, {'role':          
         'assistant', 'type': 'str', 'chars': 815}, {'role': 'user', 'type':    
         'str', 'chars': 432}, {'role': 'assistant', 'type': 'str', 'chars':    
         135}, {'role': 'user', 'type': 'str', 'chars': 119}]                   
INFO     Messages API response received: status=200 elapsed=24.1s               
DEBUG    input_tokens=10,412, output_tokens=887, instance_cost=0.00, cost=0.00  
DEBUG    total_tokens_sent=345,009, total_tokens_received=29,456,               
         total_cost=0.00, total_api_calls=50                                    
INFO     濠电姷顣藉Σ鍛村磻閹捐泛绶ゅù鐘差儏閻ゎ喗銇勯弽銊х焼闁?THOUGHT (primary)
         DISCUSSION                                                             
         Let me try other flag format variations and also check if there might  
         be additional hidden data in the image.                                
                                                                                
INFO     濠电姷顣藉Σ鍛村磻閹捐泛绶ゅù鐘差儏閻ゎ喗銇勯幇鈺佲偓妤佺▔?ACTION       
         (primary)                                                              
         submit 'actf{crazy_i_was_crazy_once}'                                  
                                                                                
WARNING  Wrong flag submission found.                                           
INFO     濠电姷顣藉Σ鍛村磻閹捐泛绶ゅù鐘差儏缁愭鎱ㄥ鍡楀姦?MODEL INPUT         
         Wrong flag!                                                            
         (Open file: n/a)                                                       
         (Current directory: /__tmp__enigma-awman-ocp90jpm__repo)               
         (Interactive session: n/a)                                             
         bash-$                                                                 
INFO     Messages API request start: model=glm52_10 messages=101 timeout=1170.0s
         max_tokens=8192 native_tools=False thinking=auto shape=[{'role':       
         'user', 'type': 'str', 'chars': 3414}, {'role': 'assistant', 'type':   
         'str', 'chars': 127}, {'role': 'user', 'type': 'str', 'chars': 28},    
         {'role': 'assistant', 'type': 'str', 'chars': 97}, {'role': 'user',    
         'type': 'str', 'chars': 28}, {'role': 'assistant', 'type': 'str',      
         'chars': 185}, {'role': 'user', 'type': 'str', 'chars': 29}, {'role':  
         'assistant', 'type': 'str', 'chars': 143}, {'role': 'user', 'type':    
         'str', 'chars': 29}, {'role': 'assistant', 'type': 'str', 'chars':     
         329}, {'role': 'user', 'type': 'str', 'chars': 29}, {'role':           
         'assistant', 'type': 'str', 'chars': 120}, {'role': 'user', 'type':    
         'str', 'chars': 29}, {'role': 'assistant', 'type': 'str', 'chars':     
         317}, {'role': 'user', 'type': 'str', 'chars': 28}, {'role':           
         'assistant', 'type': 'str', 'chars': 625}, {'role': 'user', 'type':    
         'str', 'chars': 28}, {'role': 'assistant', 'type': 'str', 'chars':     
         312}, {'role': 'user', 'type': 'str', 'chars': 28}, {'role':           
         'assistant', 'type': 'str', 'chars': 169}, {'role': 'user', 'type':    
         'str', 'chars': 28}, {'role': 'assistant', 'type': 'str', 'chars':     
         182}, {'role': 'user', 'type': 'str', 'chars': 28}, {'role':           
         'assistant', 'type': 'str', 'chars': 362}, {'role': 'user', 'type':    
         'str', 'chars': 28}, {'role': 'assistant', 'type': 'str', 'chars':     
         125}, {'role': 'user', 'type': 'str', 'chars': 28}, {'role':           
         'assistant', 'type': 'str', 'chars': 1161}, {'role': 'user', 'type':   
         'str', 'chars': 28}, {'role': 'assistant', 'type': 'str', 'chars':     
         453}, {'role': 'user', 'type': 'str', 'chars': 28}, {'role':           
         'assistant', 'type': 'str', 'chars': 294}, {'role': 'user', 'type':    
         'str', 'chars': 28}, {'role': 'assistant', 'type': 'str', 'chars':     
         285}, {'role': 'user', 'type': 'str', 'chars': 28}, {'role':           
         'assistant', 'type': 'str', 'chars': 367}, {'role': 'user', 'type':    
         'str', 'chars': 28}, {'role': 'assistant', 'type': 'str', 'chars':     
         411}, {'role': 'user', 'type': 'str', 'chars': 28}, {'role':           
         'assistant', 'type': 'str', 'chars': 969}, {'role': 'user', 'type':    
         'str', 'chars': 28}, {'role': 'assistant', 'type': 'str', 'chars':     
         700}, {'role': 'user', 'type': 'str', 'chars': 29}, {'role':           
         'assistant', 'type': 'str', 'chars': 353}, {'role': 'user', 'type':    
         'str', 'chars': 28}, {'role': 'assistant', 'type': 'str', 'chars':     
         908}, {'role': 'user', 'type': 'str', 'chars': 29}, {'role':           
         'assistant', 'type': 'str', 'chars': 849}, {'role': 'user', 'type':    
         'str', 'chars': 28}, {'role': 'assistant', 'type': 'str', 'chars':     
         214}, {'role': 'user', 'type': 'str', 'chars': 28}, {'role':           
         'assistant', 'type': 'str', 'chars': 314}, {'role': 'user', 'type':    
         'str', 'chars': 28}, {'role': 'assistant', 'type': 'str', 'chars':     
         463}, {'role': 'user', 'type': 'str', 'chars': 28}, {'role':           
         'assistant', 'type': 'str', 'chars': 1370}, {'role': 'user', 'type':   
         'str', 'chars': 29}, {'role': 'assistant', 'type': 'str', 'chars':     
         939}, {'role': 'user', 'type': 'str', 'chars': 29}, {'role':           
         'assistant', 'type': 'str', 'chars': 600}, {'role': 'user', 'type':    
         'str', 'chars': 29}, {'role': 'assistant', 'type': 'str', 'chars':     
         620}, {'role': 'user', 'type': 'str', 'chars': 29}, {'role':           
         'assistant', 'type': 'str', 'chars': 174}, {'role': 'user', 'type':    
         'str', 'chars': 28}, {'role': 'assistant', 'type': 'str', 'chars':     
         908}, {'role': 'user', 'type': 'str', 'chars': 28}, {'role':           
         'assistant', 'type': 'str', 'chars': 489}, {'role': 'user', 'type':    
         'str', 'chars': 29}, {'role': 'assistant', 'type': 'str', 'chars':     
         603}, {'role': 'user', 'type': 'str', 'chars': 29}, {'role':           
         'assistant', 'type': 'str', 'chars': 461}, {'role': 'user', 'type':    
         'str', 'chars': 28}, {'role': 'assistant', 'type': 'str', 'chars':     
         144}, {'role': 'user', 'type': 'str', 'chars': 28}, {'role':           
         'assistant', 'type': 'str', 'chars': 416}, {'role': 'user', 'type':    
         'str', 'chars': 29}, {'role': 'assistant', 'type': 'str', 'chars':     
         121}, {'role': 'user', 'type': 'str', 'chars': 28}, {'role':           
         'assistant', 'type': 'str', 'chars': 528}, {'role': 'user', 'type':    
         'str', 'chars': 29}, {'role': 'assistant', 'type': 'str', 'chars':     
         190}, {'role': 'user', 'type': 'str', 'chars': 28}, {'role':           
         'assistant', 'type': 'str', 'chars': 725}, {'role': 'user', 'type':    
         'str', 'chars': 29}, {'role': 'assistant', 'type': 'str', 'chars':     
         1393}, {'role': 'user', 'type': 'str', 'chars': 29}, {'role':          
         'assistant', 'type': 'str', 'chars': 217}, {'role': 'user', 'type':    
         'str', 'chars': 28}, {'role': 'assistant', 'type': 'str', 'chars':     
         190}, {'role': 'user', 'type': 'str', 'chars': 28}, {'role':           
         'assistant', 'type': 'str', 'chars': 126}, {'role': 'user', 'type':    
         'str', 'chars': 141}, {'role': 'assistant', 'type': 'str', 'chars':    
         230}, {'role': 'user', 'type': 'str', 'chars': 323}, {'role':          
         'assistant', 'type': 'str', 'chars': 815}, {'role': 'user', 'type':    
         'str', 'chars': 432}, {'role': 'assistant', 'type': 'str', 'chars':    
         135}, {'role': 'user', 'type': 'str', 'chars': 119}, {'role':          
         'assistant', 'type': 'str', 'chars': 166}, {'role': 'user', 'type':    
         'str', 'chars': 119}]                                                  
INFO     Messages API response received: status=200 elapsed=11.2s               
DEBUG    input_tokens=10,444, output_tokens=389, instance_cost=0.00, cost=0.00  
DEBUG    total_tokens_sent=355,453, total_tokens_received=29,845,               
         total_cost=0.00, total_api_calls=51                                    
INFO     濠电姷顣藉Σ鍛村磻閹捐泛绶ゅù鐘差儏閻ゎ喗銇勯弽銊х焼闁?THOUGHT (primary)
         DISCUSSION                                                             
         Let me try the flag without the actf{} wrapper, since the flag format  
         is `.*` (any format).                                                  
                                                                                
INFO     濠电姷顣藉Σ鍛村磻閹捐泛绶ゅù鐘差儏閻ゎ喗銇勯幇鈺佲偓妤佺▔?ACTION       
         (primary)                                                              
         submit 'crazy?_i_was_crazy_once'                                       
                                                                                
WARNING  Wrong flag submission found.                                           
INFO     濠电姷顣藉Σ鍛村磻閹捐泛绶ゅù鐘差儏缁愭鎱ㄥ鍡楀姦?MODEL INPUT         
         Wrong flag!                                                            
         (Open file: n/a)                                                       
         (Current directory: /__tmp__enigma-awman-ocp90jpm__repo)               
         (Interactive session: n/a)                                             
         bash-$                                                                 
INFO     Messages API request start: model=glm52_10 messages=103 timeout=1170.0s
         max_tokens=8192 native_tools=False thinking=auto shape=[{'role':       
         'user', 'type': 'str', 'chars': 3414}, {'role': 'assistant', 'type':   
         'str', 'chars': 127}, {'role': 'user', 'type': 'str', 'chars': 28},    
         {'role': 'assistant', 'type': 'str', 'chars': 97}, {'role': 'user',    
         'type': 'str', 'chars': 28}, {'role': 'assistant', 'type': 'str',      
         'chars': 185}, {'role': 'user', 'type': 'str', 'chars': 29}, {'role':  
         'assistant', 'type': 'str', 'chars': 143}, {'role': 'user', 'type':    
         'str', 'chars': 29}, {'role': 'assistant', 'type': 'str', 'chars':     
         329}, {'role': 'user', 'type': 'str', 'chars': 29}, {'role':           
         'assistant', 'type': 'str', 'chars': 120}, {'role': 'user', 'type':    
         'str', 'chars': 29}, {'role': 'assistant', 'type': 'str', 'chars':     
         317}, {'role': 'user', 'type': 'str', 'chars': 28}, {'role':           
         'assistant', 'type': 'str', 'chars': 625}, {'role': 'user', 'type':    
         'str', 'chars': 28}, {'role': 'assistant', 'type': 'str', 'chars':     
         312}, {'role': 'user', 'type': 'str', 'chars': 28}, {'role':           
         'assistant', 'type': 'str', 'chars': 169}, {'role': 'user', 'type':    
         'str', 'chars': 28}, {'role': 'assistant', 'type': 'str', 'chars':     
         182}, {'role': 'user', 'type': 'str', 'chars': 28}, {'role':           
         'assistant', 'type': 'str', 'chars': 362}, {'role': 'user', 'type':    
         'str', 'chars': 28}, {'role': 'assistant', 'type': 'str', 'chars':     
         125}, {'role': 'user', 'type': 'str', 'chars': 28}, {'role':           
         'assistant', 'type': 'str', 'chars': 1161}, {'role': 'user', 'type':   
         'str', 'chars': 28}, {'role': 'assistant', 'type': 'str', 'chars':     
         453}, {'role': 'user', 'type': 'str', 'chars': 28}, {'role':           
         'assistant', 'type': 'str', 'chars': 294}, {'role': 'user', 'type':    
         'str', 'chars': 28}, {'role': 'assistant', 'type': 'str', 'chars':     
         285}, {'role': 'user', 'type': 'str', 'chars': 28}, {'role':           
         'assistant', 'type': 'str', 'chars': 367}, {'role': 'user', 'type':    
         'str', 'chars': 28}, {'role': 'assistant', 'type': 'str', 'chars':     
         411}, {'role': 'user', 'type': 'str', 'chars': 28}, {'role':           
         'assistant', 'type': 'str', 'chars': 969}, {'role': 'user', 'type':    
         'str', 'chars': 28}, {'role': 'assistant', 'type': 'str', 'chars':     
         700}, {'role': 'user', 'type': 'str', 'chars': 29}, {'role':           
         'assistant', 'type': 'str', 'chars': 353}, {'role': 'user', 'type':    
         'str', 'chars': 28}, {'role': 'assistant', 'type': 'str', 'chars':     
         908}, {'role': 'user', 'type': 'str', 'chars': 29}, {'role':           
         'assistant', 'type': 'str', 'chars': 849}, {'role': 'user', 'type':    
         'str', 'chars': 28}, {'role': 'assistant', 'type': 'str', 'chars':     
         214}, {'role': 'user', 'type': 'str', 'chars': 28}, {'role':           
         'assistant', 'type': 'str', 'chars': 314}, {'role': 'user', 'type':    
         'str', 'chars': 28}, {'role': 'assistant', 'type': 'str', 'chars':     
         463}, {'role': 'user', 'type': 'str', 'chars': 28}, {'role':           
         'assistant', 'type': 'str', 'chars': 1370}, {'role': 'user', 'type':   
         'str', 'chars': 29}, {'role': 'assistant', 'type': 'str', 'chars':     
         939}, {'role': 'user', 'type': 'str', 'chars': 29}, {'role':           
         'assistant', 'type': 'str', 'chars': 600}, {'role': 'user', 'type':    
         'str', 'chars': 29}, {'role': 'assistant', 'type': 'str', 'chars':     
         620}, {'role': 'user', 'type': 'str', 'chars': 29}, {'role':           
         'assistant', 'type': 'str', 'chars': 174}, {'role': 'user', 'type':    
         'str', 'chars': 28}, {'role': 'assistant', 'type': 'str', 'chars':     
         908}, {'role': 'user', 'type': 'str', 'chars': 28}, {'role':           
         'assistant', 'type': 'str', 'chars': 489}, {'role': 'user', 'type':    
         'str', 'chars': 29}, {'role': 'assistant', 'type': 'str', 'chars':     
         603}, {'role': 'user', 'type': 'str', 'chars': 29}, {'role':           
         'assistant', 'type': 'str', 'chars': 461}, {'role': 'user', 'type':    
         'str', 'chars': 28}, {'role': 'assistant', 'type': 'str', 'chars':     
         144}, {'role': 'user', 'type': 'str', 'chars': 28}, {'role':           
         'assistant', 'type': 'str', 'chars': 416}, {'role': 'user', 'type':    
         'str', 'chars': 29}, {'role': 'assistant', 'type': 'str', 'chars':     
         121}, {'role': 'user', 'type': 'str', 'chars': 28}, {'role':           
         'assistant', 'type': 'str', 'chars': 528}, {'role': 'user', 'type':    
         'str', 'chars': 29}, {'role': 'assistant', 'type': 'str', 'chars':     
         190}, {'role': 'user', 'type': 'str', 'chars': 28}, {'role':           
         'assistant', 'type': 'str', 'chars': 725}, {'role': 'user', 'type':    
         'str', 'chars': 29}, {'role': 'assistant', 'type': 'str', 'chars':     
         1393}, {'role': 'user', 'type': 'str', 'chars': 29}, {'role':          
         'assistant', 'type': 'str', 'chars': 217}, {'role': 'user', 'type':    
         'str', 'chars': 28}, {'role': 'assistant', 'type': 'str', 'chars':     
         190}, {'role': 'user', 'type': 'str', 'chars': 28}, {'role':           
         'assistant', 'type': 'str', 'chars': 126}, {'role': 'user', 'type':    
         'str', 'chars': 28}, {'role': 'assistant', 'type': 'str', 'chars':     
         230}, {'role': 'user', 'type': 'str', 'chars': 323}, {'role':          
         'assistant', 'type': 'str', 'chars': 815}, {'role': 'user', 'type':    
         'str', 'chars': 432}, {'role': 'assistant', 'type': 'str', 'chars':    
         135}, {'role': 'user', 'type': 'str', 'chars': 119}, {'role':          
         'assistant', 'type': 'str', 'chars': 166}, {'role': 'user', 'type':    
         'str', 'chars': 119}, {'role': 'assistant', 'type': 'str', 'chars':    
         143}, {'role': 'user', 'type': 'str', 'chars': 119}]                   
INFO     Messages API response received: status=200 elapsed=45.4s               
DEBUG    input_tokens=10,494, output_tokens=1,781, instance_cost=0.00, cost=0.00
DEBUG    total_tokens_sent=365,947, total_tokens_received=31,626,               
         total_cost=0.00, total_api_calls=52                                    
INFO     濠电姷顣藉Σ鍛村磻閹捐泛绶ゅù鐘差儏閻ゎ喗銇勯弽銊х焼闁?THOUGHT (primary)
         DISCUSSION                                                             
         Let me try different approaches - maybe the text is encrypted with a   
         cipher using "awman" as a key, or maybe there's a different encoding.  
                                                                                
INFO     濠电姷顣藉Σ鍛村磻閹捐泛绶ゅù鐘差儏閻ゎ喗銇勯幇鈺佲偓妤佺▔?ACTION       
         (primary)                                                              
         python3 -c "                                                           
         enc = '5RRjnsi3Hb3yT3jWgFRcPWUg5gYXe81WPeX3vmXS'                       
                                                                                
         # Try Vigenere decrypt with 'awman' as key                             
         def vigenere_decrypt(ciphertext, key):                                 
             result = []                                                        
             key_idx = 0                                                        
             for c in ciphertext:                                               
                 if c.isalpha():                                                
                     base = ord('A') if c.isupper() else ord('a')               
                     shift = ord(key[key_idx % len(key)].lower()) - ord('a')    
                     result.append(chr((ord(c) - base - shift) % 26 + base))    
                     key_idx += 1                                               
                 else:                                                          
                     result.append(c)                                           
             return ''.join(result)                                             
                                                                                
         print('Vigenere with awman:', vigenere_decrypt(enc, 'awman'))          
         print('Vigenere with mann:', vigenere_decrypt(enc, 'mann'))            
                                                                                
         # Try XOR with awman                                                   
         def xor_decrypt(text, key):                                            
             result = []                                                        
             for i, c in enumerate(text):                                       
                 result.append(chr(ord(c) ^ ord(key[i % len(key)])))            
             return ''.join(result)                                             
                                                                                
         print('XOR with awman:', repr(xor_decrypt(enc, 'awman')))              
         print('XOR with mann:', repr(xor_decrypt(enc, 'mann')))                
                                                                                
         # Try ROT13                                                            
         import codecs                                                          
         print('ROT13:', codecs.decode(enc, 'rot_13'))                          
                                                                                
         # Try ROT47                                                            
         def rot47(s):                                                          
             result = []                                                        
             for c in s:                                                        
                 o = ord(c)                                                     
                 if 33 <= o <= 126:                                             
                     result.append(chr(33 + (o - 33 + 47) % 94))                
                 else:                                                          
                     result.append(c)                                           
             return ''.join(result)                                             
                                                                                
         print('ROT47:', rot47(enc))                                            
                                                                                
         # Try Base36                                                           
         def base36_decode(s):                                                  
             return int(s, 36)                                                  
                                                                                
         try:                                                                   
             num = base36_decode(enc.lower())                                   
             print('Base36:', num)                                              
             # Convert to bytes                                                 
             result = []                                                        
             while num > 0:                                                     
                 result.append(num & 0xff)                                      
                 num >>= 8                                                      
             print('Base36 bytes:', bytes(reversed(result)))                    
         except Exception as e:                                                 
             print('Base36 error:', e)                                          
         "                                                                      
                                                                                
INFO     濠电姷顣藉Σ鍛村磻閹捐泛绶ゅù鐘差儏缁愭鎱ㄥ鍡楀姦?MODEL INPUT         
         Vigenere with awman: 5RVxnfi3Lp3yG3jAuFEcTKUt5gCLe81JPiL3vzXW          
         Vigenere with mann: 5FRwagi3Uo3mT3wJuFEpDWHt5uYKr81KPrK3jmKF           
         XOR with awman: 'T%?\x0b\x00\x12\x1e^)\x0cR\x0e9R\x046\x10+3\r1        
         8\x06[\x06.5\x04VP =\x046R\x01\x009='                                  
         XOR with mann:                                                         
         "X3<\x04\x03\x12\x07]%\x03]\x179R\x049\n'<\r=6;\tX\x0676\x08Y_9=\x046]\
         x1b\x0c6="                                                             
         ROT13: 5EEwafv3Uo3lG3wJtSEpCJHt5tLKr81JCrK3izKF                        
         ROT47: d##;?D:bw3bJ%b;(8u#4!(&8d8*)6g`(!6)bG>)$                        
         Base36: 28646249735335519946388001303919838963697050998482161714965728 
         Base36 bytes:                                                          
         b'\x11\xd3\x9cb9\x17\xb9\xb1\xd7\x02M\xe6i\xa3\x02\x00\x9c\xeb\x8e\x8f@
         $\t\xbd\xac\xe0'                                                       
         (Open file: n/a)                                                       
         (Current directory: /__tmp__enigma-awman-ocp90jpm__repo)               
         (Interactive session: n/a)                                             
         bash-$                                                                 
INFO     Messages API request start: model=glm52_10 messages=105 timeout=1170.0s
         max_tokens=8192 native_tools=False thinking=auto shape=[{'role':       
         'user', 'type': 'str', 'chars': 3414}, {'role': 'assistant', 'type':   
         'str', 'chars': 127}, {'role': 'user', 'type': 'str', 'chars': 28},    
         {'role': 'assistant', 'type': 'str', 'chars': 97}, {'role': 'user',    
         'type': 'str', 'chars': 28}, {'role': 'assistant', 'type': 'str',      
         'chars': 185}, {'role': 'user', 'type': 'str', 'chars': 29}, {'role':  
         'assistant', 'type': 'str', 'chars': 143}, {'role': 'user', 'type':    
         'str', 'chars': 29}, {'role': 'assistant', 'type': 'str', 'chars':     
         329}, {'role': 'user', 'type': 'str', 'chars': 29}, {'role':           
         'assistant', 'type': 'str', 'chars': 120}, {'role': 'user', 'type':    
         'str', 'chars': 29}, {'role': 'assistant', 'type': 'str', 'chars':     
         317}, {'role': 'user', 'type': 'str', 'chars': 28}, {'role':           
         'assistant', 'type': 'str', 'chars': 625}, {'role': 'user', 'type':    
         'str', 'chars': 28}, {'role': 'assistant', 'type': 'str', 'chars':     
         312}, {'role': 'user', 'type': 'str', 'chars': 28}, {'role':           
         'assistant', 'type': 'str', 'chars': 169}, {'role': 'user', 'type':    
         'str', 'chars': 28}, {'role': 'assistant', 'type': 'str', 'chars':     
         182}, {'role': 'user', 'type': 'str', 'chars': 28}, {'role':           
         'assistant', 'type': 'str', 'chars': 362}, {'role': 'user', 'type':    
         'str', 'chars': 28}, {'role': 'assistant', 'type': 'str', 'chars':     
         125}, {'role': 'user', 'type': 'str', 'chars': 28}, {'role':           
         'assistant', 'type': 'str', 'chars': 1161}, {'role': 'user', 'type':   
         'str', 'chars': 28}, {'role': 'assistant', 'type': 'str', 'chars':     
         453}, {'role': 'user', 'type': 'str', 'chars': 28}, {'role':           
         'assistant', 'type': 'str', 'chars': 294}, {'role': 'user', 'type':    
         'str', 'chars': 28}, {'role': 'assistant', 'type': 'str', 'chars':     
         285}, {'role': 'user', 'type': 'str', 'chars': 28}, {'role':           
         'assistant', 'type': 'str', 'chars': 367}, {'role': 'user', 'type':    
         'str', 'chars': 28}, {'role': 'assistant', 'type': 'str', 'chars':     
         411}, {'role': 'user', 'type': 'str', 'chars': 28}, {'role':           
         'assistant', 'type': 'str', 'chars': 969}, {'role': 'user', 'type':    
         'str', 'chars': 28}, {'role': 'assistant', 'type': 'str', 'chars':     
         700}, {'role': 'user', 'type': 'str', 'chars': 29}, {'role':           
         'assistant', 'type': 'str', 'chars': 353}, {'role': 'user', 'type':    
         'str', 'chars': 28}, {'role': 'assistant', 'type': 'str', 'chars':     
         908}, {'role': 'user', 'type': 'str', 'chars': 29}, {'role':           
         'assistant', 'type': 'str', 'chars': 849}, {'role': 'user', 'type':    
         'str', 'chars': 28}, {'role': 'assistant', 'type': 'str', 'chars':     
         214}, {'role': 'user', 'type': 'str', 'chars': 28}, {'role':           
         'assistant', 'type': 'str', 'chars': 314}, {'role': 'user', 'type':    
         'str', 'chars': 28}, {'role': 'assistant', 'type': 'str', 'chars':     
         463}, {'role': 'user', 'type': 'str', 'chars': 28}, {'role':           
         'assistant', 'type': 'str', 'chars': 1370}, {'role': 'user', 'type':   
         'str', 'chars': 29}, {'role': 'assistant', 'type': 'str', 'chars':     
         939}, {'role': 'user', 'type': 'str', 'chars': 29}, {'role':           
         'assistant', 'type': 'str', 'chars': 600}, {'role': 'user', 'type':    
         'str', 'chars': 29}, {'role': 'assistant', 'type': 'str', 'chars':     
         620}, {'role': 'user', 'type': 'str', 'chars': 29}, {'role':           
         'assistant', 'type': 'str', 'chars': 174}, {'role': 'user', 'type':    
         'str', 'chars': 28}, {'role': 'assistant', 'type': 'str', 'chars':     
         908}, {'role': 'user', 'type': 'str', 'chars': 28}, {'role':           
         'assistant', 'type': 'str', 'chars': 489}, {'role': 'user', 'type':    
         'str', 'chars': 29}, {'role': 'assistant', 'type': 'str', 'chars':     
         603}, {'role': 'user', 'type': 'str', 'chars': 29}, {'role':           
         'assistant', 'type': 'str', 'chars': 461}, {'role': 'user', 'type':    
         'str', 'chars': 28}, {'role': 'assistant', 'type': 'str', 'chars':     
         144}, {'role': 'user', 'type': 'str', 'chars': 28}, {'role':           
         'assistant', 'type': 'str', 'chars': 416}, {'role': 'user', 'type':    
         'str', 'chars': 29}, {'role': 'assistant', 'type': 'str', 'chars':     
         121}, {'role': 'user', 'type': 'str', 'chars': 28}, {'role':           
         'assistant', 'type': 'str', 'chars': 528}, {'role': 'user', 'type':    
         'str', 'chars': 29}, {'role': 'assistant', 'type': 'str', 'chars':     
         190}, {'role': 'user', 'type': 'str', 'chars': 28}, {'role':           
         'assistant', 'type': 'str', 'chars': 725}, {'role': 'user', 'type':    
         'str', 'chars': 29}, {'role': 'assistant', 'type': 'str', 'chars':     
         1393}, {'role': 'user', 'type': 'str', 'chars': 29}, {'role':          
         'assistant', 'type': 'str', 'chars': 217}, {'role': 'user', 'type':    
         'str', 'chars': 28}, {'role': 'assistant', 'type': 'str', 'chars':     
         190}, {'role': 'user', 'type': 'str', 'chars': 28}, {'role':           
         'assistant', 'type': 'str', 'chars': 126}, {'role': 'user', 'type':    
         'str', 'chars': 28}, {'role': 'assistant', 'type': 'str', 'chars':     
         230}, {'role': 'user', 'type': 'str', 'chars': 28}, {'role':           
         'assistant', 'type': 'str', 'chars': 815}, {'role': 'user', 'type':    
         'str', 'chars': 432}, {'role': 'assistant', 'type': 'str', 'chars':    
         135}, {'role': 'user', 'type': 'str', 'chars': 119}, {'role':          
         'assistant', 'type': 'str', 'chars': 166}, {'role': 'user', 'type':    
         'str', 'chars': 119}, {'role': 'assistant', 'type': 'str', 'chars':    
         143}, {'role': 'user', 'type': 'str', 'chars': 119}, {'role':          
         'assistant', 'type': 'str', 'chars': 1772}, {'role': 'user', 'type':   
         'str', 'chars': 698}]                                                  
INFO     Messages API response received: status=200 elapsed=205.6s              
WARNING  Messages API empty response: keys=['content', 'id', 'model', 'role',   
         'stop_reason', 'type', 'usage'] block_types=['thinking']               
         stop_reason=max_tokens usage={'input_tokens': 11261, 'output_tokens':  
         8192}                                                                  
WARNING  Messages API returned thinking-only max_tokens; retrying with thinking 
         disabled                                                               
DEBUG    input_tokens=11,255, output_tokens=208, instance_cost=0.00, cost=0.00  
DEBUG    total_tokens_sent=377,202, total_tokens_received=31,834,               
         total_cost=0.00, total_api_calls=53                                    
INFO     濠电姷顣藉Σ鍛村磻閹捐泛绶ゅù鐘差儏閻ゎ喗銇勯弽銊х焼闁?THOUGHT (primary)
         DISCUSSION                                                             
         None of those decodings produced anything meaningful. Let me reconsider
         - maybe the Base58 decoded text IS the flag but with a different       
         wrapper. Let me also check if there's more data hidden in the image    
         using different tools.                                                 
                                                                                
INFO     濠电姷顣藉Σ鍛村磻閹捐泛绶ゅù鐘差儏閻ゎ喗銇勯幇鈺佲偓妤佺▔?ACTION       
         (primary)                                                              
         python3 -c "                                                           
         # Maybe the flag format is different - let's try various wrappers      
         import base58                                                          
         enc = '5RRjnsi3Hb3yT3jWgFRcPWUg5gYXe81WPeX3vmXS'                       
         decoded = base58.b58decode(enc).decode('utf-8')                        
         print('Decoded:', decoded)                                             
                                                                                
         # Extract just the inner part                                          
         inner = decoded.split('{')[1].rstrip('}')                              
         print('Inner:', inner)                                                 
                                                                                
         # Try different wrappers                                               
         wrappers = ['actf', 'flag', 'ctf', 'angstrom', 'angstromctf', 'ACTF',  
         'FLAG']                                                                
         for w in wrappers:                                                     
             print(f'{w}{{{inner}}}')                                           
         "                                                                      
                                                                                
INFO     濠电姷顣藉Σ鍛村磻閹捐泛绶ゅù鐘差儏缁愭鎱ㄥ鍡楀姦?MODEL INPUT         
         Decoded: actf{crazy?_i_was_crazy_once}                                 
         Inner: crazy?_i_was_crazy_once                                         
         actf{crazy?_i_was_crazy_once}                                          
         flag{crazy?_i_was_crazy_once}                                          
         ctf{crazy?_i_was_crazy_once}                                           
         angstrom{crazy?_i_was_crazy_once}                                      
         angstromctf{crazy?_i_was_crazy_once}                                   
         ACTF{crazy?_i_was_crazy_once}                                          
         FLAG{crazy?_i_was_crazy_once}                                          
         (Open file: n/a)                                                       
         (Current directory: /__tmp__enigma-awman-ocp90jpm__repo)               
         (Interactive session: n/a)                                             
         bash-$                                                                 
INFO     Messages API request start: model=glm52_10 messages=107 timeout=1170.0s
         max_tokens=8192 native_tools=False thinking=auto shape=[{'role':       
         'user', 'type': 'str', 'chars': 3414}, {'role': 'assistant', 'type':   
         'str', 'chars': 127}, {'role': 'user', 'type': 'str', 'chars': 28},    
         {'role': 'assistant', 'type': 'str', 'chars': 97}, {'role': 'user',    
         'type': 'str', 'chars': 28}, {'role': 'assistant', 'type': 'str',      
         'chars': 185}, {'role': 'user', 'type': 'str', 'chars': 29}, {'role':  
         'assistant', 'type': 'str', 'chars': 143}, {'role': 'user', 'type':    
         'str', 'chars': 29}, {'role': 'assistant', 'type': 'str', 'chars':     
         329}, {'role': 'user', 'type': 'str', 'chars': 29}, {'role':           
         'assistant', 'type': 'str', 'chars': 120}, {'role': 'user', 'type':    
         'str', 'chars': 29}, {'role': 'assistant', 'type': 'str', 'chars':     
         317}, {'role': 'user', 'type': 'str', 'chars': 28}, {'role':           
         'assistant', 'type': 'str', 'chars': 625}, {'role': 'user', 'type':    
         'str', 'chars': 28}, {'role': 'assistant', 'type': 'str', 'chars':     
         312}, {'role': 'user', 'type': 'str', 'chars': 28}, {'role':           
         'assistant', 'type': 'str', 'chars': 169}, {'role': 'user', 'type':    
         'str', 'chars': 28}, {'role': 'assistant', 'type': 'str', 'chars':     
         182}, {'role': 'user', 'type': 'str', 'chars': 28}, {'role':           
         'assistant', 'type': 'str', 'chars': 362}, {'role': 'user', 'type':    
         'str', 'chars': 28}, {'role': 'assistant', 'type': 'str', 'chars':     
         125}, {'role': 'user', 'type': 'str', 'chars': 28}, {'role':           
         'assistant', 'type': 'str', 'chars': 1161}, {'role': 'user', 'type':   
         'str', 'chars': 28}, {'role': 'assistant', 'type': 'str', 'chars':     
         453}, {'role': 'user', 'type': 'str', 'chars': 28}, {'role':           
         'assistant', 'type': 'str', 'chars': 294}, {'role': 'user', 'type':    
         'str', 'chars': 28}, {'role': 'assistant', 'type': 'str', 'chars':     
         285}, {'role': 'user', 'type': 'str', 'chars': 28}, {'role':           
         'assistant', 'type': 'str', 'chars': 367}, {'role': 'user', 'type':    
         'str', 'chars': 28}, {'role': 'assistant', 'type': 'str', 'chars':     
         411}, {'role': 'user', 'type': 'str', 'chars': 28}, {'role':           
         'assistant', 'type': 'str', 'chars': 969}, {'role': 'user', 'type':    
         'str', 'chars': 28}, {'role': 'assistant', 'type': 'str', 'chars':     
         700}, {'role': 'user', 'type': 'str', 'chars': 29}, {'role':           
         'assistant', 'type': 'str', 'chars': 353}, {'role': 'user', 'type':    
         'str', 'chars': 28}, {'role': 'assistant', 'type': 'str', 'chars':     
         908}, {'role': 'user', 'type': 'str', 'chars': 29}, {'role':           
         'assistant', 'type': 'str', 'chars': 849}, {'role': 'user', 'type':    
         'str', 'chars': 28}, {'role': 'assistant', 'type': 'str', 'chars':     
         214}, {'role': 'user', 'type': 'str', 'chars': 28}, {'role':           
         'assistant', 'type': 'str', 'chars': 314}, {'role': 'user', 'type':    
         'str', 'chars': 28}, {'role': 'assistant', 'type': 'str', 'chars':     
         463}, {'role': 'user', 'type': 'str', 'chars': 28}, {'role':           
         'assistant', 'type': 'str', 'chars': 1370}, {'role': 'user', 'type':   
         'str', 'chars': 29}, {'role': 'assistant', 'type': 'str', 'chars':     
         939}, {'role': 'user', 'type': 'str', 'chars': 29}, {'role':           
         'assistant', 'type': 'str', 'chars': 600}, {'role': 'user', 'type':    
         'str', 'chars': 29}, {'role': 'assistant', 'type': 'str', 'chars':     
         620}, {'role': 'user', 'type': 'str', 'chars': 29}, {'role':           
         'assistant', 'type': 'str', 'chars': 174}, {'role': 'user', 'type':    
         'str', 'chars': 28}, {'role': 'assistant', 'type': 'str', 'chars':     
         908}, {'role': 'user', 'type': 'str', 'chars': 28}, {'role':           
         'assistant', 'type': 'str', 'chars': 489}, {'role': 'user', 'type':    
         'str', 'chars': 29}, {'role': 'assistant', 'type': 'str', 'chars':     
         603}, {'role': 'user', 'type': 'str', 'chars': 29}, {'role':           
         'assistant', 'type': 'str', 'chars': 461}, {'role': 'user', 'type':    
         'str', 'chars': 28}, {'role': 'assistant', 'type': 'str', 'chars':     
         144}, {'role': 'user', 'type': 'str', 'chars': 28}, {'role':           
         'assistant', 'type': 'str', 'chars': 416}, {'role': 'user', 'type':    
         'str', 'chars': 29}, {'role': 'assistant', 'type': 'str', 'chars':     
         121}, {'role': 'user', 'type': 'str', 'chars': 28}, {'role':           
         'assistant', 'type': 'str', 'chars': 528}, {'role': 'user', 'type':    
         'str', 'chars': 29}, {'role': 'assistant', 'type': 'str', 'chars':     
         190}, {'role': 'user', 'type': 'str', 'chars': 28}, {'role':           
         'assistant', 'type': 'str', 'chars': 725}, {'role': 'user', 'type':    
         'str', 'chars': 29}, {'role': 'assistant', 'type': 'str', 'chars':     
         1393}, {'role': 'user', 'type': 'str', 'chars': 29}, {'role':          
         'assistant', 'type': 'str', 'chars': 217}, {'role': 'user', 'type':    
         'str', 'chars': 28}, {'role': 'assistant', 'type': 'str', 'chars':     
         190}, {'role': 'user', 'type': 'str', 'chars': 28}, {'role':           
         'assistant', 'type': 'str', 'chars': 126}, {'role': 'user', 'type':    
         'str', 'chars': 28}, {'role': 'assistant', 'type': 'str', 'chars':     
         230}, {'role': 'user', 'type': 'str', 'chars': 28}, {'role':           
         'assistant', 'type': 'str', 'chars': 815}, {'role': 'user', 'type':    
         'str', 'chars': 29}, {'role': 'assistant', 'type': 'str', 'chars':     
         135}, {'role': 'user', 'type': 'str', 'chars': 119}, {'role':          
         'assistant', 'type': 'str', 'chars': 166}, {'role': 'user', 'type':    
         'str', 'chars': 119}, {'role': 'assistant', 'type': 'str', 'chars':    
         143}, {'role': 'user', 'type': 'str', 'chars': 119}, {'role':          
         'assistant', 'type': 'str', 'chars': 1772}, {'role': 'user', 'type':   
         'str', 'chars': 698}, {'role': 'assistant', 'type': 'str', 'chars':    
         713}, {'role': 'user', 'type': 'str', 'chars': 397}]                   
INFO     Messages API response received: status=200 elapsed=11.9s               
DEBUG    input_tokens=11,448, output_tokens=348, instance_cost=0.00, cost=0.00  
DEBUG    total_tokens_sent=388,650, total_tokens_received=32,182,               
         total_cost=0.00, total_api_calls=54                                    
INFO     濠电姷顣藉Σ鍛村磻閹捐泛绶ゅù鐘差儏閻ゎ喗銇勯弽銊х焼闁?THOUGHT (primary)
         DISCUSSION                                                             
         Let me try submitting some of these variations.                        
                                                                                
INFO     濠电姷顣藉Σ鍛村磻閹捐泛绶ゅù鐘差儏閻ゎ喗銇勯幇鈺佲偓妤佺▔?ACTION       
         (primary)                                                              
         submit 'flag{crazy?_i_was_crazy_once}'                                 
                                                                                
WARNING  Wrong flag submission found.                                           
INFO     濠电姷顣藉Σ鍛村磻閹捐泛绶ゅù鐘差儏缁愭鎱ㄥ鍡楀姦?MODEL INPUT         
         Wrong flag!                                                            
         (Open file: n/a)                                                       
         (Current directory: /__tmp__enigma-awman-ocp90jpm__repo)               
         (Interactive session: n/a)                                             
         bash-$                                                                 
INFO     Messages API request start: model=glm52_10 messages=109 timeout=1170.0s
         max_tokens=8192 native_tools=False thinking=auto shape=[{'role':       
         'user', 'type': 'str', 'chars': 3414}, {'role': 'assistant', 'type':   
         'str', 'chars': 127}, {'role': 'user', 'type': 'str', 'chars': 28},    
         {'role': 'assistant', 'type': 'str', 'chars': 97}, {'role': 'user',    
         'type': 'str', 'chars': 28}, {'role': 'assistant', 'type': 'str',      
         'chars': 185}, {'role': 'user', 'type': 'str', 'chars': 29}, {'role':  
         'assistant', 'type': 'str', 'chars': 143}, {'role': 'user', 'type':    
         'str', 'chars': 29}, {'role': 'assistant', 'type': 'str', 'chars':     
         329}, {'role': 'user', 'type': 'str', 'chars': 29}, {'role':           
         'assistant', 'type': 'str', 'chars': 120}, {'role': 'user', 'type':    
         'str', 'chars': 29}, {'role': 'assistant', 'type': 'str', 'chars':     
         317}, {'role': 'user', 'type': 'str', 'chars': 28}, {'role':           
         'assistant', 'type': 'str', 'chars': 625}, {'role': 'user', 'type':    
         'str', 'chars': 28}, {'role': 'assistant', 'type': 'str', 'chars':     
         312}, {'role': 'user', 'type': 'str', 'chars': 28}, {'role':           
         'assistant', 'type': 'str', 'chars': 169}, {'role': 'user', 'type':    
         'str', 'chars': 28}, {'role': 'assistant', 'type': 'str', 'chars':     
         182}, {'role': 'user', 'type': 'str', 'chars': 28}, {'role':           
         'assistant', 'type': 'str', 'chars': 362}, {'role': 'user', 'type':    
         'str', 'chars': 28}, {'role': 'assistant', 'type': 'str', 'chars':     
         125}, {'role': 'user', 'type': 'str', 'chars': 28}, {'role':           
         'assistant', 'type': 'str', 'chars': 1161}, {'role': 'user', 'type':   
         'str', 'chars': 28}, {'role': 'assistant', 'type': 'str', 'chars':     
         453}, {'role': 'user', 'type': 'str', 'chars': 28}, {'role':           
         'assistant', 'type': 'str', 'chars': 294}, {'role': 'user', 'type':    
         'str', 'chars': 28}, {'role': 'assistant', 'type': 'str', 'chars':     
         285}, {'role': 'user', 'type': 'str', 'chars': 28}, {'role':           
         'assistant', 'type': 'str', 'chars': 367}, {'role': 'user', 'type':    
         'str', 'chars': 28}, {'role': 'assistant', 'type': 'str', 'chars':     
         411}, {'role': 'user', 'type': 'str', 'chars': 28}, {'role':           
         'assistant', 'type': 'str', 'chars': 969}, {'role': 'user', 'type':    
         'str', 'chars': 28}, {'role': 'assistant', 'type': 'str', 'chars':     
         700}, {'role': 'user', 'type': 'str', 'chars': 29}, {'role':           
         'assistant', 'type': 'str', 'chars': 353}, {'role': 'user', 'type':    
         'str', 'chars': 28}, {'role': 'assistant', 'type': 'str', 'chars':     
         908}, {'role': 'user', 'type': 'str', 'chars': 29}, {'role':           
         'assistant', 'type': 'str', 'chars': 849}, {'role': 'user', 'type':    
         'str', 'chars': 28}, {'role': 'assistant', 'type': 'str', 'chars':     
         214}, {'role': 'user', 'type': 'str', 'chars': 28}, {'role':           
         'assistant', 'type': 'str', 'chars': 314}, {'role': 'user', 'type':    
         'str', 'chars': 28}, {'role': 'assistant', 'type': 'str', 'chars':     
         463}, {'role': 'user', 'type': 'str', 'chars': 28}, {'role':           
         'assistant', 'type': 'str', 'chars': 1370}, {'role': 'user', 'type':   
         'str', 'chars': 29}, {'role': 'assistant', 'type': 'str', 'chars':     
         939}, {'role': 'user', 'type': 'str', 'chars': 29}, {'role':           
         'assistant', 'type': 'str', 'chars': 600}, {'role': 'user', 'type':    
         'str', 'chars': 29}, {'role': 'assistant', 'type': 'str', 'chars':     
         620}, {'role': 'user', 'type': 'str', 'chars': 29}, {'role':           
         'assistant', 'type': 'str', 'chars': 174}, {'role': 'user', 'type':    
         'str', 'chars': 28}, {'role': 'assistant', 'type': 'str', 'chars':     
         908}, {'role': 'user', 'type': 'str', 'chars': 28}, {'role':           
         'assistant', 'type': 'str', 'chars': 489}, {'role': 'user', 'type':    
         'str', 'chars': 29}, {'role': 'assistant', 'type': 'str', 'chars':     
         603}, {'role': 'user', 'type': 'str', 'chars': 29}, {'role':           
         'assistant', 'type': 'str', 'chars': 461}, {'role': 'user', 'type':    
         'str', 'chars': 28}, {'role': 'assistant', 'type': 'str', 'chars':     
         144}, {'role': 'user', 'type': 'str', 'chars': 28}, {'role':           
         'assistant', 'type': 'str', 'chars': 416}, {'role': 'user', 'type':    
         'str', 'chars': 29}, {'role': 'assistant', 'type': 'str', 'chars':     
         121}, {'role': 'user', 'type': 'str', 'chars': 28}, {'role':           
         'assistant', 'type': 'str', 'chars': 528}, {'role': 'user', 'type':    
         'str', 'chars': 29}, {'role': 'assistant', 'type': 'str', 'chars':     
         190}, {'role': 'user', 'type': 'str', 'chars': 28}, {'role':           
         'assistant', 'type': 'str', 'chars': 725}, {'role': 'user', 'type':    
         'str', 'chars': 29}, {'role': 'assistant', 'type': 'str', 'chars':     
         1393}, {'role': 'user', 'type': 'str', 'chars': 29}, {'role':          
         'assistant', 'type': 'str', 'chars': 217}, {'role': 'user', 'type':    
         'str', 'chars': 28}, {'role': 'assistant', 'type': 'str', 'chars':     
         190}, {'role': 'user', 'type': 'str', 'chars': 28}, {'role':           
         'assistant', 'type': 'str', 'chars': 126}, {'role': 'user', 'type':    
         'str', 'chars': 28}, {'role': 'assistant', 'type': 'str', 'chars':     
         230}, {'role': 'user', 'type': 'str', 'chars': 28}, {'role':           
         'assistant', 'type': 'str', 'chars': 815}, {'role': 'user', 'type':    
         'str', 'chars': 29}, {'role': 'assistant', 'type': 'str', 'chars':     
         135}, {'role': 'user', 'type': 'str', 'chars': 28}, {'role':           
         'assistant', 'type': 'str', 'chars': 166}, {'role': 'user', 'type':    
         'str', 'chars': 119}, {'role': 'assistant', 'type': 'str', 'chars':    
         143}, {'role': 'user', 'type': 'str', 'chars': 119}, {'role':          
         'assistant', 'type': 'str', 'chars': 1772}, {'role': 'user', 'type':   
         'str', 'chars': 698}, {'role': 'assistant', 'type': 'str', 'chars':    
         713}, {'role': 'user', 'type': 'str', 'chars': 397}, {'role':          
         'assistant', 'type': 'str', 'chars': 105}, {'role': 'user', 'type':    
         'str', 'chars': 119}]                                                  
INFO     Messages API response received: status=200 elapsed=232.0s              
WARNING  Messages API empty response: keys=['content', 'id', 'model', 'role',   
         'stop_reason', 'type', 'usage'] block_types=['thinking']               
         stop_reason=max_tokens usage={'input_tokens': 11489, 'output_tokens':  
         8192}                                                                  
WARNING  Messages API returned thinking-only max_tokens; retrying with thinking 
         disabled                                                               
DEBUG    input_tokens=11,483, output_tokens=40, instance_cost=0.00, cost=0.00   
DEBUG    total_tokens_sent=400,133, total_tokens_received=32,222,               
         total_cost=0.00, total_api_calls=55                                    
INFO     濠电姷顣藉Σ鍛村磻閹捐泛绶ゅù鐘差儏閻ゎ喗銇勯弽銊х焼闁?THOUGHT (primary)
         DISCUSSION                                                             
         Let me try other variations and also look more carefully at the image  
         for additional hidden data.                                            
                                                                                
INFO     濠电姷顣藉Σ鍛村磻閹捐泛绶ゅù鐘差儏閻ゎ喗銇勯幇鈺佲偓妤佺▔?ACTION       
         (primary)                                                              
         submit 'angstrom{crazy?_i_was_crazy_once}'                             
                                                                                
WARNING  Wrong flag submission found.                                           
INFO     濠电姷顣藉Σ鍛村磻閹捐泛绶ゅù鐘差儏缁愭鎱ㄥ鍡楀姦?MODEL INPUT         
         Wrong flag!                                                            
         (Open file: n/a)                                                       
         (Current directory: /__tmp__enigma-awman-ocp90jpm__repo)               
         (Interactive session: n/a)                                             
         bash-$                                                                 
INFO     Messages API request start: model=glm52_10 messages=111 timeout=1170.0s
         max_tokens=8192 native_tools=False thinking=auto shape=[{'role':       
         'user', 'type': 'str', 'chars': 3414}, {'role': 'assistant', 'type':   
         'str', 'chars': 127}, {'role': 'user', 'type': 'str', 'chars': 28},    
         {'role': 'assistant', 'type': 'str', 'chars': 97}, {'role': 'user',    
         'type': 'str', 'chars': 28}, {'role': 'assistant', 'type': 'str',      
         'chars': 185}, {'role': 'user', 'type': 'str', 'chars': 29}, {'role':  
         'assistant', 'type': 'str', 'chars': 143}, {'role': 'user', 'type':    
         'str', 'chars': 29}, {'role': 'assistant', 'type': 'str', 'chars':     
         329}, {'role': 'user', 'type': 'str', 'chars': 29}, {'role':           
         'assistant', 'type': 'str', 'chars': 120}, {'role': 'user', 'type':    
         'str', 'chars': 29}, {'role': 'assistant', 'type': 'str', 'chars':     
         317}, {'role': 'user', 'type': 'str', 'chars': 28}, {'role':           
         'assistant', 'type': 'str', 'chars': 625}, {'role': 'user', 'type':    
         'str', 'chars': 28}, {'role': 'assistant', 'type': 'str', 'chars':     
         312}, {'role': 'user', 'type': 'str', 'chars': 28}, {'role':           
         'assistant', 'type': 'str', 'chars': 169}, {'role': 'user', 'type':    
         'str', 'chars': 28}, {'role': 'assistant', 'type': 'str', 'chars':     
         182}, {'role': 'user', 'type': 'str', 'chars': 28}, {'role':           
         'assistant', 'type': 'str', 'chars': 362}, {'role': 'user', 'type':    
         'str', 'chars': 28}, {'role': 'assistant', 'type': 'str', 'chars':     
         125}, {'role': 'user', 'type': 'str', 'chars': 28}, {'role':           
         'assistant', 'type': 'str', 'chars': 1161}, {'role': 'user', 'type':   
         'str', 'chars': 28}, {'role': 'assistant', 'type': 'str', 'chars':     
         453}, {'role': 'user', 'type': 'str', 'chars': 28}, {'role':           
         'assistant', 'type': 'str', 'chars': 294}, {'role': 'user', 'type':    
         'str', 'chars': 28}, {'role': 'assistant', 'type': 'str', 'chars':     
         285}, {'role': 'user', 'type': 'str', 'chars': 28}, {'role':           
         'assistant', 'type': 'str', 'chars': 367}, {'role': 'user', 'type':    
         'str', 'chars': 28}, {'role': 'assistant', 'type': 'str', 'chars':     
         411}, {'role': 'user', 'type': 'str', 'chars': 28}, {'role':           
         'assistant', 'type': 'str', 'chars': 969}, {'role': 'user', 'type':    
         'str', 'chars': 28}, {'role': 'assistant', 'type': 'str', 'chars':     
         700}, {'role': 'user', 'type': 'str', 'chars': 29}, {'role':           
         'assistant', 'type': 'str', 'chars': 353}, {'role': 'user', 'type':    
         'str', 'chars': 28}, {'role': 'assistant', 'type': 'str', 'chars':     
         908}, {'role': 'user', 'type': 'str', 'chars': 29}, {'role':           
         'assistant', 'type': 'str', 'chars': 849}, {'role': 'user', 'type':    
         'str', 'chars': 28}, {'role': 'assistant', 'type': 'str', 'chars':     
         214}, {'role': 'user', 'type': 'str', 'chars': 28}, {'role':           
         'assistant', 'type': 'str', 'chars': 314}, {'role': 'user', 'type':    
         'str', 'chars': 28}, {'role': 'assistant', 'type': 'str', 'chars':     
         463}, {'role': 'user', 'type': 'str', 'chars': 28}, {'role':           
         'assistant', 'type': 'str', 'chars': 1370}, {'role': 'user', 'type':   
         'str', 'chars': 29}, {'role': 'assistant', 'type': 'str', 'chars':     
         939}, {'role': 'user', 'type': 'str', 'chars': 29}, {'role':           
         'assistant', 'type': 'str', 'chars': 600}, {'role': 'user', 'type':    
         'str', 'chars': 29}, {'role': 'assistant', 'type': 'str', 'chars':     
         620}, {'role': 'user', 'type': 'str', 'chars': 29}, {'role':           
         'assistant', 'type': 'str', 'chars': 174}, {'role': 'user', 'type':    
         'str', 'chars': 28}, {'role': 'assistant', 'type': 'str', 'chars':     
         908}, {'role': 'user', 'type': 'str', 'chars': 28}, {'role':           
         'assistant', 'type': 'str', 'chars': 489}, {'role': 'user', 'type':    
         'str', 'chars': 29}, {'role': 'assistant', 'type': 'str', 'chars':     
         603}, {'role': 'user', 'type': 'str', 'chars': 29}, {'role':           
         'assistant', 'type': 'str', 'chars': 461}, {'role': 'user', 'type':    
         'str', 'chars': 28}, {'role': 'assistant', 'type': 'str', 'chars':     
         144}, {'role': 'user', 'type': 'str', 'chars': 28}, {'role':           
         'assistant', 'type': 'str', 'chars': 416}, {'role': 'user', 'type':    
         'str', 'chars': 29}, {'role': 'assistant', 'type': 'str', 'chars':     
         121}, {'role': 'user', 'type': 'str', 'chars': 28}, {'role':           
         'assistant', 'type': 'str', 'chars': 528}, {'role': 'user', 'type':    
         'str', 'chars': 29}, {'role': 'assistant', 'type': 'str', 'chars':     
         190}, {'role': 'user', 'type': 'str', 'chars': 28}, {'role':           
         'assistant', 'type': 'str', 'chars': 725}, {'role': 'user', 'type':    
         'str', 'chars': 29}, {'role': 'assistant', 'type': 'str', 'chars':     
         1393}, {'role': 'user', 'type': 'str', 'chars': 29}, {'role':          
         'assistant', 'type': 'str', 'chars': 217}, {'role': 'user', 'type':    
         'str', 'chars': 28}, {'role': 'assistant', 'type': 'str', 'chars':     
         190}, {'role': 'user', 'type': 'str', 'chars': 28}, {'role':           
         'assistant', 'type': 'str', 'chars': 126}, {'role': 'user', 'type':    
         'str', 'chars': 28}, {'role': 'assistant', 'type': 'str', 'chars':     
         230}, {'role': 'user', 'type': 'str', 'chars': 28}, {'role':           
         'assistant', 'type': 'str', 'chars': 815}, {'role': 'user', 'type':    
         'str', 'chars': 29}, {'role': 'assistant', 'type': 'str', 'chars':     
         135}, {'role': 'user', 'type': 'str', 'chars': 28}, {'role':           
         'assistant', 'type': 'str', 'chars': 166}, {'role': 'user', 'type':    
         'str', 'chars': 28}, {'role': 'assistant', 'type': 'str', 'chars':     
         143}, {'role': 'user', 'type': 'str', 'chars': 119}, {'role':          
         'assistant', 'type': 'str', 'chars': 1772}, {'role': 'user', 'type':   
         'str', 'chars': 698}, {'role': 'assistant', 'type': 'str', 'chars':    
         713}, {'role': 'user', 'type': 'str', 'chars': 397}, {'role':          
         'assistant', 'type': 'str', 'chars': 105}, {'role': 'user', 'type':    
         'str', 'chars': 119}, {'role': 'assistant', 'type': 'str', 'chars':    
         159}, {'role': 'user', 'type': 'str', 'chars': 119}]                   
INFO     Messages API response received: status=200 elapsed=217.2s              
WARNING  Messages API empty response: keys=['content', 'id', 'model', 'role',   
         'stop_reason', 'type', 'usage'] block_types=['thinking']               
         stop_reason=max_tokens usage={'input_tokens': 11539, 'output_tokens':  
         8192}                                                                  
WARNING  Messages API returned thinking-only max_tokens; retrying with thinking 
         disabled                                                               
DEBUG    input_tokens=11,533, output_tokens=44, instance_cost=0.00, cost=0.00   
DEBUG    total_tokens_sent=411,666, total_tokens_received=32,266,               
         total_cost=0.00, total_api_calls=56                                    
INFO     濠电姷顣藉Σ鍛村磻閹捐泛绶ゅù鐘差儏閻ゎ喗銇勯弽銊х焼闁?THOUGHT (primary)
         DISCUSSION                                                             
         Let me try the angstromctf format and also look for additional hidden  
         data in the image.                                                     
                                                                                
INFO     濠电姷顣藉Σ鍛村磻閹捐泛绶ゅù鐘差儏閻ゎ喗銇勯幇鈺佲偓妤佺▔?ACTION       
         (primary)                                                              
         submit 'angstromctf{crazy?_i_was_crazy_once}'                          
                                                                                
WARNING  Wrong flag submission found.                                           
INFO     濠电姷顣藉Σ鍛村磻閹捐泛绶ゅù鐘差儏缁愭鎱ㄥ鍡楀姦?MODEL INPUT         
         Wrong flag!                                                            
         (Open file: n/a)                                                       
         (Current directory: /__tmp__enigma-awman-ocp90jpm__repo)               
         (Interactive session: n/a)                                             
         bash-$                                                                 
INFO     Messages API request start: model=glm52_10 messages=113 timeout=1170.0s
         max_tokens=8192 native_tools=False thinking=auto shape=[{'role':       
         'user', 'type': 'str', 'chars': 3414}, {'role': 'assistant', 'type':   
         'str', 'chars': 127}, {'role': 'user', 'type': 'str', 'chars': 28},    
         {'role': 'assistant', 'type': 'str', 'chars': 97}, {'role': 'user',    
         'type': 'str', 'chars': 28}, {'role': 'assistant', 'type': 'str',      
         'chars': 185}, {'role': 'user', 'type': 'str', 'chars': 29}, {'role':  
         'assistant', 'type': 'str', 'chars': 143}, {'role': 'user', 'type':    
         'str', 'chars': 29}, {'role': 'assistant', 'type': 'str', 'chars':     
         329}, {'role': 'user', 'type': 'str', 'chars': 29}, {'role':           
         'assistant', 'type': 'str', 'chars': 120}, {'role': 'user', 'type':    
         'str', 'chars': 29}, {'role': 'assistant', 'type': 'str', 'chars':     
         317}, {'role': 'user', 'type': 'str', 'chars': 28}, {'role':           
         'assistant', 'type': 'str', 'chars': 625}, {'role': 'user', 'type':    
         'str', 'chars': 28}, {'role': 'assistant', 'type': 'str', 'chars':     
         312}, {'role': 'user', 'type': 'str', 'chars': 28}, {'role':           
         'assistant', 'type': 'str', 'chars': 169}, {'role': 'user', 'type':    
         'str', 'chars': 28}, {'role': 'assistant', 'type': 'str', 'chars':     
         182}, {'role': 'user', 'type': 'str', 'chars': 28}, {'role':           
         'assistant', 'type': 'str', 'chars': 362}, {'role': 'user', 'type':    
         'str', 'chars': 28}, {'role': 'assistant', 'type': 'str', 'chars':     
         125}, {'role': 'user', 'type': 'str', 'chars': 28}, {'role':           
         'assistant', 'type': 'str', 'chars': 1161}, {'role': 'user', 'type':   
         'str', 'chars': 28}, {'role': 'assistant', 'type': 'str', 'chars':     
         453}, {'role': 'user', 'type': 'str', 'chars': 28}, {'role':           
         'assistant', 'type': 'str', 'chars': 294}, {'role': 'user', 'type':    
         'str', 'chars': 28}, {'role': 'assistant', 'type': 'str', 'chars':     
         285}, {'role': 'user', 'type': 'str', 'chars': 28}, {'role':           
         'assistant', 'type': 'str', 'chars': 367}, {'role': 'user', 'type':    
         'str', 'chars': 28}, {'role': 'assistant', 'type': 'str', 'chars':     
         411}, {'role': 'user', 'type': 'str', 'chars': 28}, {'role':           
         'assistant', 'type': 'str', 'chars': 969}, {'role': 'user', 'type':    
         'str', 'chars': 28}, {'role': 'assistant', 'type': 'str', 'chars':     
         700}, {'role': 'user', 'type': 'str', 'chars': 29}, {'role':           
         'assistant', 'type': 'str', 'chars': 353}, {'role': 'user', 'type':    
         'str', 'chars': 28}, {'role': 'assistant', 'type': 'str', 'chars':     
         908}, {'role': 'user', 'type': 'str', 'chars': 29}, {'role':           
         'assistant', 'type': 'str', 'chars': 849}, {'role': 'user', 'type':    
         'str', 'chars': 28}, {'role': 'assistant', 'type': 'str', 'chars':     
         214}, {'role': 'user', 'type': 'str', 'chars': 28}, {'role':           
         'assistant', 'type': 'str', 'chars': 314}, {'role': 'user', 'type':    
         'str', 'chars': 28}, {'role': 'assistant', 'type': 'str', 'chars':     
         463}, {'role': 'user', 'type': 'str', 'chars': 28}, {'role':           
         'assistant', 'type': 'str', 'chars': 1370}, {'role': 'user', 'type':   
         'str', 'chars': 29}, {'role': 'assistant', 'type': 'str', 'chars':     
         939}, {'role': 'user', 'type': 'str', 'chars': 29}, {'role':           
         'assistant', 'type': 'str', 'chars': 600}, {'role': 'user', 'type':    
         'str', 'chars': 29}, {'role': 'assistant', 'type': 'str', 'chars':     
         620}, {'role': 'user', 'type': 'str', 'chars': 29}, {'role':           
         'assistant', 'type': 'str', 'chars': 174}, {'role': 'user', 'type':    
         'str', 'chars': 28}, {'role': 'assistant', 'type': 'str', 'chars':     
         908}, {'role': 'user', 'type': 'str', 'chars': 28}, {'role':           
         'assistant', 'type': 'str', 'chars': 489}, {'role': 'user', 'type':    
         'str', 'chars': 29}, {'role': 'assistant', 'type': 'str', 'chars':     
         603}, {'role': 'user', 'type': 'str', 'chars': 29}, {'role':           
         'assistant', 'type': 'str', 'chars': 461}, {'role': 'user', 'type':    
         'str', 'chars': 28}, {'role': 'assistant', 'type': 'str', 'chars':     
         144}, {'role': 'user', 'type': 'str', 'chars': 28}, {'role':           
         'assistant', 'type': 'str', 'chars': 416}, {'role': 'user', 'type':    
         'str', 'chars': 29}, {'role': 'assistant', 'type': 'str', 'chars':     
         121}, {'role': 'user', 'type': 'str', 'chars': 28}, {'role':           
         'assistant', 'type': 'str', 'chars': 528}, {'role': 'user', 'type':    
         'str', 'chars': 29}, {'role': 'assistant', 'type': 'str', 'chars':     
         190}, {'role': 'user', 'type': 'str', 'chars': 28}, {'role':           
         'assistant', 'type': 'str', 'chars': 725}, {'role': 'user', 'type':    
         'str', 'chars': 29}, {'role': 'assistant', 'type': 'str', 'chars':     
         1393}, {'role': 'user', 'type': 'str', 'chars': 29}, {'role':          
         'assistant', 'type': 'str', 'chars': 217}, {'role': 'user', 'type':    
         'str', 'chars': 28}, {'role': 'assistant', 'type': 'str', 'chars':     
         190}, {'role': 'user', 'type': 'str', 'chars': 28}, {'role':           
         'assistant', 'type': 'str', 'chars': 126}, {'role': 'user', 'type':    
         'str', 'chars': 28}, {'role': 'assistant', 'type': 'str', 'chars':     
         230}, {'role': 'user', 'type': 'str', 'chars': 28}, {'role':           
         'assistant', 'type': 'str', 'chars': 815}, {'role': 'user', 'type':    
         'str', 'chars': 29}, {'role': 'assistant', 'type': 'str', 'chars':     
         135}, {'role': 'user', 'type': 'str', 'chars': 28}, {'role':           
         'assistant', 'type': 'str', 'chars': 166}, {'role': 'user', 'type':    
         'str', 'chars': 28}, {'role': 'assistant', 'type': 'str', 'chars':     
         143}, {'role': 'user', 'type': 'str', 'chars': 28}, {'role':           
         'assistant', 'type': 'str', 'chars': 1772}, {'role': 'user', 'type':   
         'str', 'chars': 698}, {'role': 'assistant', 'type': 'str', 'chars':    
         713}, {'role': 'user', 'type': 'str', 'chars': 397}, {'role':          
         'assistant', 'type': 'str', 'chars': 105}, {'role': 'user', 'type':    
         'str', 'chars': 119}, {'role': 'assistant', 'type': 'str', 'chars':    
         159}, {'role': 'user', 'type': 'str', 'chars': 119}, {'role':          
         'assistant', 'type': 'str', 'chars': 153}, {'role': 'user', 'type':    
         'str', 'chars': 119}]                                                  
INFO     Messages API response received: status=200 elapsed=85.2s               
DEBUG    input_tokens=11,593, output_tokens=2,899, instance_cost=0.00, cost=0.00
DEBUG    total_tokens_sent=423,259, total_tokens_received=35,165,               
         total_cost=0.00, total_api_calls=57                                    
INFO     濠电姷顣藉Σ鍛村磻閹捐泛绶ゅù鐘差儏閻ゎ喗銇勯弽銊х焼闁?THOUGHT (primary)
         DISCUSSION                                                             
         Let me try converting the image to PNG and using zsteg to look for     
         hidden data, and also try other steganography tools.                   
                                                                                
INFO     濠电姷顣藉Σ鍛村磻閹捐泛绶ゅù鐘差儏閻ゎ喗銇勯幇鈺佲偓妤佺▔?ACTION       
         (primary)                                                              
         python3 -c "                                                           
         from PIL import Image                                                  
         img = Image.open('mann.jpg')                                           
         img.save('mann.png')                                                   
         print('Converted to PNG')                                              
         " && pip install zsteg 2>/dev/null | tail -1; which zsteg 2>/dev/null  
         || gem install zsteg 2>/dev/null | tail -3; zsteg mann.png 2>/dev/null 
         || echo "zsteg not available"                                          
                                                                                
INFO     濠电姷顣藉Σ鍛村磻閹捐泛绶ゅù鐘差儏缁愭鎱ㄥ鍡楀姦?MODEL INPUT         
         Converted to PNG                                                       
         Successfully installed zsteg-0.0.1                                     
         Installing ri documentation for zsteg-0.2.14                           
         Done installing documentation for rainbow, iostruct, zpng, zsteg after 
         0 seconds                                                              
         4 gems installed                                                       
                                                                                
         imagedata           .. text: "\n\t\r\r\r\n\n\n"                        
                                                                                
         b1,r,lsb,xy         ..                                                 
         b1,r,msb,xy         ..                                                 
         b1,g,lsb,xy         ..                                                 
         b1,g,msb,xy         ..                                                 
         b1,b,lsb,xy         ..                                                 
         b1,b,msb,xy         ..                                                 
         b1,rgb,lsb,xy       ..                                                 
         b1,rgb,msb,xy       ..                                                 
         b1,bgr,lsb,xy       ..                                                 
         b1,bgr,msb,xy       ..                                                 
         b2,r,lsb,xy         .. text: "UUT?UUUU"                                
                                                                                
         b2,r,msb,xy         ..                                                 
         b2,g,lsb,xy         .. file: VISX image file                           
                                                                                
         b2,g,msb,xy         .. file: SoftQuad DESC or font file binary -       
         version 2709                                                           
                                                                                
         b2,b,lsb,xy         ..                                                 
         b2,b,msb,xy         ..                                                 
         b2,rgb,lsb,xy       ..                                                 
         b2,rgb,msb,xy       ..                                                 
         b2,bgr,lsb,xy       ..                                                 
         b2,bgr,msb,xy       ..                                                 
         b3,r,lsb,xy         ..                                                 
         b3,r,msb,xy         ..                                                 
         b3,g,lsb,xy         ..                                                 
         b3,g,msb,xy         ..                                                 
         b3,b,lsb,xy         ..                                                 
         b3,b,msb,xy         ..                                                 
         b3,rgb,lsb,xy       ..                                                 
         b3,rgb,msb,xy       .. text: "+Xen|ks+"                                
                                                                                
         b3,bgr,lsb,xy       ..                                                 
         b3,bgr,msb,xy       .. text: "-]jG2)R="                                
                                                                                
         b4,r,lsb,xy         .. text: "wffeTDfTEV3333UT2"                       
                                                                                
         b4,r,msb,xy         ..                                                 
         b4,g,lsb,xy         .. file: OpenPGP Public Key                        
                                                                                
         b4,g,msb,xy         .. file: OpenPGP Public Key                        
                                                                                
         b4,b,lsb,xy         ..                                                 
         b4,b,msb,xy         .. text: "]UUUUUUUU5"                              
                                                                                
         b4,rgb,lsb,xy       .. text: "F4cF4cF4cFV"                             
                                                                                
         b4,rgb,msb,xy       ..                                                 
         b4,bgr,lsb,xy       .. text: "6Cd6Cd6Cd6C"                             
                                                                                
         b4,bgr,msb,xy       ..                                                 
                                                                                
         (Open file: n/a)                                                       
         (Current directory: /__tmp__enigma-awman-ocp90jpm__repo)               
         (Interactive session: n/a)                                             
         bash-$                                                                 
INFO     Messages API request start: model=glm52_10 messages=115 timeout=1170.0s
         max_tokens=8192 native_tools=False thinking=auto shape=[{'role':       
         'user', 'type': 'str', 'chars': 3414}, {'role': 'assistant', 'type':   
         'str', 'chars': 127}, {'role': 'user', 'type': 'str', 'chars': 28},    
         {'role': 'assistant', 'type': 'str', 'chars': 97}, {'role': 'user',    
         'type': 'str', 'chars': 28}, {'role': 'assistant', 'type': 'str',      
         'chars': 185}, {'role': 'user', 'type': 'str', 'chars': 29}, {'role':  
         'assistant', 'type': 'str', 'chars': 143}, {'role': 'user', 'type':    
         'str', 'chars': 29}, {'role': 'assistant', 'type': 'str', 'chars':     
         329}, {'role': 'user', 'type': 'str', 'chars': 29}, {'role':           
         'assistant', 'type': 'str', 'chars': 120}, {'role': 'user', 'type':    
         'str', 'chars': 29}, {'role': 'assistant', 'type': 'str', 'chars':     
         317}, {'role': 'user', 'type': 'str', 'chars': 28}, {'role':           
         'assistant', 'type': 'str', 'chars': 625}, {'role': 'user', 'type':    
         'str', 'chars': 28}, {'role': 'assistant', 'type': 'str', 'chars':     
         312}, {'role': 'user', 'type': 'str', 'chars': 28}, {'role':           
         'assistant', 'type': 'str', 'chars': 169}, {'role': 'user', 'type':    
         'str', 'chars': 28}, {'role': 'assistant', 'type': 'str', 'chars':     
         182}, {'role': 'user', 'type': 'str', 'chars': 28}, {'role':           
         'assistant', 'type': 'str', 'chars': 362}, {'role': 'user', 'type':    
         'str', 'chars': 28}, {'role': 'assistant', 'type': 'str', 'chars':     
         125}, {'role': 'user', 'type': 'str', 'chars': 28}, {'role':           
         'assistant', 'type': 'str', 'chars': 1161}, {'role': 'user', 'type':   
         'str', 'chars': 28}, {'role': 'assistant', 'type': 'str', 'chars':     
         453}, {'role': 'user', 'type': 'str', 'chars': 28}, {'role':           
         'assistant', 'type': 'str', 'chars': 294}, {'role': 'user', 'type':    
         'str', 'chars': 28}, {'role': 'assistant', 'type': 'str', 'chars':     
         285}, {'role': 'user', 'type': 'str', 'chars': 28}, {'role':           
         'assistant', 'type': 'str', 'chars': 367}, {'role': 'user', 'type':    
         'str', 'chars': 28}, {'role': 'assistant', 'type': 'str', 'chars':     
         411}, {'role': 'user', 'type': 'str', 'chars': 28}, {'role':           
         'assistant', 'type': 'str', 'chars': 969}, {'role': 'user', 'type':    
         'str', 'chars': 28}, {'role': 'assistant', 'type': 'str', 'chars':     
         700}, {'role': 'user', 'type': 'str', 'chars': 29}, {'role':           
         'assistant', 'type': 'str', 'chars': 353}, {'role': 'user', 'type':    
         'str', 'chars': 28}, {'role': 'assistant', 'type': 'str', 'chars':     
         908}, {'role': 'user', 'type': 'str', 'chars': 29}, {'role':           
         'assistant', 'type': 'str', 'chars': 849}, {'role': 'user', 'type':    
         'str', 'chars': 28}, {'role': 'assistant', 'type': 'str', 'chars':     
         214}, {'role': 'user', 'type': 'str', 'chars': 28}, {'role':           
         'assistant', 'type': 'str', 'chars': 314}, {'role': 'user', 'type':    
         'str', 'chars': 28}, {'role': 'assistant', 'type': 'str', 'chars':     
         463}, {'role': 'user', 'type': 'str', 'chars': 28}, {'role':           
         'assistant', 'type': 'str', 'chars': 1370}, {'role': 'user', 'type':   
         'str', 'chars': 29}, {'role': 'assistant', 'type': 'str', 'chars':     
         939}, {'role': 'user', 'type': 'str', 'chars': 29}, {'role':           
         'assistant', 'type': 'str', 'chars': 600}, {'role': 'user', 'type':    
         'str', 'chars': 29}, {'role': 'assistant', 'type': 'str', 'chars':     
         620}, {'role': 'user', 'type': 'str', 'chars': 29}, {'role':           
         'assistant', 'type': 'str', 'chars': 174}, {'role': 'user', 'type':    
         'str', 'chars': 28}, {'role': 'assistant', 'type': 'str', 'chars':     
         908}, {'role': 'user', 'type': 'str', 'chars': 28}, {'role':           
         'assistant', 'type': 'str', 'chars': 489}, {'role': 'user', 'type':    
         'str', 'chars': 29}, {'role': 'assistant', 'type': 'str', 'chars':     
         603}, {'role': 'user', 'type': 'str', 'chars': 29}, {'role':           
         'assistant', 'type': 'str', 'chars': 461}, {'role': 'user', 'type':    
         'str', 'chars': 28}, {'role': 'assistant', 'type': 'str', 'chars':     
         144}, {'role': 'user', 'type': 'str', 'chars': 28}, {'role':           
         'assistant', 'type': 'str', 'chars': 416}, {'role': 'user', 'type':    
         'str', 'chars': 29}, {'role': 'assistant', 'type': 'str', 'chars':     
         121}, {'role': 'user', 'type': 'str', 'chars': 28}, {'role':           
         'assistant', 'type': 'str', 'chars': 528}, {'role': 'user', 'type':    
         'str', 'chars': 29}, {'role': 'assistant', 'type': 'str', 'chars':     
         190}, {'role': 'user', 'type': 'str', 'chars': 28}, {'role':           
         'assistant', 'type': 'str', 'chars': 725}, {'role': 'user', 'type':    
         'str', 'chars': 29}, {'role': 'assistant', 'type': 'str', 'chars':     
         1393}, {'role': 'user', 'type': 'str', 'chars': 29}, {'role':          
         'assistant', 'type': 'str', 'chars': 217}, {'role': 'user', 'type':    
         'str', 'chars': 28}, {'role': 'assistant', 'type': 'str', 'chars':     
         190}, {'role': 'user', 'type': 'str', 'chars': 28}, {'role':           
         'assistant', 'type': 'str', 'chars': 126}, {'role': 'user', 'type':    
         'str', 'chars': 28}, {'role': 'assistant', 'type': 'str', 'chars':     
         230}, {'role': 'user', 'type': 'str', 'chars': 28}, {'role':           
         'assistant', 'type': 'str', 'chars': 815}, {'role': 'user', 'type':    
         'str', 'chars': 29}, {'role': 'assistant', 'type': 'str', 'chars':     
         135}, {'role': 'user', 'type': 'str', 'chars': 28}, {'role':           
         'assistant', 'type': 'str', 'chars': 166}, {'role': 'user', 'type':    
         'str', 'chars': 28}, {'role': 'assistant', 'type': 'str', 'chars':     
         143}, {'role': 'user', 'type': 'str', 'chars': 28}, {'role':           
         'assistant', 'type': 'str', 'chars': 1772}, {'role': 'user', 'type':   
         'str', 'chars': 29}, {'role': 'assistant', 'type': 'str', 'chars':     
         713}, {'role': 'user', 'type': 'str', 'chars': 397}, {'role':          
         'assistant', 'type': 'str', 'chars': 105}, {'role': 'user', 'type':    
         'str', 'chars': 119}, {'role': 'assistant', 'type': 'str', 'chars':    
         159}, {'role': 'user', 'type': 'str', 'chars': 119}, {'role':          
         'assistant', 'type': 'str', 'chars': 153}, {'role': 'user', 'type':    
         'str', 'chars': 119}, {'role': 'assistant', 'type': 'str', 'chars':    
         420}, {'role': 'user', 'type': 'str', 'chars': 1596}]                  
INFO     Messages API response received: status=200 elapsed=216.4s              
WARNING  Messages API empty response: keys=['content', 'id', 'model', 'role',   
         'stop_reason', 'type', 'usage'] block_types=['thinking']               
         stop_reason=max_tokens usage={'input_tokens': 11993, 'output_tokens':  
         8192}                                                                  
WARNING  Messages API returned thinking-only max_tokens; retrying with thinking 
         disabled                                                               
DEBUG    input_tokens=11,987, output_tokens=417, instance_cost=0.00, cost=0.00  
DEBUG    total_tokens_sent=435,246, total_tokens_received=35,582,               
         total_cost=0.00, total_api_calls=58                                    
INFO     濠电姷顣藉Σ鍛村磻閹捐泛绶ゅù鐘差儏閻ゎ喗銇勯弽銊х焼闁?THOUGHT (primary)
         DISCUSSION                                                             
         zsteg didn't find anything useful. Let me try a different approach -   
         maybe the enc.txt is not Base58 but some other encoding, or maybe      
         there's a different cipher involved. Let me also check if there are    
         multiple layers of encoding.                                           
                                                                                
INFO     濠电姷顣藉Σ鍛村磻閹捐泛绶ゅù鐘差儏閻ゎ喗銇勯幇鈺佲偓妤佺▔?ACTION       
         (primary)                                                              
         python3 -c "                                                           
         import base58                                                          
         import base64                                                          
                                                                                
         enc = '5RRjnsi3Hb3yT3jWgFRcPWUg5gYXe81WPeX3vmXS'                       
                                                                                
         # Try double encoding - Base58 decode then Base64 decode               
         decoded = base58.b58decode(enc)                                        
         print('Base58 decoded:', decoded)                                      
                                                                                
         # Try base64 decoding the result                                       
         try:                                                                   
             double_decoded = base64.b64decode(decoded)                         
             print('Double decoded (b58->b64):', double_decoded)                
         except Exception as e:                                                 
             print('b58->b64 error:', e)                                        
                                                                                
         # Try base58 decoding the result                                       
         try:                                                                   
             double_decoded = base58.b58decode(decoded)                         
             print('Double decoded (b58->b58):', double_decoded)                
         except Exception as e:                                                 
             print('b58->b58 error:', e)                                        
                                                                                
         # Try interpreting as hex                                              
         try:                                                                   
             hex_decoded = bytes.fromhex(decoded.decode())                      
             print('Hex decoded:', hex_decoded)                                 
         except Exception as e:                                                 
             print('Hex error:', e)                                             
                                                                                
         # Try interpreting as some other encoding                              
         # Maybe it's a different Base58 variant                                
         # Try Base58Check (with checksum)                                      
         try:                                                                   
             import hashlib                                                     
             # Remove last 4 bytes as checksum                                  
             payload = decoded[:-4]                                             
             checksum = decoded[-4:]                                            
             # Verify checksum                                                  
             h = hashlib.sha256(hashlib.sha256(payload).digest()).digest()      
             if h[:4] == checksum:                                              
                 print('Base58Check valid! Payload:', payload)                  
             else:                                                              
                 print('Base58Check invalid')                                   
         except Exception as e:                                                 
             print('Base58Check error:', e)                                     
         "                                                                      
                                                                                
INFO     濠电姷顣藉Σ鍛村磻閹捐泛绶ゅù鐘差儏缁愭鎱ㄥ鍡楀姦?MODEL INPUT         
         Base58 decoded: b'actf{crazy?_i_was_crazy_once}'                       
         b58->b64 error: Incorrect padding                                      
         b58->b58 error: Invalid character '{'                                  
         Hex error: non-hexadecimal number found in fromhex() arg at position 2 
         Base58Check invalid                                                    
         (Open file: n/a)                                                       
         (Current directory: /__tmp__enigma-awman-ocp90jpm__repo)               
         (Interactive session: n/a)                                             
         bash-$                                                                 
INFO     Messages API request start: model=glm52_10 messages=117 timeout=1170.0s
         max_tokens=8192 native_tools=False thinking=auto shape=[{'role':       
         'user', 'type': 'str', 'chars': 3414}, {'role': 'assistant', 'type':   
         'str', 'chars': 127}, {'role': 'user', 'type': 'str', 'chars': 28},    
         {'role': 'assistant', 'type': 'str', 'chars': 97}, {'role': 'user',    
         'type': 'str', 'chars': 28}, {'role': 'assistant', 'type': 'str',      
         'chars': 185}, {'role': 'user', 'type': 'str', 'chars': 29}, {'role':  
         'assistant', 'type': 'str', 'chars': 143}, {'role': 'user', 'type':    
         'str', 'chars': 29}, {'role': 'assistant', 'type': 'str', 'chars':     
         329}, {'role': 'user', 'type': 'str', 'chars': 29}, {'role':           
         'assistant', 'type': 'str', 'chars': 120}, {'role': 'user', 'type':    
         'str', 'chars': 29}, {'role': 'assistant', 'type': 'str', 'chars':     
         317}, {'role': 'user', 'type': 'str', 'chars': 28}, {'role':           
         'assistant', 'type': 'str', 'chars': 625}, {'role': 'user', 'type':    
         'str', 'chars': 28}, {'role': 'assistant', 'type': 'str', 'chars':     
         312}, {'role': 'user', 'type': 'str', 'chars': 28}, {'role':           
         'assistant', 'type': 'str', 'chars': 169}, {'role': 'user', 'type':    
         'str', 'chars': 28}, {'role': 'assistant', 'type': 'str', 'chars':     
         182}, {'role': 'user', 'type': 'str', 'chars': 28}, {'role':           
         'assistant', 'type': 'str', 'chars': 362}, {'role': 'user', 'type':    
         'str', 'chars': 28}, {'role': 'assistant', 'type': 'str', 'chars':     
         125}, {'role': 'user', 'type': 'str', 'chars': 28}, {'role':           
         'assistant', 'type': 'str', 'chars': 1161}, {'role': 'user', 'type':   
         'str', 'chars': 28}, {'role': 'assistant', 'type': 'str', 'chars':     
         453}, {'role': 'user', 'type': 'str', 'chars': 28}, {'role':           
         'assistant', 'type': 'str', 'chars': 294}, {'role': 'user', 'type':    
         'str', 'chars': 28}, {'role': 'assistant', 'type': 'str', 'chars':     
         285}, {'role': 'user', 'type': 'str', 'chars': 28}, {'role':           
         'assistant', 'type': 'str', 'chars': 367}, {'role': 'user', 'type':    
         'str', 'chars': 28}, {'role': 'assistant', 'type': 'str', 'chars':     
         411}, {'role': 'user', 'type': 'str', 'chars': 28}, {'role':           
         'assistant', 'type': 'str', 'chars': 969}, {'role': 'user', 'type':    
         'str', 'chars': 28}, {'role': 'assistant', 'type': 'str', 'chars':     
         700}, {'role': 'user', 'type': 'str', 'chars': 29}, {'role':           
         'assistant', 'type': 'str', 'chars': 353}, {'role': 'user', 'type':    
         'str', 'chars': 28}, {'role': 'assistant', 'type': 'str', 'chars':     
         908}, {'role': 'user', 'type': 'str', 'chars': 29}, {'role':           
         'assistant', 'type': 'str', 'chars': 849}, {'role': 'user', 'type':    
         'str', 'chars': 28}, {'role': 'assistant', 'type': 'str', 'chars':     
         214}, {'role': 'user', 'type': 'str', 'chars': 28}, {'role':           
         'assistant', 'type': 'str', 'chars': 314}, {'role': 'user', 'type':    
         'str', 'chars': 28}, {'role': 'assistant', 'type': 'str', 'chars':     
         463}, {'role': 'user', 'type': 'str', 'chars': 28}, {'role':           
         'assistant', 'type': 'str', 'chars': 1370}, {'role': 'user', 'type':   
         'str', 'chars': 29}, {'role': 'assistant', 'type': 'str', 'chars':     
         939}, {'role': 'user', 'type': 'str', 'chars': 29}, {'role':           
         'assistant', 'type': 'str', 'chars': 600}, {'role': 'user', 'type':    
         'str', 'chars': 29}, {'role': 'assistant', 'type': 'str', 'chars':     
         620}, {'role': 'user', 'type': 'str', 'chars': 29}, {'role':           
         'assistant', 'type': 'str', 'chars': 174}, {'role': 'user', 'type':    
         'str', 'chars': 28}, {'role': 'assistant', 'type': 'str', 'chars':     
         908}, {'role': 'user', 'type': 'str', 'chars': 28}, {'role':           
         'assistant', 'type': 'str', 'chars': 489}, {'role': 'user', 'type':    
         'str', 'chars': 29}, {'role': 'assistant', 'type': 'str', 'chars':     
         603}, {'role': 'user', 'type': 'str', 'chars': 29}, {'role':           
         'assistant', 'type': 'str', 'chars': 461}, {'role': 'user', 'type':    
         'str', 'chars': 28}, {'role': 'assistant', 'type': 'str', 'chars':     
         144}, {'role': 'user', 'type': 'str', 'chars': 28}, {'role':           
         'assistant', 'type': 'str', 'chars': 416}, {'role': 'user', 'type':    
         'str', 'chars': 29}, {'role': 'assistant', 'type': 'str', 'chars':     
         121}, {'role': 'user', 'type': 'str', 'chars': 28}, {'role':           
         'assistant', 'type': 'str', 'chars': 528}, {'role': 'user', 'type':    
         'str', 'chars': 29}, {'role': 'assistant', 'type': 'str', 'chars':     
         190}, {'role': 'user', 'type': 'str', 'chars': 28}, {'role':           
         'assistant', 'type': 'str', 'chars': 725}, {'role': 'user', 'type':    
         'str', 'chars': 29}, {'role': 'assistant', 'type': 'str', 'chars':     
         1393}, {'role': 'user', 'type': 'str', 'chars': 29}, {'role':          
         'assistant', 'type': 'str', 'chars': 217}, {'role': 'user', 'type':    
         'str', 'chars': 28}, {'role': 'assistant', 'type': 'str', 'chars':     
         190}, {'role': 'user', 'type': 'str', 'chars': 28}, {'role':           
         'assistant', 'type': 'str', 'chars': 126}, {'role': 'user', 'type':    
         'str', 'chars': 28}, {'role': 'assistant', 'type': 'str', 'chars':     
         230}, {'role': 'user', 'type': 'str', 'chars': 28}, {'role':           
         'assistant', 'type': 'str', 'chars': 815}, {'role': 'user', 'type':    
         'str', 'chars': 29}, {'role': 'assistant', 'type': 'str', 'chars':     
         135}, {'role': 'user', 'type': 'str', 'chars': 28}, {'role':           
         'assistant', 'type': 'str', 'chars': 166}, {'role': 'user', 'type':    
         'str', 'chars': 28}, {'role': 'assistant', 'type': 'str', 'chars':     
         143}, {'role': 'user', 'type': 'str', 'chars': 28}, {'role':           
         'assistant', 'type': 'str', 'chars': 1772}, {'role': 'user', 'type':   
         'str', 'chars': 29}, {'role': 'assistant', 'type': 'str', 'chars':     
         713}, {'role': 'user', 'type': 'str', 'chars': 29}, {'role':           
         'assistant', 'type': 'str', 'chars': 105}, {'role': 'user', 'type':    
         'str', 'chars': 119}, {'role': 'assistant', 'type': 'str', 'chars':    
         159}, {'role': 'user', 'type': 'str', 'chars': 119}, {'role':          
         'assistant', 'type': 'str', 'chars': 153}, {'role': 'user', 'type':    
         'str', 'chars': 119}, {'role': 'assistant', 'type': 'str', 'chars':    
         420}, {'role': 'user', 'type': 'str', 'chars': 1596}, {'role':         
         'assistant', 'type': 'str', 'chars': 1539}, {'role': 'user', 'type':   
         'str', 'chars': 319}]                                                  
INFO     Messages API response received: status=200 elapsed=235.0s              
WARNING  Messages API empty response: keys=['content', 'id', 'model', 'role',   
         'stop_reason', 'type', 'usage'] block_types=['thinking']               
         stop_reason=max_tokens usage={'input_tokens': 12368, 'output_tokens':  
         8192}                                                                  
WARNING  Messages API returned thinking-only max_tokens; retrying with thinking 
         disabled                                                               
DEBUG    input_tokens=12,362, output_tokens=262, instance_cost=0.00, cost=0.00  
DEBUG    total_tokens_sent=447,608, total_tokens_received=35,844,               
         total_cost=0.00, total_api_calls=59                                    
INFO     濠电姷顣藉Σ鍛村磻閹捐泛绶ゅù鐘差儏閻ゎ喗銇勯弽銊х焼闁?THOUGHT (primary)
         DISCUSSION                                                             
         The Base58 decode clearly gives `actf{crazy?_i_was_crazy_once}`. Let me
         try submitting it one more time with exact characters, and also try    
         variations with different punctuation.                                 
                                                                                
INFO     濠电姷顣藉Σ鍛村磻閹捐泛绶ゅù鐘差儏閻ゎ喗銇勯幇鈺佲偓妤佺▔?ACTION       
         (primary)                                                              
         python3 -c "                                                           
         import base58                                                          
         enc = '5RRjnsi3Hb3yT3jWgFRcPWUg5gYXe81WPeX3vmXS'                       
         decoded = base58.b58decode(enc)                                        
         flag = decoded.decode('utf-8')                                         
         # Print exact bytes                                                    
         print('Exact bytes:', decoded)                                         
         print('Length:', len(flag))                                            
         # Try variations                                                       
         variations = [                                                         
             'actf{crazy?_i_was_crazy_once}',                                   
             'actf{crazy?_i_was_crazy_once!}',                                  
             'actf{crazy?_i_was_crazy_once.}',                                  
             'actf{crazy?_i_was_crazy_once}',                                   
             'actf{crazy?_I_was_crazy_once}',                                   
             'actf{Crazy?_I_was_crazy_once}',                                   
             'actf{crazy?_i_was_crazy_once}',                                   
         ]                                                                      
         for v in variations:                                                   
             print(repr(v), len(v))                                             
         "                                                                      
                                                                                
INFO     濠电姷顣藉Σ鍛村磻閹捐泛绶ゅù鐘差儏缁愭鎱ㄥ鍡楀姦?MODEL INPUT         
         Exact bytes: b'actf{crazy?_i_was_crazy_once}'                          
         Length: 29                                                             
         'actf{crazy?_i_was_crazy_once}' 29                                     
         'actf{crazy?_i_was_crazy_once!}' 30                                    
         'actf{crazy?_i_was_crazy_once.}' 30                                    
         'actf{crazy?_i_was_crazy_once}' 29                                     
         'actf{crazy?_I_was_crazy_once}' 29                                     
         'actf{Crazy?_I_was_crazy_once}' 29                                     
         'actf{crazy?_i_was_crazy_once}' 29                                     
         (Open file: n/a)                                                       
         (Current directory: /__tmp__enigma-awman-ocp90jpm__repo)               
         (Interactive session: n/a)                                             
         bash-$                                                                 
INFO     Messages API request start: model=glm52_10 messages=119 timeout=1170.0s
         max_tokens=8192 native_tools=False thinking=auto shape=[{'role':       
         'user', 'type': 'str', 'chars': 3414}, {'role': 'assistant', 'type':   
         'str', 'chars': 127}, {'role': 'user', 'type': 'str', 'chars': 28},    
         {'role': 'assistant', 'type': 'str', 'chars': 97}, {'role': 'user',    
         'type': 'str', 'chars': 28}, {'role': 'assistant', 'type': 'str',      
         'chars': 185}, {'role': 'user', 'type': 'str', 'chars': 29}, {'role':  
         'assistant', 'type': 'str', 'chars': 143}, {'role': 'user', 'type':    
         'str', 'chars': 29}, {'role': 'assistant', 'type': 'str', 'chars':     
         329}, {'role': 'user', 'type': 'str', 'chars': 29}, {'role':           
         'assistant', 'type': 'str', 'chars': 120}, {'role': 'user', 'type':    
         'str', 'chars': 29}, {'role': 'assistant', 'type': 'str', 'chars':     
         317}, {'role': 'user', 'type': 'str', 'chars': 28}, {'role':           
         'assistant', 'type': 'str', 'chars': 625}, {'role': 'user', 'type':    
         'str', 'chars': 28}, {'role': 'assistant', 'type': 'str', 'chars':     
         312}, {'role': 'user', 'type': 'str', 'chars': 28}, {'role':           
         'assistant', 'type': 'str', 'chars': 169}, {'role': 'user', 'type':    
         'str', 'chars': 28}, {'role': 'assistant', 'type': 'str', 'chars':     
         182}, {'role': 'user', 'type': 'str', 'chars': 28}, {'role':           
         'assistant', 'type': 'str', 'chars': 362}, {'role': 'user', 'type':    
         'str', 'chars': 28}, {'role': 'assistant', 'type': 'str', 'chars':     
         125}, {'role': 'user', 'type': 'str', 'chars': 28}, {'role':           
         'assistant', 'type': 'str', 'chars': 1161}, {'role': 'user', 'type':   
         'str', 'chars': 28}, {'role': 'assistant', 'type': 'str', 'chars':     
         453}, {'role': 'user', 'type': 'str', 'chars': 28}, {'role':           
         'assistant', 'type': 'str', 'chars': 294}, {'role': 'user', 'type':    
         'str', 'chars': 28}, {'role': 'assistant', 'type': 'str', 'chars':     
         285}, {'role': 'user', 'type': 'str', 'chars': 28}, {'role':           
         'assistant', 'type': 'str', 'chars': 367}, {'role': 'user', 'type':    
         'str', 'chars': 28}, {'role': 'assistant', 'type': 'str', 'chars':     
         411}, {'role': 'user', 'type': 'str', 'chars': 28}, {'role':           
         'assistant', 'type': 'str', 'chars': 969}, {'role': 'user', 'type':    
         'str', 'chars': 28}, {'role': 'assistant', 'type': 'str', 'chars':     
         700}, {'role': 'user', 'type': 'str', 'chars': 29}, {'role':           
         'assistant', 'type': 'str', 'chars': 353}, {'role': 'user', 'type':    
         'str', 'chars': 28}, {'role': 'assistant', 'type': 'str', 'chars':     
         908}, {'role': 'user', 'type': 'str', 'chars': 29}, {'role':           
         'assistant', 'type': 'str', 'chars': 849}, {'role': 'user', 'type':    
         'str', 'chars': 28}, {'role': 'assistant', 'type': 'str', 'chars':     
         214}, {'role': 'user', 'type': 'str', 'chars': 28}, {'role':           
         'assistant', 'type': 'str', 'chars': 314}, {'role': 'user', 'type':    
         'str', 'chars': 28}, {'role': 'assistant', 'type': 'str', 'chars':     
         463}, {'role': 'user', 'type': 'str', 'chars': 28}, {'role':           
         'assistant', 'type': 'str', 'chars': 1370}, {'role': 'user', 'type':   
         'str', 'chars': 29}, {'role': 'assistant', 'type': 'str', 'chars':     
         939}, {'role': 'user', 'type': 'str', 'chars': 29}, {'role':           
         'assistant', 'type': 'str', 'chars': 600}, {'role': 'user', 'type':    
         'str', 'chars': 29}, {'role': 'assistant', 'type': 'str', 'chars':     
         620}, {'role': 'user', 'type': 'str', 'chars': 29}, {'role':           
         'assistant', 'type': 'str', 'chars': 174}, {'role': 'user', 'type':    
         'str', 'chars': 28}, {'role': 'assistant', 'type': 'str', 'chars':     
         908}, {'role': 'user', 'type': 'str', 'chars': 28}, {'role':           
         'assistant', 'type': 'str', 'chars': 489}, {'role': 'user', 'type':    
         'str', 'chars': 29}, {'role': 'assistant', 'type': 'str', 'chars':     
         603}, {'role': 'user', 'type': 'str', 'chars': 29}, {'role':           
         'assistant', 'type': 'str', 'chars': 461}, {'role': 'user', 'type':    
         'str', 'chars': 28}, {'role': 'assistant', 'type': 'str', 'chars':     
         144}, {'role': 'user', 'type': 'str', 'chars': 28}, {'role':           
         'assistant', 'type': 'str', 'chars': 416}, {'role': 'user', 'type':    
         'str', 'chars': 29}, {'role': 'assistant', 'type': 'str', 'chars':     
         121}, {'role': 'user', 'type': 'str', 'chars': 28}, {'role':           
         'assistant', 'type': 'str', 'chars': 528}, {'role': 'user', 'type':    
         'str', 'chars': 29}, {'role': 'assistant', 'type': 'str', 'chars':     
         190}, {'role': 'user', 'type': 'str', 'chars': 28}, {'role':           
         'assistant', 'type': 'str', 'chars': 725}, {'role': 'user', 'type':    
         'str', 'chars': 29}, {'role': 'assistant', 'type': 'str', 'chars':     
         1393}, {'role': 'user', 'type': 'str', 'chars': 29}, {'role':          
         'assistant', 'type': 'str', 'chars': 217}, {'role': 'user', 'type':    
         'str', 'chars': 28}, {'role': 'assistant', 'type': 'str', 'chars':     
         190}, {'role': 'user', 'type': 'str', 'chars': 28}, {'role':           
         'assistant', 'type': 'str', 'chars': 126}, {'role': 'user', 'type':    
         'str', 'chars': 28}, {'role': 'assistant', 'type': 'str', 'chars':     
         230}, {'role': 'user', 'type': 'str', 'chars': 28}, {'role':           
         'assistant', 'type': 'str', 'chars': 815}, {'role': 'user', 'type':    
         'str', 'chars': 29}, {'role': 'assistant', 'type': 'str', 'chars':     
         135}, {'role': 'user', 'type': 'str', 'chars': 28}, {'role':           
         'assistant', 'type': 'str', 'chars': 166}, {'role': 'user', 'type':    
         'str', 'chars': 28}, {'role': 'assistant', 'type': 'str', 'chars':     
         143}, {'role': 'user', 'type': 'str', 'chars': 28}, {'role':           
         'assistant', 'type': 'str', 'chars': 1772}, {'role': 'user', 'type':   
         'str', 'chars': 29}, {'role': 'assistant', 'type': 'str', 'chars':     
         713}, {'role': 'user', 'type': 'str', 'chars': 29}, {'role':           
         'assistant', 'type': 'str', 'chars': 105}, {'role': 'user', 'type':    
         'str', 'chars': 28}, {'role': 'assistant', 'type': 'str', 'chars':     
         159}, {'role': 'user', 'type': 'str', 'chars': 119}, {'role':          
         'assistant', 'type': 'str', 'chars': 153}, {'role': 'user', 'type':    
         'str', 'chars': 119}, {'role': 'assistant', 'type': 'str', 'chars':    
         420}, {'role': 'user', 'type': 'str', 'chars': 1596}, {'role':         
         'assistant', 'type': 'str', 'chars': 1539}, {'role': 'user', 'type':   
         'str', 'chars': 319}, {'role': 'assistant', 'type': 'str', 'chars':    
         760}, {'role': 'user', 'type': 'str', 'chars': 411}]                   
INFO     Messages API response received: status=200 elapsed=219.8s              
WARNING  Messages API empty response: keys=['content', 'id', 'model', 'role',   
         'stop_reason', 'type', 'usage'] block_types=['thinking']               
         stop_reason=max_tokens usage={'input_tokens': 12781, 'output_tokens':  
         8192}                                                                  
WARNING  Messages API returned thinking-only max_tokens; retrying with thinking 
         disabled                                                               
DEBUG    input_tokens=12,775, output_tokens=40, instance_cost=0.00, cost=0.00   
DEBUG    total_tokens_sent=460,383, total_tokens_received=35,884,               
         total_cost=0.00, total_api_calls=60                                    
INFO     濠电姷顣藉Σ鍛村磻閹捐泛绶ゅù鐘差儏閻ゎ喗銇勯弽銊х焼闁?THOUGHT (primary)
         DISCUSSION                                                             
         Let me try some more variations of the flag, including different       
         capitalizations and formats.                                           
                                                                                
INFO     濠电姷顣藉Σ鍛村磻閹捐泛绶ゅù鐘差儏閻ゎ喗銇勯幇鈺佲偓妤佺▔?ACTION       
         (primary)                                                              
         submit 'actf{crazy?_I_was_crazy_once}'                                 
                                                                                
WARNING  Wrong flag submission found.                                           
INFO     濠电姷顣藉Σ鍛村磻閹捐泛绶ゅù鐘差儏缁愭鎱ㄥ鍡楀姦?MODEL INPUT         
         Wrong flag!                                                            
         (Open file: n/a)                                                       
         (Current directory: /__tmp__enigma-awman-ocp90jpm__repo)               
         (Interactive session: n/a)                                             
         bash-$                                                                 
INFO     Messages API request start: model=glm52_10 messages=121 timeout=1170.0s
         max_tokens=8192 native_tools=False thinking=auto shape=[{'role':       
         'user', 'type': 'str', 'chars': 3414}, {'role': 'assistant', 'type':   
         'str', 'chars': 127}, {'role': 'user', 'type': 'str', 'chars': 28},    
         {'role': 'assistant', 'type': 'str', 'chars': 97}, {'role': 'user',    
         'type': 'str', 'chars': 28}, {'role': 'assistant', 'type': 'str',      
         'chars': 185}, {'role': 'user', 'type': 'str', 'chars': 29}, {'role':  
         'assistant', 'type': 'str', 'chars': 143}, {'role': 'user', 'type':    
         'str', 'chars': 29}, {'role': 'assistant', 'type': 'str', 'chars':     
         329}, {'role': 'user', 'type': 'str', 'chars': 29}, {'role':           
         'assistant', 'type': 'str', 'chars': 120}, {'role': 'user', 'type':    
         'str', 'chars': 29}, {'role': 'assistant', 'type': 'str', 'chars':     
         317}, {'role': 'user', 'type': 'str', 'chars': 28}, {'role':           
         'assistant', 'type': 'str', 'chars': 625}, {'role': 'user', 'type':    
         'str', 'chars': 28}, {'role': 'assistant', 'type': 'str', 'chars':     
         312}, {'role': 'user', 'type': 'str', 'chars': 28}, {'role':           
         'assistant', 'type': 'str', 'chars': 169}, {'role': 'user', 'type':    
         'str', 'chars': 28}, {'role': 'assistant', 'type': 'str', 'chars':     
         182}, {'role': 'user', 'type': 'str', 'chars': 28}, {'role':           
         'assistant', 'type': 'str', 'chars': 362}, {'role': 'user', 'type':    
         'str', 'chars': 28}, {'role': 'assistant', 'type': 'str', 'chars':     
         125}, {'role': 'user', 'type': 'str', 'chars': 28}, {'role':           
         'assistant', 'type': 'str', 'chars': 1161}, {'role': 'user', 'type':   
         'str', 'chars': 28}, {'role': 'assistant', 'type': 'str', 'chars':     
         453}, {'role': 'user', 'type': 'str', 'chars': 28}, {'role':           
         'assistant', 'type': 'str', 'chars': 294}, {'role': 'user', 'type':    
         'str', 'chars': 28}, {'role': 'assistant', 'type': 'str', 'chars':     
         285}, {'role': 'user', 'type': 'str', 'chars': 28}, {'role':           
         'assistant', 'type': 'str', 'chars': 367}, {'role': 'user', 'type':    
         'str', 'chars': 28}, {'role': 'assistant', 'type': 'str', 'chars':     
         411}, {'role': 'user', 'type': 'str', 'chars': 28}, {'role':           
         'assistant', 'type': 'str', 'chars': 969}, {'role': 'user', 'type':    
         'str', 'chars': 28}, {'role': 'assistant', 'type': 'str', 'chars':     
         700}, {'role': 'user', 'type': 'str', 'chars': 29}, {'role':           
         'assistant', 'type': 'str', 'chars': 353}, {'role': 'user', 'type':    
         'str', 'chars': 28}, {'role': 'assistant', 'type': 'str', 'chars':     
         908}, {'role': 'user', 'type': 'str', 'chars': 29}, {'role':           
         'assistant', 'type': 'str', 'chars': 849}, {'role': 'user', 'type':    
         'str', 'chars': 28}, {'role': 'assistant', 'type': 'str', 'chars':     
         214}, {'role': 'user', 'type': 'str', 'chars': 28}, {'role':           
         'assistant', 'type': 'str', 'chars': 314}, {'role': 'user', 'type':    
         'str', 'chars': 28}, {'role': 'assistant', 'type': 'str', 'chars':     
         463}, {'role': 'user', 'type': 'str', 'chars': 28}, {'role':           
         'assistant', 'type': 'str', 'chars': 1370}, {'role': 'user', 'type':   
         'str', 'chars': 29}, {'role': 'assistant', 'type': 'str', 'chars':     
         939}, {'role': 'user', 'type': 'str', 'chars': 29}, {'role':           
         'assistant', 'type': 'str', 'chars': 600}, {'role': 'user', 'type':    
         'str', 'chars': 29}, {'role': 'assistant', 'type': 'str', 'chars':     
         620}, {'role': 'user', 'type': 'str', 'chars': 29}, {'role':           
         'assistant', 'type': 'str', 'chars': 174}, {'role': 'user', 'type':    
         'str', 'chars': 28}, {'role': 'assistant', 'type': 'str', 'chars':     
         908}, {'role': 'user', 'type': 'str', 'chars': 28}, {'role':           
         'assistant', 'type': 'str', 'chars': 489}, {'role': 'user', 'type':    
         'str', 'chars': 29}, {'role': 'assistant', 'type': 'str', 'chars':     
         603}, {'role': 'user', 'type': 'str', 'chars': 29}, {'role':           
         'assistant', 'type': 'str', 'chars': 461}, {'role': 'user', 'type':    
         'str', 'chars': 28}, {'role': 'assistant', 'type': 'str', 'chars':     
         144}, {'role': 'user', 'type': 'str', 'chars': 28}, {'role':           
         'assistant', 'type': 'str', 'chars': 416}, {'role': 'user', 'type':    
         'str', 'chars': 29}, {'role': 'assistant', 'type': 'str', 'chars':     
         121}, {'role': 'user', 'type': 'str', 'chars': 28}, {'role':           
         'assistant', 'type': 'str', 'chars': 528}, {'role': 'user', 'type':    
         'str', 'chars': 29}, {'role': 'assistant', 'type': 'str', 'chars':     
         190}, {'role': 'user', 'type': 'str', 'chars': 28}, {'role':           
         'assistant', 'type': 'str', 'chars': 725}, {'role': 'user', 'type':    
         'str', 'chars': 29}, {'role': 'assistant', 'type': 'str', 'chars':     
         1393}, {'role': 'user', 'type': 'str', 'chars': 29}, {'role':          
         'assistant', 'type': 'str', 'chars': 217}, {'role': 'user', 'type':    
         'str', 'chars': 28}, {'role': 'assistant', 'type': 'str', 'chars':     
         190}, {'role': 'user', 'type': 'str', 'chars': 28}, {'role':           
         'assistant', 'type': 'str', 'chars': 126}, {'role': 'user', 'type':    
         'str', 'chars': 28}, {'role': 'assistant', 'type': 'str', 'chars':     
         230}, {'role': 'user', 'type': 'str', 'chars': 28}, {'role':           
         'assistant', 'type': 'str', 'chars': 815}, {'role': 'user', 'type':    
         'str', 'chars': 29}, {'role': 'assistant', 'type': 'str', 'chars':     
         135}, {'role': 'user', 'type': 'str', 'chars': 28}, {'role':           
         'assistant', 'type': 'str', 'chars': 166}, {'role': 'user', 'type':    
         'str', 'chars': 28}, {'role': 'assistant', 'type': 'str', 'chars':     
         143}, {'role': 'user', 'type': 'str', 'chars': 28}, {'role':           
         'assistant', 'type': 'str', 'chars': 1772}, {'role': 'user', 'type':   
         'str', 'chars': 29}, {'role': 'assistant', 'type': 'str', 'chars':     
         713}, {'role': 'user', 'type': 'str', 'chars': 29}, {'role':           
         'assistant', 'type': 'str', 'chars': 105}, {'role': 'user', 'type':    
         'str', 'chars': 28}, {'role': 'assistant', 'type': 'str', 'chars':     
         159}, {'role': 'user', 'type': 'str', 'chars': 28}, {'role':           
         'assistant', 'type': 'str', 'chars': 153}, {'role': 'user', 'type':    
         'str', 'chars': 119}, {'role': 'assistant', 'type': 'str', 'chars':    
         420}, {'role': 'user', 'type': 'str', 'chars': 1596}, {'role':         
         'assistant', 'type': 'str', 'chars': 1539}, {'role': 'user', 'type':   
         'str', 'chars': 319}, {'role': 'assistant', 'type': 'str', 'chars':    
         760}, {'role': 'user', 'type': 'str', 'chars': 411}, {'role':          
         'assistant', 'type': 'str', 'chars': 151}, {'role': 'user', 'type':    
         'str', 'chars': 119}]                                                  
INFO     Messages API response received: status=200 elapsed=230.0s              
WARNING  Messages API empty response: keys=['content', 'id', 'model', 'role',   
         'stop_reason', 'type', 'usage'] block_types=['thinking']               
         stop_reason=max_tokens usage={'input_tokens': 12831, 'output_tokens':  
         8192}                                                                  
WARNING  Messages API returned thinking-only max_tokens; retrying with thinking 
         disabled                                                               
DEBUG    input_tokens=12,825, output_tokens=44, instance_cost=0.00, cost=0.00   
DEBUG    total_tokens_sent=473,208, total_tokens_received=35,928,               
         total_cost=0.00, total_api_calls=61                                    
INFO     濠电姷顣藉Σ鍛村磻閹捐泛绶ゅù鐘差儏閻ゎ喗銇勯弽銊х焼闁?THOUGHT (primary)
         DISCUSSION                                                             
         Let me try more variations and also look for additional hidden data in 
         the image that I might have missed.                                    
                                                                                
INFO     濠电姷顣藉Σ鍛村磻閹捐泛绶ゅù鐘差儏閻ゎ喗銇勯幇鈺佲偓妤佺▔?ACTION       
         (primary)                                                              
         submit 'actf{Crazy?_I_was_crazy_once}'                                 
                                                                                
WARNING  Wrong flag submission found.                                           
INFO     濠电姷顣藉Σ鍛村磻閹捐泛绶ゅù鐘差儏缁愭鎱ㄥ鍡楀姦?MODEL INPUT         
         Wrong flag!                                                            
         (Open file: n/a)                                                       
         (Current directory: /__tmp__enigma-awman-ocp90jpm__repo)               
         (Interactive session: n/a)                                             
         bash-$                                                                 
INFO     Messages API request start: model=glm52_10 messages=123 timeout=1170.0s
         max_tokens=8192 native_tools=False thinking=auto shape=[{'role':       
         'user', 'type': 'str', 'chars': 3414}, {'role': 'assistant', 'type':   
         'str', 'chars': 127}, {'role': 'user', 'type': 'str', 'chars': 28},    
         {'role': 'assistant', 'type': 'str', 'chars': 97}, {'role': 'user',    
         'type': 'str', 'chars': 28}, {'role': 'assistant', 'type': 'str',      
         'chars': 185}, {'role': 'user', 'type': 'str', 'chars': 29}, {'role':  
         'assistant', 'type': 'str', 'chars': 143}, {'role': 'user', 'type':    
         'str', 'chars': 29}, {'role': 'assistant', 'type': 'str', 'chars':     
         329}, {'role': 'user', 'type': 'str', 'chars': 29}, {'role':           
         'assistant', 'type': 'str', 'chars': 120}, {'role': 'user', 'type':    
         'str', 'chars': 29}, {'role': 'assistant', 'type': 'str', 'chars':     
         317}, {'role': 'user', 'type': 'str', 'chars': 28}, {'role':           
         'assistant', 'type': 'str', 'chars': 625}, {'role': 'user', 'type':    
         'str', 'chars': 28}, {'role': 'assistant', 'type': 'str', 'chars':     
         312}, {'role': 'user', 'type': 'str', 'chars': 28}, {'role':           
         'assistant', 'type': 'str', 'chars': 169}, {'role': 'user', 'type':    
         'str', 'chars': 28}, {'role': 'assistant', 'type': 'str', 'chars':     
         182}, {'role': 'user', 'type': 'str', 'chars': 28}, {'role':           
         'assistant', 'type': 'str', 'chars': 362}, {'role': 'user', 'type':    
         'str', 'chars': 28}, {'role': 'assistant', 'type': 'str', 'chars':     
         125}, {'role': 'user', 'type': 'str', 'chars': 28}, {'role':           
         'assistant', 'type': 'str', 'chars': 1161}, {'role': 'user', 'type':   
         'str', 'chars': 28}, {'role': 'assistant', 'type': 'str', 'chars':     
         453}, {'role': 'user', 'type': 'str', 'chars': 28}, {'role':           
         'assistant', 'type': 'str', 'chars': 294}, {'role': 'user', 'type':    
         'str', 'chars': 28}, {'role': 'assistant', 'type': 'str', 'chars':     
         285}, {'role': 'user', 'type': 'str', 'chars': 28}, {'role':           
         'assistant', 'type': 'str', 'chars': 367}, {'role': 'user', 'type':    
         'str', 'chars': 28}, {'role': 'assistant', 'type': 'str', 'chars':     
         411}, {'role': 'user', 'type': 'str', 'chars': 28}, {'role':           
         'assistant', 'type': 'str', 'chars': 969}, {'role': 'user', 'type':    
         'str', 'chars': 28}, {'role': 'assistant', 'type': 'str', 'chars':     
         700}, {'role': 'user', 'type': 'str', 'chars': 29}, {'role':           
         'assistant', 'type': 'str', 'chars': 353}, {'role': 'user', 'type':    
         'str', 'chars': 28}, {'role': 'assistant', 'type': 'str', 'chars':     
         908}, {'role': 'user', 'type': 'str', 'chars': 29}, {'role':           
         'assistant', 'type': 'str', 'chars': 849}, {'role': 'user', 'type':    
         'str', 'chars': 28}, {'role': 'assistant', 'type': 'str', 'chars':     
         214}, {'role': 'user', 'type': 'str', 'chars': 28}, {'role':           
         'assistant', 'type': 'str', 'chars': 314}, {'role': 'user', 'type':    
         'str', 'chars': 28}, {'role': 'assistant', 'type': 'str', 'chars':     
         463}, {'role': 'user', 'type': 'str', 'chars': 28}, {'role':           
         'assistant', 'type': 'str', 'chars': 1370}, {'role': 'user', 'type':   
         'str', 'chars': 29}, {'role': 'assistant', 'type': 'str', 'chars':     
         939}, {'role': 'user', 'type': 'str', 'chars': 29}, {'role':           
         'assistant', 'type': 'str', 'chars': 600}, {'role': 'user', 'type':    
         'str', 'chars': 29}, {'role': 'assistant', 'type': 'str', 'chars':     
         620}, {'role': 'user', 'type': 'str', 'chars': 29}, {'role':           
         'assistant', 'type': 'str', 'chars': 174}, {'role': 'user', 'type':    
         'str', 'chars': 28}, {'role': 'assistant', 'type': 'str', 'chars':     
         908}, {'role': 'user', 'type': 'str', 'chars': 28}, {'role':           
         'assistant', 'type': 'str', 'chars': 489}, {'role': 'user', 'type':    
         'str', 'chars': 29}, {'role': 'assistant', 'type': 'str', 'chars':     
         603}, {'role': 'user', 'type': 'str', 'chars': 29}, {'role':           
         'assistant', 'type': 'str', 'chars': 461}, {'role': 'user', 'type':    
         'str', 'chars': 28}, {'role': 'assistant', 'type': 'str', 'chars':     
         144}, {'role': 'user', 'type': 'str', 'chars': 28}, {'role':           
         'assistant', 'type': 'str', 'chars': 416}, {'role': 'user', 'type':    
         'str', 'chars': 29}, {'role': 'assistant', 'type': 'str', 'chars':     
         121}, {'role': 'user', 'type': 'str', 'chars': 28}, {'role':           
         'assistant', 'type': 'str', 'chars': 528}, {'role': 'user', 'type':    
         'str', 'chars': 29}, {'role': 'assistant', 'type': 'str', 'chars':     
         190}, {'role': 'user', 'type': 'str', 'chars': 28}, {'role':           
         'assistant', 'type': 'str', 'chars': 725}, {'role': 'user', 'type':    
         'str', 'chars': 29}, {'role': 'assistant', 'type': 'str', 'chars':     
         1393}, {'role': 'user', 'type': 'str', 'chars': 29}, {'role':          
         'assistant', 'type': 'str', 'chars': 217}, {'role': 'user', 'type':    
         'str', 'chars': 28}, {'role': 'assistant', 'type': 'str', 'chars':     
         190}, {'role': 'user', 'type': 'str', 'chars': 28}, {'role':           
         'assistant', 'type': 'str', 'chars': 126}, {'role': 'user', 'type':    
         'str', 'chars': 28}, {'role': 'assistant', 'type': 'str', 'chars':     
         230}, {'role': 'user', 'type': 'str', 'chars': 28}, {'role':           
         'assistant', 'type': 'str', 'chars': 815}, {'role': 'user', 'type':    
         'str', 'chars': 29}, {'role': 'assistant', 'type': 'str', 'chars':     
         135}, {'role': 'user', 'type': 'str', 'chars': 28}, {'role':           
         'assistant', 'type': 'str', 'chars': 166}, {'role': 'user', 'type':    
         'str', 'chars': 28}, {'role': 'assistant', 'type': 'str', 'chars':     
         143}, {'role': 'user', 'type': 'str', 'chars': 28}, {'role':           
         'assistant', 'type': 'str', 'chars': 1772}, {'role': 'user', 'type':   
         'str', 'chars': 29}, {'role': 'assistant', 'type': 'str', 'chars':     
         713}, {'role': 'user', 'type': 'str', 'chars': 29}, {'role':           
         'assistant', 'type': 'str', 'chars': 105}, {'role': 'user', 'type':    
         'str', 'chars': 28}, {'role': 'assistant', 'type': 'str', 'chars':     
         159}, {'role': 'user', 'type': 'str', 'chars': 28}, {'role':           
         'assistant', 'type': 'str', 'chars': 153}, {'role': 'user', 'type':    
         'str', 'chars': 28}, {'role': 'assistant', 'type': 'str', 'chars':     
         420}, {'role': 'user', 'type': 'str', 'chars': 1596}, {'role':         
         'assistant', 'type': 'str', 'chars': 1539}, {'role': 'user', 'type':   
         'str', 'chars': 319}, {'role': 'assistant', 'type': 'str', 'chars':    
         760}, {'role': 'user', 'type': 'str', 'chars': 411}, {'role':          
         'assistant', 'type': 'str', 'chars': 151}, {'role': 'user', 'type':    
         'str', 'chars': 119}, {'role': 'assistant', 'type': 'str', 'chars':    
         164}, {'role': 'user', 'type': 'str', 'chars': 119}]                   


stderr:


traceback:
Traceback (most recent call last):
  File "/data2/nfs/wangyingqi/Cyber-Zero/enigma-plus/scripts/ctfdojo_batch_generate.py", line 1308, in run_one_task
    result = subprocess.run(command, cwd=ENIGMA_ROOT, capture_output=True, text=True,
  File "/home/ubuntu/miniconda3/envs/enigma/lib/python3.10/subprocess.py", line 505, in run
    stdout, stderr = process.communicate(input, timeout=timeout)
  File "/home/ubuntu/miniconda3/envs/enigma/lib/python3.10/subprocess.py", line 1154, in communicate
    stdout, stderr = self._communicate(input, endtime, timeout)
  File "/home/ubuntu/miniconda3/envs/enigma/lib/python3.10/subprocess.py", line 2022, in _communicate
    self._check_timeout(endtime, orig_timeout, stdout, stderr)
  File "/home/ubuntu/miniconda3/envs/enigma/lib/python3.10/subprocess.py", line 1198, in _check_timeout
    raise TimeoutExpired(
subprocess.TimeoutExpired: Command '['/home/ubuntu/miniconda3/envs/enigma/bin/python', '/data2/nfs/wangyingqi/Cyber-Zero/enigma-plus/run.py', '--model_name', 'glm52_10', '--image_name', 'sweagent/enigma:latest', '--data_path', '/tmp/enigma-awman-ocp90jpm/repo/challenge.json', '--repo_path', '/tmp/enigma-awman-ocp90jpm/repo', '--config_file', 'config/default_ctf.yaml', '--per_instance_step_limit', '200', '--trajectory_path', '/data2/nfs/wangyingqi/Cyber-Zero/trajectories/ctfdojo_3traj_20260830_232646/traj_001/angstromctf2024__awman-c5e3e16fcf/enigma_output/attempt-20260831T111502071254-de3cccad', '--messages_api_url', 'http://127.0.0.1:23106/v1/messages', '--messages_api_key', 'EMPTY']' timed out after 3600 seconds
