timestamp: 2026-08-31T20:10:25+00:00
challenge_json: /data2/nfs/wangyingqi/CTF-Dojo/ctf-archive/csawctf2011/crypto4/challenge.json
repo_path: /data2/nfs/wangyingqi/CTF-Dojo/ctf-archive/csawctf2011/crypto4
dockerfile_path: (none)
command: /home/ubuntu/miniconda3/envs/enigma/bin/python /data2/nfs/wangyingqi/Cyber-Zero/enigma-plus/run.py --model_name glm52_10 --image_name sweagent/enigma:latest --data_path /tmp/enigma-crypto4-5z01tkca/repo/challenge.json --repo_path /tmp/enigma-crypto4-5z01tkca/repo --config_file config/default_ctf.yaml --per_instance_step_limit 200 --trajectory_path /data2/nfs/wangyingqi/Cyber-Zero/trajectories/ctfdojo_3traj_20260830_232646/traj_001/csawctf2011__crypto4-f2236c90b6/enigma_output/attempt-20260901T031025177579-57cae51c --messages_api_url http://127.0.0.1:23106/v1/messages --messages_api_key EMPTY

error:
batch task timeout after 3600 seconds

stdout:
ERROR    keys.cfg not found in                                                  
         /data2/nfs/wangyingqi/Cyber-Zero/enigma-plus/sweagent                  
INFO     Logging to                                                             
         /data2/nfs/wangyingqi/Cyber-Zero/trajectories/ctfdojo_3traj_20260830_23
         2646/traj_001/csawctf2011__crypto4-f2236c90b6/enigma_output/attempt-202
         60901T031025177579-57cae51c/glm52_10__challenge__default_ctf__t-0.00__p
         -0.95__k-20__c-0.00__install-1/run-260901031028.log                    
INFO     濠电姷鏁告慨鐑姐€傞挊澹╋綁宕ㄩ弶鎴狅紱闂佽宕樺▔娑氭閵堝悿褰掓偐瀹革拷
         閸庡繘鏌ｉ妶搴℃灍闁靛洤瀚板浠嬶拷鎰垫線缁墎绱?Arguments: actions:    
           apply_patch_locally: false                                           
           open_pr: false                                                       
           push_gh_repo_url: ''                                                 
           skip_if_commits_reference_issue: true                                
         agent:                                                                 
           config:                                                              
             _commands:                                                         
             - arguments:                                                       
                 line_number:                                                   
                   description: the line number to move the window to (if not   
         provided, the                                                          
                     window will start at the top of the file)                  
                   required: false                                              
                   type: integer                                                
                 path:                                                          
                   description: the path to the file to open                    
                   required: true                                               
                   type: string                                                 
               code: "open() {    if [ -z \"$1\" ]    then        echo \"Usage: 
         open \\\"<file>\\\                                                     
                 \"\"        return    fi    # Check if the second argument is  
         provided   \                                                           
                 \ if [ -n \"$2\" ]; then        # Check if the provided        
         argument is a valid\                                                   
                 \ number        if ! [[ $2 =~ ^[0-9]+$ ]]; then            echo
         \"Usage: open\                                                         
                 \ \\\"<file>\\\" [<line_number>]\"            echo \"Error:    
         <line_number>\                                                         
                 \ must be a number\"            return  # Exit if the line     
         number is not valid\                                                   
                 \        fi        local max_line=$(awk 'END {print NR}' $1)   
         if [ $2\                                                               
                 \ -gt $max_line ]; then            echo \"Warning:             
         <line_number> ($2) is greater\                                         
                 \ than the number of lines in the file ($max_line)\"           
         echo \"Warning:\                                                       
                 \ Setting <line_number> to $max_line\"            local        
         line_number=$(jq -n\                                                   
                 \ \"$max_line\")  # Set line number to max if greater than max 
         elif\                                                                  
                 \ [ $2 -lt 1 ]; then            echo \"Warning: <line_number>  
         ($2) is less\                                                          
                 \ than 1\"            echo \"Warning: Setting <line_number> to 
         1\"       \                                                            
                 \     local line_number=$(jq -n \"1\")  # Set line number to 1 
         if less than\                                                          
                 \ 1        else            local OFFSET=$(jq -n \"$WINDOW/6\" |
         jq 'floor')\                                                           
                 \            local line_number=$(jq -n \"[$2 + $WINDOW/2 -     
         $OFFSET, 1] | max\                                                     
                 \ | floor\")        fi    else        local line_number=$(jq -n
         \"$WINDOW/2\"\                                                         
                 )  # Set default line number if not provided    fi    if [ -f  
         \"$1\" ]; then\                                                        
                 \        export CURRENT_FILE=$(realpath \"$1\")        export  
         CURRENT_LINE=$line_number\                                             
                 \        _constrain_line                # Check if this is a   
         summarizer output\                                                     
                 \ file and warn the user        if [[ \"$CURRENT_FILE\" ==     
         */output/* ]];\                                                        
                 \ then            echo \"\u26A0\uFE0F  WARNING: You are now    
         opening a summarizer\                                                  
                 \ output file.\"            echo \"    Current file:           
         $CURRENT_FILE\"     \                                                  
                 \       echo \"    Any EDIT commands will modify THIS file, not
         your original\                                                         
                 \ source file.\"            echo \"    If you want to edit your
         original source\                                                       
                 \ file, use 'open <original_file_path>' first.\"               
         echo \"\"    \                                                         
                 \    fi                _print    elif [ -d \"$1\" ]; then      
         echo \"Error:\                                                         
                 \ $1 is a directory. You can only open files. Use cd or ls to  
         navigate directories.\"\                                               
                 \    else        echo \"File $1 not found\"    fi}"            
               docstring: opens the file at the given path in the editor. If    
         line_number is                                                         
                 provided, the window will be move to include that line         
               end_name: null                                                   
               name: open                                                       
               signature: open "<path>" [<line_number>]                         
             - arguments:                                                       
                 line_number:                                                   
                   description: the line number to move the window to           
                   required: true                                               
                   type: integer                                                
               code: 'goto() {    if [ $# -gt 1 ]; then        echo "goto allows
         only one line                                                          
                 number at a time."        return    fi    if [ -z              
         "$CURRENT_FILE" ]    then        echo                                  
                 "No file open. Use the open command first."        return    fi
         if [ -z                                                                
                 "$1" ]    then        echo "Usage: goto <line>"        return  
         fi    if                                                               
                 ! [[ $1 =~ ^[0-9]+$ ]]    then        echo "Usage: goto <line>"
         echo                                                                   
                 "Error: <line> must be a number"        return    fi    local  
         max_line=$(awk                                                         
                 ''END {print NR}'' "$CURRENT_FILE")    if [ $1 -gt $max_line ] 
         then        echo                                                       
                 "Error: <line> must be less than or equal to $max_line"        
         return    fi    local                                                  
                 OFFSET=$(jq -n "$WINDOW/6" | jq ''floor'')    export           
         CURRENT_LINE=$(jq -n                                                   
                 "[$1 + $WINDOW/2 - $OFFSET, 1] | max | floor")                 
         _constrain_line    _print}'                                            
               docstring: moves the window to show <line_number>                
               end_name: null                                                   
               name: goto                                                       
               signature: goto <line_number>                                    
             - arguments: null                                                  
               code: scroll_down() {    if [ -z "$CURRENT_FILE" ]    then       
         echo "No file                                                          
                 open. Use the open command first."        return    fi         
         export CURRENT_LINE=$(jq                                               
                 -n "$CURRENT_LINE + $WINDOW - $OVERLAP")    _constrain_line    
         _print    _scroll_warning_message}                                     
               docstring: moves the window down {WINDOW} lines                  
               end_name: null                                                   
               name: scroll_down                                                
               signature: scroll_down                                           
             - arguments: null                                                  
               code: scroll_up() {    if [ -z "$CURRENT_FILE" ]    then         
         echo "No file                                                          
                 open. Use the open command first."        return    fi         
         export CURRENT_LINE=$(jq                                               
                 -n "$CURRENT_LINE - $WINDOW + $OVERLAP")    _constrain_line    
         _print    _scroll_warning_message}                                     
               docstring: moves the window down {WINDOW} lines                  
               end_name: null                                                   
               name: scroll_up                                                  
               signature: scroll_up                                             
             - arguments:                                                       
                 filename:                                                      
                   description: the name of the file to create                  
                   required: true                                               
                   type: string                                                 
               code: "create() {    if [ -z \"$1\" ]; then        echo \"Usage: 
         create <filename>\"\                                                   
                 \        return    fi    # Check if the file already exists    
         if [ -e \"\                                                            
                 $1\" ]; then        echo \"Error: File '$1' already            
         exists.\"\t\topen \"$1\"\                                              
                 \        return    fi    # Create the file an empty new line   
         printf \"\\\                                                           
                 n\" > \"$1\"    # Use the existing open command to open the    
         created file \                                                         
                 \   open \"$1\"}"                                              
               docstring: creates and opens a new file with the given name      
               end_name: null                                                   
               name: create                                                     
               signature: create <filename>                                     
             - arguments:                                                       
                 dir:                                                           
                   description: the directory to search in (if not provided,    
         searches in the                                                        
                     current directory)                                         
                   required: false                                              
                   type: string                                                 
                 search_term:                                                   
                   description: the term to search for                          
                   required: true                                               
                   type: string                                                 
               code: 'search_dir() {    if [ $# -eq 1 ]; then        local      
         search_term="$1"        local                                          
                 dir="./"    elif [ $# -eq 2 ]; then        local               
         search_term="$1"        if                                             
                 [ -d "$2" ]; then            local dir="$2"        else        
         echo "Directory                                                        
                 $2 not found"            return        fi    else        echo  
         "Usage: search_dir                                                     
                 <search_term> [<dir>]"        return    fi    dir=$(realpath   
         "$dir")    local                                                       
                 matches=$(find "$dir" -type f ! -path ''*/.*'' -exec grep -nIH 
         -- "$search_term"                                                      
                 {} + | cut -d: -f1 | sort | uniq -c)    # if no matches, return
         if [ -z                                                                
                 "$matches" ]; then        echo "No matches found for           
         \"$search_term\" in $dir"        return    fi    #                     
                 Calculate total number of matches    local num_matches=$(echo  
         "$matches" |                                                           
                 awk ''{sum+=$1} END {print sum}'')    # calculate total number 
         of files matched    local                                              
                 num_files=$(echo "$matches" | wc -l | awk ''{$1=$1; print      
         $0}'')    # if num_files                                               
                 is > 100, print an error    if [ $num_files -gt 100 ]; then    
         echo "More                                                             
                 than $num_files files matched for \"$search_term\" in $dir.    
         Please narrow                                                          
                 your search."        return    fi    echo "Found $num_matches  
         matches for                                                            
                 \"$search_term\" in $dir:"    echo "$matches" | awk ''{$2=$2;  
         gsub(/^\.+\/+/,                                                        
                 "./", $2); print $2 " ("$1" matches)"}''    echo "End of       
         matches for \"$search_term\"                                           
                 in $dir"}'                                                     
               docstring: searches for search_term in all files in dir. If dir  
         is not provided,                                                       
                 searches in the current directory                              
               end_name: null                                                   
               name: search_dir                                                 
               signature: search_dir <search_term> [<dir>]                      
             - arguments:                                                       
                 file:                                                          
                   description: the file to search in (if not provided, searches
         in the current                                                         
                     open file)                                                 
                   required: false                                              
                   type: string                                                 
                 search_term:                                                   
                   description: the term to search for                          
                   required: true                                               
                   type: string                                                 
               code: 'search_file() {    # Check if the first argument is       
         provided    if [                                                       
                 -z "$1" ]; then        echo "Usage: search_file <search_term>  
         [<file>]"        return    fi    #                                     
                 Check if the second argument is provided    if [ -n "$2" ];    
         then        #                                                          
                 Check if the provided argument is a valid file        if [ -f  
         "$2" ]; then            local                                          
                 file="$2"  # Set file if valid        else            echo     
         "Usage: search_file                                                    
                 <search_term> [<file>]"            echo "Error: File name $2   
         not found. Please                                                      
                 provide a valid file name."            return  # Exit if the   
         file is not valid        fi    else        #                           
                 Check if a file is open        if [ -z "$CURRENT_FILE" ]; then 
         echo                                                                   
                 "No file open. Use the open command first."            return  
         # Exit if no                                                           
                 file is open        fi        local file="$CURRENT_FILE"  # Set
         file to the                                                            
                 current open file    fi    local search_term="$1"              
         file=$(realpath "$file")    #                                          
                 Use grep to directly get the desired formatted output    local 
         matches=$(grep                                                         
                 -nH -- "$search_term" "$file")    # Check if no matches were   
         found    if [                                                          
                 -z "$matches" ]; then        echo "No matches found for        
         \"$search_term\" in                                                    
                 $file"        return    fi    # Calculate total number of      
         matches    local                                                       
                 num_matches=$(echo "$matches" | wc -l | awk ''{$1=$1; print    
         $0}'')    # calculate                                                  
                 total number of lines matched    local num_lines=$(echo        
         "$matches" | cut -d:                                                   
                 -f1 | sort | uniq | wc -l | awk ''{$1=$1; print $0}'')    # if 
         num_lines is                                                           
                 > 100, print an error    if [ $num_lines -gt 100 ]; then       
         echo "More                                                             
                 than $num_lines lines matched for \"$search_term\" in $file.   
         Please narrow                                                          
                 your search."        return    fi    # Print the total number  
         of matches and                                                         
                 the matches themselves    echo "Found $num_matches matches for 
         \"$search_term\"                                                       
                 in $file:"    echo "$matches" | cut -d: -f1-2 | sort -u -t:    
         -k2,2n | while                                                         
                 IFS=: read -r filename line_number; do        echo "Line       
         $line_number:$(sed                                                     
                 -n "${line_number}p" "$file")"    done    echo "End of matches 
         for \"$search_term\"                                                   
                 in $file"}'                                                    
               docstring: searches for search_term in file. If file is not      
         provided, searches                                                     
                 in the current open file                                       
               end_name: null                                                   
               name: search_file                                                
               signature: search_file <search_term> [<file>]                    
             - arguments:                                                       
                 dir:                                                           
                   description: the directory to search in (if not provided,    
         searches in the                                                        
                     current directory)                                         
                   required: false                                              
                   type: string                                                 
                 file_name:                                                     
                   description: the name of the file to search for              
                   required: true                                               
                   type: string                                                 
               code: 'find_file() {    if [ $# -eq 1 ]; then        local       
         file_name="$1"        local                                            
                 dir="./"    elif [ $# -eq 2 ]; then        local file_name="$1"
         if                                                                     
                 [ -d "$2" ]; then            local dir="$2"        else        
         echo "Directory                                                        
                 $2 not found"            return        fi    else        echo  
         "Usage: find_file                                                      
                 <file_name> [<dir>]"        return    fi    dir=$(realpath     
         "$dir")    local                                                       
                 matches=$(find "$dir" -type f -name "$file_name")    # if no   
         matches, return    if                                                  
                 [ -z "$matches" ]; then        echo "No matches found for      
         \"$file_name\" in                                                      
                 $dir"        return    fi    # Calculate total number of       
         matches    local                                                       
                 num_matches=$(echo "$matches" | wc -l | awk ''{$1=$1; print    
         $0}'')    echo                                                         
                 "Found $num_matches matches for \"$file_name\" in $dir:"       
         echo "$matches"                                                        
                 | awk ''{print $0}''}'                                         
               docstring: finds all files with the given name in dir. If dir is 
         not provided,                                                          
                 searches in the current directory                              
               end_name: null                                                   
               name: find_file                                                  
               signature: find_file <file_name> [<dir>]                         
             - arguments:                                                       
                 end_line:                                                      
                   description: the line number to end the edit at (inclusive)  
                   required: true                                               
                   type: integer                                                
                 replacement_text:                                              
                   description: the text to replace the current selection with  
                   required: true                                               
                   type: string                                                 
                 start_line:                                                    
                   description: the line number to start the edit at            
                   required: true                                               
                   type: integer                                                
               code: 'edit() {    if [ -z "$CURRENT_FILE" ]    then        echo 
         ''No file open.                                                        
                 Use the `open` command first.''        return    fi    local   
         start_line="$(echo                                                     
                 $1: | cut -d: -f1)"    local end_line="$(echo $1: | cut -d:    
         -f2)"    if [                                                          
                 -z "$start_line" ] || [ -z "$end_line" ]    then        echo   
         "Usage: edit                                                           
                 <start_line>:<end_line>"        return    fi    local          
         re=''^[0-9]+$''    if                                                  
                 ! [[ $start_line =~ $re ]]; then        echo "Usage: edit      
         <start_line>:<end_line>"        echo                                   
                 "Error: start_line must be a number"        return    fi    if 
         ! [[ $end_line                                                         
                 =~ $re ]]; then        echo "Usage: edit                       
         <start_line>:<end_line>"        echo                                   
                 "Error: end_line must be a number"        return    fi    local
         linter_cmd="flake8                                                     
                 --isolated --select=F821,F822,F831,E111,E112,E113,E999,E902"   
         local linter_before_edit=$($linter_cmd                                 
                 "$CURRENT_FILE" 2>&1)    # Bash array starts at 0, so let''s   
         adjust    local                                                        
                 start_line=$((start_line - 1))    local end_line=$((end_line)) 
         local line_count=0    local                                            
                 replacement=()    while IFS= read -r line    do                
         replacement+=("$line")        ((line_count++))    done    #            
                 Create a backup of the current file    cp "$CURRENT_FILE"      
         "/root/$(basename                                                      
                 "$CURRENT_FILE")_backup"    # Read the file line by line into  
         an array    mapfile                                                    
                 -t lines < "$CURRENT_FILE"    local                            
         new_lines=("${lines[@]:0:$start_line}"                                 
                 "${replacement[@]}" "${lines[@]:$((end_line))}")    # Write the
         new stuff                                                              
                 directly back into the original file    printf "%s\n"          
         "${new_lines[@]}" >|                                                   
                 "$CURRENT_FILE"    # Run linter    if [[ $CURRENT_FILE == *.py 
         ]]; then        _lint_output=$($linter_cmd                             
                 "$CURRENT_FILE" 2>&1)        lint_output=$(_split_string       
         "$_lint_output" "$linter_before_edit"                                  
                 "$((start_line+1))" "$end_line" "$line_count")    else        #
         do nothing        lint_output=""    fi    #                            
                 if there is no output, then the file is good    if [ -z        
         "$lint_output" ];                                                      
                 then        export CURRENT_LINE=$start_line                    
         _constrain_line        _print        echo                              
                 "File updated. Please review the changes and make sure they are
         correct (correct                                                       
                 indentation, no duplicate lines, etc). Edit the file again if  
         necessary."    else        echo                                        
                 "Your proposed edit has introduced new syntax error(s). Please 
         read this error                                                        
                 message carefully and then retry editing the file."        echo
         ""        echo                                                         
                 "ERRORS:"        echo "$lint_output"        echo ""        #   
         Save original                                                          
                 values        original_current_line=$CURRENT_LINE              
         original_window=$WINDOW        #                                       
                 Update values        export CURRENT_LINE=$(( (line_count / 2) +
         start_line                                                             
                 )) # Set to "center" of edit        export WINDOW=$((line_count
         + 10)) # Show                                                          
                 +/- 5 lines around edit        echo "This is how your edit     
         would have looked                                                      
                 if applied"        echo                                        
         "-------------------------------------------------"                    
         _constrain_line        _print        echo                              
                 "-------------------------------------------------"        echo
         ""        #                                                            
                 Restoring CURRENT_FILE to original contents.        cp         
         "/root/$(basename "$CURRENT_FILE")_backup"                             
                 "$CURRENT_FILE"        export CURRENT_LINE=$(( ((end_line -    
         start_line + 1)                                                        
                 / 2) + start_line ))        export WINDOW=$((end_line -        
         start_line + 10))        echo                                          
                 "This is the original code before your edit"        echo       
         "-------------------------------------------------"                    
         _constrain_line        _print        echo                              
                 "-------------------------------------------------"        #   
         Restore original                                                       
                 values        export CURRENT_LINE=$original_current_line       
         export WINDOW=$original_window        echo                             
                 "Your changes have NOT been applied. Please fix your edit      
         command and try                                                        
                 again."        echo "You either need to 1) Specify the correct 
         start/end line                                                         
                 arguments or 2) Correct your edit code."        echo "DO NOT   
         re-run the same                                                        
                 failed edit command. Running it again will lead to the same    
         error."    fi    #                                                     
                 Remove backup file    rm -f "/root/$(basename                  
         "$CURRENT_FILE")_backup"}'                                             
               docstring: replaces lines <start_line> through <end_line>        
         (inclusive) with the                                                   
                 given text in the open file. The replacement text is terminated
         by a line                                                              
                 with only end_of_edit on it. All of the <replacement text> will
         be entered,                                                            
                 so make sure your indentation is formatted properly. Python    
         files will be                                                          
                 checked for syntax errors after the edit. If the system detects
         a syntax error,                                                        
                 the edit will not be executed. Simply try to edit the file     
         again, but make                                                        
                 sure to read the error message and modify the edit command you 
         issue accordingly.                                                     
                 Issuing the same command a second time will just lead to the   
         same error message                                                     
                 again.                                                         
               end_name: end_of_edit                                            
               name: edit                                                       
               signature: |-                                                    
                 edit <start_line>:<end_line>                                   
                 <replacement_text>                                             
                 end_of_edit                                                    
             - arguments:                                                       
                 flag:                                                          
                   description: the flag found                                  
                   required: true                                               
                   type: string                                                 
               code: 'submit() {    if [ -z "$1" ]; then        echo "Usage:    
         submit <flag>"        return    fi    echo                             
                 -n "<<SUBMISSION||"    echo -n "$@"    echo "||SUBMISSION>>"}' 
               docstring: submits your current flag and terminates the session, 
         you should                                                             
                 be aware to properly escape the flag as this is a bash command 
         and to put                                                             
                 your flag under single quotes.                                 
               end_name: null                                                   
               name: submit                                                     
               signature: submit '<flag>'                                       
             - arguments:                                                       
                 binary_path:                                                   
                   description: The path to the binary to be decompiled         
                   required: true                                               
                   type: file path                                              
                 function_name:                                                 
                   description: The function name to be decompiled, or main by  
         default                                                                
                   required: false                                              
                   type: string                                                 
               code: "#!/usr/bin/env python3\n# Copyright Amazon.com, Inc. or   
         its affiliates.\                                                       
                 \ All Rights Reserved.  \n\n# SPDX-License-Identifier:         
         CC-BY-NC-4.0\n\n\n\                                                    
                 #!/root/miniconda3/bin/python\n\n#\n# @yaml\n# signature:      
         decompile <binary_path>\                                               
                 \ [--function_name <function_name>]\n# docstring: Decompile a  
         binary and prints\                                                     
                 \ the decompilation of a given function name\n# arguments:\n#  
         binary_path:\n\                                                        
                 #       type: file path\n#       description: The path to the  
         binary to be\                                                          
                 \ decompiled\n#       required: true\n#   function_name:\n#    
         type: string\n\                                                        
                 #       description: The function name to be decompiled, or    
         main by default\n\                                                     
                 #       required: false\n\nimport argparse\nimport             
         subprocess\nimport re\n\                                               
                 import json\nimport tempfile\nfrom typing import               
         Annotated\nfrom pathlib import\                                        
                 \ Path\n\nGHIDRA_BINARY = \"analyzeHeadless\"\n\nclass         
         Decompile:\n    def\                                                   
                 \ __init__(self):\n        pass\n\n    def __call__(self,\n    
         \                                                                      
                 \   path: Annotated[str,\"path to the binary to decompile\"],\n
         \                                                                      
                 \       function: Annotated[str,\"the function to decompile\"] 
         = 'main'):\n\                                                          
                 \        \"\"\"Decompile a function from a binary using        
         Ghidra.\"\"\"\n  \                                                     
                 \      if path is None or not Path(path).is_file():\n          
         return f\"\                                                            
                 Error: Binary {path} does not exist! Please try again with a   
         real binary file.\"\                                                   
                 \n        if function is None:\n            function =         
         \"main\"\n        return\                                              
                 \ self.decompile(path, function)\n\n    def find_function(self,
         dis, function):\n\                                                     
                 \        \"\"\"Returns the name of the function found in the   
         dict\"\"\"\n\                                                          
                 \        if function in dis[\"functions\"]:\n            return
         function\n\                                                            
                 \        # Looking for main entry point, so try other names    
         also\n       \                                                         
                 \ if function == \"main\":\n            if \"main\" in dis:\n  
         \                                                                      
                 \    return dis[\"main\"]\n            if \"_start\" in        
         dis[\"functions\"\                                                     
                 ]:\n                return \"_start\"\n            if          
         \"invoke_main\" in dis[\"\                                             
                 functions\"]:\n                return \"invoke_main\"\n        
         if \"entry\"\                                                          
                 \ in dis[\"functions\"]:\n                return \"entry\"\n   
         # Check\                                                               
                 \ if requesting radare2 unnamed function with address\n        
         if re.match(r\"\                                                       
                 fcn\\.[0-9a-f]+$\", function):\n            addr =             
         function[4:]\n        \                                                
                 \    if addr in dis[\"addresses\"]:\n                return    
         dis[\"addresses\"\                                                     
                 ][addr]\n        # Nothing found\n        return None\n\n      
         def decompile(self,\                                                   
                 \ binary: str, function: str) -> str:\n        # Look for the  
         decompilation\                                                         
                 \ output in \"decomp\"\n        basename = Path(binary).name\n 
         decomp_output_path\                                                    
                 \ = Path(f\"/ghidra_out/{basename}.decomp.json\")\n        if  
         not decomp_output_path.exists():\n\                                    
                 \            if not self.run_ghidra(basename,                  
         decomp_output_path):\n     \                                           
                 \           return f\"Error: Decompilation for {binary} not    
         available\"\n\                                                         
                 \        decomp_output = decomp_output_path.read_text()\n      
         try:\n  \                                                              
                 \          self.ghidra_out = json.loads(decomp_output)\n       
         except json.JSONDecodeError\                                           
                 \ as e:\n            msg = (\n                f\"Error: Failed 
         to parse Ghidra\                                                       
                 \ output {decomp_output!r} for {binary}. \"\n                  
         \"Please report\                                                       
                 \ this bug.\"\n            )\n            raise ValueError(msg)
         from e\n\n\                                                            
                 \        if found := self.find_function(self.ghidra_out,       
         function):\n    \                                                      
                 \        ret = self.ghidra_out[\"functions\"][found]\n         
         if found\                                                              
                 \ == function:\n                # Exact name found\n           
         return\                                                                
                 \ f\"Decompilation Found!\\n{ret}\"\n            else:\n       
         return\                                                                
                 \ f\"Function {function} not found! Instead, here is the       
         decompilation of\                                                      
                 \ equivalent function {found}:\\n{ret}\"\n        else:\n      
         funclist\                                                              
                 \ = \", \".join(self.ghidra_out['functions'].keys())\n         
         return f\"\                                                            
                 Error: Function {function} not found in {binary}.\\nThese are  
         the available\                                                         
                 \ functions found: {funclist}\"\n\n    def run_ghidra(self,    
         binary: str, output:\                                                  
                 \ Path) -> bool:\n        \"\"\"Run ghidra if possible.\n\n    
         Returns:\n\                                                            
                 \            bool: True if successful, False otherwise\n       
         \"\"\"\n \                                                             
                 \       real_binary = Path(binary)\n        if not real_binary 
         or not real_binary.exists():\n\                                        
                 \            return False\n                                    
         output.parent.mkdir(parents=True, exist_ok=True)\n\                    
                 \        with tempfile.TemporaryDirectory() as tmpdir:\n       
         tmpdir\                                                                
                 \ = Path(tmpdir)\n            subprocess.run(\n                
         [GHIDRA_BINARY,\                                                       
                 \ tmpdir, \"DummyProj\", \"-scriptpath\", '/ghidra_scripts',\n 
         \                                                                      
                 \      \"-import\", real_binary, \"-postscript\",              
         \"DecompileToJson.java\"\                                              
                 , output],\n                check=False, capture_output=True,\n
         \                                                                      
                 \  )\n            return output.exists()\n\n\nif __name__ ==   
         \"__main__\"\                                                          
                 :\n    parser = argparse.ArgumentParser(\n                     
         description=\"Print the\                                               
                 \ contents of a Python file, skipping lengthy function and     
         method definitions.\"\                                                 
                 \n    )\n    parser.add_argument(\"file_path\", type=str,      
         help=\"The path\                                                       
                 \ to the binary to be decompiled\")\n                          
         parser.add_argument(\"--function_name\"\                               
                 , type=str, help=\"The function name to be decompiled\",       
         required=False, default=\"\                                            
                 main\")\n    args = parser.parse_args()\n                      
         print(Decompile()(args.file_path,\                                     
                 \ args.function_name))\n"                                      
               docstring: Decompile a binary and prints the decompilation of a  
         given function                                                         
                 name                                                           
               end_name: null                                                   
               name: decompile                                                  
               signature: decompile <binary_path> [--function_name              
         <function_name>]                                                       
             - arguments:                                                       
                 binary_path:                                                   
                   description: The path to the binary to be disassembled       
                   required: true                                               
                   type: file path                                              
                 function_name:                                                 
                   description: The function name to be disassembled, or main by
         default                                                                
                   required: false                                              
                   type: string                                                 
               code: "#!/usr/bin/env python3\n# Copyright Amazon.com, Inc. or   
         its affiliates.\                                                       
                 \ All Rights Reserved.  \n\n# SPDX-License-Identifier:         
         CC-BY-NC-4.0\n\n\n\                                                    
                 #!/root/miniconda3/bin/python\n\n#\n# @yaml\n# signature:      
         disassemble <binary_path>\                                             
                 \ [--function_name <function_name>]\n# docstring: Disassembles 
         a binary and\                                                          
                 \ prints the disassembly of a given function name\n#           
         arguments:\n#   binary_path:\n\                                        
                 #       type: file path\n#       description: The path to the  
         binary to be\                                                          
                 \ disassembled\n#       required: true\n#   function_name:\n#  
         type:\                                                                 
                 \ string\n#       description: The function name to be         
         disassembled, or main\                                                 
                 \ by default\n#       required: false\n\nimport                
         argparse\nimport subprocess\n\                                         
                 import re\nimport json\nimport tempfile\nfrom typing import    
         Annotated\nfrom\                                                       
                 \ pathlib import Path\n\nGHIDRA_BINARY =                       
         \"analyzeHeadless\"\n\nclass Disassemble:\n\                           
                 \    def __init__(self):\n        pass\n\n    def              
         __call__(self,\n       \                                               
                 \          path: Annotated[str,\"path to the binary to         
         disassemble\"],\n \                                                    
                 \                function: Annotated[str,\"the function to     
         disassemble\"]\                                                        
                 \ = 'main'):\n        \"\"\"Disassemble a function from a      
         binary using Ghidra.\"\                                                
                 \"\"\n        if path is None or not Path(path).is_file():\n   
         return\                                                                
                 \ f\"Error: Binary {path} does not exist! Please try again with
         a real binary\                                                         
                 \ file.\"\n        if function is None:\n            function =
         \"main\"\n\                                                            
                 \        return self.disassemble(path, function)\n\n    def    
         find_function(self,\                                                   
                 \ dis, function):\n        \"\"\"Returns the name of the       
         function found in\                                                     
                 \ the dict\"\"\"\n        if function in dis[\"functions\"]:\n 
         \                                                                      
                 \ return function\n        # Looking for main entry point, so  
         try other names\                                                       
                 \ also\n        if function == \"main\":\n            if       
         \"main\" in dis:\n\                                                    
                 \                return dis[\"main\"]\n            if          
         \"_start\" in dis[\"\                                                  
                 functions\"]:\n                return \"_start\"\n             
         if \"invoke_main\"\                                                    
                 \ in dis[\"functions\"]:\n                return               
         \"invoke_main\"\n       \                                              
                 \     if \"entry\" in dis[\"functions\"]:\n                    
         return \"entry\"\                                                      
                 \n        # Check if requesting radare2 unnamed function with  
         address\n  \                                                           
                 \      if re.match(r\"fcn\\.[0-9a-f]+$\", function):\n         
         addr = function[4:]\n\                                                 
                 \            if addr in dis[\"addresses\"]:\n                  
         return dis[\"\                                                         
                 addresses\"][addr]\n        # Nothing found\n        return    
         None\n\n    def\                                                       
                 \ disassemble(self, binary, function):\n        # Look for the 
         disassembly\                                                           
                 \ output in \"disas\"\n        basename = Path(binary).name\n  
         disas_output_path\                                                     
                 \ = Path(f\"/ghidra_out/{basename}.disas.json\")\n        if   
         not disas_output_path.exists():\n\                                     
                 \            if not self.run_ghidra(basename,                  
         disas_output_path):\n      \                                           
                 \          return f\"Error: Disassembly for {binary} not       
         available\"\n   \                                                      
                 \     disas_output = disas_output_path.read_text()\n           
         try:\n       \                                                         
                 \     self.ghidra_out = json.loads(disas_output)\n             
         except json.JSONDecodeError\                                           
                 \ as e:\n            msg = (\n                f\"Error: Failed 
         to parse Ghidra\                                                       
                 \ output {disas_output!r} for {binary}. \"\n                   
         \"Please report\                                                       
                 \ this bug.\"\n            )\n            raise ValueError(msg)
         from e\n\n\                                                            
                 \        if found := self.find_function(self.ghidra_out,       
         function):\n    \                                                      
                 \        ret = self.ghidra_out[\"functions\"][found]\n         
         if found\                                                              
                 \ == function:\n                # Exact name found\n           
         return\                                                                
                 \ f\"Disassembly Found!\\n{ret}\"\n            else:\n         
         return\                                                                
                 \ f\"Function {function} not found! Instead, here is the       
         disassembly of equivalent\                                             
                 \ function {found}:\\n{ret}\"\n        else:\n                 
         funclist = \", \"\                                                     
                 .join(self.ghidra_out[\"functions\"].keys())\n                 
         return f\"Error:\                                                      
                 \ Function {function} not found in {binary}.\\nThese are the   
         available functions\                                                   
                 \ found: {funclist}\"\n\n    def run_ghidra(self, binary,      
         output):\n     \                                                       
                 \   real_binary = Path(binary)\n        if not real_binary or  
         not real_binary.exists():\n\                                           
                 \            return False\n                                    
         output.parent.mkdir(parents=True, exist_ok=True)\n\                    
                 \        with tempfile.TemporaryDirectory() as tmpdir:\n       
         tmpdir\                                                                
                 \ = Path(tmpdir)\n            subprocess.run(\n                
         [GHIDRA_BINARY,\                                                       
                 \ tmpdir, \"DummyProj\", \"-scriptpath\", '/ghidra_scripts',\n 
         \                                                                      
                 \      \"-import\", real_binary, \"-postscript\",              
         \"DisassembleToJson.java\"\                                            
                 , output],\n                check=False, capture_output=True,\n
         \                                                                      
                 \  )\n            return output.exists()\n\n\nif __name__ ==   
         \"__main__\"\                                                          
                 :\n    parser = argparse.ArgumentParser(\n                     
         description=\"Print the\                                               
                 \ contents of a Python file, skipping lengthy function and     
         method definitions.\"\                                                 
                 \n    )\n    parser.add_argument(\"file_path\", type=str,      
         help=\"The path\                                                       
                 \ to the binary to be disassembled\")\n                        
         parser.add_argument(\"--function_name\"\                               
                 , type=str, help=\"The function name to be disassembled\",     
         required=False,\                                                       
                 \ default=\"main\")\n    args = parser.parse_args()\n          
         print(Disassemble()(args.file_path,\                                   
                 \ args.function_name))\n"                                      
               docstring: Disassembles a binary and prints the disassembly of a 
         given function                                                         
                 name                                                           
               end_name: null                                                   
               name: disassemble                                                
               signature: disassemble <binary_path> [--function_name            
         <function_name>]                                                       
             - arguments:                                                       
                 args:                                                          
                   description: optional command-line arguments for the binary  
                   required: false                                              
                   type: string                                                 
                 binary:                                                        
                   description: the path to the binary to debug                 
                   required: true                                               
                   type: string                                                 
               code: 'debug_start() {    if [ -z "$1" ]    then        echo     
         "Usage: debug_start                                                    
                 <binary>"        return    fi    if [ ! -x "$1" ]    then      
         echo "Error:                                                           
                 File $1 does not exist, or is not executable"        return    
         fi    fp=$(realpath                                                    
                 $1)    _debug_command "SESSION=gdb"    _debug_command "START"  
         _debug_command                                                         
                 "set confirm off"    _debug_command "file $fp"    if [ ! -z    
         "$2" ]    then        _debug_command                                   
                 "set args ${@:2:$#}" # Set arguments from 2 until the end    fi
         _debug_command                                                         
                 "starti"    export INTERACTIVE_SESSION="gdb $@"}'              
               docstring: Starts a debug session with the given binary.         
               end_name: null                                                   
               name: debug_start                                                
               signature: debug_start <binary> [<args>]                         
             - arguments:                                                       
                 breakpoint:                                                    
                   description: The breakpoint location, which may be a function
         name, address,                                                         
                     or filename and line number.                               
                   required: true                                               
                   type: string                                                 
               code: 'debug_add_breakpoint() {    if [ -z "$1" ]    then        
         echo "Usage:                                                           
                 debug_add_breakpoint <breakpoint>"        return    fi         
         _debug_command "SESSION=gdb"    _debug_command                         
                 ''break ''$1}'                                                 
               docstring: Adds a breakpoint in the debug session                
               end_name: null                                                   
               name: debug_add_breakpoint                                       
               signature: debug_add_breakpoint <breakpoint>                     
             - arguments: null                                                  
               code: debug_continue() {    _debug_command "SESSION=gdb"         
         _debug_command 'continue'}                                             
               docstring: Continues the program execution in the debug session. 
               end_name: null                                                   
               name: debug_continue                                             
               signature: debug_continue                                        
             - arguments:                                                       
                 number:                                                        
                   description: number of instructions to step (default is 1)   
                   required: false                                              
                   type: integer                                                
               code: 'debug_step() {    if [ -z "$1" ]    then                  
         _debug_command "SESSION=gdb"        _debug_command                     
                 ''stepi''    elif [[ (("$1" -eq "$1") && ("$1" -gt "0")) ]] #  
         Check if integer                                                       
                 and positive    then        _debug_command "SESSION=gdb"       
         _debug_command                                                         
                 ''stepi ''$1    else        echo "Please provide a positive    
         integer for number                                                     
                 of instructions."        echo "Usage: debug_step [number]"     
         fi}'                                                                   
               docstring: Steps number of instructions in the debug session.    
               end_name: null                                                   
               name: debug_step                                                 
               signature: debug_step [number]                                   
             - arguments:                                                       
                 command:                                                       
                   description: command to execute (wrap in single quotes to    
         avoid shell escaping                                                   
                     and substitution)                                          
                   required: true                                               
                   type: string                                                 
               code: 'debug_exec() {    if [ -z "$1" ]    then        echo      
         "Usage: debug_exec                                                     
                 <command>"        return    fi    _debug_command "SESSION=gdb" 
         _debug_command                                                         
                 "$1"}'                                                         
               docstring: Executes arbitrary gdb command in debug session.      
               end_name: null                                                   
               name: debug_exec                                                 
               signature: debug_exec <command>                                  
             - arguments: null                                                  
               code: debug_stop() {    _debug_command "SESSION=gdb"             
         _debug_command "quit"    _debug_command                                
                 "STOP"    unset INTERACTIVE_SESSION}                           
               docstring: Stops the current debug session.                      
               end_name: null                                                   
               name: debug_stop                                                 
               signature: debug_stop                                            
             - arguments:                                                       
                 port:                                                          
                   description: desired port for connection                     
                   required: true                                               
                   type: int                                                    
                 server_address:                                                
                   description: the server address to initiate connection to    
                   required: true                                               
                   type: string                                                 
               code: 'connect_start() {    if [ -z "$1" ] || [ -z "$2" ]    then
         echo                                                                   
                 "Usage: connect_start <server_address> <port>"        return   
         fi    _connect_command                                                 
                 "SESSION=connect"    _connect_command "START"                  
         _connect_command "connect                                              
                 $1 $2"    export INTERACTIVE_SESSION="connect $@"}'            
               docstring: Starts a new interactive connection to the server     
         address and port.                                                      
               end_name: null                                                   
               name: connect_start                                              
               signature: connect_start <server_address> <port>                 
             - arguments:                                                       
                 line:                                                          
                   description: The line to send to the connection              
                   required: false                                              
                   type: string                                                 
               code: connect_sendline() {    _connect_command "SESSION=connect" 
         _connect_command                                                       
                 'sendline '$@}                                                 
               docstring: Sends a line with unicode/hexadecimal values to the   
         connection. Sending                                                    
                 hexadecimal bytes should be done using \x<hh> where hh stands  
         for the sepecific                                                      
                 byte you want to send.                                         
               end_name: null                                                   
               name: connect_sendline                                           
               signature: connect_sendline [<line>]                             
             - arguments:                                                       
                 command:                                                       
                   description: command to execute (wrap in single quotes to    
         avoid shell escaping                                                   
                     and substitution)                                          
                   required: true                                               
                   type: string                                                 
               code: 'connect_exec() {    if [ -z "$1" ]    then        echo    
         "Usage: connect_exec                                                   
                 <command>"        return    fi    _connect_command             
         "SESSION=connect"    _connect_command                                  
                 "$@"}'                                                         
               docstring: Executes arbitrary connect command in connect session.
               end_name: null                                                   
               name: connect_exec                                               
               signature: connect_exec <command>                                
             - arguments: null                                                  
               code: connect_stop() {    _connect_command "SESSION=connect"     
         _connect_command                                                       
                 "quit"    _connect_command "STOP"    unset INTERACTIVE_SESSION}
               docstring: Stops the current connect session.                    
               end_name: null                                                   
               name: connect_stop                                               
               signature: connect_stop                                          
             - arguments: null                                                  
               code: "exit_forfeit() {    echo \"Forfeit \U0001F625\"    #      
         Implementation note:\                                                  
                 \ This is actually caught directly in swe_env.py    # We only  
         include this\                                                          
                 \ stub so that the command is shown to the agent.}"            
               docstring: Give up on the current challenge and terminate the    
         session.                                                               
               end_name: null                                                   
               name: exit_forfeit                                               
               signature: exit_forfeit                                          
             _subroutines: {}                                                   
             block_unless_regex:                                                
               r2: \b(?:radare2)\b.*\s+-c\s+.*                                  
               radare2: \b(?:radare2)\b.*\s+-c\s+.*                             
             blocklist:                                                         
             - vim                                                              
             - vi                                                               
             - emacs                                                            
             - nano                                                             
             - nohup                                                            
             - gdb                                                              
             blocklist_error_template: |                                        
               Interactive operation '{name}' is not supported by this          
         environment.                                                           
               Please consider using one of the interactive commands available  
         to you in this environment.                                            
             blocklist_standalone:                                              
             - python                                                           
             - python3                                                          
             - ipython                                                          
             - bash                                                             
             - sh                                                               
             - exit                                                             
             - /bin/bash                                                        
             - /bin/sh                                                          
             - nohup                                                            
             - vi                                                               
             - vim                                                              
             - emacs                                                            
             - nano                                                             
             - su                                                               
             command_docs: |+                                                   
               open:                                                            
                 docstring: opens the file at the given path in the editor. If  
         line_number is provided, the window will be move to include that line  
                 signature: open "<path>" [<line_number>]                       
                 arguments:                                                     
                   - path (string) [required]: the path to the file to open     
                   - line_number (integer) [optional]: the line number to move  
         the window to (if not provided, the window will start at the top of the
         file)                                                                  
                                                                                
               goto:                                                            
                 docstring: moves the window to show <line_number>              
                 signature: goto <line_number>                                  
                 arguments:                                                     
                   - line_number (integer) [required]: the line number to move  
         the window to                                                          
                                                                                
               scroll_down:                                                     
                 docstring: moves the window down 100 lines                     
                 signature: scroll_down                                         
                                                                                
               scroll_up:                                                       
                 docstring: moves the window down 100 lines                     
                 signature: scroll_up                                           
                                                                                
               create:                                                          
                 docstring: creates and opens a new file with the given name    
                 signature: create <filename>                                   
                 arguments:                                                     
                   - filename (string) [required]: the name of the file to      
         create                                                                 
                                                                                
               search_dir:                                                      
                 docstring: searches for search_term in all files in dir. If dir
         is not provided, searches in the current directory                     
                 signature: search_dir <search_term> [<dir>]                    
                 arguments:                                                     
                   - search_term (string) [required]: the term to search for    
                   - dir (string) [optional]: the directory to search in (if not
         provided, searches in the current directory)                           
                                                                                
               search_file:                                                     
                 docstring: searches for search_term in file. If file is not    
         provided, searches in the current open file                            
                 signature: search_file <search_term> [<file>]                  
                 arguments:                                                     
                   - search_term (string) [required]: the term to search for    
                   - file (string) [optional]: the file to search in (if not    
         provided, searches in the current open file)                           
                                                                                
               find_file:                                                       
                 docstring: finds all files with the given name in dir. If dir  
         is not provided, searches in the current directory                     
                 signature: find_file <file_name> [<dir>]                       
                 arguments:                                                     
                   - file_name (string) [required]: the name of the file to     
         search for                                                             
                   - dir (string) [optional]: the directory to search in (if not
         provided, searches in the current directory)                           
                                                                                
               edit:                                                            
                 docstring: replaces lines <start_line> through <end_line>      
         (inclusive) with the given text in the open file. The replacement text 
         is terminated by a line with only end_of_edit on it. All of the        
         <replacement text> will be entered, so make sure your indentation is   
         formatted properly. Python files will be checked for syntax errors     
         after the edit. If the system detects a syntax error, the edit will not
         be executed. Simply try to edit the file again, but make sure to read  
         the error message and modify the edit command you issue accordingly.   
         Issuing the same command a second time will just lead to the same error
         message again.                                                         
                 signature: edit <start_line>:<end_line>                        
               <replacement_text>                                               
               end_of_edit                                                      
                 arguments:                                                     
                   - start_line (integer) [required]: the line number to start  
         the edit at                                                            
                   - end_line (integer) [required]: the line number to end the  
         edit at (inclusive)                                                    
                   - replacement_text (string) [required]: the text to replace  
         the current selection with                                             
                                                                                
               submit:                                                          
                 docstring: submits your current flag and terminates the        
         session, you should be aware to properly escape the flag as this is a  
         bash command and to put your flag under single quotes.                 
                 signature: submit '<flag>'                                     
                 arguments:                                                     
                   - flag (string) [required]: the flag found                   
                                                                                
               decompile:                                                       
                 docstring: Decompile a binary and prints the decompilation of a
         given function name                                                    
                 signature: decompile <binary_path> [--function_name            
         <function_name>]                                                       
                 arguments:                                                     
                   - binary_path (file path) [required]: The path to the binary 
         to be decompiled                                                       
                   - function_name (string) [optional]: The function name to be 
         decompiled, or main by default                                         
                                                                                
               disassemble:                                                     
                 docstring: Disassembles a binary and prints the disassembly of 
         a given function name                                                  
                 signature: disassemble <binary_path> [--function_name          
         <function_name>]                                                       
                 arguments:                                                     
                   - binary_path (file path) [required]: The path to the binary 
         to be disassembled                                                     
                   - function_name (string) [optional]: The function name to be 
         disassembled, or main by default                                       
                                                                                
               debug_start:                                                     
                 docstring: Starts a debug session with the given binary.       
                 signature: debug_start <binary> [<args>]                       
                 arguments:                                                     
                   - binary (string) [required]: the path to the binary to debug
                   - args (string) [optional]: optional command-line arguments  
         for the binary                                                         
                                                                                
               debug_add_breakpoint:                                            
                 docstring: Adds a breakpoint in the debug session              
                 signature: debug_add_breakpoint <breakpoint>                   
                 arguments:                                                     
                   - breakpoint (string) [required]: The breakpoint location,   
         which may be a function name, address, or filename and line number.    
                                                                                
               debug_continue:                                                  
                 docstring: Continues the program execution in the debug        
         session.                                                               
                 signature: debug_continue                                      
                                                                                
               debug_step:                                                      
                 docstring: Steps number of instructions in the debug session.  
                 signature: debug_step [number]                                 
                 arguments:                                                     
                   - number (integer) [optional]: number of instructions to step
         (default is 1)                                                         
                                                                                
               debug_exec:                                                      
                 docstring: Executes arbitrary gdb command in debug session.    
                 signature: debug_exec <command>                                
                 arguments:                                                     
                   - command (string) [required]: command to execute (wrap in   
         single quotes to avoid shell escaping and substitution)                
                                                                                
               debug_stop:                                                      
                 docstring: Stops the current debug session.                    
                 signature: debug_stop                                          
                                                                                
               connect_start:                                                   
                 docstring: Starts a new interactive connection to the server   
         address and port.                                                      
                 signature: connect_start <server_address> <port>               
                 arguments:                                                     
                   - server_address (string) [required]: the server address to  
         initiate connection to                                                 
                   - port (int) [required]: desired port for connection         
                                                                                
               connect_sendline:                                                
                 docstring: Sends a line with unicode/hexadecimal values to the 
         connection. Sending hexadecimal bytes should be done using \x<hh> where
         hh stands for the sepecific byte you want to send.                     
                 signature: connect_sendline [<line>]                           
                 arguments:                                                     
                   - line (string) [optional]: The line to send to the          
         connection                                                             
                                                                                
               connect_exec:                                                    
                 docstring: Executes arbitrary connect command in connect       
         session.                                                               
                 signature: connect_exec <command>                              
                 arguments:                                                     
                   - command (string) [required]: command to execute (wrap in   
         single quotes to avoid shell escaping and substitution)                
                                                                                
               connect_stop:                                                    
                 docstring: Stops the current connect session.                  
                 signature: connect_stop                                        
                                                                                
               exit_forfeit:                                                    
                 docstring: Give up on the current challenge and terminate the  
         session.                                                               
                 signature: exit_forfeit                                        
                                                                                
             command_files:                                                     
             -                                                                  
         /data2/nfs/wangyingqi/Cyber-Zero/enigma-plus/config/commands/defaults.s
         h                                                                      
             -                                                                  
         /data2/nfs/wangyingqi/Cyber-Zero/enigma-plus/config/commands/search.sh 
             -                                                                  
         /data2/nfs/wangyingqi/Cyber-Zero/enigma-plus/config/commands/edit_linti
         ng.sh                                                                  
             -                                                                  
         /data2/nfs/wangyingqi/Cyber-Zero/enigma-plus/config/commands/_split_str
         ing.py                                                                 
             -                                                                  
         /data2/nfs/wangyingqi/Cyber-Zero/enigma-plus/config/commands/submit_ctf
         .sh                                                                    
             -                                                                  
         /data2/nfs/wangyingqi/Cyber-Zero/enigma-plus/config/commands/decompile.
         py                                                                     
             -                                                                  
         /data2/nfs/wangyingqi/Cyber-Zero/enigma-plus/config/commands/disassembl
         e.py                                                                   
             -                                                                  
         /data2/nfs/wangyingqi/Cyber-Zero/enigma-plus/config/commands/debug.sh  
             -                                                                  
         /data2/nfs/wangyingqi/Cyber-Zero/enigma-plus/config/commands/_connect.p
         y                                                                      
             -                                                                  
         /data2/nfs/wangyingqi/Cyber-Zero/enigma-plus/config/commands/server_con
         nection.sh                                                             
             -                                                                  
         /data2/nfs/wangyingqi/Cyber-Zero/enigma-plus/config/commands/forfeit.sh
             context_compression:                                               
               enabled: true                                                    
               max_context_tokens: 32000                                        
               max_summary_input_chars: 120000                                  
               max_summary_output_chars: 24000                                  
               summary_model: same_as_agent                                     
               trigger_ratio: 0.75                                              
             demonstration_template: null                                       
             demonstrations: []                                                 
             enable_context_compression: true                                   
             enable_thought_recording: true                                     
             env_variables:                                                     
               CURRENT_FILE: ''                                                 
               CURRENT_LINE: '0'                                                
               OVERLAP: '2'                                                     
               SEARCH_FILES: ()                                                 
               SEARCH_INDEX: '0'                                                
               SEARCH_RESULTS: ()                                               
               WINDOW: '100'                                                    
             format_error_template: |                                           
               Your output was not formatted correctly. You must always include 
         one discussion and one command as part of your response. Make sure you 
         do not have multiple discussion/command tags.                          
               The command may be multiline (for example a single heredoc or    
         `python3 -c` block), but it must be contained in exactly one fenced    
         code block. Do not include a second command block.                     
               Please make sure your output precisely matches the following     
         format:                                                                
               DISCUSSION                                                       
               Discuss here with yourself about what your planning and what     
         you're going to do in this step.                                       
                                                                                
               ```                                                              
               command(s) that you're going to run                              
               ```                                                              
             history_processor: {}                                              
             history_processor_args: {}                                         
             instance_template: |-                                              
               We're currently solving the following CTF challenge. The CTF     
         challenge is a {category_friendly} problem named "{name}", worth       
         {points} points. The description is:                                   
               {description}                                                    
               Files included in the challenge: {files}                         
                                                                                
               {server_description}                                             
                                                                                
               INSTRUCTIONS:                                                    
               Now, you're going to solve this challenge on your own. Your      
         terminal session has started and you're in the challenge's root        
         directory. You can use any bash commands or the special interface to   
         help you.                                                              
               Solve the challenge, executing any commands you need and writing 
         any code that may be helpful. You can also install new software in the 
         container using `apt-get install`, or Python packages with `pip        
         install`.                                                              
               Remember, YOU CAN ONLY ENTER ONE COMMAND AT A TIME. You should   
         always wait for feedback after every command.                          
               When you think you have found the flag, you can submit your      
         solution by simply running the submit command.                         
               Note however that you cannot use any interactive session commands
         (e.g. python, vim) in this environment, but you can write scripts and  
         run them. E.g. you can write a python script and then run it with      
         `python <script_name>.py`.                                             
                                                                                
               NOTE ABOUT THE EDIT COMMAND: Indentation really matters! When    
         editing a file, make sure to insert appropriate indentation before each
         line!                                                                  
                                                                                
               IMPORTANT TIPS:                                                  
               1. When you edit an existing file, try to minimize the changes   
         you make to the file.                                                  
                                                                                
               2. Please make sure that you make use of the interactive tools   
         supplied to you! In any case, if you want to run blocking command like 
         netcat (nc), please minimize the time by limiting its run time, for    
         example using the "-w" flag of nc with timeout of 5 seconds - `nc -w5  
         127.0.0.1 80`.                                                         
                                                                                
               3. Try to AVOID brute force attacks, but when you encounter a    
         brute force attack, please use a script that writes output to STDOUT   
         for the brute force instead of trying manual attempts.                 
                                                                                
               4. Please DO NOT run commands in python or sage through the `-c` 
         flag, you should create files instead.                                 
                                                                                
               5. Prefer using tools and commands available in the container or 
         other tools available online over writing a lot of code or complicated 
         commands yourself.                                                     
                  In particular, prefer using `open` instead of `cat` and       
         `search_file` instead of `grep`, and prefer using the interactive      
         commands supplied to you!                                              
                                                                                
               6. DO NOT run any command that produces binary output! Instead   
         try to use `hexdump` or `xxd`.                                         
                                                                                
               7. Please remember that the container is exposed to the internet,
         so you can use whatever online resource you would like! Use it wisely! 
                                                                                
               8. Do not use any interactive commands AT ALL! Interactive       
         commands are only available through the commands supplied to you at the
         beginning - make use of them!                                          
                                                                                
               9. Never run unbounded exploit I/O such as `p.interactive()`,    
         `python -i`,                                                           
                   `input()`, or a socket read without a timeout. Use bounded   
         calls such as                                                          
                   `remote(host, port, timeout=15)`, `recvuntil(...,            
         timeout=15)`, and run                                                  
                   exploit programs with `timeout --foreground -k 5 60s python3 
         exploit.py`.                                                           
                   If the exploit is incomplete, stop and analyze the output    
         instead of                                                             
                   entering an interactive session.                             
                                                                                
               10. A single fenced command block may contain a multiline heredoc
         or                                                                     
                   multiline `python3 -c` command. Keep exactly one command     
         block and do                                                           
                   not repeat the DISCUSSION/command labels.                    
                                                                                
               11. YOU CAN SOLVE THE CHALLENGES BY YOURSELF COMPLETELY - I TRUST
         IN YOU!                                                                
                                                                                
               (Open file: {open_file})                                         
               (Current directory: {working_dir})                               
               (Interactive session: {interactive_session})                     
               bash-$                                                           
             next_step_no_output_template: |-                                   
               Your command ran successfully and did not produce any output.    
               (Open file: {open_file})                                         
               (Current directory: {working_dir})                               
               (Interactive session: {interactive_session})                     
               bash-$                                                           
             next_step_template: |-                                             
               {observation}                                                    
               (Open file: {open_file})                                         
               (Current directory: {working_dir})                               
               (Interactive session: {interactive_session})                     
               bash-$                                                           
             parse_command: {}                                                  
             parse_function: {}                                                 
             put_demos_in_history: false                                        
             state_command:                                                     
               arguments: null                                                  
               code: |                                                          
                 state() {                                                      
                   local working_dir="$PWD";                                    
                   local open_file="n/a";                                       
                   local interactive_session="${INTERACTIVE_SESSION:-n/a}";     
                   if [ ! -z $CURRENT_FILE ]; then                              
                       open_file=$(realpath $CURRENT_FILE);                     
                   fi                                                           
                                                                                
                   echo '{"open_file": "'$open_file'", "working_dir":           
         "'$working_dir'", "interactive_session": "'$interactive_session'"}'    
                 };                                                             
               docstring: null                                                  
               end_name: null                                                   
               name: state                                                      
               signature: null                                                  
             strategy_template: null                                            
             submit_command: submit                                             
             subroutine_types: []                                               
             summarizer_config:                                                 
               function: {}                                                     
               instance_template: null                                          
               model: null                                                      
               system_template: null                                            
               template: null                                                   
               window_length: 100                                               
             system_template: |-                                                
               SETTING: You are a skilled cybersecurity professional and top CTF
         player.                                                                
               Your goal is to solve the CTF challenge and find the flag. The   
         flag format for this CTF is {flag_format}.                             
                                                                                
               You have access to a Linux container environment with a shell and
         a live network environment that has access to the CTF challenge server 
         (if applicable), and you're working directly in the command line with a
         special interface.                                                     
               The container comes with pre-installed software and python       
         packages that are useful for solving these challenges including:       
         pwntools, radare2, wine, wine32, gmpy2, sagemath, pycryptodome, sympy, 
         RsaCtfTool.py, tshark, sqlmap and nikto.                               
                                                                                
               The special interface consists of a file editor that shows you   
         {WINDOW} lines of a file at a time.                                    
               In addition to typical bash commands, you can also use the       
         following commands to help you navigate and edit files.                
                                                                                
               COMMANDS:                                                        
               {command_docs}                                                   
                                                                                
               Please note that THE EDIT COMMAND REQUIRES PROPER INDENTATION.   
               If you'd like to add the line '        print(x)' you must fully  
         write that out, with all those spaces before the code! Indentation is  
         important and code that is not indented correctly will fail and require
         fixing before it can be run.                                           
                                                                                
               RESPONSE FORMAT:                                                 
               Your shell prompt is formatted as follows:                       
               (Open file: <path>) <cwd> $                                      
                                                                                
               You need to format your output using two fields; discussion and  
         command.                                                               
               Your output should always include _one_ discussion and _one_     
         command field EXACTLY as in the following example:                     
               DISCUSSION                                                       
               First I'll start by using ls to see what files are in the current
         directory. Then maybe we can look at some relevant files to see what   
         they look like.                                                        
               ```                                                              
               ls -a                                                            
               ```                                                              
                                                                                
               You should only include a *SINGLE* command in the command section
         and then wait for a response from the shell before continuing with more
         discussion and commands. Everything you include in the DISCUSSION      
         section will be saved for future reference.                            
               If you'd like to issue two commands at once, PLEASE DO NOT DO    
         THAT! Please instead first submit just the first command, and then     
         after receiving a response you'll be able to issue the second command. 
               You're free to use any other bash commands you want (e.g. find,  
         grep, cat, ls, cd) in addition to the special commands listed above.   
               However, the environment does NOT support interactive session    
         commands (e.g. python, vim), so please do not invoke them.             
                                                                                
               YOU CANNOT ACCESS ANY WEBSITE EXCEPT FOR THE CTF CHALLENGE       
         SERVER! DO NOT PEFORM PORT SCANNING OR ANY OTHER NETWORK SCANNING!     
             util_functions:                                                    
             - arguments: null                                                  
               code: "_print() {    local total_lines=$(awk 'END {print NR}'    
         \"$CURRENT_FILE\"\                                                     
                 )    local file_path=$(realpath \"$CURRENT_FILE\")        # Add
         indicator\                                                             
                 \ if this is a summarizer output file    if [[ \"$file_path\"  
         == */output/*\                                                         
                 \ ]]; then        echo \"[File: $file_path ($total_lines lines 
         total)] \u26A0\                                                        
                 \uFE0F  SUMMARIZER OUTPUT FILE\"    else        echo \"[File:  
         $file_path ($total_lines\                                              
                 \ lines total)]\"    fi        lines_above=$(jq -n             
         \"$CURRENT_LINE - $WINDOW/2\"\                                         
                 \ | jq '[0, .] | max | floor')    lines_below=$(jq -n          
         \"$total_lines - $CURRENT_LINE\                                        
                 \ - $WINDOW/2\" | jq '[0, .] | max | round')    if [           
         $lines_above -gt 0 ];\                                                 
                 \ then        echo \"($lines_above more lines above)\"    fi   
         cat \"$CURRENT_FILE\"\                                                 
                 \ | grep -n $ | head -n $(jq -n \"[$CURRENT_LINE + $WINDOW/2,  
         $WINDOW/2] |\                                                          
                 \ max | floor\") | tail -n $(jq -n \"$WINDOW\")    if [        
         $lines_below -gt 0\                                                    
                 \ ]; then        echo \"($lines_below more lines below)\"      
         fi}"                                                                   
               docstring: null                                                  
               end_name: null                                                   
               name: _print                                                     
               signature: _print                                                
             - arguments: null                                                  
               code: _constrain_line() {    if [ -z "$CURRENT_FILE" ]    then   
         echo "No                                                               
                 file open. Use the open command first."        return    fi    
         local max_line=$(awk                                                   
                 'END {print NR}' "$CURRENT_FILE")    local half_window=$(jq -n 
         "$WINDOW/2"                                                            
                 | jq 'floor')    export CURRENT_LINE=$(jq -n "[$CURRENT_LINE,  
         $max_line -                                                            
                 $half_window] | min")    export CURRENT_LINE=$(jq -n           
         "[$CURRENT_LINE, $half_window]                                         
                 | max")}                                                       
               docstring: null                                                  
               end_name: null                                                   
               name: _constrain_line                                            
               signature: _constrain_line                                       
             - arguments: null                                                  
               code: '_scroll_warning_message() {    # Warn the agent if we     
         scroll too many                                                        
                 times    # Message will be shown if scroll is called more than 
         WARN_AFTER_SCROLLING_TIMES                                             
                 (default 3) times    # Initialize variable if it''s not set    
         export SCROLL_COUNT=${SCROLL_COUNT:-0}    #                            
                 Reset if the last command wasn''t about scrolling    if [      
         "$LAST_ACTION" !=                                                      
                 "scroll_up" ] && [ "$LAST_ACTION" != "scroll_down" ]; then     
         export SCROLL_COUNT=0    fi    #                                       
                 Increment because we''re definitely scrolling now    export    
         SCROLL_COUNT=$((SCROLL_COUNT                                           
                 + 1))    if [ $SCROLL_COUNT -ge                                
         ${WARN_AFTER_SCROLLING_TIMES:-3} ]; then        echo                   
                 ""        echo "WARNING: Scrolling many times in a row is very 
         inefficient."        echo                                              
                 "If you know what you are looking for, use \`search_file       
         <pattern>\` instead."        echo                                      
                 ""    fi}'                                                     
               docstring: null                                                  
               end_name: null                                                   
               name: _scroll_warning_message                                    
               signature: _scroll_warning_message                               
             - arguments: null                                                  
               code: _debug_command() {    echo                                 
         "<<INTERACTIVE||$@||INTERACTIVE>>"}                                    
               docstring: null                                                  
               end_name: null                                                   
               name: _debug_command                                             
               signature: _debug_command                                        
             - arguments: null                                                  
               code: _connect_command() {    echo                               
         "<<INTERACTIVE||$@||INTERACTIVE>>"}                                    
               docstring: null                                                  
               end_name: null                                                   
               name: _connect_command                                           
               signature: _connect_command                                      
           config_file: config/default_ctf.yaml                                 
           model:                                                               
             host_url: localhost:11434                                          
             messages_api_key: EMPTY                                            
             messages_api_url: http://127.0.0.1:23106/v1/messages               
             model_name: glm52_10                                               
             per_instance_cost_limit: 0.0                                       
             per_instance_step_limit: 200                                       
             replay_path: null                                                  
             temperature: 0.0                                                   
             top_k: 20                                                          
             top_p: 0.95                                                        
             total_cost_limit: 0.0                                              
         bypass_step_limit_history: false                                       
         container_only: false                                                  
         ctf: true                                                              
         environment:                                                           
           allow_dirty_repo: false                                              
           base_commit: null                                                    
           cache_task_images: false                                             
           container_mounts: []                                                 
           container_name: null                                                 
           data_path: /tmp/enigma-crypto4-5z01tkca/repo/challenge.json          
           enable_dynamic_ports: true                                           
           enable_network_restrictions: false                                   
           environment_setup: null                                              
           image_name: sweagent/enigma:latest                                   
           install_environment: true                                            
           interactive_sessions_config:                                         
             connect:                                                           
               cmdline: /root/commands/_connect                                 
               exit_command: connect_stop                                       
               quit_commands_in_session:                                        
               - quit                                                           
               signal_for_interrupt_limit: 3                                    
               start_command: connect_start                                     
               terminal_prompt_pattern: '(nc) '                                 
               timeout_duration_on_interrupt: 5                                 
             dummy:                                                             
               cmdline: /root/commands/_interactive_dummy                       
               exit_command: dummy_stop                                         
               quit_commands_in_session:                                        
               - stop                                                           
               signal_for_interrupt_limit: 3                                    
               start_command: dummy_start                                       
               terminal_prompt_pattern: '(dummy) '                              
               timeout_duration_on_interrupt: 5                                 
             gdb:                                                               
               cmdline: gdb                                                     
               exit_command: debug_stop                                         
               quit_commands_in_session:                                        
               - quit                                                           
               signal_for_interrupt_limit: 3                                    
               start_command: debug_start                                       
               terminal_prompt_pattern: '(gdb) '                                
               timeout_duration_on_interrupt: 5                                 
           no_mirror: false                                                     
           repo_path: /tmp/enigma-crypto4-5z01tkca/repo                         
           split: ''                                                            
           timeout: null                                                        
           verbose: true                                                        
         instance_filter: .*                                                    
         num_trajectories: 1                                                    
         print_config: true                                                     
         raise_exceptions: false                                                
         skip_existing: true                                                    
         suffix: ''                                                             
         trajectories_per_task: 1                                               
         trajectory_path:                                                       
         /data2/nfs/wangyingqi/Cyber-Zero/trajectories/ctfdojo_3traj_20260830_23
         2646/traj_001/csawctf2011__crypto4-f2236c90b6/enigma_output/attempt-202
         60901T031025177579-57cae51c                                            
         workers: 1                                                             
         writeup: ''                                                            
                                                                                
INFO     💽 Loaded dataset from /tmp/enigma-crypto4-5z01tkca/repo/challenge.json
INFO     Found image sweagent/enigma:latest with tags:                          
         ['sweagent/enigma:latest'], created: 2024-08-29T19:52:43.576514108Z for
         linux amd64.                                                           
DEBUG    Starting container with image: sweagent/enigma:latest, name:           
         batch-fb10011707f2-sweagent-enigma-latest-04b7cd1c92                   
DEBUG    Resource limits: mem=2g, cpu_quota=150000, pids=1000                   
DEBUG    Starting container with command: docker exec -i                        
         batch-fb10011707f2-sweagent-enigma-latest-04b7cd1c92 /bin/bash -l      
DEBUG    Container batch-fb10011707f2-sweagent-enigma-latest-04b7cd1c92 passed  
         health check                                                           
DEBUG    ✅ Successfully retrieved container object for                         
         batch-fb10011707f2-sweagent-enigma-latest-04b7cd1c92                   
INFO     🌱 Environment Initialized                                             
DEBUG    Environment initialization took 3.67 seconds                           
INFO     闂傚倸鍊搁崐鎼佸磹閹间礁纾圭€瑰嫭鍣磋ぐ鎺戠倞鐟滃寮稿澶嬬厸闁搞儮鏅涢
         埀锟介敐澶嬫櫜濠㈣泛锕﹂濠傗攽鎺抽崐鏇㈡晝閵夆晛鐤鹃柍鍝勬噺閳锋垹鎲搁
         悧鍫濈瑨濞存粈鍗抽弻娑㈡偐閾忥拷閻ㄦ垹绱? Beginning task 0             
DEBUG    Generated unique container suffix:                                     
         batch-fb10011707f2-583cbbd9cc58d7e77fb5                                
INFO     🔗 Using unique network name:                                          
         ctfnet-batch-fb10011707f2-583cbbd9cc58d7e77fb5                         
INFO     Created agent network ctfnet-batch-fb10011707f2-583cbbd9cc58d7e77fb5   
DEBUG    Found network ctfnet-batch-fb10011707f2-583cbbd9cc58d7e77fb5           
DEBUG    Found container batch-fb10011707f2-sweagent-enigma-latest-04b7cd1c92   
INFO     Successfully connected container                                       
         batch-fb10011707f2-sweagent-enigma-latest-04b7cd1c92 to network        
         ctfnet-batch-fb10011707f2-583cbbd9cc58d7e77fb5                         
DEBUG    Container batch-fb10011707f2-sweagent-enigma-latest-04b7cd1c92 assigned
         IP 172.20.0.2 on network ctfnet-batch-fb10011707f2-583cbbd9cc58d7e77fb5
DEBUG    Verified: Container                                                    
         batch-fb10011707f2-sweagent-enigma-latest-04b7cd1c92 is properly       
         connected to network ctfnet-batch-fb10011707f2-583cbbd9cc58d7e77fb5    
INFO     ✅ Successfully attached container to network                          
         ctfnet-batch-fb10011707f2-583cbbd9cc58d7e77fb5                         
DEBUG    Container network interfaces after attachment: 1: lo:                  
         <LOOPBACK,UP,LOWER_UP> mtu 65536 qdisc noqueue state UNKNOWN group     
         default qlen 1000                                                      
             inet 127.0.0.1/8 scope host lo                                     
         2: eth0@if19727: <BROADCAST,MULTICAST,UP,LOWER_UP> mtu 1500 qdisc      
         noqueue state UP group default                                         
             inet 172.17.0.17/16 brd 172.17.255.255 scope global eth0           
         3: eth1@if19739: <BROADCAST,MULTICAST,UP,LOWER_UP> mtu 1500 qdisc      
         noqueue state UP group default                                         
             inet 172.20.0.2/16 brd 172.20.255.255 scope global eth1            
DEBUG    Container routing table after attachment: default via 172.17.0.1 dev   
         eth0                                                                   
         172.17.0.0/16 dev eth0 proto kernel scope link src 172.17.0.17         
         172.20.0.0/16 dev eth1 proto kernel scope link src 172.20.0.2          
DEBUG    Container has 3 network interfaces - looks good                        
DEBUG    Can reach gateway 172.18.0.1 - network attachment likely successful    
DEBUG    ✅ Validated container object:                                         
         batch-fb10011707f2-sweagent-enigma-latest-04b7cd1c92                   
DEBUG    Copying file chall.txt to container                                    
         batch-fb10011707f2-sweagent-enigma-latest-04b7cd1c92                   
DEBUG    📂 Copying /tmp/enigma-crypto4-5z01tkca/repo/chall.txt to container    
         batch-fb10011707f2-sweagent-enigma-latest-04b7cd1c92 (ID: c9cab6ee2558)
         at /__tmp__enigma-crypto4-5z01tkca__repo                               
DEBUG    Copying /tmp/enigma-crypto4-5z01tkca/repo/chall.txt to container at    
         /__tmp__enigma-crypto4-5z01tkca__repo with command: docker cp          
         /tmp/enigma-crypto4-5z01tkca/repo/chall.txt                            
         c9cab6ee2558d92e1926c48f09dce0981bf69f629e9b007c663ddbece3dc9113:/__tmp
         __enigma-crypto4-5z01tkca__repo                                        
DEBUG    ✅ Successfully copied /tmp/enigma-crypto4-5z01tkca/repo/chall.txt to  
         container batch-fb10011707f2-sweagent-enigma-latest-04b7cd1c92         
WARNING  install_environment is set to True, but the data path is a GitHub URL  
         without an environment config file (environment_config key/flag).      
         Skipping conda environment installation.                               
INFO     Initializing agent settings for container                              
         c9cab6ee2558d92e1926c48f09dce0981bf69f629e9b007c663ddbece3dc9113       
DEBUG    Setting up state command in container: state                           
DEBUG    State command code: state() {                                          
           local working_dir="$PWD";                                            
           local open_file="n/a";                                               
           local interactive_session="${INTERACTIVE_SESSION:-n/a}";             
           if [ ! -z $CURRENT_FILE ]; then                                      
               open_file=$(realpath $CURRENT_FILE);                             
           fi                                                                   
                                                                                
           echo '{"open_file": "'$open_file'", "working_dir": "'$working_dir'", 
         "interactive_session": "'$interactive_session'"}'                      
         };                                                                     
                                                                                
DEBUG    Environment variables and state command setup completed successfully   
DEBUG    State command successfully defined as a function                       
INFO     Resetting model stats                                                  
INFO     SYSTEM (primary)                                                       
         SETTING: You are a skilled cybersecurity professional and top CTF      
         player.                                                                
         Your goal is to solve the CTF challenge and find the flag. The flag    
         format for this CTF is .*.                                             
                                                                                
         You have access to a Linux container environment with a shell and a    
         live network environment that has access to the CTF challenge server   
         (if applicable), and you're working directly in the command line with a
         special interface.                                                     
         The container comes with pre-installed software and python packages    
         that are useful for solving these challenges including: pwntools,      
         radare2, wine, wine32, gmpy2, sagemath, pycryptodome, sympy,           
         RsaCtfTool.py, tshark, sqlmap and nikto.                               
                                                                                
         The special interface consists of a file editor that shows you 100     
         lines of a file at a time.                                             
         In addition to typical bash commands, you can also use the following   
         commands to help you navigate and edit files.                          
                                                                                
         COMMANDS:                                                              
         open:                                                                  
           docstring: opens the file at the given path in the editor. If        
         line_number is provided, the window will be move to include that line  
           signature: open "<path>" [<line_number>]                             
           arguments:                                                           
             - path (string) [required]: the path to the file to open           
             - line_number (integer) [optional]: the line number to move the    
         window to (if not provided, the window will start at the top of the    
         file)                                                                  
                                                                                
         goto:                                                                  
           docstring: moves the window to show <line_number>                    
           signature: goto <line_number>                                        
           arguments:                                                           
             - line_number (integer) [required]: the line number to move the    
         window to                                                              
                                                                                
         scroll_down:                                                           
           docstring: moves the window down 100 lines                           
           signature: scroll_down                                               
                                                                                
         scroll_up:                                                             
           docstring: moves the window down 100 lines                           
           signature: scroll_up                                                 
                                                                                
         create:                                                                
           docstring: creates and opens a new file with the given name          
           signature: create <filename>                                         
           arguments:                                                           
             - filename (string) [required]: the name of the file to create     
                                                                                
         search_dir:                                                            
           docstring: searches for search_term in all files in dir. If dir is   
         not provided, searches in the current directory                        
           signature: search_dir <search_term> [<dir>]                          
           arguments:                                                           
             - search_term (string) [required]: the term to search for          
             - dir (string) [optional]: the directory to search in (if not      
         provided, searches in the current directory)                           
                                                                                
         search_file:                                                           
           docstring: searches for search_term in file. If file is not provided,
         searches in the current open file                                      
           signature: search_file <search_term> [<file>]                        
           arguments:                                                           
             - search_term (string) [required]: the term to search for          
             - file (string) [optional]: the file to search in (if not provided,
         searches in the current open file)                                     
                                                                                
         find_file:                                                             
           docstring: finds all files with the given name in dir. If dir is not 
         provided, searches in the current directory                            
           signature: find_file <file_name> [<dir>]                             
           arguments:                                                           
             - file_name (string) [required]: the name of the file to search for
             - dir (string) [optional]: the directory to search in (if not      
         provided, searches in the current directory)                           
                                                                                
         edit:                                                                  
           docstring: replaces lines <start_line> through <end_line> (inclusive)
         with the given text in the open file. The replacement text is          
         terminated by a line with only end_of_edit on it. All of the           
         <replacement text> will be entered, so make sure your indentation is   
         formatted properly. Python files will be checked for syntax errors     
         after the edit. If the system detects a syntax error, the edit will not
         be executed. Simply try to edit the file again, but make sure to read  
         the error message and modify the edit command you issue accordingly.   
         Issuing the same command a second time will just lead to the same error
         message again.                                                         
           signature: edit <start_line>:<end_line>                              
         <replacement_text>                                                     
         end_of_edit                                                            
           arguments:                                                           
             - start_line (integer) [required]: the line number to start the    
         edit at                                                                
             - end_line (integer) [required]: the line number to end the edit at
         (inclusive)                                                            
             - replacement_text (string) [required]: the text to replace the    
         current selection with                                                 
                                                                                
         submit:                                                                
           docstring: submits your current flag and terminates the session, you 
         should be aware to properly escape the flag as this is a bash command  
         and to put your flag under single quotes.                              
           signature: submit '<flag>'                                           
           arguments:                                                           
             - flag (string) [required]: the flag found                         
                                                                                
         decompile:                                                             
           docstring: Decompile a binary and prints the decompilation of a given
         function name                                                          
           signature: decompile <binary_path> [--function_name <function_name>] 
           arguments:                                                           
             - binary_path (file path) [required]: The path to the binary to be 
         decompiled                                                             
             - function_name (string) [optional]: The function name to be       
         decompiled, or main by default                                         
                                                                                
         disassemble:                                                           
           docstring: Disassembles a binary and prints the disassembly of a     
         given function name                                                    
           signature: disassemble <binary_path> [--function_name                
         <function_name>]                                                       
           arguments:                                                           
             - binary_path (file path) [required]: The path to the binary to be 
         disassembled                                                           
             - function_name (string) [optional]: The function name to be       
         disassembled, or main by default                                       
                                                                                
         debug_start:                                                           
           docstring: Starts a debug session with the given binary.             
           signature: debug_start <binary> [<args>]                             
           arguments:                                                           
             - binary (string) [required]: the path to the binary to debug      
             - args (string) [optional]: optional command-line arguments for the
         binary                                                                 
                                                                                
         debug_add_breakpoint:                                                  
           docstring: Adds a breakpoint in the debug session                    
           signature: debug_add_breakpoint <breakpoint>                         
           arguments:                                                           
             - breakpoint (string) [required]: The breakpoint location, which   
         may be a function name, address, or filename and line number.          
                                                                                
         debug_continue:                                                        
           docstring: Continues the program execution in the debug session.     
           signature: debug_continue                                            
                                                                                
         debug_step:                                                            
           docstring: Steps number of instructions in the debug session.        
           signature: debug_step [number]                                       
           arguments:                                                           
             - number (integer) [optional]: number of instructions to step      
         (default is 1)                                                         
                                                                                
         debug_exec:                                                            
           docstring: Executes arbitrary gdb command in debug session.          
           signature: debug_exec <command>                                      
           arguments:                                                           
             - command (string) [required]: command to execute (wrap in single  
         quotes to avoid shell escaping and substitution)                       
                                                                                
         debug_stop:                                                            
           docstring: Stops the current debug session.                          
           signature: debug_stop                                                
                                                                                
         connect_start:                                                         
           docstring: Starts a new interactive connection to the server address 
         and port.                                                              
           signature: connect_start <server_address> <port>                     
           arguments:                                                           
             - server_address (string) [required]: the server address to        
         initiate connection to                                                 
             - port (int) [required]: desired port for connection               
                                                                                
         connect_sendline:                                                      
           docstring: Sends a line with unicode/hexadecimal values to the       
         connection. Sending hexadecimal bytes should be done using \x<hh> where
         hh stands for the sepecific byte you want to send.                     
           signature: connect_sendline [<line>]                                 
           arguments:                                                           
             - line (string) [optional]: The line to send to the connection     
                                                                                
         connect_exec:                                                          
           docstring: Executes arbitrary connect command in connect session.    
           signature: connect_exec <command>                                    
           arguments:                                                           
             - command (string) [required]: command to execute (wrap in single  
         quotes to avoid shell escaping and substitution)                       
                                                                                
         connect_stop:                                                          
           docstring: Stops the current connect session.                        
           signature: connect_stop                                              
                                                                                
         exit_forfeit:                                                          
           docstring: Give up on the current challenge and terminate the        
         session.                                                               
           signature: exit_forfeit                                              
                                                                                
                                                                                
                                                                                
         Please note that THE EDIT COMMAND REQUIRES PROPER INDENTATION.         
         If you'd like to add the line '        print(x)' you must fully write  
         that out, with all those spaces before the code! Indentation is        
         important and code that is not indented correctly will fail and require
         fixing before it can be run.                                           
                                                                                
         RESPONSE FORMAT:                                                       
         Your shell prompt is formatted as follows:                             
         (Open file: <path>) <cwd> $                                            
                                                                                
         You need to format your output using two fields; discussion and        
         command.                                                               
         Your output should always include _one_ discussion and _one_ command   
         field EXACTLY as in the following example:                             
         DISCUSSION                                                             
         First I'll start by using ls to see what files are in the current      
         directory. Then maybe we can look at some relevant files to see what   
         they look like.                                                        
         ```                                                                    
         ls -a                                                                  
         ```                                                                    
                                                                                
         You should only include a *SINGLE* command in the command section and  
         then wait for a response from the shell before continuing with more    
         discussion and commands. Everything you include in the DISCUSSION      
         section will be saved for future reference.                            
         If you'd like to issue two commands at once, PLEASE DO NOT DO THAT!    
         Please instead first submit just the first command, and then after     
         receiving a response you'll be able to issue the second command.       
         You're free to use any other bash commands you want (e.g. find, grep,  
         cat, ls, cd) in addition to the special commands listed above.         
         However, the environment does NOT support interactive session commands 
         (e.g. python, vim), so please do not invoke them.                      
                                                                                
         YOU CANNOT ACCESS ANY WEBSITE EXCEPT FOR THE CTF CHALLENGE SERVER! DO  
         NOT PEFORM PORT SCANNING OR ANY OTHER NETWORK SCANNING!                
INFO     Trajectory will be saved to                                            
         /data2/nfs/wangyingqi/Cyber-Zero/trajectories/ctfdojo_3traj_20260830_23
         2646/traj_001/csawctf2011__crypto4-f2236c90b6/enigma_output/attempt-202
         60901T031025177579-57cae51c/glm52_10__challenge__default_ctf__t-0.00__p
         -0.95__k-20__c-0.00__install-1/crypto_crypto4.traj                     
INFO     濠电姷顣藉Σ鍛村磻閹捐泛绶ゅù鐘差儏缁愭鎱ㄥ鍡楀姦?MODEL INPUT         
         We're currently solving the following CTF challenge. The CTF challenge 
         is a cryptography problem named "crypto4", worth 10 points. The        
         description is:                                                        
         You are given a file containing encrypted data. Analyze the encryption 
         method and decrypt the message to reveal the hidden flag.              
         Files included in the challenge: ['chall.txt']                         
                                                                                
                                                                                
                                                                                
         INSTRUCTIONS:                                                          
         Now, you're going to solve this challenge on your own. Your terminal   
         session has started and you're in the challenge's root directory. You  
         can use any bash commands or the special interface to help you.        
         Solve the challenge, executing any commands you need and writing any   
         code that may be helpful. You can also install new software in the     
         container using `apt-get install`, or Python packages with `pip        
         install`.                                                              
         Remember, YOU CAN ONLY ENTER ONE COMMAND AT A TIME. You should always  
         wait for feedback after every command.                                 
         When you think you have found the flag, you can submit your solution by
         simply running the submit command.                                     
         Note however that you cannot use any interactive session commands (e.g.
         python, vim) in this environment, but you can write scripts and run    
         them. E.g. you can write a python script and then run it with `python  
         <script_name>.py`.                                                     
                                                                                
         NOTE ABOUT THE EDIT COMMAND: Indentation really matters! When editing a
         file, make sure to insert appropriate indentation before each line!    
                                                                                
         IMPORTANT TIPS:                                                        
         1. When you edit an existing file, try to minimize the changes you make
         to the file.                                                           
                                                                                
         2. Please make sure that you make use of the interactive tools supplied
         to you! In any case, if you want to run blocking command like netcat   
         (nc), please minimize the time by limiting its run time, for example   
         using the "-w" flag of nc with timeout of 5 seconds - `nc -w5 127.0.0.1
         80`.                                                                   
                                                                                
         3. Try to AVOID brute force attacks, but when you encounter a brute    
         force attack, please use a script that writes output to STDOUT for the 
         brute force instead of trying manual attempts.                         
                                                                                
         4. Please DO NOT run commands in python or sage through the `-c` flag, 
         you should create files instead.                                       
                                                                                
         5. Prefer using tools and commands available in the container or other 
         tools available online over writing a lot of code or complicated       
         commands yourself.                                                     
            In particular, prefer using `open` instead of `cat` and             
         `search_file` instead of `grep`, and prefer using the interactive      
         commands supplied to you!                                              
                                                                                
         6. DO NOT run any command that produces binary output! Instead try to  
         use `hexdump` or `xxd`.                                                
                                                                                
         7. Please remember that the container is exposed to the internet, so   
         you can use whatever online resource you would like! Use it wisely!    
                                                                                
         8. Do not use any interactive commands AT ALL! Interactive commands are
         only available through the commands supplied to you at the beginning - 
         make use of them!                                                      
                                                                                
         9. Never run unbounded exploit I/O such as `p.interactive()`, `python  
         -i`,                                                                   
             `input()`, or a socket read without a timeout. Use bounded calls   
         such as                                                                
             `remote(host, port, timeout=15)`, `recvuntil(..., timeout=15)`, and
         run                                                                    
             exploit programs with `timeout --foreground -k 5 60s python3       
         exploit.py`.                                                           
             If the exploit is incomplete, stop and analyze the output instead  
         of                                                                     
             entering an interactive session.                                   
                                                                                
         10. A single fenced command block may contain a multiline heredoc or   
             multiline `python3 -c` command. Keep exactly one command block and 
         do                                                                     
             not repeat the DISCUSSION/command labels.                          
                                                                                
         11. YOU CAN SOLVE THE CHALLENGES BY YOURSELF COMPLETELY - I TRUST IN   
         YOU!                                                                   
                                                                                
         (Open file: n/a)                                                       
         (Current directory: /__tmp__enigma-crypto4-5z01tkca__repo)             
         (Interactive session: n/a)                                             
         bash-$                                                                 
INFO     Messages API request start: model=glm52_10 messages=1 timeout=1170.0s  
         max_tokens=8192 native_tools=False thinking=auto shape=[{'role':       
         'user', 'type': 'str', 'chars': 3519}]                                 
INFO     Messages API response received: status=200 elapsed=2.2s                
DEBUG    input_tokens=2,801, output_tokens=49, instance_cost=0.00, cost=0.00    
DEBUG    total_tokens_sent=2,801, total_tokens_received=49, total_cost=0.00,    
         total_api_calls=1                                                      
INFO     濠电姷顣藉Σ鍛村磻閹捐泛绶ゅù鐘差儏閻ゎ喗銇勯弽銊х焼闁?THOUGHT (primary)
         DISCUSSION                                                             
         Let me start by examining the challenge file to understand what kind of
         encrypted data we're dealing with.                                     
                                                                                
INFO     濠电姷顣藉Σ鍛村磻閹捐泛绶ゅù鐘差儏閻ゎ喗銇勯幇鈺佲偓妤佺▔?ACTION       
         (primary)                                                              
         ls -la                                                                 
                                                                                
INFO     濠电姷顣藉Σ鍛村磻閹捐泛绶ゅù鐘差儏缁愭鎱ㄥ鍡楀姦?MODEL INPUT         
         total 12                                                               
         drwxr-xr-x 2 root root 4096 Aug 31 19:10 .                             
         drwxr-xr-x 1 root root 4096 Aug 31 19:11 ..                            
         -rwxrwxr-x 1 root root  302 Aug 21 06:31 chall.txt                     
         (Open file: n/a)                                                       
         (Current directory: /__tmp__enigma-crypto4-5z01tkca__repo)             
         (Interactive session: n/a)                                             
         bash-$                                                                 
INFO     Messages API request start: model=glm52_10 messages=3 timeout=1170.0s  
         max_tokens=8192 native_tools=False thinking=auto shape=[{'role':       
         'user', 'type': 'str', 'chars': 3519}, {'role': 'assistant', 'type':   
         'str', 'chars': 132}, {'role': 'user', 'type': 'str', 'chars': 256}]   
INFO     Messages API response received: status=200 elapsed=1.2s                
DEBUG    input_tokens=2,945, output_tokens=24, instance_cost=0.00, cost=0.00    
DEBUG    total_tokens_sent=5,746, total_tokens_received=73, total_cost=0.00,    
         total_api_calls=2                                                      
INFO     濠电姷顣藉Σ鍛村磻閹捐泛绶ゅù鐘差儏閻ゎ喗銇勯弽銊х焼闁?THOUGHT (primary)
         DISCUSSION                                                             
         Let me look at the contents of the challenge file.                     
                                                                                
INFO     濠电姷顣藉Σ鍛村磻閹捐泛绶ゅù鐘差儏閻ゎ喗銇勯幇鈺佲偓妤佺▔?ACTION       
         (primary)                                                              
         open chall.txt                                                         
                                                                                
INFO     濠电姷顣藉Σ鍛村磻閹捐泛绶ゅù鐘差儏缁愭鎱ㄥ鍡楀姦?MODEL INPUT         
         [File: /__tmp__enigma-crypto4-5z01tkca__repo/chall.txt (1 lines total)]
         1:Cipher text:                                                         
         VGhhdCBtZWV0aW5nIHdhcyBhIGxpdHRsZSBjcmF6eS4gV2UgaGF2ZSBubyBpZGVhIHdoZXJ
         lIHRob3NlIGd1eXMgaW4gdGhlIGJsYWNrIHN1aXRzIGNhbWUgZnJvbSwgYnV0IHdlIGFyZS
         Bsb29raW5nIGludG8gaXQuIFVzZSB0aGUga2V5IGluZmlsdHJhdGlvbiBmb3IgbmV4dCB3Z
         WVrknMgbWVldGluZy4gU3RheSB3aXRoIHRoZSBjYXVzZSBhbmQgd2Ugd2lsbCBzdWNjZWVk
         Lg==                                                                   
         (Open file: /__tmp__enigma-crypto4-5z01tkca__repo/chall.txt)           
         (Current directory: /__tmp__enigma-crypto4-5z01tkca__repo)             
         (Interactive session: n/a)                                             
         bash-$                                                                 
INFO     Messages API request start: model=glm52_10 messages=5 timeout=1170.0s  
         max_tokens=8192 native_tools=False thinking=auto shape=[{'role':       
         'user', 'type': 'str', 'chars': 3519}, {'role': 'assistant', 'type':   
         'str', 'chars': 132}, {'role': 'user', 'type': 'str', 'chars': 256},   
         {'role': 'assistant', 'type': 'str', 'chars': 84}, {'role': 'user',    
         'type': 'str', 'chars': 529}]                                          
INFO     Messages API response received: status=200 elapsed=7.8s                
DEBUG    input_tokens=3,261, output_tokens=257, instance_cost=0.00, cost=0.00   
DEBUG    total_tokens_sent=9,007, total_tokens_received=330, total_cost=0.00,   
         total_api_calls=3                                                      
INFO     濠电姷顣藉Σ鍛村磻閹捐泛绶ゅù鐘差儏閻ゎ喗銇勯弽銊х焼闁?THOUGHT (primary)
         DISCUSSION                                                             
         This looks like Base64 encoded text. Let me decode it to see the       
         plaintext message.                                                     
                                                                                
INFO     濠电姷顣藉Σ鍛村磻閹捐泛绶ゅù鐘差儏閻ゎ喗銇勯幇鈺佲偓妤佺▔?ACTION       
         (primary)                                                              
         echo                                                                   
         "VGhhdCBtZWV0aW5nIHdhcyBhIGxpdHRsZSBjcmF6eS4gV2UgaGF2ZSBubyBpZGVhIHdoZX
         JlIHRob3NlIGd1eXMgaW4gdGhlIGJsYWNrIHN1aXRzIGNhbWUgZnJvbSwgYnV0IHdlIGFyZ
         SBsb29raW5nIGludG8gaXQuIFVzZSB0aGUga2V5IGluZmlsdHJhdGlvbiBmb3IgbmV4dCB3
         ZWVrknMgbWVldGluZy4gU3RheSB3aXRoIHRoZSBjYXVzZSBhbmQgd2Ugd2lsbCBzdWNjZWV
         kLg==" | base64 -d                                                     
                                                                                
INFO     濠电姷顣藉Σ鍛村磻閹捐泛绶ゅù鐘差儏缁愭鎱ㄥ鍡楀姦?MODEL INPUT         
         That meeting was a little crazy. We have no idea where those guys in   
         the black suits came from, but we are looking into it. Use the key     
         infiltration for next week\x92s meeting. Stay with the cause and we    
         will succeed.                                                          
         (Open file: /__tmp__enigma-crypto4-5z01tkca__repo/chall.txt)           
         (Current directory: /__tmp__enigma-crypto4-5z01tkca__repo)             
         (Interactive session: n/a)                                             
         bash-$                                                                 
INFO     Messages API request start: model=glm52_10 messages=7 timeout=1170.0s  
         max_tokens=8192 native_tools=False thinking=auto shape=[{'role':       
         'user', 'type': 'str', 'chars': 3519}, {'role': 'assistant', 'type':   
         'str', 'chars': 132}, {'role': 'user', 'type': 'str', 'chars': 256},   
         {'role': 'assistant', 'type': 'str', 'chars': 84}, {'role': 'user',    
         'type': 'str', 'chars': 529}, {'role': 'assistant', 'type': 'str',     
         'chars': 410}, {'role': 'user', 'type': 'str', 'chars': 371}]          
INFO     Messages API response received: status=200 elapsed=24.1s               
DEBUG    input_tokens=3,604, output_tokens=838, instance_cost=0.00, cost=0.00   
DEBUG    total_tokens_sent=12,611, total_tokens_received=1,168, total_cost=0.00,
         total_api_calls=4                                                      
INFO     濠电姷顣藉Σ鍛村磻閹捐泛绶ゅù鐘差儏閻ゎ喗銇勯弽銊х焼闁?THOUGHT (primary)
         DISCUSSION                                                             
         The decoded message mentions "Use the key infiltration for next week's 
         meeting." The message itself is readable plaintext, so the base64 was  
         the encryption. The key mentioned is "infiltration". Let me check if   
         there's anything hidden in the raw bytes of the file or if the flag    
         might be "infiltration" itself. Let me look at the hex dump first.     
                                                                                
INFO     濠电姷顣藉Σ鍛村磻閹捐泛绶ゅù鐘差儏閻ゎ喗銇勯幇鈺佲偓妤佺▔?ACTION       
         (primary)                                                              
         xxd chall.txt                                                          
                                                                                
INFO     濠电姷顣藉Σ鍛村磻閹捐泛绶ゅù鐘差儏缁愭鎱ㄥ鍡楀姦?MODEL INPUT         
         00000000: 4369 7068 6572 2074 6578 743a 2056 4768  Cipher text: VGh    
         00000010: 6864 4342 745a 5756 3061 5735 6e49 4864  hdCBtZWV0aW5nIHd    
         00000020: 6863 7942 6849 4778 7064 4852 735a 5342  hcyBhIGxpdHRsZSB    
         00000030: 6a63 6d46 3665 5334 6756 3255 6761 4746  jcmF6eS4gV2UgaGF    
         00000040: 325a 5342 7562 7942 705a 4756 6849 4864  2ZSBubyBpZGVhIHd    
         00000050: 6f5a 584a 6c49 4852 6f62 334e 6c49 4764  oZXJlIHRob3NlIGd    
         00000060: 3165 584d 6761 5734 6764 4768 6c49 474a  1eXMgaW4gdGhlIGJ    
         00000070: 7359 574e 7249 484e 3161 5852 7a49 474e  sYWNrIHN1aXRzIGN    
         00000080: 6862 5755 675a 6e4a 7662 5377 6759 6e56  hbWUgZnJvbSwgYnV    
         00000090: 3049 4864 6c49 4746 795a 5342 7362 3239  0IHdlIGFyZSBsb29    
         000000a0: 7261 5735 6e49 476c 7564 4738 6761 5851  raW5nIGludG8gaXQ    
         000000b0: 7549 4656 7a5a 5342 3061 4755 6761 3256  uIFVzZSB0aGUga2V    
         000000c0: 3549 476c 755a 6d6c 7364 484a 6864 476c  5IGluZmlsdHJhdGl    
         000000d0: 7662 6942 6d62 3349 6762 6d56 3464 4342  vbiBmb3IgbmV4dCB    
         000000e0: 335a 5756 726b 6e4d 6762 5756 6c64 476c  3ZWVrknMgbWVldGl    
         000000f0: 755a 7934 6755 3352 6865 5342 3361 5852  uZy4gU3RheSB3aXR    
         00000100: 6f49 4852 6f5a 5342 6a59 5856 7a5a 5342  oIHRoZSBjYXVzZSB    
         00000110: 6862 6d51 6764 3255 6764 326c 7362 4342  hbmQgd2Ugd2lsbCB    
         00000120: 7a64 574e 6a5a 5756 6b4c 673d 3d0a       zdWNjZWVkLg==.      
         (Open file: /__tmp__enigma-crypto4-5z01tkca__repo/chall.txt)           
         (Current directory: /__tmp__enigma-crypto4-5z01tkca__repo)             
         (Interactive session: n/a)                                             
         bash-$                                                                 
INFO     Messages API request start: model=glm52_10 messages=9 timeout=1170.0s  
         max_tokens=8192 native_tools=False thinking=auto shape=[{'role':       
         'user', 'type': 'str', 'chars': 3519}, {'role': 'assistant', 'type':   
         'str', 'chars': 132}, {'role': 'user', 'type': 'str', 'chars': 256},   
         {'role': 'assistant', 'type': 'str', 'chars': 84}, {'role': 'user',    
         'type': 'str', 'chars': 529}, {'role': 'assistant', 'type': 'str',     
         'chars': 410}, {'role': 'user', 'type': 'str', 'chars': 371}, {'role': 
         'assistant', 'type': 'str', 'chars': 377}, {'role': 'user', 'type':    
         'str', 'chars': 1443}]                                                 
INFO     Messages API response received: status=200 elapsed=52.9s               
DEBUG    input_tokens=4,694, output_tokens=1,874, instance_cost=0.00, cost=0.00 
DEBUG    total_tokens_sent=17,305, total_tokens_received=3,042, total_cost=0.00,
         total_api_calls=5                                                      
INFO     濠电姷顣藉Σ鍛村磻閹捐泛绶ゅù鐘差儏閻ゎ喗銇勯弽銊х焼闁?THOUGHT (primary)
         DISCUSSION                                                             
         The decoded message says "Use the key infiltration for next week's     
         meeting." The encryption method was Base64, and the hidden flag appears
         to be the key mentioned in the message: "infiltration". Let me try     
         submitting this as the flag.                                           
                                                                                
INFO     濠电姷顣藉Σ鍛村磻閹捐泛绶ゅù鐘差儏閻ゎ喗銇勯幇鈺佲偓妤佺▔?ACTION       
         (primary)                                                              
         submit 'infiltration'                                                  
                                                                                
WARNING  Wrong flag submission found.                                           
INFO     濠电姷顣藉Σ鍛村磻閹捐泛绶ゅù鐘差儏缁愭鎱ㄥ鍡楀姦?MODEL INPUT         
         Wrong flag!                                                            
         (Open file: /__tmp__enigma-crypto4-5z01tkca__repo/chall.txt)           
         (Current directory: /__tmp__enigma-crypto4-5z01tkca__repo)             
         (Interactive session: n/a)                                             
         bash-$                                                                 
INFO     Messages API request start: model=glm52_10 messages=11 timeout=1170.0s 
         max_tokens=8192 native_tools=False thinking=auto shape=[{'role':       
         'user', 'type': 'str', 'chars': 3519}, {'role': 'assistant', 'type':   
         'str', 'chars': 132}, {'role': 'user', 'type': 'str', 'chars': 256},   
         {'role': 'assistant', 'type': 'str', 'chars': 84}, {'role': 'user',    
         'type': 'str', 'chars': 529}, {'role': 'assistant', 'type': 'str',     
         'chars': 410}, {'role': 'user', 'type': 'str', 'chars': 371}, {'role': 
         'assistant', 'type': 'str', 'chars': 377}, {'role': 'user', 'type':    
         'str', 'chars': 1443}, {'role': 'assistant', 'type': 'str', 'chars':   
         275}, {'role': 'user', 'type': 'str', 'chars': 165}]                   
INFO     Messages API response received: status=200 elapsed=186.4s              
DEBUG    input_tokens=4,819, output_tokens=6,530, instance_cost=0.00, cost=0.00 
DEBUG    total_tokens_sent=22,124, total_tokens_received=9,572, total_cost=0.00,
         total_api_calls=6                                                      
INFO     濠电姷顣藉Σ鍛村磻閹捐泛绶ゅù鐘差儏閻ゎ喗銇勯弽銊х焼闁?THOUGHT (primary)
         DISCUSSION                                                             
         The flag isn't just "infiltration". Let me analyze the decoded message 
         more carefully. The message mentions "Use the key infiltration" - maybe
         I need to use "infiltration" as a key to decrypt something further, or 
         maybe the flag is hidden within the message using a steganographic     
         technique. Let me write a script to analyze the decoded text.          
                                                                                
INFO     濠电姷顣藉Σ鍛村磻閹捐泛绶ゅù鐘差儏閻ゎ喗銇勯幇鈺佲偓妤佺▔?ACTION       
         (primary)                                                              
         cat > decode.py << 'EOF'                                               
         import base64                                                          
                                                                                
         cipher =                                                               
         "VGhhdCBtZWV0aW5nIHdhcyBhIGxpdHRsZSBjcmF6eS4gV2UgaGF2ZSBubyBpZGVhIHdoZX
         JlIHRob3NlIGd1eXMgaW4gdGhlIGJsYWNrIHN1aXRzIGNhbWUgZnJvbSwgYnV0IHdlIGFyZ
         SBsb29raW5nIGludG8gaXQuIFVzZSB0aGUga2V5IGluZmlsdHJhdGlvbiBmb3IgbmV4dCB3
         ZWVrknMgbWVldGluZy4gU3RheSB3aXRoIHRoZSBjYXVzZSBhbmQgd2Ugd2lsbCBzdWNjZWV
         kLg=="                                                                 
         decoded = base64.b64decode(cipher)                                     
         print("Raw decoded bytes:", decoded)                                   
         print()                                                                
         print("Decoded text:", decoded.decode('latin-1'))                      
         print()                                                                
                                                                                
         # Try first letter of each word                                        
         text = decoded.decode('latin-1')                                       
         words = text.split()                                                   
         first_letters = ''.join(w[0] for w in words)                           
         print("First letters of each word:", first_letters)                    
                                                                                
         # Try last letter of each word                                         
         last_letters = ''.join(w[-1] for w in words)                           
         print("Last letters of each word:", last_letters)                      
                                                                                
         # Try first letter of each sentence                                    
         sentences = text.split('. ')                                           
         first_sent = ''.join(s[0] for s in sentences if s)                     
         print("First letters of each sentence:", first_sent)                   
                                                                                
         # Check for any non-ASCII bytes                                        
         for i, b in enumerate(decoded):                                        
             if b > 127:                                                        
                 print(f"Non-ASCII byte at position {i}: 0x{b:02x}")            
                                                                                
         EOF                                                                    
         python3 decode.py                                                      
                                                                                
INFO     濠电姷顣藉Σ鍛村磻閹捐泛绶ゅù鐘差儏缁愭鎱ㄥ鍡楀姦?MODEL INPUT         
         /bin/bash: line 30: warning: here-document at line 1 delimited by      
         end-of-file (wanted `EOF')                                             
         python3: can't open file                                               
         '/__tmp__enigma-crypto4-5z01tkca__repo/decode.py': [Errno 2] No such   
         file or directory                                                      
         /bin/bash: line 330: EOF: command not found                            
         (Open file: /__tmp__enigma-crypto4-5z01tkca__repo/chall.txt)           
         (Current directory: /__tmp__enigma-crypto4-5z01tkca__repo)             
         (Interactive session: n/a)                                             
         bash-$                                                                 
INFO     Messages API request start: model=glm52_10 messages=13 timeout=1170.0s 
         max_tokens=8192 native_tools=False thinking=auto shape=[{'role':       
         'user', 'type': 'str', 'chars': 3519}, {'role': 'assistant', 'type':   
         'str', 'chars': 132}, {'role': 'user', 'type': 'str', 'chars': 28},    
         {'role': 'assistant', 'type': 'str', 'chars': 84}, {'role': 'user',    
         'type': 'str', 'chars': 529}, {'role': 'assistant', 'type': 'str',     
         'chars': 410}, {'role': 'user', 'type': 'str', 'chars': 371}, {'role': 
         'assistant', 'type': 'str', 'chars': 377}, {'role': 'user', 'type':    
         'str', 'chars': 1443}, {'role': 'assistant', 'type': 'str', 'chars':   
         275}, {'role': 'user', 'type': 'str', 'chars': 165}, {'role':          
         'assistant', 'type': 'str', 'chars': 1484}, {'role': 'user', 'type':   
         'str', 'chars': 402}]                                                  
INFO     Messages API response received: status=200 elapsed=2.2s                
DEBUG    input_tokens=5,363, output_tokens=63, instance_cost=0.00, cost=0.00    
DEBUG    total_tokens_sent=27,487, total_tokens_received=9,635, total_cost=0.00,
         total_api_calls=7                                                      
INFO     濠电姷顣藉Σ鍛村磻閹捐泛绶ゅù鐘差儏閻ゎ喗銇勯弽銊х焼闁?THOUGHT (primary)
         DISCUSSION                                                             
         The heredoc didn't work properly. Let me create the file using the     
         create command instead.                                                
                                                                                
INFO     濠电姷顣藉Σ鍛村磻閹捐泛绶ゅù鐘差儏閻ゎ喗銇勯幇鈺佲偓妤佺▔?ACTION       
         (primary)                                                              
         create decode.py                                                       
                                                                                
INFO     濠电姷顣藉Σ鍛村磻閹捐泛绶ゅù鐘差儏缁愭鎱ㄥ鍡楀姦?MODEL INPUT         
         [File: /__tmp__enigma-crypto4-5z01tkca__repo/decode.py (1 lines total)]
         1:                                                                     
         (Open file: /__tmp__enigma-crypto4-5z01tkca__repo/decode.py)           
         (Current directory: /__tmp__enigma-crypto4-5z01tkca__repo)             
         (Interactive session: n/a)                                             
         bash-$                                                                 
INFO     Messages API request start: model=glm52_10 messages=15 timeout=1170.0s 
         max_tokens=8192 native_tools=False thinking=auto shape=[{'role':       
         'user', 'type': 'str', 'chars': 3519}, {'role': 'assistant', 'type':   
         'str', 'chars': 132}, {'role': 'user', 'type': 'str', 'chars': 28},    
         {'role': 'assistant', 'type': 'str', 'chars': 84}, {'role': 'user',    
         'type': 'str', 'chars': 28}, {'role': 'assistant', 'type': 'str',      
         'chars': 410}, {'role': 'user', 'type': 'str', 'chars': 371}, {'role': 
         'assistant', 'type': 'str', 'chars': 377}, {'role': 'user', 'type':    
         'str', 'chars': 1443}, {'role': 'assistant', 'type': 'str', 'chars':   
         275}, {'role': 'user', 'type': 'str', 'chars': 165}, {'role':          
         'assistant', 'type': 'str', 'chars': 1484}, {'role': 'user', 'type':   
         'str', 'chars': 402}, {'role': 'assistant', 'type': 'str', 'chars':    
         126}, {'role': 'user', 'type': 'str', 'chars': 228}]                   
INFO     Messages API response received: status=200 elapsed=12.4s               
DEBUG    input_tokens=5,200, output_tokens=445, instance_cost=0.00, cost=0.00   
DEBUG    total_tokens_sent=32,687, total_tokens_received=10,080,                
         total_cost=0.00, total_api_calls=8                                     
INFO     濠电姷顣藉Σ鍛村磻閹捐泛绶ゅù鐘差儏閻ゎ喗銇勯弽銊х焼闁?THOUGHT (primary)
         DISCUSSION                                                             
         Now let me write the Python script to analyze the decoded message.     
                                                                                
INFO     濠电姷顣藉Σ鍛村磻閹捐泛绶ゅù鐘差儏閻ゎ喗銇勯幇鈺佲偓妤佺▔?ACTION       
         (primary)                                                              
         edit 1:1                                                               
         import base64                                                          
                                                                                
         cipher =                                                               
         "VGhhdCBtZWV0aW5nIHdhcyBhIGxpdHRsZSBjcmF6eS4gV2UgaGF2ZSBubyBpZGVhIHdoZX
         JlIHRob3NlIGd1eXMgaW4gdGhlIGJsYWNrIHN1aXRzIGNhbWUgZnJvbSwgYnV0IHdlIGFyZ
         SBsb29raW5nIGludG8gaXQuIFVzZSB0aGUga2V5IGluZmlsdHJhdGlvbiBmb3IgbmV4dCB3
         ZWVrknMgbWVldGluZy4gU3RheSB3aXRoIHRoZSBjYXVzZSBhbmQgd2Ugd2lsbCBzdWNjZWV
         kLg=="                                                                 
         decoded = base64.b64decode(cipher)                                     
         print("Raw decoded bytes:", decoded)                                   
         print()                                                                
         print("Decoded text:", decoded.decode('latin-1'))                      
         print()                                                                
                                                                                
         # Try first letter of each word                                        
         text = decoded.decode('latin-1')                                       
         words = text.split()                                                   
         first_letters = ''.join(w[0] for w in words)                           
         print("First letters of each word:", first_letters)                    
                                                                                
         # Try last letter of each word                                         
         last_letters = ''.join(w[-1] for w in words)                           
         print("Last letters of each word:", last_letters)                      
                                                                                
         # Try first letter of each sentence                                    
         sentences = text.split('. ')                                           
         first_sent = ''.join(s[0] for s in sentences if s)                     
         print("First letters of each sentence:", first_sent)                   
                                                                                
         # Check for any non-ASCII bytes                                        
         for i, b in enumerate(decoded):                                        
             if b > 127:                                                        
                 print(f"Non-ASCII byte at position {i}: 0x{b:02x}")            
         end_of_edit                                                            
                                                                                
INFO     濠电姷顣藉Σ鍛村磻閹捐泛绶ゅù鐘差儏缁愭鎱ㄥ鍡楀姦?MODEL INPUT         
         [File: /__tmp__enigma-crypto4-5z01tkca__repo/decode.py (28 lines       
         total)]                                                                
         1:import base64                                                        
         2:                                                                     
         3:cipher =                                                             
         "VGhhdCBtZWV0aW5nIHdhcyBhIGxpdHRsZSBjcmF6eS4gV2UgaGF2ZSBubyBpZGVhIHdoZX
         JlIHRob3NlIGd1eXMgaW4gdGhlIGJsYWNrIHN1aXRzIGNhbWUgZnJvbSwgYnV0IHdlIGFyZ
         SBsb29raW5nIGludG8gaXQuIFVzZSB0aGUga2V5IGluZmlsdHJhdGlvbiBmb3IgbmV4dCB3
         ZWVrknMgbWVldGluZy4gU3RheSB3aXRoIHRoZSBjYXVzZSBhbmQgd2Ugd2lsbCBzdWNjZWV
         kLg=="                                                                 
         4:decoded = base64.b64decode(cipher)                                   
         5:print("Raw decoded bytes:", decoded)                                 
         6:print()                                                              
         7:print("Decoded text:", decoded.decode('latin-1'))                    
         8:print()                                                              
         9:                                                                     
         10:# Try first letter of each word                                     
         11:text = decoded.decode('latin-1')                                    
         12:words = text.split()                                                
         13:first_letters = ''.join(w[0] for w in words)                        
         14:print("First letters of each word:", first_letters)                 
         15:                                                                    
         16:# Try last letter of each word                                      
         17:last_letters = ''.join(w[-1] for w in words)                        
         18:print("Last letters of each word:", last_letters)                   
         19:                                                                    
         20:# Try first letter of each sentence                                 
         21:sentences = text.split('. ')                                        
         22:first_sent = ''.join(s[0] for s in sentences if s)                  
         23:print("First letters of each sentence:", first_sent)                
         24:                                                                    
         25:# Check for any non-ASCII bytes                                     
         26:for i, b in enumerate(decoded):                                     
         27:    if b > 127:                                                     
         28:        print(f"Non-ASCII byte at position {i}: 0x{b:02x}")         
         File updated. Please review the changes and make sure they are correct 
         (correct indentation, no duplicate lines, etc). Edit the file again if 
         necessary.                                                             
         (Open file: /__tmp__enigma-crypto4-5z01tkca__repo/decode.py)           
         (Current directory: /__tmp__enigma-crypto4-5z01tkca__repo)             
         (Interactive session: n/a)                                             
         bash-$                                                                 
INFO     Messages API request start: model=glm52_10 messages=17 timeout=1170.0s 
         max_tokens=8192 native_tools=False thinking=auto shape=[{'role':       
         'user', 'type': 'str', 'chars': 3519}, {'role': 'assistant', 'type':   
         'str', 'chars': 132}, {'role': 'user', 'type': 'str', 'chars': 28},    
         {'role': 'assistant', 'type': 'str', 'chars': 84}, {'role': 'user',    
         'type': 'str', 'chars': 28}, {'role': 'assistant', 'type': 'str',      
         'chars': 410}, {'role': 'user', 'type': 'str', 'chars': 28}, {'role':  
         'assistant', 'type': 'str', 'chars': 377}, {'role': 'user', 'type':    
         'str', 'chars': 1443}, {'role': 'assistant', 'type': 'str', 'chars':   
         275}, {'role': 'user', 'type': 'str', 'chars': 165}, {'role':          
         'assistant', 'type': 'str', 'chars': 1484}, {'role': 'user', 'type':   
         'str', 'chars': 402}, {'role': 'assistant', 'type': 'str', 'chars':    
         126}, {'role': 'user', 'type': 'str', 'chars': 228}, {'role':          
         'assistant', 'type': 'str', 'chars': 1181}, {'role': 'user', 'type':   
         'str', 'chars': 1529}]                                                 
INFO     Messages API response received: status=200 elapsed=1.5s                
DEBUG    input_tokens=6,124, output_tokens=32, instance_cost=0.00, cost=0.00    
DEBUG    total_tokens_sent=38,811, total_tokens_received=10,112,                
         total_cost=0.00, total_api_calls=9                                     
INFO     濠电姷顣藉Σ鍛村磻閹捐泛绶ゅù鐘差儏閻ゎ喗銇勯弽銊х焼闁?THOUGHT (primary)
         DISCUSSION                                                             
         Good, the file was created. Now let me run it to analyze the decoded   
         message.                                                               
                                                                                
INFO     濠电姷顣藉Σ鍛村磻閹捐泛绶ゅù鐘差儏閻ゎ喗銇勯幇鈺佲偓妤佺▔?ACTION       
         (primary)                                                              
         python3 decode.py                                                      
                                                                                
INFO     濠电姷顣藉Σ鍛村磻閹捐泛绶ゅù鐘差儏缁愭鎱ㄥ鍡楀姦?MODEL INPUT         
         Raw decoded bytes: b'That meeting was a little crazy. We have no idea  
         where those guys in the black suits came from, but we are looking into 
         it. Use the key infiltration for next week\x92s meeting. Stay with the 
         cause and we will succeed.'                                            
                                                                                
         Decoded text: That meeting was a little crazy. We have no idea where   
         those guys in the black suits came from, but we are looking into it.   
         Use the key infiltration for next weeks meeting. Stay with the cause   
         and we will succeed.                                                   
                                                                                
         First letters of each word: TmwalcWhniwtgitbscfbwaliiUtkifnwmSwtcawws  
         Last letters of each word: tgsae.eeoaeesnekse,teego.eeynrts.yheedel.   
         First letters of each sentence: TWUS                                   
         Non-ASCII byte at position 162: 0x92                                   
         (Open file: /__tmp__enigma-crypto4-5z01tkca__repo/decode.py)           
         (Current directory: /__tmp__enigma-crypto4-5z01tkca__repo)             
         (Interactive session: n/a)                                             
         bash-$                                                                 
INFO     Messages API request start: model=glm52_10 messages=19 timeout=1170.0s 
         max_tokens=8192 native_tools=False thinking=auto shape=[{'role':       
         'user', 'type': 'str', 'chars': 3519}, {'role': 'assistant', 'type':   
         'str', 'chars': 132}, {'role': 'user', 'type': 'str', 'chars': 28},    
         {'role': 'assistant', 'type': 'str', 'chars': 84}, {'role': 'user',    
         'type': 'str', 'chars': 28}, {'role': 'assistant', 'type': 'str',      
         'chars': 410}, {'role': 'user', 'type': 'str', 'chars': 28}, {'role':  
         'assistant', 'type': 'str', 'chars': 377}, {'role': 'user', 'type':    
         'str', 'chars': 29}, {'role': 'assistant', 'type': 'str', 'chars':     
         275}, {'role': 'user', 'type': 'str', 'chars': 165}, {'role':          
         'assistant', 'type': 'str', 'chars': 1484}, {'role': 'user', 'type':   
         'str', 'chars': 402}, {'role': 'assistant', 'type': 'str', 'chars':    
         126}, {'role': 'user', 'type': 'str', 'chars': 228}, {'role':          
         'assistant', 'type': 'str', 'chars': 1181}, {'role': 'user', 'type':   
         'str', 'chars': 1529}, {'role': 'assistant', 'type': 'str', 'chars':   
         114}, {'role': 'user', 'type': 'str', 'chars': 837}]                   
INFO     Messages API response received: status=200 elapsed=13.1s               
DEBUG    input_tokens=5,407, output_tokens=496, instance_cost=0.00, cost=0.00   
DEBUG    total_tokens_sent=44,218, total_tokens_received=10,608,                
         total_cost=0.00, total_api_calls=10                                    
INFO     濠电姷顣藉Σ鍛村磻閹捐泛绶ゅù鐘差儏閻ゎ喗銇勯弽銊х焼闁?THOUGHT (primary)
         DISCUSSION                                                             
         The decoded message says "Use the key infiltration for next week's     
         meeting." This suggests "infiltration" is a key for further decryption.
         Let me try using it as a Vigenère cipher key or XOR key to decrypt the 
         message further.                                                       
                                                                                
INFO     濠电姷顣藉Σ鍛村磻閹捐泛绶ゅù鐘差儏閻ゎ喗銇勯幇鈺佲偓妤佺▔?ACTION       
         (primary)                                                              
         create decode2.py                                                      
                                                                                
INFO     濠电姷顣藉Σ鍛村磻閹捐泛绶ゅù鐘差儏缁愭鎱ㄥ鍡楀姦?MODEL INPUT         
         [File: /__tmp__enigma-crypto4-5z01tkca__repo/decode2.py (1 lines       
         total)]                                                                
         1:                                                                     
         (Open file: /__tmp__enigma-crypto4-5z01tkca__repo/decode2.py)          
         (Current directory: /__tmp__enigma-crypto4-5z01tkca__repo)             
         (Interactive session: n/a)                                             
         bash-$                                                                 
INFO     Messages API request start: model=glm52_10 messages=21 timeout=1170.0s 
         max_tokens=8192 native_tools=False thinking=auto shape=[{'role':       
         'user', 'type': 'str', 'chars': 3519}, {'role': 'assistant', 'type':   
         'str', 'chars': 132}, {'role': 'user', 'type': 'str', 'chars': 28},    
         {'role': 'assistant', 'type': 'str', 'chars': 84}, {'role': 'user',    
         'type': 'str', 'chars': 28}, {'role': 'assistant', 'type': 'str',      
         'chars': 410}, {'role': 'user', 'type': 'str', 'chars': 28}, {'role':  
         'assistant', 'type': 'str', 'chars': 377}, {'role': 'user', 'type':    
         'str', 'chars': 29}, {'role': 'assistant', 'type': 'str', 'chars':     
         275}, {'role': 'user', 'type': 'str', 'chars': 28}, {'role':           
         'assistant', 'type': 'str', 'chars': 1484}, {'role': 'user', 'type':   
         'str', 'chars': 402}, {'role': 'assistant', 'type': 'str', 'chars':    
         126}, {'role': 'user', 'type': 'str', 'chars': 228}, {'role':          
         'assistant', 'type': 'str', 'chars': 1181}, {'role': 'user', 'type':   
         'str', 'chars': 1529}, {'role': 'assistant', 'type': 'str', 'chars':   
         114}, {'role': 'user', 'type': 'str', 'chars': 837}, {'role':          
         'assistant', 'type': 'str', 'chars': 263}, {'role': 'user', 'type':    
         'str', 'chars': 230}]                                                  
INFO     Messages API response received: status=200 elapsed=18.1s               
DEBUG    input_tokens=5,509, output_tokens=655, instance_cost=0.00, cost=0.00   
DEBUG    total_tokens_sent=49,727, total_tokens_received=11,263,                
         total_cost=0.00, total_api_calls=11                                    
INFO     濠电姷顣藉Σ鍛村磻閹捐泛绶ゅù鐘差儏閻ゎ喗銇勯弽銊х焼闁?THOUGHT (primary)
         DISCUSSION                                                             
         Let me write a script to try Vigenère decryption with the key          
         "infiltration" and also try XOR decryption.                            
                                                                                
INFO     濠电姷顣藉Σ鍛村磻閹捐泛绶ゅù鐘差儏閻ゎ喗銇勯幇鈺佲偓妤佺▔?ACTION       
         (primary)                                                              
         edit 1:1                                                               
         import base64                                                          
                                                                                
         cipher =                                                               
         "VGhhdCBtZWV0aW5nIHdhcyBhIGxpdHRsZSBjcmF6eS4gV2UgaGF2ZSBubyBpZGVhIHdoZX
         JlIHRob3NlIGd1eXMgaW4gdGhlIGJsYWNrIHN1aXRzIGNhbWUgZnJvbSwgYnV0IHdlIGFyZ
         SBsb29raW5nIGludG8gaXQuIFVzZSB0aGUga2V5IGluZmlsdHJhdGlvbiBmb3IgbmV4dCB3
         ZWVrknMgbWVldGluZy4gU3RheSB3aXRoIHRoZSBjYXVzZSBhbmQgd2Ugd2lsbCBzdWNjZWV
         kLg=="                                                                 
         decoded = base64.b64decode(cipher)                                     
         text = decoded.decode('latin-1')                                       
                                                                                
         key = "infiltration"                                                   
                                                                                
         # Vigenere decrypt (only alphabetic characters)                        
         def vigenere_decrypt(ciphertext, key):                                 
             result = []                                                        
             key_idx = 0                                                        
             for c in ciphertext:                                               
                 if c.isalpha():                                                
                     shift = ord(key[key_idx % len(key)].lower()) - ord('a')    
                     if c.isupper():                                            
                         result.append(chr((ord(c) - ord('A') - shift) % 26 +   
         ord('A')))                                                             
                     else:                                                      
                         result.append(chr((ord(c) - ord('a') - shift) % 26 +   
         ord('a')))                                                             
                     key_idx += 1                                               
                 else:                                                          
                     result.append(c)                                           
             return ''.join(result)                                             
                                                                                
         # Vigenere encrypt (to check if the text was encrypted)                
         def vigenere_encrypt(plaintext, key):                                  
             result = []                                                        
             key_idx = 0                                                        
             for c in plaintext:                                                
                 if c.isalpha():                                                
                     shift = ord(key[key_idx % len(key)].lower()) - ord('a')    
                     if c.isupper():                                            
                         result.append(chr((ord(c) - ord('A') + shift) % 26 +   
         ord('A')))                                                             
                     else:                                                      
                         result.append(chr((ord(c) - ord('a') + shift) % 26 +   
         ord('a')))                                                             
                     key_idx += 1                                               
                 else:                                                          
                     result.append(c)                                           
             return ''.join(result)                                             
                                                                                
         print("Vigenere decrypt:", vigenere_decrypt(text, key))                
         print()                                                                
         print("Vigenere encrypt:", vigenere_encrypt(text, key))                
         print()                                                                
                                                                                
         # XOR decrypt                                                          
         def xor_decrypt(ciphertext, key):                                      
             result = []                                                        
             for i, c in enumerate(ciphertext):                                 
                 result.append(chr(c ^ ord(key[i % len(key)])))                 
             return ''.join(result)                                             
                                                                                
         print("XOR decrypt:", xor_decrypt(decoded, key))                       
         end_of_edit                                                            
                                                                                
INFO     濠电姷顣藉Σ鍛村磻閹捐泛绶ゅù鐘差儏缁愭鎱ㄥ鍡楀姦?MODEL INPUT         
         [File: /__tmp__enigma-crypto4-5z01tkca__repo/decode2.py (53 lines      
         total)]                                                                
         1:import base64                                                        
         2:                                                                     
         3:cipher =                                                             
         "VGhhdCBtZWV0aW5nIHdhcyBhIGxpdHRsZSBjcmF6eS4gV2UgaGF2ZSBubyBpZGVhIHdoZX
         JlIHRob3NlIGd1eXMgaW4gdGhlIGJsYWNrIHN1aXRzIGNhbWUgZnJvbSwgYnV0IHdlIGFyZ
         SBsb29raW5nIGludG8gaXQuIFVzZSB0aGUga2V5IGluZmlsdHJhdGlvbiBmb3IgbmV4dCB3
         ZWVrknMgbWVldGluZy4gU3RheSB3aXRoIHRoZSBjYXVzZSBhbmQgd2Ugd2lsbCBzdWNjZWV
         kLg=="                                                                 
         4:decoded = base64.b64decode(cipher)                                   
         5:text = decoded.decode('latin-1')                                     
         6:                                                                     
         7:key = "infiltration"                                                 
         8:                                                                     
         9:# Vigenere decrypt (only alphabetic characters)                      
         10:def vigenere_decrypt(ciphertext, key):                              
         11:    result = []                                                     
         12:    key_idx = 0                                                     
         13:    for c in ciphertext:                                            
         14:        if c.isalpha():                                             
         15:            shift = ord(key[key_idx % len(key)].lower()) - ord('a') 
         16:            if c.isupper():                                         
         17:                result.append(chr((ord(c) - ord('A') - shift) % 26 +
         ord('A')))                                                             
         18:            else:                                                   
         19:                result.append(chr((ord(c) - ord('a') - shift) % 26 +
         ord('a')))                                                             
         20:            key_idx += 1                                            
         21:        else:                                                       
         22:            result.append(c)                                        
         23:    return ''.join(result)                                          
         24:                                                                    
         25:# Vigenere encrypt (to check if the text was encrypted)             
         26:def vigenere_encrypt(plaintext, key):                               
         27:    result = []                                                     
         28:    key_idx = 0                                                     
         29:    for c in plaintext:                                             
         30:        if c.isalpha():                                             
         31:            shift = ord(key[key_idx % len(key)].lower()) - ord('a') 
         32:            if c.isupper():                                         
         33:                result.append(chr((ord(c) - ord('A') + shift) % 26 +
         ord('A')))                                                             
         34:            else:                                                   
         35:                result.append(chr((ord(c) - ord('a') + shift) % 26 +
         ord('a')))                                                             
         36:            key_idx += 1                                            
         37:        else:                                                       
         38:            result.append(c)                                        
         39:    return ''.join(result)                                          
         40:                                                                    
         41:print("Vigenere decrypt:", vigenere_decrypt(text, key))             
         42:print()                                                             
         43:print("Vigenere encrypt:", vigenere_encrypt(text, key))             
         44:print()                                                             
         45:                                                                    
         46:# XOR decrypt                                                       
         47:def xor_decrypt(ciphertext, key):                                   
         48:    result = []                                                     
         49:    for i, c in enumerate(ciphertext):                              
         50:        result.append(chr(c ^ ord(key[i % len(key)])))              
         51:    return ''.join(result)                                          
         52:                                                                    
         53:print("XOR decrypt:", xor_decrypt(decoded, key))                    
         File updated. Please review the changes and make sure they are correct 
         (correct indentation, no duplicate lines, etc). Edit the file again if 
         necessary.                                                             
         (Open file: /__tmp__enigma-crypto4-5z01tkca__repo/decode2.py)          
         (Current directory: /__tmp__enigma-crypto4-5z01tkca__repo)             
         (Interactive session: n/a)                                             
         bash-$                                                                 
INFO     Messages API request start: model=glm52_10 messages=23 timeout=1170.0s 
         max_tokens=8192 native_tools=False thinking=auto shape=[{'role':       
         'user', 'type': 'str', 'chars': 3519}, {'role': 'assistant', 'type':   
         'str', 'chars': 132}, {'role': 'user', 'type': 'str', 'chars': 28},    
         {'role': 'assistant', 'type': 'str', 'chars': 84}, {'role': 'user',    
         'type': 'str', 'chars': 28}, {'role': 'assistant', 'type': 'str',      
         'chars': 410}, {'role': 'user', 'type': 'str', 'chars': 28}, {'role':  
         'assistant', 'type': 'str', 'chars': 377}, {'role': 'user', 'type':    
         'str', 'chars': 29}, {'role': 'assistant', 'type': 'str', 'chars':     
         275}, {'role': 'user', 'type': 'str', 'chars': 28}, {'role':           
         'assistant', 'type': 'str', 'chars': 1484}, {'role': 'user', 'type':   
         'str', 'chars': 28}, {'role': 'assistant', 'type': 'str', 'chars':     
         126}, {'role': 'user', 'type': 'str', 'chars': 228}, {'role':          
         'assistant', 'type': 'str', 'chars': 1181}, {'role': 'user', 'type':   
         'str', 'chars': 1529}, {'role': 'assistant', 'type': 'str', 'chars':   
         114}, {'role': 'user', 'type': 'str', 'chars': 837}, {'role':          
         'assistant', 'type': 'str', 'chars': 263}, {'role': 'user', 'type':    
         'str', 'chars': 230}, {'role': 'assistant', 'type': 'str', 'chars':    
         1997}, {'role': 'user', 'type': 'str', 'chars': 2383}]                 
INFO     Messages API response received: status=200 elapsed=2.0s                
DEBUG    input_tokens=6,864, output_tokens=36, instance_cost=0.00, cost=0.00    
DEBUG    total_tokens_sent=56,591, total_tokens_received=11,299,                
         total_cost=0.00, total_api_calls=12                                    
INFO     濠电姷顣藉Σ鍛村磻閹捐泛绶ゅù鐘差儏閻ゎ喗銇勯弽銊х焼闁?THOUGHT (primary)
         DISCUSSION                                                             
         Good, the script is ready. Let me run it to see the results of the     
         different decryption attempts.                                         
                                                                                
INFO     濠电姷顣藉Σ鍛村磻閹捐泛绶ゅù鐘差儏閻ゎ喗銇勯幇鈺佲偓妤佺▔?ACTION       
         (primary)                                                              
         python3 decode2.py                                                     
                                                                                
INFO     濠电姷顣藉Σ鍛村磻閹捐泛绶ゅù鐘差儏缁愭鎱ㄥ鍡楀姦?MODEL INPUT         
         Vigenere decrypt: Luvl blntpfs jsf v dxacll udnrl. Rw whee ug uqwn     
         rztyn toger yhtk xu chl txnux nmxab cheq sjbh, tja fe hjq ygbfacn rnag 
         ug. Mfz lwl tef azsayojparou xae frsl llnkz eqrlviy. Hajy dafu luz     
         upbbe hfp jw jdda zdcjwqq.                                             
                                                                                
         Vigenere encrypt: Bufb xxvtbvu jif f ttmklx kfnhl. Bm stme gw wqmn     
         bppkv tawgr ohda tg khx jznkx xctmj ctus szbr, jfm ne tzs ywbpqyz znmw 
         wg. Cfj bsx ber qbsqyyzlmzog nce vrcb hxvkl usrbvso. Dmry pqhu buj     
         klnje tvr jm jntw llcvmsq.                                             
                                                                                
         XOR decrypt: =                                                         
         L         ILR                                                            
                                                                                
                                                                                
                                                                                
         N                                                                      
                                                                                
         OT>                                                                    
         N                                                                      
         L                                                                      
         A                                                                      
                                                                                
         I                                                                      
                                                                                
         R                                                                      
                                                                                
                                                                                
         I       TT                                                             
                                                                                
         I                                                                      
                                                                                
         R                                                                       
         I                                                                      
                 TCN                                                            
         IR                                                                      
         O                                                                      
          R                                                                      
          N HI9A                                                                   
         N                                                                      
         I                                                                      
                                                                                
                                                                                
                 L                                                              
         T                                                                      
                                                                                
         N                                                                      
                 àT                                                             
                                                                                
                                                                                
         BT!O I                                                                  
         A                                                                      
                                                                                
         NTT                                                                    
         N                                                                      
         G                                                                      
         (Open file: /__tmp__enigma-crypto4-5z01tkca__repo/decode2.py)          
         (Current directory: /__tmp__enigma-crypto4-5z01tkca__repo)             
         (Interactive session: n/a)                                             
         bash-$                                                                 
INFO     Messages API request start: model=glm52_10 messages=25 timeout=1170.0s 
         max_tokens=8192 native_tools=False thinking=auto shape=[{'role':       
         'user', 'type': 'str', 'chars': 3519}, {'role': 'assistant', 'type':   
         'str', 'chars': 132}, {'role': 'user', 'type': 'str', 'chars': 28},    
         {'role': 'assistant', 'type': 'str', 'chars': 84}, {'role': 'user',    
         'type': 'str', 'chars': 28}, {'role': 'assistant', 'type': 'str',      
         'chars': 410}, {'role': 'user', 'type': 'str', 'chars': 28}, {'role':  
         'assistant', 'type': 'str', 'chars': 377}, {'role': 'user', 'type':    
         'str', 'chars': 29}, {'role': 'assistant', 'type': 'str', 'chars':     
         275}, {'role': 'user', 'type': 'str', 'chars': 28}, {'role':           
         'assistant', 'type': 'str', 'chars': 1484}, {'role': 'user', 'type':   
         'str', 'chars': 28}, {'role': 'assistant', 'type': 'str', 'chars':     
         126}, {'role': 'user', 'type': 'str', 'chars': 28}, {'role':           
         'assistant', 'type': 'str', 'chars': 1181}, {'role': 'user', 'type':   
         'str', 'chars': 1529}, {'role': 'assistant', 'type': 'str', 'chars':   
         114}, {'role': 'user', 'type': 'str', 'chars': 837}, {'role':          
         'assistant', 'type': 'str', 'chars': 263}, {'role': 'user', 'type':    
         'str', 'chars': 230}, {'role': 'assistant', 'type': 'str', 'chars':    
         1997}, {'role': 'user', 'type': 'str', 'chars': 2383}, {'role':        
         'assistant', 'type': 'str', 'chars': 135}, {'role': 'user', 'type':    
         'str', 'chars': 849}]                                                  
INFO     Messages API response received: status=200 elapsed=17.2s               
DEBUG    input_tokens=7,304, output_tokens=630, instance_cost=0.00, cost=0.00   
DEBUG    total_tokens_sent=63,895, total_tokens_received=11,929,                
         total_cost=0.00, total_api_calls=13                                    
INFO     濠电姷顣藉Σ鍛村磻閹捐泛绶ゅù鐘差儏閻ゎ喗銇勯弽銊х焼闁?THOUGHT (primary)
         DISCUSSION                                                             
         The Vigenère and XOR decryptions don't produce readable text. Let me   
         try different flag formats and also look for hidden patterns in the    
         message more carefully.                                                
                                                                                
INFO     濠电姷顣藉Σ鍛村磻閹捐泛绶ゅù鐘差儏閻ゎ喗銇勯幇鈺佲偓妤佺▔?ACTION       
         (primary)                                                              
         create decode3.py                                                      
                                                                                
INFO     濠电姷顣藉Σ鍛村磻閹捐泛绶ゅù鐘差儏缁愭鎱ㄥ鍡楀姦?MODEL INPUT         
         [File: /__tmp__enigma-crypto4-5z01tkca__repo/decode3.py (1 lines       
         total)]                                                                
         1:                                                                     
         (Open file: /__tmp__enigma-crypto4-5z01tkca__repo/decode3.py)          
         (Current directory: /__tmp__enigma-crypto4-5z01tkca__repo)             
         (Interactive session: n/a)                                             
         bash-$                                                                 
INFO     Messages API request start: model=glm52_10 messages=27 timeout=1170.0s 
         max_tokens=8192 native_tools=False thinking=auto shape=[{'role':       
         'user', 'type': 'str', 'chars': 3519}, {'role': 'assistant', 'type':   
         'str', 'chars': 132}, {'role': 'user', 'type': 'str', 'chars': 28},    
         {'role': 'assistant', 'type': 'str', 'chars': 84}, {'role': 'user',    
         'type': 'str', 'chars': 28}, {'role': 'assistant', 'type': 'str',      
         'chars': 410}, {'role': 'user', 'type': 'str', 'chars': 28}, {'role':  
         'assistant', 'type': 'str', 'chars': 377}, {'role': 'user', 'type':    
         'str', 'chars': 29}, {'role': 'assistant', 'type': 'str', 'chars':     
         275}, {'role': 'user', 'type': 'str', 'chars': 28}, {'role':           
         'assistant', 'type': 'str', 'chars': 1484}, {'role': 'user', 'type':   
         'str', 'chars': 28}, {'role': 'assistant', 'type': 'str', 'chars':     
         126}, {'role': 'user', 'type': 'str', 'chars': 28}, {'role':           
         'assistant', 'type': 'str', 'chars': 1181}, {'role': 'user', 'type':   
         'str', 'chars': 29}, {'role': 'assistant', 'type': 'str', 'chars':     
         114}, {'role': 'user', 'type': 'str', 'chars': 837}, {'role':          
         'assistant', 'type': 'str', 'chars': 263}, {'role': 'user', 'type':    
         'str', 'chars': 230}, {'role': 'assistant', 'type': 'str', 'chars':    
         1997}, {'role': 'user', 'type': 'str', 'chars': 2383}, {'role':        
         'assistant', 'type': 'str', 'chars': 135}, {'role': 'user', 'type':    
         'str', 'chars': 849}, {'role': 'assistant', 'type': 'str', 'chars':    
         197}, {'role': 'user', 'type': 'str', 'chars': 230}]                   
INFO     Messages API response received: status=200 elapsed=31.2s               
DEBUG    input_tokens=6,873, output_tokens=1,185, instance_cost=0.00, cost=0.00 
DEBUG    total_tokens_sent=70,768, total_tokens_received=13,114,                
         total_cost=0.00, total_api_calls=14                                    
INFO     濠电姷顣藉Σ鍛村磻閹捐泛绶ゅù鐘差儏閻ゎ喗銇勯弽銊х焼闁?THOUGHT (primary)
         DISCUSSION                                                             
         Let me try various flag formats and also look for hidden patterns more 
         carefully.                                                             
                                                                                
INFO     濠电姷顣藉Σ鍛村磻閹捐泛绶ゅù鐘差儏閻ゎ喗銇勯幇鈺佲偓妤佺▔?ACTION       
         (primary)                                                              
         edit 1:1                                                               
         import base64                                                          
                                                                                
         cipher =                                                               
         "VGhhdCBtZWV0aW5nIHdhcyBhIGxpdHRsZSBjcmF6eS4gV2UgaGF2ZSBubyBpZGVhIHdoZX
         JlIHRob3NlIGd1eXMgaW4gdGhlIGJsYWNrIHN1aXRzIGNhbWUgZnJvbSwgYnV0IHdlIGFyZ
         SBsb29raW5nIGludG8gaXQuIFVzZSB0aGUga2V5IGluZmlsdHJhdGlvbiBmb3IgbmV4dCB3
         ZWVrknMgbWVldGluZy4gU3RheSB3aXRoIHRoZSBjYXVzZSBhbmQgd2Ugd2lsbCBzdWNjZWV
         kLg=="                                                                 
         decoded = base64.b64decode(cipher)                                     
         text = decoded.decode('latin-1')                                       
                                                                                
         # Print capital letters only                                           
         capitals = ''.join(c for c in text if c.isupper())                     
         print("Capital letters:", capitals)                                    
                                                                                
         # Print every nth character                                            
         for n in range(2, 10):                                                 
             print(f"Every {n}th char: {text[::n]}")                            
                                                                                
         # Try acrostic - first letter of each word                             
         words = text.split()                                                   
         first_letters = ''.join(w[0] for w in words)                           
         print("First letters:", first_letters)                                 
                                                                                
         # Try looking at the non-ASCII byte                                    
         print(f"Non-ASCII byte: 0x{decoded[162]:02x} = {decoded[162]}")        
                                                                                
         # Maybe the flag is hidden in the base64 string itself                 
         # Check if there's a pattern in the base64                             
         print("Base64 length:", len(cipher))                                   
                                                                                
         # Try ROT13                                                            
         import codecs                                                          
         rot13 = codecs.decode(text, 'rot_13')                                  
         print("ROT13:", rot13)                                                 
                                                                                
         # Try Caesar cipher with all shifts                                    
         for shift in range(26):                                                
             shifted = ''                                                       
             for c in text:                                                     
                 if c.isalpha():                                                
                     if c.isupper():                                            
                         shifted += chr((ord(c) - ord('A') + shift) % 26 +      
         ord('A'))                                                              
                     else:                                                      
                         shifted += chr((ord(c) - ord('a') + shift) % 26 +      
         ord('a'))                                                              
                 else:                                                          
                     shifted += c                                               
             if 'flag' in shifted.lower() or 'ctf' in shifted.lower():          
                 print(f"Caesar shift {shift}: {shifted}")                      
                                                                                
         # Try different flag formats                                           
         for fmt in ['infiltration', 'flag{infiltration}', 'FLAG{infiltration}',
         'ctf{infiltration}', 'CTF{infiltration}', 'key{infiltration}',         
         'KEY{infiltration}']:                                                  
             print(f"Possible flag: {fmt}")                                     
         end_of_edit                                                            
                                                                                
INFO     濠电姷顣藉Σ鍛村磻閹捐泛绶ゅù鐘差儏缁愭鎱ㄥ鍡楀姦?MODEL INPUT         
         [File: /__tmp__enigma-crypto4-5z01tkca__repo/decode3.py (48 lines      
         total)]                                                                
         1:import base64                                                        
         2:                                                                     
         3:cipher =                                                             
         "VGhhdCBtZWV0aW5nIHdhcyBhIGxpdHRsZSBjcmF6eS4gV2UgaGF2ZSBubyBpZGVhIHdoZX
         JlIHRob3NlIGd1eXMgaW4gdGhlIGJsYWNrIHN1aXRzIGNhbWUgZnJvbSwgYnV0IHdlIGFyZ
         SBsb29raW5nIGludG8gaXQuIFVzZSB0aGUga2V5IGluZmlsdHJhdGlvbiBmb3IgbmV4dCB3
         ZWVrknMgbWVldGluZy4gU3RheSB3aXRoIHRoZSBjYXVzZSBhbmQgd2Ugd2lsbCBzdWNjZWV
         kLg=="                                                                 
         4:decoded = base64.b64decode(cipher)                                   
         5:text = decoded.decode('latin-1')                                     
         6:                                                                     
         7:# Print capital letters only                                         
         8:capitals = ''.join(c for c in text if c.isupper())                   
         9:print("Capital letters:", capitals)                                  
         10:                                                                    
         11:# Print every nth character                                         
         12:for n in range(2, 10):                                              
         13:    print(f"Every {n}th char: {text[::n]}")                         
         14:                                                                    
         15:# Try acrostic - first letter of each word                          
         16:words = text.split()                                                
         17:first_letters = ''.join(w[0] for w in words)                        
         18:print("First letters:", first_letters)                              
         19:                                                                    
         20:# Try looking at the non-ASCII byte                                 
         21:print(f"Non-ASCII byte: 0x{decoded[162]:02x} = {decoded[162]}")     
         22:                                                                    
         23:# Maybe the flag is hidden in the base64 string itself              
         24:# Check if there's a pattern in the base64                          
         25:print("Base64 length:", len(cipher))                                
         26:                                                                    
         27:# Try ROT13                                                         
         28:import codecs                                                       
         29:rot13 = codecs.decode(text, 'rot_13')                               
         30:print("ROT13:", rot13)                                              
         31:                                                                    
         32:# Try Caesar cipher with all shifts                                 
         33:for shift in range(26):                                             
         34:    shifted = ''                                                    
         35:    for c in text:                                                  
         36:        if c.isalpha():                                             
         37:            if c.isupper():                                         
         38:                shifted += chr((ord(c) - ord('A') + shift) % 26 +   
         ord('A'))                                                              
         39:            else:                                                   
         40:                shifted += chr((ord(c) - ord('a') + shift) % 26 +   
         ord('a'))                                                              
         41:        else:                                                       
         42:            shifted += c                                            
         43:    if 'flag' in shifted.lower() or 'ctf' in shifted.lower():       
         44:        print(f"Caesar shift {shift}: {shifted}")                   
         45:                                                                    
         46:# Try different flag formats                                        
         47:for fmt in ['infiltration', 'flag{infiltration}',                   
         'FLAG{infiltration}', 'ctf{infiltration}', 'CTF{infiltration}',        
         'key{infiltration}', 'KEY{infiltration}']:                             
         48:    print(f"Possible flag: {fmt}")                                  
         File updated. Please review the changes and make sure they are correct 
         (correct indentation, no duplicate lines, etc). Edit the file again if 
         necessary.                                                             
         (Open file: /__tmp__enigma-crypto4-5z01tkca__repo/decode3.py)          
         (Current directory: /__tmp__enigma-crypto4-5z01tkca__repo)             
         (Interactive session: n/a)                                             
         bash-$                                                                 
INFO     Messages API request start: model=glm52_10 messages=29 timeout=1170.0s 
         max_tokens=8192 native_tools=False thinking=auto shape=[{'role':       
         'user', 'type': 'str', 'chars': 3519}, {'role': 'assistant', 'type':   
         'str', 'chars': 132}, {'role': 'user', 'type': 'str', 'chars': 28},    
         {'role': 'assistant', 'type': 'str', 'chars': 84}, {'role': 'user',    
         'type': 'str', 'chars': 28}, {'role': 'assistant', 'type': 'str',      
         'chars': 410}, {'role': 'user', 'type': 'str', 'chars': 28}, {'role':  
         'assistant', 'type': 'str', 'chars': 377}, {'role': 'user', 'type':    
         'str', 'chars': 29}, {'role': 'assistant', 'type': 'str', 'chars':     
         275}, {'role': 'user', 'type': 'str', 'chars': 28}, {'role':           
         'assistant', 'type': 'str', 'chars': 1484}, {'role': 'user', 'type':   
         'str', 'chars': 28}, {'role': 'assistant', 'type': 'str', 'chars':     
         126}, {'role': 'user', 'type': 'str', 'chars': 28}, {'role':           
         'assistant', 'type': 'str', 'chars': 1181}, {'role': 'user', 'type':   
         'str', 'chars': 29}, {'role': 'assistant', 'type': 'str', 'chars':     
         114}, {'role': 'user', 'type': 'str', 'chars': 29}, {'role':           
         'assistant', 'type': 'str', 'chars': 263}, {'role': 'user', 'type':    
         'str', 'chars': 230}, {'role': 'assistant', 'type': 'str', 'chars':    
         1997}, {'role': 'user', 'type': 'str', 'chars': 2383}, {'role':        
         'assistant', 'type': 'str', 'chars': 135}, {'role': 'user', 'type':    
         'str', 'chars': 849}, {'role': 'assistant', 'type': 'str', 'chars':    
         197}, {'role': 'user', 'type': 'str', 'chars': 230}, {'role':          
         'assistant', 'type': 'str', 'chars': 1883}, {'role': 'user', 'type':   
         'str', 'chars': 2278}]                                                 
INFO     Messages API response received: status=200 elapsed=1.6s                
DEBUG    input_tokens=8,128, output_tokens=27, instance_cost=0.00, cost=0.00    
DEBUG    total_tokens_sent=78,896, total_tokens_received=13,141,                
         total_cost=0.00, total_api_calls=15                                    
INFO     濠电姷顣藉Σ鍛村磻閹捐泛绶ゅù鐘差儏閻ゎ喗銇勯弽銊х焼闁?THOUGHT (primary)
         DISCUSSION                                                             
         Let me run this script to see all the analysis results.                
                                                                                
INFO     濠电姷顣藉Σ鍛村磻閹捐泛绶ゅù鐘差儏閻ゎ喗銇勯幇鈺佲偓妤佺▔?ACTION       
         (primary)                                                              
         python3 decode3.py                                                     
                                                                                
INFO     濠电姷顣藉Σ鍛村磻閹捐泛绶ゅù鐘差儏缁愭鎱ㄥ鍡楀姦?MODEL INPUT         
         Capital letters: TWUS                                                  
         Every 2th char: Ta etn a  itecay ehv oie hr hs usi h lc ut aefo,btw r  
         okn noi.Uetekyiflrto o etwe etn.Sa ihtecueadw ilsced                   
         Every 3th char: Ttei s teryWheod e o yit a i mfmb  eoi ti ehk          
         fttnontemtgSyi eaenwwlue.                                              
         Every 4th char: T t  iea h i rh s  cu eobwronniUtkilt  te t.aitced lcd 
         Every 5th char: Tmnsi y  dht  haucf wekiise lioxemntihun  e            
         Every 6th char: Te  eyho   i   fb o iekftottSieewle                    
         Every 7th char: Teata owhyhk rten eelnektthadle                        
         Every 8th char: Tt e   hs uebrnitit etate c                            
         Every 9th char: Ti rhd y if ote tngiawu                                
         First letters: TmwalcWhniwtgitbscfbwaliiUtkifnwmSwtcawws               
         Non-ASCII byte: 0x92 = 146                                             
         Base64 length: 288                                                     
         ROT13: Gung zrrgvat jnf n yvggyr penml. Jr unir ab vqrn jurer gubfr    
         thlf va gur oynpx fhvgf pnzr sebz, ohg jr ner ybbxvat vagb vg. Hfr gur 
         xrl vasvygengvba sbe arkg jrrxf zrrgvat. Fgnl jvgu gur pnhfr naq jr    
         jvyy fhpprrq.                                                          
         Possible flag: infiltration                                            
         Possible flag: flag{infiltration}                                      
         Possible flag: FLAG{infiltration}                                      
         Possible flag: ctf{infiltration}                                       
         Possible flag: CTF{infiltration}                                       
         Possible flag: key{infiltration}                                       
         Possible flag: KEY{infiltration}                                       
         (Open file: /__tmp__enigma-crypto4-5z01tkca__repo/decode3.py)          
         (Current directory: /__tmp__enigma-crypto4-5z01tkca__repo)             
         (Interactive session: n/a)                                             
         bash-$                                                                 
INFO     Messages API request start: model=glm52_10 messages=31 timeout=1170.0s 
         max_tokens=8192 native_tools=False thinking=auto shape=[{'role':       
         'user', 'type': 'str', 'chars': 3519}, {'role': 'assistant', 'type':   
         'str', 'chars': 132}, {'role': 'user', 'type': 'str', 'chars': 28},    
         {'role': 'assistant', 'type': 'str', 'chars': 84}, {'role': 'user',    
         'type': 'str', 'chars': 28}, {'role': 'assistant', 'type': 'str',      
         'chars': 410}, {'role': 'user', 'type': 'str', 'chars': 28}, {'role':  
         'assistant', 'type': 'str', 'chars': 377}, {'role': 'user', 'type':    
         'str', 'chars': 29}, {'role': 'assistant', 'type': 'str', 'chars':     
         275}, {'role': 'user', 'type': 'str', 'chars': 28}, {'role':           
         'assistant', 'type': 'str', 'chars': 1484}, {'role': 'user', 'type':   
         'str', 'chars': 28}, {'role': 'assistant', 'type': 'str', 'chars':     
         126}, {'role': 'user', 'type': 'str', 'chars': 28}, {'role':           
         'assistant', 'type': 'str', 'chars': 1181}, {'role': 'user', 'type':   
         'str', 'chars': 29}, {'role': 'assistant', 'type': 'str', 'chars':     
         114}, {'role': 'user', 'type': 'str', 'chars': 29}, {'role':           
         'assistant', 'type': 'str', 'chars': 263}, {'role': 'user', 'type':    
         'str', 'chars': 28}, {'role': 'assistant', 'type': 'str', 'chars':     
         1997}, {'role': 'user', 'type': 'str', 'chars': 2383}, {'role':        
         'assistant', 'type': 'str', 'chars': 135}, {'role': 'user', 'type':    
         'str', 'chars': 849}, {'role': 'assistant', 'type': 'str', 'chars':    
         197}, {'role': 'user', 'type': 'str', 'chars': 230}, {'role':          
         'assistant', 'type': 'str', 'chars': 1883}, {'role': 'user', 'type':   
         'str', 'chars': 2278}, {'role': 'assistant', 'type': 'str', 'chars':   
         93}, {'role': 'user', 'type': 'str', 'chars': 1259}]                   
INFO     Messages API response received: status=200 elapsed=15.4s               
DEBUG    input_tokens=8,601, output_tokens=541, instance_cost=0.00, cost=0.00   
DEBUG    total_tokens_sent=87,497, total_tokens_received=13,682,                
         total_cost=0.00, total_api_calls=16                                    
INFO     濠电姷顣藉Σ鍛村磻閹捐泛绶ゅù鐘差儏閻ゎ喗銇勯弽銊х焼闁?THOUGHT (primary)
         DISCUSSION                                                             
         The analysis shows capital letters "TWUS" and a non-ASCII byte 0x92    
         (smart quote). Let me try submitting different flag formats. Let me try
         "flag{infiltration}" first.                                            
                                                                                
INFO     濠电姷顣藉Σ鍛村磻閹捐泛绶ゅù鐘差儏閻ゎ喗銇勯幇鈺佲偓妤佺▔?ACTION       
         (primary)                                                              
         submit 'flag{infiltration}'                                            
                                                                                
WARNING  Wrong flag submission found.                                           
INFO     濠电姷顣藉Σ鍛村磻閹捐泛绶ゅù鐘差儏缁愭鎱ㄥ鍡楀姦?MODEL INPUT         
         Wrong flag!                                                            
         (Open file: /__tmp__enigma-crypto4-5z01tkca__repo/decode3.py)          
         (Current directory: /__tmp__enigma-crypto4-5z01tkca__repo)             
         (Interactive session: n/a)                                             
         bash-$                                                                 
INFO     Messages API request start: model=glm52_10 messages=33 timeout=1170.0s 
         max_tokens=8192 native_tools=False thinking=auto shape=[{'role':       
         'user', 'type': 'str', 'chars': 3519}, {'role': 'assistant', 'type':   
         'str', 'chars': 132}, {'role': 'user', 'type': 'str', 'chars': 28},    
         {'role': 'assistant', 'type': 'str', 'chars': 84}, {'role': 'user',    
         'type': 'str', 'chars': 28}, {'role': 'assistant', 'type': 'str',      
         'chars': 410}, {'role': 'user', 'type': 'str', 'chars': 28}, {'role':  
         'assistant', 'type': 'str', 'chars': 377}, {'role': 'user', 'type':    
         'str', 'chars': 29}, {'role': 'assistant', 'type': 'str', 'chars':     
         275}, {'role': 'user', 'type': 'str', 'chars': 28}, {'role':           
         'assistant', 'type': 'str', 'chars': 1484}, {'role': 'user', 'type':   
         'str', 'chars': 28}, {'role': 'assistant', 'type': 'str', 'chars':     
         126}, {'role': 'user', 'type': 'str', 'chars': 28}, {'role':           
         'assistant', 'type': 'str', 'chars': 1181}, {'role': 'user', 'type':   
         'str', 'chars': 29}, {'role': 'assistant', 'type': 'str', 'chars':     
         114}, {'role': 'user', 'type': 'str', 'chars': 29}, {'role':           
         'assistant', 'type': 'str', 'chars': 263}, {'role': 'user', 'type':    
         'str', 'chars': 28}, {'role': 'assistant', 'type': 'str', 'chars':     
         1997}, {'role': 'user', 'type': 'str', 'chars': 29}, {'role':          
         'assistant', 'type': 'str', 'chars': 135}, {'role': 'user', 'type':    
         'str', 'chars': 849}, {'role': 'assistant', 'type': 'str', 'chars':    
         197}, {'role': 'user', 'type': 'str', 'chars': 230}, {'role':          
         'assistant', 'type': 'str', 'chars': 1883}, {'role': 'user', 'type':   
         'str', 'chars': 2278}, {'role': 'assistant', 'type': 'str', 'chars':   
         93}, {'role': 'user', 'type': 'str', 'chars': 1259}, {'role':          
         'assistant', 'type': 'str', 'chars': 214}, {'role': 'user', 'type':    
         'str', 'chars': 166}]                                                  
INFO     Messages API response received: status=200 elapsed=65.0s               
DEBUG    input_tokens=7,905, output_tokens=2,471, instance_cost=0.00, cost=0.00 
DEBUG    total_tokens_sent=95,402, total_tokens_received=16,153,                
         total_cost=0.00, total_api_calls=17                                    
INFO     濠电姷顣藉Σ鍛村磻閹捐泛绶ゅù鐘差儏閻ゎ喗銇勯弽銊х焼闁?THOUGHT (primary)
         DISCUSSION                                                             
         Let me try other flag formats and also look more carefully at the      
         base64 string for hidden patterns.                                     
                                                                                
INFO     濠电姷顣藉Σ鍛村磻閹捐泛绶ゅù鐘差儏閻ゎ喗銇勯幇鈺佲偓妤佺▔?ACTION       
         (primary)                                                              
         create decode4.py                                                      
                                                                                
INFO     濠电姷顣藉Σ鍛村磻閹捐泛绶ゅù鐘差儏缁愭鎱ㄥ鍡楀姦?MODEL INPUT         
         [File: /__tmp__enigma-crypto4-5z01tkca__repo/decode4.py (1 lines       
         total)]                                                                
         1:                                                                     
         (Open file: /__tmp__enigma-crypto4-5z01tkca__repo/decode4.py)          
         (Current directory: /__tmp__enigma-crypto4-5z01tkca__repo)             
         (Interactive session: n/a)                                             
         bash-$                                                                 
INFO     Messages API request start: model=glm52_10 messages=35 timeout=1170.0s 
         max_tokens=8192 native_tools=False thinking=auto shape=[{'role':       
         'user', 'type': 'str', 'chars': 3519}, {'role': 'assistant', 'type':   
         'str', 'chars': 132}, {'role': 'user', 'type': 'str', 'chars': 28},    
         {'role': 'assistant', 'type': 'str', 'chars': 84}, {'role': 'user',    
         'type': 'str', 'chars': 28}, {'role': 'assistant', 'type': 'str',      
         'chars': 410}, {'role': 'user', 'type': 'str', 'chars': 28}, {'role':  
         'assistant', 'type': 'str', 'chars': 377}, {'role': 'user', 'type':    
         'str', 'chars': 29}, {'role': 'assistant', 'type': 'str', 'chars':     
         275}, {'role': 'user', 'type': 'str', 'chars': 28}, {'role':           
         'assistant', 'type': 'str', 'chars': 1484}, {'role': 'user', 'type':   
         'str', 'chars': 28}, {'role': 'assistant', 'type': 'str', 'chars':     
         126}, {'role': 'user', 'type': 'str', 'chars': 28}, {'role':           
         'assistant', 'type': 'str', 'chars': 1181}, {'role': 'user', 'type':   
         'str', 'chars': 29}, {'role': 'assistant', 'type': 'str', 'chars':     
         114}, {'role': 'user', 'type': 'str', 'chars': 29}, {'role':           
         'assistant', 'type': 'str', 'chars': 263}, {'role': 'user', 'type':    
         'str', 'chars': 28}, {'role': 'assistant', 'type': 'str', 'chars':     
         1997}, {'role': 'user', 'type': 'str', 'chars': 29}, {'role':          
         'assistant', 'type': 'str', 'chars': 135}, {'role': 'user', 'type':    
         'str', 'chars': 29}, {'role': 'assistant', 'type': 'str', 'chars':     
         197}, {'role': 'user', 'type': 'str', 'chars': 230}, {'role':          
         'assistant', 'type': 'str', 'chars': 1883}, {'role': 'user', 'type':   
         'str', 'chars': 2278}, {'role': 'assistant', 'type': 'str', 'chars':   
         93}, {'role': 'user', 'type': 'str', 'chars': 1259}, {'role':          
         'assistant', 'type': 'str', 'chars': 214}, {'role': 'user', 'type':    
         'str', 'chars': 166}, {'role': 'assistant', 'type': 'str', 'chars':    
         137}, {'role': 'user', 'type': 'str', 'chars': 230}]                   
INFO     Messages API response received: status=200 elapsed=95.7s               
DEBUG    input_tokens=7,555, output_tokens=3,527, instance_cost=0.00, cost=0.00 
DEBUG    total_tokens_sent=102,957, total_tokens_received=19,680,               
         total_cost=0.00, total_api_calls=18                                    
INFO     濠电姷顣藉Σ鍛村磻閹捐泛绶ゅù鐘差儏閻ゎ喗銇勯弽銊х焼闁?THOUGHT (primary)
         DISCUSSION                                                             
         Let me try other flag formats and also look more carefully at the      
         base64 string for any hidden data or steganography.                    
                                                                                
INFO     濠电姷顣藉Σ鍛村磻閹捐泛绶ゅù鐘差儏閻ゎ喗銇勯幇鈺佲偓妤佺▔?ACTION       
         (primary)                                                              
         edit 1:1                                                               
         import base64                                                          
         import string                                                          
                                                                                
         cipher =                                                               
         "VGhhdCBtZWV0aW5nIHdhcyBhIGxpdHRsZSBjcmF6eS4gV2UgaGF2ZSBubyBpZGVhIHdoZX
         JlIHRob3NlIGd1eXMgaW4gdGhlIGJsYWNrIHN1aXRzIGNhbWUgZnJvbSwgYnV0IHdlIGFyZ
         SBsb29raW5nIGludG8gaXQuIFVzZSB0aGUga2V5IGluZmlsdHJhdGlvbiBmb3IgbmV4dCB3
         ZWVrknMgbWVldGluZy4gU3RheSB3aXRoIHRoZSBjYXVzZSBhbmQgd2Ugd2lsbCBzdWNjZWV
         kLg=="                                                                 
         decoded = base64.b64decode(cipher)                                     
         text = decoded.decode('latin-1')                                       
                                                                                
         # Check for base64 steganography - look at the binary representation   
         # In base64 steg, extra bits can be hidden in the encoding choices     
         print("=== Base64 Steganography Analysis ===")                         
         # Check if there are non-standard base64 chars                         
         b64_chars = set(string.ascii_letters + string.digits + '+/=')          
         for i, c in enumerate(cipher):                                         
             if c not in b64_chars:                                             
                 print(f"Non-standard base64 char at position {i}: '{c}'        
         (0x{ord(c):02x})")                                                     
                                                                                
         # Try extracting hidden bits from base64                               
         # Each base64 char encodes 6 bits, but if the original data doesn't    
         fill                                                                   
         # completely, there might be unused bits                               
         print("\n=== Checking for hidden message in base64 padding ===")       
         # Remove padding                                                       
         cipher_no_pad = cipher.rstrip('=')                                     
         print(f"Cipher without padding: {len(cipher_no_pad)} chars")           
         print(f"Decoded length: {len(decoded)} bytes")                         
         print(f"Expected from base64: {len(cipher_no_pad) * 6 // 8} bytes")    
         # If there's a difference, those extra bits might hide data            
         extra_bits = len(cipher_no_pad) * 6 - len(decoded) * 8                 
         print(f"Extra bits: {extra_bits}")                                     
                                                                                
         # Try using key positions to extract characters                        
         key = "infiltration"                                                   
         print("\n=== Key-based extraction ===")                                
         # Extract character at position of each key letter (a=1, b=2, ...)     
         positions = [ord(c) - ord('a') + 1 for c in key]                       
         print(f"Key positions: {positions}")                                   
         extracted = ''                                                         
         for p in positions:                                                    
             if p < len(text):                                                  
                 extracted += text[p]                                           
         print(f"Characters at key positions: {extracted}")                     
                                                                                
         # Try 0-indexed                                                        
         positions0 = [ord(c) - ord('a') for c in key]                          
         extracted0 = ''                                                        
         for p in positions0:                                                   
             if p < len(text):                                                  
                 extracted0 += text[p]                                          
         print(f"Characters at key positions (0-indexed): {extracted0}")        
                                                                                
         # Try using key as index into words                                    
         words = text.split()                                                   
         print(f"\nNumber of words: {len(words)}")                              
         extracted_words = ''                                                   
         for c in key:                                                          
             idx = ord(c) - ord('a')                                            
             if idx < len(words):                                               
                 extracted_words += words[idx][0]                               
         print(f"First letters of words at key positions: {extracted_words}")   
                                                                                
         # Maybe the flag is the full decoded message                           
         print(f"\nFull decoded message: {text}")                               
         print(f"Full decoded message (repr): {repr(text)}")                    
                                                                                
         # Try various flag formats                                             
         for fmt in ['CTF{infiltration}', 'enigma{infiltration}',               
         'crypto{infiltration}',                                                
                     'flag{TWUS}', 'CTF{TWUS}', 'flag{base64}', 'flag{Base64}', 
                     'flag{that meeting was a little crazy}']:                  
             print(f"Possible flag: {fmt}")                                     
         end_of_edit                                                            
                                                                                
INFO     濠电姷顣藉Σ鍛村磻閹捐泛绶ゅù鐘差儏缁愭鎱ㄥ鍡楀姦?MODEL INPUT         
         [File: /__tmp__enigma-crypto4-5z01tkca__repo/decode4.py (68 lines      
         total)]                                                                
         1:import base64                                                        
         2:import string                                                        
         3:                                                                     
         4:cipher =                                                             
         "VGhhdCBtZWV0aW5nIHdhcyBhIGxpdHRsZSBjcmF6eS4gV2UgaGF2ZSBubyBpZGVhIHdoZX
         JlIHRob3NlIGd1eXMgaW4gdGhlIGJsYWNrIHN1aXRzIGNhbWUgZnJvbSwgYnV0IHdlIGFyZ
         SBsb29raW5nIGludG8gaXQuIFVzZSB0aGUga2V5IGluZmlsdHJhdGlvbiBmb3IgbmV4dCB3
         ZWVrknMgbWVldGluZy4gU3RheSB3aXRoIHRoZSBjYXVzZSBhbmQgd2Ugd2lsbCBzdWNjZWV
         kLg=="                                                                 
         5:decoded = base64.b64decode(cipher)                                   
         6:text = decoded.decode('latin-1')                                     
         7:                                                                     
         8:# Check for base64 steganography - look at the binary representation 
         9:# In base64 steg, extra bits can be hidden in the encoding choices   
         10:print("=== Base64 Steganography Analysis ===")                      
         11:# Check if there are non-standard base64 chars                      
         12:b64_chars = set(string.ascii_letters + string.digits + '+/=')       
         13:for i, c in enumerate(cipher):                                      
         14:    if c not in b64_chars:                                          
         15:        print(f"Non-standard base64 char at position {i}: '{c}'     
         (0x{ord(c):02x})")                                                     
         16:                                                                    
         17:# Try extracting hidden bits from base64                            
         18:# Each base64 char encodes 6 bits, but if the original data doesn't 
         fill                                                                   
         19:# completely, there might be unused bits                            
         20:print("\n=== Checking for hidden message in base64 padding ===")    
         21:# Remove padding                                                    
         22:cipher_no_pad = cipher.rstrip('=')                                  
         23:print(f"Cipher without padding: {len(cipher_no_pad)} chars")        
         24:print(f"Decoded length: {len(decoded)} bytes")                      
         25:print(f"Expected from base64: {len(cipher_no_pad) * 6 // 8} bytes") 
         26:# If there's a difference, those extra bits might hide data         
         27:extra_bits = len(cipher_no_pad) * 6 - len(decoded) * 8              
         28:print(f"Extra bits: {extra_bits}")                                  
         29:                                                                    
         30:# Try using key positions to extract characters                     
         31:key = "infiltration"                                                
         32:print("\n=== Key-based extraction ===")                             
         33:# Extract character at position of each key letter (a=1, b=2, ...)  
         34:positions = [ord(c) - ord('a') + 1 for c in key]                    
         35:print(f"Key positions: {positions}")                                
         36:extracted = ''                                                      
         37:for p in positions:                                                 
         38:    if p < len(text):                                               
         39:        extracted += text[p]                                        
         40:print(f"Characters at key positions: {extracted}")                  
         41:                                                                    
         42:# Try 0-indexed                                                     
         43:positions0 = [ord(c) - ord('a') for c in key]                       
         44:extracted0 = ''                                                     
         45:for p in positions0:                                                
         46:    if p < len(text):                                               
         47:        extracted0 += text[p]                                       
         48:print(f"Characters at key positions (0-indexed): {extracted0}")     
         49:                                                                    
         50:# Try using key as index into words                                 
         51:words = text.split()                                                
         52:print(f"\nNumber of words: {len(words)}")                           
         53:extracted_words = ''                                                
         54:for c in key:                                                       
         55:    idx = ord(c) - ord('a')                                         
         56:    if idx < len(words):                                            
         57:        extracted_words += words[idx][0]                            
         58:print(f"First letters of words at key positions: {extracted_words}")
         59:                                                                    
         60:# Maybe the flag is the full decoded message                        
         61:print(f"\nFull decoded message: {text}")                            
         62:print(f"Full decoded message (repr): {repr(text)}")                 
         63:                                                                    
         64:# Try various flag formats                                          
         65:for fmt in ['CTF{infiltration}', 'enigma{infiltration}',            
         'crypto{infiltration}',                                                
         66:            'flag{TWUS}', 'CTF{TWUS}', 'flag{base64}',              
         'flag{Base64}',                                                        
         67:            'flag{that meeting was a little crazy}']:               
         68:    print(f"Possible flag: {fmt}")                                  
         File updated. Please review the changes and make sure they are correct 
         (correct indentation, no duplicate lines, etc). Edit the file again if 
         necessary.                                                             
         (Open file: /__tmp__enigma-crypto4-5z01tkca__repo/decode4.py)          
         (Current directory: /__tmp__enigma-crypto4-5z01tkca__repo)             
         (Interactive session: n/a)                                             
         bash-$                                                                 
INFO     Messages API request start: model=glm52_10 messages=37 timeout=1170.0s 
         max_tokens=8192 native_tools=False thinking=auto shape=[{'role':       
         'user', 'type': 'str', 'chars': 3519}, {'role': 'assistant', 'type':   
         'str', 'chars': 132}, {'role': 'user', 'type': 'str', 'chars': 28},    
         {'role': 'assistant', 'type': 'str', 'chars': 84}, {'role': 'user',    
         'type': 'str', 'chars': 28}, {'role': 'assistant', 'type': 'str',      
         'chars': 410}, {'role': 'user', 'type': 'str', 'chars': 28}, {'role':  
         'assistant', 'type': 'str', 'chars': 377}, {'role': 'user', 'type':    
         'str', 'chars': 29}, {'role': 'assistant', 'type': 'str', 'chars':     
         275}, {'role': 'user', 'type': 'str', 'chars': 28}, {'role':           
         'assistant', 'type': 'str', 'chars': 1484}, {'role': 'user', 'type':   
         'str', 'chars': 28}, {'role': 'assistant', 'type': 'str', 'chars':     
         126}, {'role': 'user', 'type': 'str', 'chars': 28}, {'role':           
         'assistant', 'type': 'str', 'chars': 1181}, {'role': 'user', 'type':   
         'str', 'chars': 29}, {'role': 'assistant', 'type': 'str', 'chars':     
         114}, {'role': 'user', 'type': 'str', 'chars': 29}, {'role':           
         'assistant', 'type': 'str', 'chars': 263}, {'role': 'user', 'type':    
         'str', 'chars': 28}, {'role': 'assistant', 'type': 'str', 'chars':     
         1997}, {'role': 'user', 'type': 'str', 'chars': 29}, {'role':          
         'assistant', 'type': 'str', 'chars': 135}, {'role': 'user', 'type':    
         'str', 'chars': 29}, {'role': 'assistant', 'type': 'str', 'chars':     
         197}, {'role': 'user', 'type': 'str', 'chars': 28}, {'role':           
         'assistant', 'type': 'str', 'chars': 1883}, {'role': 'user', 'type':   
         'str', 'chars': 2278}, {'role': 'assistant', 'type': 'str', 'chars':   
         93}, {'role': 'user', 'type': 'str', 'chars': 1259}, {'role':          
         'assistant', 'type': 'str', 'chars': 214}, {'role': 'user', 'type':    
         'str', 'chars': 166}, {'role': 'assistant', 'type': 'str', 'chars':    
         137}, {'role': 'user', 'type': 'str', 'chars': 230}, {'role':          
         'assistant', 'type': 'str', 'chars': 2910}, {'role': 'user', 'type':   
         'str', 'chars': 3329}]                                                 
INFO     Messages API response received: status=200 elapsed=1.5s                
DEBUG    input_tokens=9,511, output_tokens=22, instance_cost=0.00, cost=0.00    
DEBUG    total_tokens_sent=112,468, total_tokens_received=19,702,               
         total_cost=0.00, total_api_calls=19                                    
INFO     濠电姷顣藉Σ鍛村磻閹捐泛绶ゅù鐘差儏閻ゎ喗銇勯弽銊х焼闁?THOUGHT (primary)
         DISCUSSION                                                             
         Let me run this analysis script.                                       
                                                                                
INFO     濠电姷顣藉Σ鍛村磻閹捐泛绶ゅù鐘差儏閻ゎ喗銇勯幇鈺佲偓妤佺▔?ACTION       
         (primary)                                                              
         python3 decode4.py                                                     
                                                                                
INFO     濠电姷顣藉Σ鍛村磻閹捐泛绶ゅù鐘差儏缁愭鎱ㄥ鍡楀姦?MODEL INPUT         
         === Base64 Steganography Analysis ===                                  
                                                                                
         === Checking for hidden message in base64 padding ===                  
         Cipher without padding: 286 chars                                      
         Decoded length: 214 bytes                                              
         Expected from base64: 214 bytes                                        
         Extra bits: 4                                                          
                                                                                
         === Key-based extraction ===                                           
         Key positions: [9, 14, 6, 9, 12, 20, 18, 1, 20, 9, 15, 14]             
         Characters at key positions: iaei i hiisa                              
         Characters at key positions (0-indexed): twmtglaTltaw                  
                                                                                
         Number of words: 41                                                    
         First letters of words at key positions: nicntbcTbnti                  
                                                                                
         Full decoded message: That meeting was a little crazy. We have no idea 
         where those guys in the black suits came from, but we are looking into 
         it. Use the key infiltration for next weeks meeting. Stay with the     
         cause and we will succeed.                                             
         Full decoded message (repr): 'That meeting was a little crazy. We have 
         no idea where those guys in the black suits came from, but we are      
         looking into it. Use the key infiltration for next week\x92s meeting.  
         Stay with the cause and we will succeed.'                              
         Possible flag: CTF{infiltration}                                       
         Possible flag: enigma{infiltration}                                    
         Possible flag: crypto{infiltration}                                    
         Possible flag: flag{TWUS}                                              
         Possible flag: CTF{TWUS}                                               
         Possible flag: flag{base64}                                            
         Possible flag: flag{Base64}                                            
         Possible flag: flag{that meeting was a little crazy}                   
         (Open file: /__tmp__enigma-crypto4-5z01tkca__repo/decode4.py)          
         (Current directory: /__tmp__enigma-crypto4-5z01tkca__repo)             
         (Interactive session: n/a)                                             
         bash-$                                                                 
INFO     Messages API request start: model=glm52_10 messages=39 timeout=1170.0s 
         max_tokens=8192 native_tools=False thinking=auto shape=[{'role':       
         'user', 'type': 'str', 'chars': 3519}, {'role': 'assistant', 'type':   
         'str', 'chars': 132}, {'role': 'user', 'type': 'str', 'chars': 28},    
         {'role': 'assistant', 'type': 'str', 'chars': 84}, {'role': 'user',    
         'type': 'str', 'chars': 28}, {'role': 'assistant', 'type': 'str',      
         'chars': 410}, {'role': 'user', 'type': 'str', 'chars': 28}, {'role':  
         'assistant', 'type': 'str', 'chars': 377}, {'role': 'user', 'type':    
         'str', 'chars': 29}, {'role': 'assistant', 'type': 'str', 'chars':     
         275}, {'role': 'user', 'type': 'str', 'chars': 28}, {'role':           
         'assistant', 'type': 'str', 'chars': 1484}, {'role': 'user', 'type':   
         'str', 'chars': 28}, {'role': 'assistant', 'type': 'str', 'chars':     
         126}, {'role': 'user', 'type': 'str', 'chars': 28}, {'role':           
         'assistant', 'type': 'str', 'chars': 1181}, {'role': 'user', 'type':   
         'str', 'chars': 29}, {'role': 'assistant', 'type': 'str', 'chars':     
         114}, {'role': 'user', 'type': 'str', 'chars': 29}, {'role':           
         'assistant', 'type': 'str', 'chars': 263}, {'role': 'user', 'type':    
         'str', 'chars': 28}, {'role': 'assistant', 'type': 'str', 'chars':     
         1997}, {'role': 'user', 'type': 'str', 'chars': 29}, {'role':          
         'assistant', 'type': 'str', 'chars': 135}, {'role': 'user', 'type':    
         'str', 'chars': 29}, {'role': 'assistant', 'type': 'str', 'chars':     
         197}, {'role': 'user', 'type': 'str', 'chars': 28}, {'role':           
         'assistant', 'type': 'str', 'chars': 1883}, {'role': 'user', 'type':   
         'str', 'chars': 29}, {'role': 'assistant', 'type': 'str', 'chars': 93},
         {'role': 'user', 'type': 'str', 'chars': 1259}, {'role': 'assistant',  
         'type': 'str', 'chars': 214}, {'role': 'user', 'type': 'str', 'chars': 
         166}, {'role': 'assistant', 'type': 'str', 'chars': 137}, {'role':     
         'user', 'type': 'str', 'chars': 230}, {'role': 'assistant', 'type':    
         'str', 'chars': 2910}, {'role': 'user', 'type': 'str', 'chars': 3329}, 
         {'role': 'assistant', 'type': 'str', 'chars': 70}, {'role': 'user',    
         'type': 'str', 'chars': 1365}]                                         
INFO     Messages API response received: status=200 elapsed=229.7s              
WARNING  Messages API empty response: keys=['content', 'id', 'model', 'role',   
         'stop_reason', 'type', 'usage'] block_types=['thinking']               
         stop_reason=max_tokens usage={'input_tokens': 9103, 'output_tokens':   
         8192}                                                                  
WARNING  Messages API returned thinking-only max_tokens; retrying with thinking 
         disabled                                                               
DEBUG    input_tokens=9,097, output_tokens=56, instance_cost=0.00, cost=0.00    
DEBUG    total_tokens_sent=121,565, total_tokens_received=19,758,               
         total_cost=0.00, total_api_calls=20                                    
INFO     濠电姷顣藉Σ鍛村磻閹捐泛绶ゅù鐘差儏閻ゎ喗銇勯弽銊х焼闁?THOUGHT (primary)
         DISCUSSION                                                             
         There are 4 extra bits in the base64 encoding. Let me try some more    
         flag formats and also try to extract those extra bits. Let me also try 
         submitting some of the other candidates.                               
                                                                                
INFO     濠电姷顣藉Σ鍛村磻閹捐泛绶ゅù鐘差儏閻ゎ喗銇勯幇鈺佲偓妤佺▔?ACTION       
         (primary)                                                              
         submit 'CTF{infiltration}'                                             
                                                                                
WARNING  Wrong flag submission found.                                           
INFO     濠电姷顣藉Σ鍛村磻閹捐泛绶ゅù鐘差儏缁愭鎱ㄥ鍡楀姦?MODEL INPUT         
         Wrong flag!                                                            
         (Open file: /__tmp__enigma-crypto4-5z01tkca__repo/decode4.py)          
         (Current directory: /__tmp__enigma-crypto4-5z01tkca__repo)             
         (Interactive session: n/a)                                             
         bash-$                                                                 
INFO     Messages API request start: model=glm52_10 messages=41 timeout=1170.0s 
         max_tokens=8192 native_tools=False thinking=auto shape=[{'role':       
         'user', 'type': 'str', 'chars': 3519}, {'role': 'assistant', 'type':   
         'str', 'chars': 132}, {'role': 'user', 'type': 'str', 'chars': 28},    
         {'role': 'assistant', 'type': 'str', 'chars': 84}, {'role': 'user',    
         'type': 'str', 'chars': 28}, {'role': 'assistant', 'type': 'str',      
         'chars': 410}, {'role': 'user', 'type': 'str', 'chars': 28}, {'role':  
         'assistant', 'type': 'str', 'chars': 377}, {'role': 'user', 'type':    
         'str', 'chars': 29}, {'role': 'assistant', 'type': 'str', 'chars':     
         275}, {'role': 'user', 'type': 'str', 'chars': 28}, {'role':           
         'assistant', 'type': 'str', 'chars': 1484}, {'role': 'user', 'type':   
         'str', 'chars': 28}, {'role': 'assistant', 'type': 'str', 'chars':     
         126}, {'role': 'user', 'type': 'str', 'chars': 28}, {'role':           
         'assistant', 'type': 'str', 'chars': 1181}, {'role': 'user', 'type':   
         'str', 'chars': 29}, {'role': 'assistant', 'type': 'str', 'chars':     
         114}, {'role': 'user', 'type': 'str', 'chars': 29}, {'role':           
         'assistant', 'type': 'str', 'chars': 263}, {'role': 'user', 'type':    
         'str', 'chars': 28}, {'role': 'assistant', 'type': 'str', 'chars':     
         1997}, {'role': 'user', 'type': 'str', 'chars': 29}, {'role':          
         'assistant', 'type': 'str', 'chars': 135}, {'role': 'user', 'type':    
         'str', 'chars': 29}, {'role': 'assistant', 'type': 'str', 'chars':     
         197}, {'role': 'user', 'type': 'str', 'chars': 28}, {'role':           
         'assistant', 'type': 'str', 'chars': 1883}, {'role': 'user', 'type':   
         'str', 'chars': 29}, {'role': 'assistant', 'type': 'str', 'chars': 93},
         {'role': 'user', 'type': 'str', 'chars': 29}, {'role': 'assistant',    
         'type': 'str', 'chars': 214}, {'role': 'user', 'type': 'str', 'chars': 
         166}, {'role': 'assistant', 'type': 'str', 'chars': 137}, {'role':     
         'user', 'type': 'str', 'chars': 230}, {'role': 'assistant', 'type':    
         'str', 'chars': 2910}, {'role': 'user', 'type': 'str', 'chars': 3329}, 
         {'role': 'assistant', 'type': 'str', 'chars': 70}, {'role': 'user',    
         'type': 'str', 'chars': 1365}, {'role': 'assistant', 'type': 'str',    
         'chars': 225}, {'role': 'user', 'type': 'str', 'chars': 166}]          
INFO     Messages API response received: status=200 elapsed=34.0s               
DEBUG    input_tokens=8,704, output_tokens=1,189, instance_cost=0.00, cost=0.00 
DEBUG    total_tokens_sent=130,269, total_tokens_received=20,947,               
         total_cost=0.00, total_api_calls=21                                    
INFO     濠电姷顣藉Σ鍛村磻閹捐泛绶ゅù鐘差儏閻ゎ喗銇勯弽銊х焼闁?THOUGHT (primary)
         DISCUSSION                                                             
         Let me try a few more flag formats and also look more carefully at the 
         file content.                                                          
                                                                                
INFO     濠电姷顣藉Σ鍛村磻閹捐泛绶ゅù鐘差儏閻ゎ喗銇勯幇鈺佲偓妤佺▔?ACTION       
         (primary)                                                              
         submit 'flag{base64}'                                                  
                                                                                
WARNING  Wrong flag submission found.                                           
INFO     濠电姷顣藉Σ鍛村磻閹捐泛绶ゅù鐘差儏缁愭鎱ㄥ鍡楀姦?MODEL INPUT         
         Wrong flag!                                                            
         (Open file: /__tmp__enigma-crypto4-5z01tkca__repo/decode4.py)          
         (Current directory: /__tmp__enigma-crypto4-5z01tkca__repo)             
         (Interactive session: n/a)                                             
         bash-$                                                                 
INFO     Messages API request start: model=glm52_10 messages=43 timeout=1170.0s 
         max_tokens=8192 native_tools=False thinking=auto shape=[{'role':       
         'user', 'type': 'str', 'chars': 3519}, {'role': 'assistant', 'type':   
         'str', 'chars': 132}, {'role': 'user', 'type': 'str', 'chars': 28},    
         {'role': 'assistant', 'type': 'str', 'chars': 84}, {'role': 'user',    
         'type': 'str', 'chars': 28}, {'role': 'assistant', 'type': 'str',      
         'chars': 410}, {'role': 'user', 'type': 'str', 'chars': 28}, {'role':  
         'assistant', 'type': 'str', 'chars': 377}, {'role': 'user', 'type':    
         'str', 'chars': 29}, {'role': 'assistant', 'type': 'str', 'chars':     
         275}, {'role': 'user', 'type': 'str', 'chars': 28}, {'role':           
         'assistant', 'type': 'str', 'chars': 1484}, {'role': 'user', 'type':   
         'str', 'chars': 28}, {'role': 'assistant', 'type': 'str', 'chars':     
         126}, {'role': 'user', 'type': 'str', 'chars': 28}, {'role':           
         'assistant', 'type': 'str', 'chars': 1181}, {'role': 'user', 'type':   
         'str', 'chars': 29}, {'role': 'assistant', 'type': 'str', 'chars':     
         114}, {'role': 'user', 'type': 'str', 'chars': 29}, {'role':           
         'assistant', 'type': 'str', 'chars': 263}, {'role': 'user', 'type':    
         'str', 'chars': 28}, {'role': 'assistant', 'type': 'str', 'chars':     
         1997}, {'role': 'user', 'type': 'str', 'chars': 29}, {'role':          
         'assistant', 'type': 'str', 'chars': 135}, {'role': 'user', 'type':    
         'str', 'chars': 29}, {'role': 'assistant', 'type': 'str', 'chars':     
         197}, {'role': 'user', 'type': 'str', 'chars': 28}, {'role':           
         'assistant', 'type': 'str', 'chars': 1883}, {'role': 'user', 'type':   
         'str', 'chars': 29}, {'role': 'assistant', 'type': 'str', 'chars': 93},
         {'role': 'user', 'type': 'str', 'chars': 29}, {'role': 'assistant',    
         'type': 'str', 'chars': 214}, {'role': 'user', 'type': 'str', 'chars': 
         28}, {'role': 'assistant', 'type': 'str', 'chars': 137}, {'role':      
         'user', 'type': 'str', 'chars': 230}, {'role': 'assistant', 'type':    
         'str', 'chars': 2910}, {'role': 'user', 'type': 'str', 'chars': 3329}, 
         {'role': 'assistant', 'type': 'str', 'chars': 70}, {'role': 'user',    
         'type': 'str', 'chars': 1365}, {'role': 'assistant', 'type': 'str',    
         'chars': 225}, {'role': 'user', 'type': 'str', 'chars': 166}, {'role': 
         'assistant', 'type': 'str', 'chars': 125}, {'role': 'user', 'type':    
         'str', 'chars': 166}]                                                  
INFO     Messages API response received: status=200 elapsed=81.4s               
DEBUG    input_tokens=8,747, output_tokens=2,713, instance_cost=0.00, cost=0.00 
DEBUG    total_tokens_sent=139,016, total_tokens_received=23,660,               
         total_cost=0.00, total_api_calls=22                                    
INFO     濠电姷顣藉Σ鍛村磻閹捐泛绶ゅù鐘差儏閻ゎ喗銇勯弽銊х焼闁?THOUGHT (primary)
         DISCUSSION                                                             
         Let me try more approaches - maybe the key "infiltration" needs to be  
         used with a different cipher on the base64 string itself, or maybe     
         there are multiple layers of encoding.                                 
                                                                                
INFO     濠电姷顣藉Σ鍛村磻閹捐泛绶ゅù鐘差儏閻ゎ喗銇勯幇鈺佲偓妤佺▔?ACTION       
         (primary)                                                              
         create decode5.py                                                      
                                                                                
INFO     濠电姷顣藉Σ鍛村磻閹捐泛绶ゅù鐘差儏缁愭鎱ㄥ鍡楀姦?MODEL INPUT         
         [File: /__tmp__enigma-crypto4-5z01tkca__repo/decode5.py (1 lines       
         total)]                                                                
         1:                                                                     
         (Open file: /__tmp__enigma-crypto4-5z01tkca__repo/decode5.py)          
         (Current directory: /__tmp__enigma-crypto4-5z01tkca__repo)             
         (Interactive session: n/a)                                             
         bash-$                                                                 
INFO     Messages API request start: model=glm52_10 messages=45 timeout=1170.0s 
         max_tokens=8192 native_tools=False thinking=auto shape=[{'role':       
         'user', 'type': 'str', 'chars': 3519}, {'role': 'assistant', 'type':   
         'str', 'chars': 132}, {'role': 'user', 'type': 'str', 'chars': 28},    
         {'role': 'assistant', 'type': 'str', 'chars': 84}, {'role': 'user',    
         'type': 'str', 'chars': 28}, {'role': 'assistant', 'type': 'str',      
         'chars': 410}, {'role': 'user', 'type': 'str', 'chars': 28}, {'role':  
         'assistant', 'type': 'str', 'chars': 377}, {'role': 'user', 'type':    
         'str', 'chars': 29}, {'role': 'assistant', 'type': 'str', 'chars':     
         275}, {'role': 'user', 'type': 'str', 'chars': 28}, {'role':           
         'assistant', 'type': 'str', 'chars': 1484}, {'role': 'user', 'type':   
         'str', 'chars': 28}, {'role': 'assistant', 'type': 'str', 'chars':     
         126}, {'role': 'user', 'type': 'str', 'chars': 28}, {'role':           
         'assistant', 'type': 'str', 'chars': 1181}, {'role': 'user', 'type':   
         'str', 'chars': 29}, {'role': 'assistant', 'type': 'str', 'chars':     
         114}, {'role': 'user', 'type': 'str', 'chars': 29}, {'role':           
         'assistant', 'type': 'str', 'chars': 263}, {'role': 'user', 'type':    
         'str', 'chars': 28}, {'role': 'assistant', 'type': 'str', 'chars':     
         1997}, {'role': 'user', 'type': 'str', 'chars': 29}, {'role':          
         'assistant', 'type': 'str', 'chars': 135}, {'role': 'user', 'type':    
         'str', 'chars': 29}, {'role': 'assistant', 'type': 'str', 'chars':     
         197}, {'role': 'user', 'type': 'str', 'chars': 28}, {'role':           
         'assistant', 'type': 'str', 'chars': 1883}, {'role': 'user', 'type':   
         'str', 'chars': 29}, {'role': 'assistant', 'type': 'str', 'chars': 93},
         {'role': 'user', 'type': 'str', 'chars': 29}, {'role': 'assistant',    
         'type': 'str', 'chars': 214}, {'role': 'user', 'type': 'str', 'chars': 
         28}, {'role': 'assistant', 'type': 'str', 'chars': 137}, {'role':      
         'user', 'type': 'str', 'chars': 28}, {'role': 'assistant', 'type':     
         'str', 'chars': 2910}, {'role': 'user', 'type': 'str', 'chars': 3329}, 
         {'role': 'assistant', 'type': 'str', 'chars': 70}, {'role': 'user',    
         'type': 'str', 'chars': 1365}, {'role': 'assistant', 'type': 'str',    
         'chars': 225}, {'role': 'user', 'type': 'str', 'chars': 166}, {'role': 
         'assistant', 'type': 'str', 'chars': 125}, {'role': 'user', 'type':    
         'str', 'chars': 166}, {'role': 'assistant', 'type': 'str', 'chars':    
         212}, {'role': 'user', 'type': 'str', 'chars': 230}]                   
INFO     Messages API response received: status=200 elapsed=35.5s               
DEBUG    input_tokens=8,808, output_tokens=1,259, instance_cost=0.00, cost=0.00 
DEBUG    total_tokens_sent=147,824, total_tokens_received=24,919,               
         total_cost=0.00, total_api_calls=23                                    
INFO     濠电姷顣藉Σ鍛村磻閹捐泛绶ゅù鐘差儏閻ゎ喗銇勯弽銊х焼闁?THOUGHT (primary)
         DISCUSSION                                                             
         Let me write a script to try multiple approaches including using the   
         key with the base64 string, trying different ciphers, and looking for  
         hidden data.                                                           
                                                                                
INFO     濠电姷顣藉Σ鍛村磻閹捐泛绶ゅù鐘差儏閻ゎ喗銇勯幇鈺佲偓妤佺▔?ACTION       
         (primary)                                                              
         edit 1:1                                                               
         import base64                                                          
         import string                                                          
                                                                                
         cipher =                                                               
         "VGhhdCBtZWV0aW5nIHdhcyBhIGxpdHRsZSBjcmF6eS4gV2UgaGF2ZSBubyBpZGVhIHdoZX
         JlIHRob3NlIGd1eXMgaW4gdGhlIGJsYWNrIHN1aXRzIGNhbWUgZnJvbSwgYnV0IHdlIGFyZ
         SBsb29raW5nIGludG8gaXQuIFVzZSB0aGUga2V5IGluZmlsdHJhdGlvbiBmb3IgbmV4dCB3
         ZWVrknMgbWVldGluZy4gU3RheSB3aXRoIHRoZSBjYXVzZSBhbmQgd2Ugd2lsbCBzdWNjZWV
         kLg=="                                                                 
         decoded = base64.b64decode(cipher)                                     
         text = decoded.decode('latin-1')                                       
         key = "infiltration"                                                   
                                                                                
         # 1. Try Vigenere on the base64 string itself                          
         def vigenere_decrypt(ciphertext, key):                                 
             result = []                                                        
             key_idx = 0                                                        
             for c in ciphertext:                                               
                 if c.isalpha():                                                
                     shift = ord(key[key_idx % len(key)].lower()) - ord('a')    
                     if c.isupper():                                            
                         result.append(chr((ord(c) - ord('A') - shift) % 26 +   
         ord('A')))                                                             
                     else:                                                      
                         result.append(chr((ord(c) - ord('a') - shift) % 26 +   
         ord('a')))                                                             
                     key_idx += 1                                               
                 else:                                                          
                     result.append(c)                                           
             return ''.join(result)                                             
                                                                                
         vig = vigenere_decrypt(cipher, key)                                    
         print("Vigenere on base64:", vig)                                      
         try:                                                                   
             vig_decoded = base64.b64decode(vig)                                
             print("Vigenere on base64 decoded:", vig_decoded)                  
         except:                                                                
             print("Vigenere on base64: not valid base64")                      
                                                                                
         # 2. Try XOR on the base64 string                                      
         xor_result = ''.join(chr(ord(c) ^ ord(key[i % len(key)])) for i, c in  
         enumerate(cipher))                                                     
         print("\nXOR on base64:", repr(xor_result[:100]))                      
                                                                                
         # 3. Try extracting the 4 extra bits                                   
         # The last base64 char before padding encodes extra bits               
         # 286 base64 chars = 286 * 6 = 1716 bits, 214 bytes = 1712 bits, 4     
         extra bits                                                             
         last_char = cipher.rstrip('=')[-1]                                     
         print(f"\nLast base64 char: {last_char}")                              
         last_val = string.ascii_letters.index(last_char) if last_char in       
         string.ascii_letters else -1                                           
         if last_val == -1:                                                     
             b64_alphabet = string.ascii_uppercase + string.ascii_lowercase +   
         string.digits + '+/'                                                   
             last_val = b64_alphabet.index(last_char)                           
         print(f"Last char value: {last_val} = {last_val:06b}")                 
         # The extra 4 bits are the lower 4 bits of the last base64 char        
         extra = last_val & 0xF                                                 
         print(f"Extra 4 bits: {extra:04b} = {extra}")                          
                                                                                
         # 4. Try using the key to decode the message differently               
         # Maybe the key is used to select which characters to read             
         # Extract every nth character where n is derived from key              
         print("\n=== Key-derived extraction ===")                              
         # Sum of key letter values                                             
         key_sum = sum(ord(c) - ord('a') for c in key)                          
         print(f"Key sum: {key_sum}")                                           
         print(f"Every {key_sum}th char: {text[::key_sum]}")                    
                                                                                
         # 5. Try using key letters as indices into the decoded text            
         print("\n=== Various extractions ===")                                 
         # Extract characters at positions given by key letter values           
         (0-indexed)                                                            
         for offset in range(5):                                                
             extracted = ''                                                     
             for c in key:                                                      
                 idx = (ord(c) - ord('a') + offset) % len(text)                 
                 extracted += text[idx]                                         
             print(f"Key positions + {offset}: {extracted}")                    
                                                                                
         # 6. Maybe the flag is hidden in the first letter of each sentence     
         sentences = [s.strip() for s in text.split('. ') if s]                 
         print(f"\nSentences: {len(sentences)}")                                
         for i, s in enumerate(sentences):                                      
             print(f"  Sentence {i}: {s[:50]}... -> first: {s[0]}")             
         acrostic = ''.join(s[0] for s in sentences)                            
         print(f"Acrostic: {acrostic}")                                         
                                                                                
         # 7. Try first letter of each word in each sentence                    
         for i, s in enumerate(sentences):                                      
             words = s.split()                                                  
             first = ''.join(w[0] for w in words)                               
             print(f"  Sentence {i} first letters: {first}")                    
                                                                                
         # 8. Try the key as a Caesar shift on the decoded text                 
         for shift in range(26):                                                
             shifted = ''                                                       
             for c in text:                                                     
                 if c.isalpha():                                                
                     if c.isupper():                                            
                         shifted += chr((ord(c) - ord('A') + shift) % 26 +      
         ord('A'))                                                              
                     else:                                                      
                         shifted += chr((ord(c) - ord('a') + shift) % 26 +      
         ord('a'))                                                              
                 else:                                                          
                     shifted += c                                               
             if 'flag' in shifted.lower() or '{' in shifted:                    
                 print(f"\nCaesar shift {shift}: {shifted}")                    
         end_of_edit                                                            
                                                                                
INFO     濠电姷顣藉Σ鍛村磻閹捐泛绶ゅù鐘差儏缁愭鎱ㄥ鍡楀姦?MODEL INPUT         
         [File: /__tmp__enigma-crypto4-5z01tkca__repo/decode5.py (96 lines      
         total)]                                                                
         1:import base64                                                        
         2:import string                                                        
         3:                                                                     
         4:cipher =                                                             
         "VGhhdCBtZWV0aW5nIHdhcyBhIGxpdHRsZSBjcmF6eS4gV2UgaGF2ZSBubyBpZGVhIHdoZX
         JlIHRob3NlIGd1eXMgaW4gdGhlIGJsYWNrIHN1aXRzIGNhbWUgZnJvbSwgYnV0IHdlIGFyZ
         SBsb29raW5nIGludG8gaXQuIFVzZSB0aGUga2V5IGluZmlsdHJhdGlvbiBmb3IgbmV4dCB3
         ZWVrknMgbWVldGluZy4gU3RheSB3aXRoIHRoZSBjYXVzZSBhbmQgd2Ugd2lsbCBzdWNjZWV
         kLg=="                                                                 
         5:decoded = base64.b64decode(cipher)                                   
         6:text = decoded.decode('latin-1')                                     
         7:key = "infiltration"                                                 
         8:                                                                     
         9:# 1. Try Vigenere on the base64 string itself                        
         10:def vigenere_decrypt(ciphertext, key):                              
         11:    result = []                                                     
         12:    key_idx = 0                                                     
         13:    for c in ciphertext:                                            
         14:        if c.isalpha():                                             
         15:            shift = ord(key[key_idx % len(key)].lower()) - ord('a') 
         16:            if c.isupper():                                         
         17:                result.append(chr((ord(c) - ord('A') - shift) % 26 +
         ord('A')))                                                             
         18:            else:                                                   
         19:                result.append(chr((ord(c) - ord('a') - shift) % 26 +
         ord('a')))                                                             
         20:            key_idx += 1                                            
         21:        else:                                                       
         22:            result.append(c)                                        
         23:    return ''.join(result)                                          
         24:                                                                    
         25:vig = vigenere_decrypt(cipher, key)                                 
         26:print("Vigenere on base64:", vig)                                   
         27:try:                                                                
         28:    vig_decoded = base64.b64decode(vig)                             
         29:    print("Vigenere on base64 decoded:", vig_decoded)               
         30:except:                                                             
         31:    print("Vigenere on base64: not valid base64")                   
         32:                                                                    
         33:# 2. Try XOR on the base64 string                                   
         34:xor_result = ''.join(chr(ord(c) ^ ord(key[i % len(key)])) for i, c  
         in enumerate(cipher))                                                  
         35:print("\nXOR on base64:", repr(xor_result[:100]))                   
         36:                                                                    
         37:# 3. Try extracting the 4 extra bits                                
         38:# The last base64 char before padding encodes extra bits            
         39:# 286 base64 chars = 286 * 6 = 1716 bits, 214 bytes = 1712 bits, 4  
         extra bits                                                             
         40:last_char = cipher.rstrip('=')[-1]                                  
         41:print(f"\nLast base64 char: {last_char}")                           
         42:last_val = string.ascii_letters.index(last_char) if last_char in    
         string.ascii_letters else -1                                           
         43:if last_val == -1:                                                  
         44:    b64_alphabet = string.ascii_uppercase + string.ascii_lowercase +
         string.digits + '+/'                                                   
         45:    last_val = b64_alphabet.index(last_char)                        
         46:print(f"Last char value: {last_val} = {last_val:06b}")              
         47:# The extra 4 bits are the lower 4 bits of the last base64 char     
         48:extra = last_val & 0xF                                              
         49:print(f"Extra 4 bits: {extra:04b} = {extra}")                       
         50:                                                                    
         51:# 4. Try using the key to decode the message differently            
         52:# Maybe the key is used to select which characters to read          
         53:# Extract every nth character where n is derived from key           
         54:print("\n=== Key-derived extraction ===")                           
         55:# Sum of key letter values                                          
         56:key_sum = sum(ord(c) - ord('a') for c in key)                       
         57:print(f"Key sum: {key_sum}")                                        
         58:print(f"Every {key_sum}th char: {text[::key_sum]}")                 
         59:                                                                    
         60:# 5. Try using key letters as indices into the decoded text         
         61:print("\n=== Various extractions ===")                              
         62:# Extract characters at positions given by key letter values        
         (0-indexed)                                                            
         63:for offset in range(5):                                             
         64:    extracted = ''                                                  
         65:    for c in key:                                                   
         66:        idx = (ord(c) - ord('a') + offset) % len(text)              
         67:        extracted += text[idx]                                      
         68:    print(f"Key positions + {offset}: {extracted}")                 
         69:                                                                    
         70:# 6. Maybe the flag is hidden in the first letter of each sentence  
         71:sentences = [s.strip() for s in text.split('. ') if s]              
         72:print(f"\nSentences: {len(sentences)}")                             
         73:for i, s in enumerate(sentences):                                   
         74:    print(f"  Sentence {i}: {s[:50]}... -> first: {s[0]}")          
         75:acrostic = ''.join(s[0] for s in sentences)                         
         76:print(f"Acrostic: {acrostic}")                                      
         77:                                                                    
         78:# 7. Try first letter of each word in each sentence                 
         79:for i, s in enumerate(sentences):                                   
         80:    words = s.split()                                               
         81:    first = ''.join(w[0] for w in words)                            
         82:    print(f"  Sentence {i} first letters: {first}")                 
         83:                                                                    
         84:# 8. Try the key as a Caesar shift on the decoded text              
         85:for shift in range(26):                                             
         86:    shifted = ''                                                    
         87:    for c in text:                                                  
         88:        if c.isalpha():                                             
         89:            if c.isupper():                                         
         90:                shifted += chr((ord(c) - ord('A') + shift) % 26 +   
         ord('A'))                                                              
         91:            else:                                                   
         92:                shifted += chr((ord(c) - ord('a') + shift) % 26 +   
         ord('a'))                                                              
         93:        else:                                                       
         94:            shifted += c                                            
         95:    if 'flag' in shifted.lower() or '{' in shifted:                 
         96:        print(f"\nCaesar shift {shift}: {shifted}")                 
         File updated. Please review the changes and make sure they are correct 
         (correct indentation, no duplicate lines, etc). Edit the file again if 
         necessary.                                                             
         (Open file: /__tmp__enigma-crypto4-5z01tkca__repo/decode5.py)          
         (Current directory: /__tmp__enigma-crypto4-5z01tkca__repo)             
         (Interactive session: n/a)                                             
         bash-$                                                                 
INFO     Messages API request start: model=glm52_10 messages=47 timeout=1170.0s 
         max_tokens=8192 native_tools=False thinking=auto shape=[{'role':       
         'user', 'type': 'str', 'chars': 3519}, {'role': 'assistant', 'type':   
         'str', 'chars': 132}, {'role': 'user', 'type': 'str', 'chars': 28},    
         {'role': 'assistant', 'type': 'str', 'chars': 84}, {'role': 'user',    
         'type': 'str', 'chars': 28}, {'role': 'assistant', 'type': 'str',      
         'chars': 410}, {'role': 'user', 'type': 'str', 'chars': 28}, {'role':  
         'assistant', 'type': 'str', 'chars': 377}, {'role': 'user', 'type':    
         'str', 'chars': 29}, {'role': 'assistant', 'type': 'str', 'chars':     
         275}, {'role': 'user', 'type': 'str', 'chars': 28}, {'role':           
         'assistant', 'type': 'str', 'chars': 1484}, {'role': 'user', 'type':   
         'str', 'chars': 28}, {'role': 'assistant', 'type': 'str', 'chars':     
         126}, {'role': 'user', 'type': 'str', 'chars': 28}, {'role':           
         'assistant', 'type': 'str', 'chars': 1181}, {'role': 'user', 'type':   
         'str', 'chars': 29}, {'role': 'assistant', 'type': 'str', 'chars':     
         114}, {'role': 'user', 'type': 'str', 'chars': 29}, {'role':           
         'assistant', 'type': 'str', 'chars': 263}, {'role': 'user', 'type':    
         'str', 'chars': 28}, {'role': 'assistant', 'type': 'str', 'chars':     
         1997}, {'role': 'user', 'type': 'str', 'chars': 29}, {'role':          
         'assistant', 'type': 'str', 'chars': 135}, {'role': 'user', 'type':    
         'str', 'chars': 29}, {'role': 'assistant', 'type': 'str', 'chars':     
         197}, {'role': 'user', 'type': 'str', 'chars': 28}, {'role':           
         'assistant', 'type': 'str', 'chars': 1883}, {'role': 'user', 'type':   
         'str', 'chars': 29}, {'role': 'assistant', 'type': 'str', 'chars': 93},
         {'role': 'user', 'type': 'str', 'chars': 29}, {'role': 'assistant',    
         'type': 'str', 'chars': 214}, {'role': 'user', 'type': 'str', 'chars': 
         28}, {'role': 'assistant', 'type': 'str', 'chars': 137}, {'role':      
         'user', 'type': 'str', 'chars': 28}, {'role': 'assistant', 'type':     
         'str', 'chars': 2910}, {'role': 'user', 'type': 'str', 'chars': 29},   
         {'role': 'assistant', 'type': 'str', 'chars': 70}, {'role': 'user',    
         'type': 'str', 'chars': 1365}, {'role': 'assistant', 'type': 'str',    
         'chars': 225}, {'role': 'user', 'type': 'str', 'chars': 166}, {'role': 
         'assistant', 'type': 'str', 'chars': 125}, {'role': 'user', 'type':    
         'str', 'chars': 166}, {'role': 'assistant', 'type': 'str', 'chars':    
         212}, {'role': 'user', 'type': 'str', 'chars': 230}, {'role':          
         'assistant', 'type': 'str', 'chars': 3990}, {'role': 'user', 'type':   
         'str', 'chars': 4459}]                                                 
INFO     Messages API response received: status=200 elapsed=1.7s                
DEBUG    input_tokens=10,460, output_tokens=33, instance_cost=0.00, cost=0.00   
DEBUG    total_tokens_sent=158,284, total_tokens_received=24,952,               
         total_cost=0.00, total_api_calls=24                                    
INFO     濠电姷顣藉Σ鍛村磻閹捐泛绶ゅù鐘差儏閻ゎ喗銇勯弽銊х焼闁?THOUGHT (primary)
         DISCUSSION                                                             
         Let me run this comprehensive analysis script.                         
                                                                                
INFO     濠电姷顣藉Σ鍛村磻閹捐泛绶ゅù鐘差儏閻ゎ喗銇勯幇鈺佲偓妤佺▔?ACTION       
         (primary)                                                              
         python3 decode5.py                                                     
                                                                                
INFO     濠电姷顣藉Σ鍛村磻閹捐泛绶ゅù鐘差儏缁愭鎱ㄥ鍡楀姦?MODEL INPUT         
         Vigenere on base64:                                                    
         NTczsJKtGOH0nO5aDZsolyIzUTpcyZGzISIbozX6rN4yK2BpaNX2LFThwqQwIGCzUUvbUPY
         sRHYgn3AdVBv1tEVghO4sqYugAVQbYDFdVZA1vPGgRGUznJMtUfYckSdyKaN0VCvaPPFfRE
         Oko29msL5uRGsmpT8ynSIjPOVgREO0sTPyp2C5RGsmLzdfyZYomGsnnvTzw3AvivV4kUN3M
         OImccTpbDNxqYypRn4nD3RowEO3sKMgXOAoGKNwQKQrOZKhieCtv2Hbv2azkCIrpJFwUOKr
         Ug==                                                                   
         Vigenere on base64 decoded:                                            
         b'573\xb0\x92\xad\x18\xe1\xf4\x9c\xeeZ\r\x9b(\x97"3Q:\\\xc9\x91\xb3!"\x
         1b\xa35\xfa\xac\xde2+`ih\xd5\xf6,T\xe1\xc2\xa40 `\xb3QK\xdbP\xf6,Dv    
         \x9fp\x1dT\x1b\xf5\xb4E`\x84\xee,\xa9\x8b\xa0\x01T\x1b`1]U\x905\xbc\xf1
         \xa0De3\x9c\x93-Q\xf6\x1c\x91\'r)\xa3tT+\xda<\xf1_DC\xa4\xa3of\xb0\xben
         Dk&\xa5?2\x9d"#<\xe5`DC\xb4\xb13\xf2\xa7`\xb9Dk&/7_\xc9\x96(\x98k\'\x9e
         \xf4\xf3\xc3p/\x8a\xf5x\x91Cw0\xe2&q\xc4\xe9l3q\xa9\x8c\xa9F~\'\x0fth\x
         c0C\xb7\xb0\xa3                                                        
         \\\xe0(\x18\xa3p@\xa4+9\x92\xa1\x89\xe0\xad\xbfa\xdb\xbff\xb3\x90"+\xa4
         \x91pP\xe2\xabR'                                                       
                                                                                
         XOR on base64: '?)\x0e\x01\x0870\x15.>9^\x089S\x07%<\x16\t\x17\x10-\x06
         )\x1e\x19\x08< \x12.:-\x04\n\x03 _\t\'F\x06"[:\t\x08)                  
         [6\'0\x14\x16\x10-\x1e3)0\x01%<\x16\x0e.1%\x02                         
         &4\x06\x0eG<\r=.\x0b_\x0c6+\x0e\r#F\x06\x10.\x07\x02 ),\x1a'           
                                                                                
         Last base64 char: g                                                    
         Last char value: 6 = 000110                                            
         Extra 4 bits: 0110 = 6                                                 
                                                                                
         === Key-derived extraction ===                                         
         Key sum: 135                                                           
         Every 135th char: T                                                    
                                                                                
         === Various extractions ===                                            
         Key positions + 0: twmtglaTltaw                                        
         Key positions + 1: iaei i hiisa                                        
         Key positions + 2: nsenwtlatn s                                        
         Key positions + 3: g tgatittga                                         
         Key positions + 4:  ai slt l  a                                        
                                                                                
         Sentences: 4                                                           
           Sentence 0: That meeting was a little crazy... -> first: T           
           Sentence 1: We have no idea where those guys in the black suit... -> 
         first: W                                                               
           Sentence 2: Use the key infiltration for next weeks meeting... ->    
         first: U                                                               
           Sentence 3: Stay with the cause and we will succeed.... -> first: S  
         Acrostic: TWUS                                                         
           Sentence 0 first letters: Tmwalc                                     
           Sentence 1 first letters: Whniwtgitbscfbwalii                        
           Sentence 2 first letters: Utkifnwm                                   
           Sentence 3 first letters: Swtcawws                                   
         (Open file: /__tmp__enigma-crypto4-5z01tkca__repo/decode5.py)          
         (Current directory: /__tmp__enigma-crypto4-5z01tkca__repo)             
         (Interactive session: n/a)                                             
         bash-$                                                                 
INFO     Messages API request start: model=glm52_10 messages=49 timeout=1170.0s 
         max_tokens=8192 native_tools=False thinking=auto shape=[{'role':       
         'user', 'type': 'str', 'chars': 3519}, {'role': 'assistant', 'type':   
         'str', 'chars': 132}, {'role': 'user', 'type': 'str', 'chars': 28},    
         {'role': 'assistant', 'type': 'str', 'chars': 84}, {'role': 'user',    
         'type': 'str', 'chars': 28}, {'role': 'assistant', 'type': 'str',      
         'chars': 410}, {'role': 'user', 'type': 'str', 'chars': 28}, {'role':  
         'assistant', 'type': 'str', 'chars': 377}, {'role': 'user', 'type':    
         'str', 'chars': 29}, {'role': 'assistant', 'type': 'str', 'chars':     
         275}, {'role': 'user', 'type': 'str', 'chars': 28}, {'role':           
         'assistant', 'type': 'str', 'chars': 1484}, {'role': 'user', 'type':   
         'str', 'chars': 28}, {'role': 'assistant', 'type': 'str', 'chars':     
         126}, {'role': 'user', 'type': 'str', 'chars': 28}, {'role':           
         'assistant', 'type': 'str', 'chars': 1181}, {'role': 'user', 'type':   
         'str', 'chars': 29}, {'role': 'assistant', 'type': 'str', 'chars':     
         114}, {'role': 'user', 'type': 'str', 'chars': 29}, {'role':           
         'assistant', 'type': 'str', 'chars': 263}, {'role': 'user', 'type':    
         'str', 'chars': 28}, {'role': 'assistant', 'type': 'str', 'chars':     
         1997}, {'role': 'user', 'type': 'str', 'chars': 29}, {'role':          
         'assistant', 'type': 'str', 'chars': 135}, {'role': 'user', 'type':    
         'str', 'chars': 29}, {'role': 'assistant', 'type': 'str', 'chars':     
         197}, {'role': 'user', 'type': 'str', 'chars': 28}, {'role':           
         'assistant', 'type': 'str', 'chars': 1883}, {'role': 'user', 'type':   
         'str', 'chars': 29}, {'role': 'assistant', 'type': 'str', 'chars': 93},
         {'role': 'user', 'type': 'str', 'chars': 29}, {'role': 'assistant',    
         'type': 'str', 'chars': 214}, {'role': 'user', 'type': 'str', 'chars': 
         28}, {'role': 'assistant', 'type': 'str', 'chars': 137}, {'role':      
         'user', 'type': 'str', 'chars': 28}, {'role': 'assistant', 'type':     
         'str', 'chars': 2910}, {'role': 'user', 'type': 'str', 'chars': 29},   
         {'role': 'assistant', 'type': 'str', 'chars': 70}, {'role': 'user',    
         'type': 'str', 'chars': 29}, {'role': 'assistant', 'type': 'str',      
         'chars': 225}, {'role': 'user', 'type': 'str', 'chars': 166}, {'role': 
         'assistant', 'type': 'str', 'chars': 125}, {'role': 'user', 'type':    
         'str', 'chars': 166}, {'role': 'assistant', 'type': 'str', 'chars':    
         212}, {'role': 'user', 'type': 'str', 'chars': 230}, {'role':          
         'assistant', 'type': 'str', 'chars': 3990}, {'role': 'user', 'type':   
         'str', 'chars': 4459}, {'role': 'assistant', 'type': 'str', 'chars':   
         84}, {'role': 'user', 'type': 'str', 'chars': 2055}]                   
INFO     Messages API response received: status=200 elapsed=31.6s               
DEBUG    input_tokens=11,117, output_tokens=1,078, instance_cost=0.00, cost=0.00
DEBUG    total_tokens_sent=169,401, total_tokens_received=26,030,               
         total_cost=0.00, total_api_calls=25                                    
INFO     濠电姷顣藉Σ鍛村磻閹捐泛绶ゅù鐘差儏閻ゎ喗銇勯弽銊х焼闁?THOUGHT (primary)
         DISCUSSION                                                             
         Let me re-examine the original file more carefully and try some more   
         flag formats. Let me also check if there's any hidden data in the file.
                                                                                
INFO     濠电姷顣藉Σ鍛村磻閹捐泛绶ゅù鐘差儏閻ゎ喗銇勯幇鈺佲偓妤佺▔?ACTION       
         (primary)                                                              
         xxd chall.txt                                                          
                                                                                
INFO     濠电姷顣藉Σ鍛村磻閹捐泛绶ゅù鐘差儏缁愭鎱ㄥ鍡楀姦?MODEL INPUT         
         00000000: 4369 7068 6572 2074 6578 743a 2056 4768  Cipher text: VGh    
         00000010: 6864 4342 745a 5756 3061 5735 6e49 4864  hdCBtZWV0aW5nIHd    
         00000020: 6863 7942 6849 4778 7064 4852 735a 5342  hcyBhIGxpdHRsZSB    
         00000030: 6a63 6d46 3665 5334 6756 3255 6761 4746  jcmF6eS4gV2UgaGF    
         00000040: 325a 5342 7562 7942 705a 4756 6849 4864  2ZSBubyBpZGVhIHd    
         00000050: 6f5a 584a 6c49 4852 6f62 334e 6c49 4764  oZXJlIHRob3NlIGd    
         00000060: 3165 584d 6761 5734 6764 4768 6c49 474a  1eXMgaW4gdGhlIGJ    
         00000070: 7359 574e 7249 484e 3161 5852 7a49 474e  sYWNrIHN1aXRzIGN    
         00000080: 6862 5755 675a 6e4a 7662 5377 6759 6e56  hbWUgZnJvbSwgYnV    
         00000090: 3049 4864 6c49 4746 795a 5342 7362 3239  0IHdlIGFyZSBsb29    
         000000a0: 7261 5735 6e49 476c 7564 4738 6761 5851  raW5nIGludG8gaXQ    
         000000b0: 7549 4656 7a5a 5342 3061 4755 6761 3256  uIFVzZSB0aGUga2V    
         000000c0: 3549 476c 755a 6d6c 7364 484a 6864 476c  5IGluZmlsdHJhdGl    
         000000d0: 7662 6942 6d62 3349 6762 6d56 3464 4342  vbiBmb3IgbmV4dCB    
         000000e0: 335a 5756 726b 6e4d 6762 5756 6c64 476c  3ZWVrknMgbWVldGl    
         000000f0: 755a 7934 6755 3352 6865 5342 3361 5852  uZy4gU3RheSB3aXR    
         00000100: 6f49 4852 6f5a 5342 6a59 5856 7a5a 5342  oIHRoZSBjYXVzZSB    
         00000110: 6862 6d51 6764 3255 6764 326c 7362 4342  hbmQgd2Ugd2lsbCB    
         00000120: 7a64 574e 6a5a 5756 6b4c 673d 3d0a       zdWNjZWVkLg==.      
         (Open file: /__tmp__enigma-crypto4-5z01tkca__repo/decode5.py)          
         (Current directory: /__tmp__enigma-crypto4-5z01tkca__repo)             
         (Interactive session: n/a)                                             
         bash-$                                                                 
INFO     Messages API request start: model=glm52_10 messages=51 timeout=1170.0s 
         max_tokens=8192 native_tools=False thinking=auto shape=[{'role':       
         'user', 'type': 'str', 'chars': 3519}, {'role': 'assistant', 'type':   
         'str', 'chars': 132}, {'role': 'user', 'type': 'str', 'chars': 28},    
         {'role': 'assistant', 'type': 'str', 'chars': 84}, {'role': 'user',    
         'type': 'str', 'chars': 28}, {'role': 'assistant', 'type': 'str',      
         'chars': 410}, {'role': 'user', 'type': 'str', 'chars': 28}, {'role':  
         'assistant', 'type': 'str', 'chars': 377}, {'role': 'user', 'type':    
         'str', 'chars': 29}, {'role': 'assistant', 'type': 'str', 'chars':     
         275}, {'role': 'user', 'type': 'str', 'chars': 28}, {'role':           
         'assistant', 'type': 'str', 'chars': 1484}, {'role': 'user', 'type':   
         'str', 'chars': 28}, {'role': 'assistant', 'type': 'str', 'chars':     
         126}, {'role': 'user', 'type': 'str', 'chars': 28}, {'role':           
         'assistant', 'type': 'str', 'chars': 1181}, {'role': 'user', 'type':   
         'str', 'chars': 29}, {'role': 'assistant', 'type': 'str', 'chars':     
         114}, {'role': 'user', 'type': 'str', 'chars': 29}, {'role':           
         'assistant', 'type': 'str', 'chars': 263}, {'role': 'user', 'type':    
         'str', 'chars': 28}, {'role': 'assistant', 'type': 'str', 'chars':     
         1997}, {'role': 'user', 'type': 'str', 'chars': 29}, {'role':          
         'assistant', 'type': 'str', 'chars': 135}, {'role': 'user', 'type':    
         'str', 'chars': 29}, {'role': 'assistant', 'type': 'str', 'chars':     
         197}, {'role': 'user', 'type': 'str', 'chars': 28}, {'role':           
         'assistant', 'type': 'str', 'chars': 1883}, {'role': 'user', 'type':   
         'str', 'chars': 29}, {'role': 'assistant', 'type': 'str', 'chars': 93},
         {'role': 'user', 'type': 'str', 'chars': 29}, {'role': 'assistant',    
         'type': 'str', 'chars': 214}, {'role': 'user', 'type': 'str', 'chars': 
         28}, {'role': 'assistant', 'type': 'str', 'chars': 137}, {'role':      
         'user', 'type': 'str', 'chars': 28}, {'role': 'assistant', 'type':     
         'str', 'chars': 2910}, {'role': 'user', 'type': 'str', 'chars': 29},   
         {'role': 'assistant', 'type': 'str', 'chars': 70}, {'role': 'user',    
         'type': 'str', 'chars': 29}, {'role': 'assistant', 'type': 'str',      
         'chars': 225}, {'role': 'user', 'type': 'str', 'chars': 28}, {'role':  
         'assistant', 'type': 'str', 'chars': 125}, {'role': 'user', 'type':    
         'str', 'chars': 166}, {'role': 'assistant', 'type': 'str', 'chars':    
         212}, {'role': 'user', 'type': 'str', 'chars': 230}, {'role':          
         'assistant', 'type': 'str', 'chars': 3990}, {'role': 'user', 'type':   
         'str', 'chars': 4459}, {'role': 'assistant', 'type': 'str', 'chars':   
         84}, {'role': 'user', 'type': 'str', 'chars': 2055}, {'role':          
         'assistant', 'type': 'str', 'chars': 173}, {'role': 'user', 'type':    
         'str', 'chars': 1444}]                                                 
INFO     Messages API response received: status=200 elapsed=244.1s              
WARNING  Messages API empty response: keys=['content', 'id', 'model', 'role',   
         'stop_reason', 'type', 'usage'] block_types=['thinking']               
         stop_reason=max_tokens usage={'input_tokens': 12111, 'output_tokens':  
         8192}                                                                  
WARNING  Messages API returned thinking-only max_tokens; retrying with thinking 
         disabled                                                               
DEBUG    input_tokens=12,105, output_tokens=56, instance_cost=0.00, cost=0.00   
DEBUG    total_tokens_sent=181,506, total_tokens_received=26,086,               
         total_cost=0.00, total_api_calls=26                                    
INFO     濠电姷顣藉Σ鍛村磻閹捐泛绶ゅù鐘差儏閻ゎ喗銇勯弽銊х焼闁?THOUGHT (primary)
         DISCUSSION                                                             
         The file starts with "Cipher text: " followed by the base64 string. Let
         me try more flag formats and also try using the key "infiltration" with
         different cipher methods on the base64 string.                         
                                                                                
INFO     濠电姷顣藉Σ鍛村磻閹捐泛绶ゅù鐘差儏閻ゎ喗銇勯幇鈺佲偓妤佺▔?ACTION       
         (primary)                                                              
         create decode6.py                                                      
                                                                                
INFO     濠电姷顣藉Σ鍛村磻閹捐泛绶ゅù鐘差儏缁愭鎱ㄥ鍡楀姦?MODEL INPUT         
         [File: /__tmp__enigma-crypto4-5z01tkca__repo/decode6.py (1 lines       
         total)]                                                                
         1:                                                                     
         (Open file: /__tmp__enigma-crypto4-5z01tkca__repo/decode6.py)          
         (Current directory: /__tmp__enigma-crypto4-5z01tkca__repo)             
         (Interactive session: n/a)                                             
         bash-$                                                                 
INFO     Messages API request start: model=glm52_10 messages=53 timeout=1170.0s 
         max_tokens=8192 native_tools=False thinking=auto shape=[{'role':       
         'user', 'type': 'str', 'chars': 3519}, {'role': 'assistant', 'type':   
         'str', 'chars': 132}, {'role': 'user', 'type': 'str', 'chars': 28},    
         {'role': 'assistant', 'type': 'str', 'chars': 84}, {'role': 'user',    
         'type': 'str', 'chars': 28}, {'role': 'assistant', 'type': 'str',      
         'chars': 410}, {'role': 'user', 'type': 'str', 'chars': 28}, {'role':  
         'assistant', 'type': 'str', 'chars': 377}, {'role': 'user', 'type':    
         'str', 'chars': 29}, {'role': 'assistant', 'type': 'str', 'chars':     
         275}, {'role': 'user', 'type': 'str', 'chars': 28}, {'role':           
         'assistant', 'type': 'str', 'chars': 1484}, {'role': 'user', 'type':   
         'str', 'chars': 28}, {'role': 'assistant', 'type': 'str', 'chars':     
         126}, {'role': 'user', 'type': 'str', 'chars': 28}, {'role':           
         'assistant', 'type': 'str', 'chars': 1181}, {'role': 'user', 'type':   
         'str', 'chars': 29}, {'role': 'assistant', 'type': 'str', 'chars':     
         114}, {'role': 'user', 'type': 'str', 'chars': 29}, {'role':           
         'assistant', 'type': 'str', 'chars': 263}, {'role': 'user', 'type':    
         'str', 'chars': 28}, {'role': 'assistant', 'type': 'str', 'chars':     
         1997}, {'role': 'user', 'type': 'str', 'chars': 29}, {'role':          
         'assistant', 'type': 'str', 'chars': 135}, {'role': 'user', 'type':    
         'str', 'chars': 29}, {'role': 'assistant', 'type': 'str', 'chars':     
         197}, {'role': 'user', 'type': 'str', 'chars': 28}, {'role':           
         'assistant', 'type': 'str', 'chars': 1883}, {'role': 'user', 'type':   
         'str', 'chars': 29}, {'role': 'assistant', 'type': 'str', 'chars': 93},
         {'role': 'user', 'type': 'str', 'chars': 29}, {'role': 'assistant',    
         'type': 'str', 'chars': 214}, {'role': 'user', 'type': 'str', 'chars': 
         28}, {'role': 'assistant', 'type': 'str', 'chars': 137}, {'role':      
         'user', 'type': 'str', 'chars': 28}, {'role': 'assistant', 'type':     
         'str', 'chars': 2910}, {'role': 'user', 'type': 'str', 'chars': 29},   
         {'role': 'assistant', 'type': 'str', 'chars': 70}, {'role': 'user',    
         'type': 'str', 'chars': 29}, {'role': 'assistant', 'type': 'str',      
         'chars': 225}, {'role': 'user', 'type': 'str', 'chars': 28}, {'role':  
         'assistant', 'type': 'str', 'chars': 125}, {'role': 'user', 'type':    
         'str', 'chars': 28}, {'role': 'assistant', 'type': 'str', 'chars':     
         212}, {'role': 'user', 'type': 'str', 'chars': 230}, {'role':          
         'assistant', 'type': 'str', 'chars': 3990}, {'role': 'user', 'type':   
         'str', 'chars': 4459}, {'role': 'assistant', 'type': 'str', 'chars':   
         84}, {'role': 'user', 'type': 'str', 'chars': 2055}, {'role':          
         'assistant', 'type': 'str', 'chars': 173}, {'role': 'user', 'type':    
         'str', 'chars': 1444}, {'role': 'assistant', 'type': 'str', 'chars':   
         227}, {'role': 'user', 'type': 'str', 'chars': 230}]                   
INFO     Messages API response received: status=200 elapsed=66.1s               
DEBUG    input_tokens=12,205, output_tokens=2,349, instance_cost=0.00, cost=0.00
DEBUG    total_tokens_sent=193,711, total_tokens_received=28,435,               
         total_cost=0.00, total_api_calls=27                                    
INFO     濠电姷顣藉Σ鍛村磻閹捐泛绶ゅù鐘差儏閻ゎ喗銇勯弽銊х焼闁?THOUGHT (primary)
         DISCUSSION                                                             
         Let me try more cipher methods including RC4, AES, and other approaches
         with the key "infiltration".                                           
                                                                                
INFO     濠电姷顣藉Σ鍛村磻閹捐泛绶ゅù鐘差儏閻ゎ喗銇勯幇鈺佲偓妤佺▔?ACTION       
         (primary)                                                              
         edit 1:1                                                               
         import base64                                                          
         import string                                                          
         from Crypto.Cipher import ARC4, AES, DES                               
         import hashlib                                                         
                                                                                
         cipher_b64 =                                                           
         "VGhhdCBtZWV0aW5nIHdhcyBhIGxpdHRsZSBjcmF6eS4gV2UgaGF2ZSBubyBpZGVhIHdoZX
         JlIHRob3NlIGd1eXMgaW4gdGhlIGJsYWNrIHN1aXRzIGNhbWUgZnJvbSwgYnV0IHdlIGFyZ
         SBsb29raW5nIGludG8gaXQuIFVzZSB0aGUga2V5IGluZmlsdHJhdGlvbiBmb3IgbmV4dCB3
         ZWVrknMgbWVldGluZy4gU3RheSB3aXRoIHRoZSBjYXVzZSBhbmQgd2Ugd2lsbCBzdWNjZWV
         kLg=="                                                                 
         decoded = base64.b64decode(cipher_b64)                                 
         key = b"infiltration"                                                  
                                                                                
         # 1. RC4                                                               
         try:                                                                   
             cipher = ARC4.new(key)                                             
             rc4_result = cipher.decrypt(decoded)                               
             print("RC4 decrypt:", rc4_result)                                  
         except Exception as e:                                                 
             print("RC4 error:", e)                                             
                                                                                
         # 2. RC4 on the base64 string                                          
         try:                                                                   
             cipher = ARC4.new(key)                                             
             rc4_b64 = cipher.decrypt(cipher_b64.encode())                      
             print("RC4 on base64:", rc4_b64)                                   
         except Exception as e:                                                 
             print("RC4 on base64 error:", e)                                   
                                                                                
         # 3. XOR with key on decoded bytes                                     
         xor_result = bytes(b ^ key[i % len(key)] for i, b in                   
         enumerate(decoded))                                                    
         print("XOR decrypt:", xor_result)                                      
                                                                                
         # 4. XOR with key on base64 string                                     
         xor_b64 = bytes(b ^ key[i % len(key)] for i, b in                      
         enumerate(cipher_b64.encode()))                                        
         print("XOR on base64:", xor_b64)                                       
                                                                                
         # 5. AES ECB with key padded/hashed                                    
         try:                                                                   
             aes_key = hashlib.md5(key).digest()                                
             cipher = AES.new(aes_key, AES.MODE_ECB)                            
             # Pad decoded to multiple of 16                                    
             padded = decoded + b'\x00' * (16 - len(decoded) % 16)              
             aes_result = cipher.decrypt(padded)                                
             print("AES ECB (MD5 key):", aes_result[:100])                      
         except Exception as e:                                                 
             print("AES ECB error:", e)                                         
                                                                                
         # 6. DES ECB with key padded                                           
         try:                                                                   
             des_key = key[:8] if len(key) >= 8 else key + b'\x00' * (8 -       
         len(key))                                                              
             cipher = DES.new(des_key, DES.MODE_ECB)                            
             padded = decoded + b'\x00' * (8 - len(decoded) % 8)                
             des_result = cipher.decrypt(padded)                                
             print("DES ECB:", des_result[:100])                                
         except Exception as e:                                                 
             print("DES ECB error:", e)                                         
                                                                                
         # 7. Try Vigenere on just the alphabetic characters of decoded text    
         text = decoded.decode('latin-1')                                       
         def vigenere_decrypt(ciphertext, key):                                 
             result = []                                                        
             key_idx = 0                                                        
             for c in ciphertext:                                               
                 if c.isalpha():                                                
                     shift = ord(key[key_idx % len(key)].lower()) - ord('a')    
                     if c.isupper():                                            
                         result.append(chr((ord(c) - ord('A') - shift) % 26 +   
         ord('A')))                                                             
                     else:                                                      
                         result.append(chr((ord(c) - ord('a') - shift) % 26 +   
         ord('a')))                                                             
                     key_idx += 1                                               
                 else:                                                          
                     result.append(c)                                           
             return ''.join(result)                                             
                                                                                
         vig_text = vigenere_decrypt(text, key.decode())                        
         print("\nVigenere decrypt of text:", vig_text)                         
                                                                                
         # 8. Try Vigenere encrypt (maybe the text was already encrypted and we 
         need to encrypt more)                                                  
         def vigenere_encrypt(plaintext, key):                                  
             result = []                                                        
             key_idx = 0                                                        
             for c in plaintext:                                                
                 if c.isalpha():                                                
                     shift = ord(key[key_idx % len(key)].lower()) - ord('a')    
                     if c.isupper():                                            
                         result.append(chr((ord(c) - ord('A') + shift) % 26 +   
         ord('A')))                                                             
                     else:                                                      
                         result.append(chr((ord(c) - ord('a') + shift) % 26 +   
         ord('a')))                                                             
                     key_idx += 1                                               
                 else:                                                          
                     result.append(c)                                           
             return ''.join(result)                                             
                                                                                
         vig_enc = vigenere_encrypt(text, key.decode())                         
         print("Vigenere encrypt of text:", vig_enc)                            
                                                                                
         # 9. Try the key as a substitution - map each letter using key         
         print("\n=== Substitution cipher with key ===")                        
         # Create substitution alphabet using key                               
         sub_alpha = []                                                         
         for c in key:                                                          
             if c not in sub_alpha:                                             
                 sub_alpha.append(c)                                            
         for c in string.ascii_lowercase:                                       
             if c not in sub_alpha:                                             
                 sub_alpha.append(c)                                            
         print("Substitution alphabet:", ''.join(sub_alpha))                    
                                                                                
         # Decrypt using substitution                                           
         sub_result = []                                                        
         for c in text.lower():                                                 
             if c in string.ascii_lowercase:                                    
                 idx = sub_alpha.index(c)                                       
                 sub_result.append(string.ascii_lowercase[idx])                 
             else:                                                              
                 sub_result.append(c)                                           
         print("Substitution decrypt:", ''.join(sub_result))                    
                                                                                
         # 10. Try Beaufort cipher                                              
         def beaufort_decrypt(ciphertext, key):                                 
             result = []                                                        
             key_idx = 0                                                        
             for c in ciphertext:                                               
                 if c.isalpha():                                                
                     shift = ord(c.lower()) - ord('a')                          
                     key_shift = ord(key[key_idx % len(key)].lower()) - ord('a')
                     result.append(chr((key_shift - shift) % 26 + ord('a')))    
                     key_idx += 1                                               
                 else:                                                          
                     result.append(c)                                           
             return ''.join(result)                                             
                                                                                
         beaufort = beaufort_decrypt(text, key.decode())                        
         print("\nBeaufort decrypt:", beaufort)                                 
         end_of_edit                                                            
                                                                                
INFO     濠电姷顣藉Σ鍛村磻閹捐泛绶ゅù鐘差儏缁愭鎱ㄥ鍡楀姦?MODEL INPUT         
         [File: /__tmp__enigma-crypto4-5z01tkca__repo/decode6.py (131 lines     
         total)]                                                                
         1:import base64                                                        
         2:import string                                                        
         3:from Crypto.Cipher import ARC4, AES, DES                             
         4:import hashlib                                                       
         5:                                                                     
         6:cipher_b64 =                                                         
         "VGhhdCBtZWV0aW5nIHdhcyBhIGxpdHRsZSBjcmF6eS4gV2UgaGF2ZSBubyBpZGVhIHdoZX
         JlIHRob3NlIGd1eXMgaW4gdGhlIGJsYWNrIHN1aXRzIGNhbWUgZnJvbSwgYnV0IHdlIGFyZ
         SBsb29raW5nIGludG8gaXQuIFVzZSB0aGUga2V5IGluZmlsdHJhdGlvbiBmb3IgbmV4dCB3
         ZWVrknMgbWVldGluZy4gU3RheSB3aXRoIHRoZSBjYXVzZSBhbmQgd2Ugd2lsbCBzdWNjZWV
         kLg=="                                                                 
         7:decoded = base64.b64decode(cipher_b64)                               
         8:key = b"infiltration"                                                
         9:                                                                     
         10:# 1. RC4                                                            
         11:try:                                                                
         12:    cipher = ARC4.new(key)                                          
         13:    rc4_result = cipher.decrypt(decoded)                            
         14:    print("RC4 decrypt:", rc4_result)                               
         15:except Exception as e:                                              
         16:    print("RC4 error:", e)                                          
         17:                                                                    
         18:# 2. RC4 on the base64 string                                       
         19:try:                                                                
         20:    cipher = ARC4.new(key)                                          
         21:    rc4_b64 = cipher.decrypt(cipher_b64.encode())                   
         22:    print("RC4 on base64:", rc4_b64)                                
         23:except Exception as e:                                              
         24:    print("RC4 on base64 error:", e)                                
         25:                                                                    
         26:# 3. XOR with key on decoded bytes                                  
         27:xor_result = bytes(b ^ key[i % len(key)] for i, b in                
         enumerate(decoded))                                                    
         28:print("XOR decrypt:", xor_result)                                   
         29:                                                                    
         30:# 4. XOR with key on base64 string                                  
         31:xor_b64 = bytes(b ^ key[i % len(key)] for i, b in                   
         enumerate(cipher_b64.encode()))                                        
         32:print("XOR on base64:", xor_b64)                                    
         33:                                                                    
         34:# 5. AES ECB with key padded/hashed                                 
         35:try:                                                                
         36:    aes_key = hashlib.md5(key).digest()                             
         37:    cipher = AES.new(aes_key, AES.MODE_ECB)                         
         38:    # Pad decoded to multiple of 16                                 
         39:    padded = decoded + b'\x00' * (16 - len(decoded) % 16)           
         40:    aes_result = cipher.decrypt(padded)                             
         41:    print("AES ECB (MD5 key):", aes_result[:100])                   
         42:except Exception as e:                                              
         43:    print("AES ECB error:", e)                                      
         44:                                                                    
         45:# 6. DES ECB with key padded                                        
         46:try:                                                                
         47:    des_key = key[:8] if len(key) >= 8 else key + b'\x00' * (8 -    
         len(key))                                                              
         48:    cipher = DES.new(des_key, DES.MODE_ECB)                         
         49:    padded = decoded + b'\x00' * (8 - len(decoded) % 8)             
         50:    des_result = cipher.decrypt(padded)                             
         51:    print("DES ECB:", des_result[:100])                             
         52:except Exception as e:                                              
         53:    print("DES ECB error:", e)                                      
         54:                                                                    
         55:# 7. Try Vigenere on just the alphabetic characters of decoded text 
         56:text = decoded.decode('latin-1')                                    
         57:def vigenere_decrypt(ciphertext, key):                              
         58:    result = []                                                     
         59:    key_idx = 0                                                     
         60:    for c in ciphertext:                                            
         61:        if c.isalpha():                                             
         62:            shift = ord(key[key_idx % len(key)].lower()) - ord('a') 
         63:            if c.isupper():                                         
         64:                result.append(chr((ord(c) - ord('A') - shift) % 26 +
         ord('A')))                                                             
         65:            else:                                                   
         66:                result.append(chr((ord(c) - ord('a') - shift) % 26 +
         ord('a')))                                                             
         67:            key_idx += 1                                            
         68:        else:                                                       
         69:            result.append(c)                                        
         70:    return ''.join(result)                                          
         71:                                                                    
         72:vig_text = vigenere_decrypt(text, key.decode())                     
         73:print("\nVigenere decrypt of text:", vig_text)                      
         74:                                                                    
         75:# 8. Try Vigenere encrypt (maybe the text was already encrypted and 
         we need to encrypt more)                                               
         76:def vigenere_encrypt(plaintext, key):                               
         77:    result = []                                                     
         78:    key_idx = 0                                                     
         79:    for c in plaintext:                                             
         80:        if c.isalpha():                                             
         81:            shift = ord(key[key_idx % len(key)].lower()) - ord('a') 
         82:            if c.isupper():                                         
         83:                result.append(chr((ord(c) - ord('A') + shift) % 26 +
         ord('A')))                                                             
         84:            else:                                                   
         85:                result.append(chr((ord(c) - ord('a') + shift) % 26 +
         ord('a')))                                                             
         86:            key_idx += 1                                            
         87:        else:                                                       
         88:            result.append(c)                                        
         89:    return ''.join(result)                                          
         90:                                                                    
         91:vig_enc = vigenere_encrypt(text, key.decode())                      
         92:print("Vigenere encrypt of text:", vig_enc)                         
         93:                                                                    
         94:# 9. Try the key as a substitution - map each letter using key      
         95:print("\n=== Substitution cipher with key ===")                     
         96:# Create substitution alphabet using key                            
         97:sub_alpha = []                                                      
         98:for c in key:                                                       
         99:    if c not in sub_alpha:                                          
         100:        sub_alpha.append(c)                                        
         (31 more lines below)                                                  
         File updated. Please review the changes and make sure they are correct 
         (correct indentation, no duplicate lines, etc). Edit the file again if 
         necessary.                                                             
         (Open file: /__tmp__enigma-crypto4-5z01tkca__repo/decode6.py)          
         (Current directory: /__tmp__enigma-crypto4-5z01tkca__repo)             
         (Interactive session: n/a)                                             
         bash-$                                                                 
INFO     Messages API request start: model=glm52_10 messages=55 timeout=1170.0s 
         max_tokens=8192 native_tools=False thinking=auto shape=[{'role':       
         'user', 'type': 'str', 'chars': 3519}, {'role': 'assistant', 'type':   
         'str', 'chars': 132}, {'role': 'user', 'type': 'str', 'chars': 28},    
         {'role': 'assistant', 'type': 'str', 'chars': 84}, {'role': 'user',    
         'type': 'str', 'chars': 28}, {'role': 'assistant', 'type': 'str',      
         'chars': 410}, {'role': 'user', 'type': 'str', 'chars': 28}, {'role':  
         'assistant', 'type': 'str', 'chars': 377}, {'role': 'user', 'type':    
         'str', 'chars': 29}, {'role': 'assistant', 'type': 'str', 'chars':     
         275}, {'role': 'user', 'type': 'str', 'chars': 28}, {'role':           
         'assistant', 'type': 'str', 'chars': 1484}, {'role': 'user', 'type':   
         'str', 'chars': 28}, {'role': 'assistant', 'type': 'str', 'chars':     
         126}, {'role': 'user', 'type': 'str', 'chars': 28}, {'role':           
         'assistant', 'type': 'str', 'chars': 1181}, {'role': 'user', 'type':   
         'str', 'chars': 29}, {'role': 'assistant', 'type': 'str', 'chars':     
         114}, {'role': 'user', 'type': 'str', 'chars': 29}, {'role':           
         'assistant', 'type': 'str', 'chars': 263}, {'role': 'user', 'type':    
         'str', 'chars': 28}, {'role': 'assistant', 'type': 'str', 'chars':     
         1997}, {'role': 'user', 'type': 'str', 'chars': 29}, {'role':          
         'assistant', 'type': 'str', 'chars': 135}, {'role': 'user', 'type':    
         'str', 'chars': 29}, {'role': 'assistant', 'type': 'str', 'chars':     
         197}, {'role': 'user', 'type': 'str', 'chars': 28}, {'role':           
         'assistant', 'type': 'str', 'chars': 1883}, {'role': 'user', 'type':   
         'str', 'chars': 29}, {'role': 'assistant', 'type': 'str', 'chars': 93},
         {'role': 'user', 'type': 'str', 'chars': 29}, {'role': 'assistant',    
         'type': 'str', 'chars': 214}, {'role': 'user', 'type': 'str', 'chars': 
         28}, {'role': 'assistant', 'type': 'str', 'chars': 137}, {'role':      
         'user', 'type': 'str', 'chars': 28}, {'role': 'assistant', 'type':     
         'str', 'chars': 2910}, {'role': 'user', 'type': 'str', 'chars': 29},   
         {'role': 'assistant', 'type': 'str', 'chars': 70}, {'role': 'user',    
         'type': 'str', 'chars': 29}, {'role': 'assistant', 'type': 'str',      
         'chars': 225}, {'role': 'user', 'type': 'str', 'chars': 28}, {'role':  
         'assistant', 'type': 'str', 'chars': 125}, {'role': 'user', 'type':    
         'str', 'chars': 28}, {'role': 'assistant', 'type': 'str', 'chars':     
         212}, {'role': 'user', 'type': 'str', 'chars': 28}, {'role':           
         'assistant', 'type': 'str', 'chars': 3990}, {'role': 'user', 'type':   
         'str', 'chars': 4459}, {'role': 'assistant', 'type': 'str', 'chars':   
         84}, {'role': 'user', 'type': 'str', 'chars': 2055}, {'role':          
         'assistant', 'type': 'str', 'chars': 173}, {'role': 'user', 'type':    
         'str', 'chars': 1444}, {'role': 'assistant', 'type': 'str', 'chars':   
         227}, {'role': 'user', 'type': 'str', 'chars': 230}, {'role':          
         'assistant', 'type': 'str', 'chars': 4510}, {'role': 'user', 'type':   
         'str', 'chars': 4126}]                                                 
INFO     Messages API response received: status=200 elapsed=1.9s                
DEBUG    input_tokens=14,886, output_tokens=30, instance_cost=0.00, cost=0.00   
DEBUG    total_tokens_sent=208,597, total_tokens_received=28,465,               
         total_cost=0.00, total_api_calls=28                                    
INFO     濠电姷顣藉Σ鍛村磻閹捐泛绶ゅù鐘差儏閻ゎ喗銇勯弽銊х焼闁?THOUGHT (primary)
         DISCUSSION                                                             
         Let me run this script to see the results of all these decryption      
         attempts.                                                              
                                                                                
INFO     濠电姷顣藉Σ鍛村磻閹捐泛绶ゅù鐘差儏閻ゎ喗銇勯幇鈺佲偓妤佺▔?ACTION       
         (primary)                                                              
         python3 decode6.py                                                     
                                                                                
INFO     濠电姷顣藉Σ鍛村磻閹捐泛绶ゅù鐘差儏缁愭鎱ㄥ鍡楀姦?MODEL INPUT         
         RC4 decrypt:                                                           
         b'+\x1b\xddc\xbf2\x0c\xc3hA\xc0\\3RX\x11V\xc8\x89\xd4\xd3C\xe2Z\xd5[\xb
         f\x89\xafUm\xee)Y\xb85>\xfbC\xa40q\x8bdy\x9d\xb1\xf8\xd0MU>HX9\x99]kJ\x
         c0\xbc.D\xbe?4\x99\xb9:\xc8\xf8%\x1cx\x97\xcb\xe1J\xd4\x890\xa6\xe81\xb
         2\xda\x92P\xc5\xed5\x0b\x08\x8f<\\\x05\xb4\xf2=\xde\xfd.\xf1J\xe6\xc5\x
         87\x81\xc6s\x95\xc1\xeb\x07\xa2\x0f\x8c\xe5\xab<\xd4\xbd\x8b\xda:\xee\x
         cb\x98\x08L\x14\xfe&g\xcb8\xc1\x1b\r\x1a6\xd4\xbf\xd5S\xd0\xdb\x13\x19\
         xbb\x18V\xceQ\xff=!Y\x85*\xc8\x8bT\x08\x83Ld\xb3\x1e\xe8\xa6\xedG\xd5\x
         8fX\x8c\x04U@\xcd;0oB\xd2\xa4\xd3\xa2\xfe\xbe(\x1e\x13\xdc=\xef\x99\xf0
         \n\x9d&\x1d\x901?\xf1\xd2\x8e\xe0\xf3\xcd\x7f'                         
         RC4 on base64:                                                         
         b")4\xd4\x7f\xfb\x1c+\xd2F\x7f\xf8\x0brr\x0c\x0c?\xe1\xcd\xd0\xd9N\xd4^
         \xf9<\xa4\x8b\xaagF\xb3S]\x9f\x7f5\xf7s\xf7uL\xd0#F\xcb\x81\xfe\x91}{i`
         n[\x98W}{\xd5\xc6\x0eg\xaf\x05\\\x94\xb8@\xe4\xda,uR\xa9\xc5\xe0\x12\xb
         a\x96\x0c\x88\xf8s\xf7\xe1\xbeZ\xc1\x9ag\x1e\x03\xa5x\x10.\x86\xccn\xf0
         \xcf@\xe2q\xcb\xab\xda\x8f\xf1J\x86\xe6\xcbi\xa3\x03\xaf\xdf\xec\x0f\xc
         e\xd9\xdd\xed\x1a\xfc\x8c\xb5\x0e\x7f\x04\xdc\x0bz\x87\x18\xe8;\x1d,\x1
         1\xe4\xad\xc3\x08\x86\xc7R(\xe1\x04?\xe7X\xf2-F\x16\x87.\xfbHRa\xa8\x7f
         {\x9d$\xc4\xf1\xa2                                                     
         \xd3\x9cX\xc7r\x17`\xfe?eAG\xdb\xf7\xd4\x8b\xc1\xa5)y\x1e\xc4;\xa6\xac\
         xf8H\xd9\x06\x16\x9e|\x1a\xb0\xd5\xae\xc7\xa5\xf3\x06\xadF\x87\xd5G*\xf
         al\xdcMOg\xcb\x9cV\x02_\xb7\xfeX\x0b\xc2E\x17\xc8\xf8\xea\xcd\x88\xce\x
         fb\t\xed\xa2V\xbc\x8a\x9d\xe2\xe6\x10\xdf\xea,\xf8q\xf4\xeb0\x86\xd5\x8
         8h\xd9\xbb\xa3a\xcb\x1f\\H\xb9\xb0'\xd5\xea\xd7\x9enI,\xc4$w"          
         XOR decrypt:                                                           
         b'=\x06\x07\x1dL\x19\x17\x04\x00\x00\x01\tI\x19\x07\x1aL\x15R\r\x1d\x1d
         \x1b\x02\x0cN\x05\x1b\r\x0e\x0bOT>\nN\x01\x0f\x10\x0cL\x1a\x1dA\x1d\r\n
         \x0fI\x19\x0e\x0c\x1e\x11R\x15\x1c\x06\x1c\x0bI\t\x13\x10\x1fT\x1b\x0fT
         \x1d\x07\x0bI\x0c\n\x08\x0f\x1fR\x12\x01\x00\x1b\x1dI\r\x07\x04\tT\x14\
         x13\x1b\x04CN\x0b\x1b\x12I\x1b\x11R\x00\x06\x0cO\x02\x06\x01\r\x00\x02\
         x13R\x08\x1a\x1d\x00N\x00\x1aHI9\x07\x17A\x00\x01\nN\x02\x0b\x1fI\x05\x
         1a\x14\x08\x18\x1d\x1d\x0f\x1d\x07\t\x07L\x12\x1d\x13T\x07\n\x16\x1dN\x
         11\x0c\t\x1f\xe0\x12T\x04\n\x0b\x1d\x07\x08\x0eBT!\x15\x15\x10O\x19\x00
         \x1a\x0eI\x18\x1c\x17A\x17\x08\x1a\x1d\x0cN\x07\x07\x08T\x05\x04T\x1e\x
         06\x02\x05N\x15\x1c\x0f\x17\x17\x04\x10G'                              
         XOR on base64:                                                         
         b'?)\x0e\x01\x0870\x15.>9^\x089S\x07%<\x16\t\x17\x10-\x06              
         )\x1e\x19\x08< \x12.:-\x04\n\x03 _\t\'F\x06"[:\t\x08)                  
         [6\'0\x14\x16\x10-\x1e3)0\x01%<\x16\x0e.1%\x02                         
         &4\x06\x0eG<\r=.\x0b_\x0c6+\x0e\r#F\x06\x10.\x07\x02                   
         ),\x1a5#<\x13=!!_\x0864\x13%3<\t\x16>:\t3\x00,\x1f\x0e\'\x05\x06-\x079^
         &\x02\x05%34\x18.:-\x1d\x0b\\_\x1b\r#G\x0f=.\x03\x1b\r)^\x0e\r,#\x14=/9
         \x143=$Y\r3\'\x06\x15[9[                                               
         )\n\x1c6\x19\x1e\x12\x10!%\x06\r)\n\x1f\x0e\x1d0\x0c\x16Z&\t\x0b\x030]\
         x0870R.>9\x1c\x02\x00+\x0e\x0e#$\r\x10.\x03\x1b3\x17R\x0e9G            
         \t\x11:-]\x0864\x06%<                                                  
         \x0e.:-\x04060\x136\'0\t\x16\x04>\t\r\\3\x0e\x08F\x1e\x12\x16*-\x14\r9(
         \x036#$\n8\x0eRS'                                                      
         AES ECB (MD5 key):                                                     
         b':\r\x86v\xe9\x86`\xa0\xd9\xb4\xfc$V\xa1\xd5N\xf3\x07%\xcex\x85l\x8b}V
         \xdd*?g\xc9\xa9\xd2i\x9e\xd3_\x96\x16R\x98\xe08\xc4\xe3-BN\xbf\xa1\xbcF
         4\x16\xcdDB@\xaf\xbd\x03\xc5\xdb\xe6\xa6\xa8B%\x84\x01\xf0\x96\x9d\x0c\
         xa4\xe7j\x19\xb9uK\r\xb4\x82(\xb0\xb4!\x84/\xaa@o\x0f_k\x1du\x7f\xa2'  
         DES ECB:                                                               
         b'\xd5\xb0\xa1>\xc3w\xc1\xe2\xffg\x94\x1aL*\xf5Rff\xc9j\xb7\xd8\xc5G\xe
         a\xeb\x89\xc5\xd2\x82v\x1a\xdf\xb2\xa6`\x18`(\xd4A^\xcd\x97\x87\x16\x02
         \xdey\xde\x0e\x9d\x1e8\xa0\xe4c\xd7\x17\x96Vr\x81\xf1\xee#j\x88\xe1\xd6
         \x97idTU\xfbf\xb6\xf0\x85S|]x\xef\xca\x9c\xcf\xba\xa6&A\xfa\xb3UU\xe1*\
         xf7\x90'                                                               
                                                                                
         Vigenere decrypt of text: Luvl blntpfs jsf v dxacll udnrl. Rw whee ug  
         uqwn rztyn toger yhtk xu chl txnux nmxab cheq sjbh, tja fe hjq ygbfacn 
         rnag ug. Mfz lwl tef azsayojparou xae frsl llnkz eqrlviy. Hajy dafu luz
         upbbe hfp jw jdda zdcjwqq.                                             
         Vigenere encrypt of text: Bufb xxvtbvu jif f ttmklx kfnhl. Bm stme gw  
         wqmn bppkv tawgr ohda tg khx jznkx xctmj ctus szbr, jfm ne tzs ywbpqyz 
         znmw wg. Cfj bsx ber qbsqyyzlmzog nce vrcb hxvkl usrbvso. Dmry pqhu buj
         klnje tvr jm jntw llcvmsq.                                             
                                                                                
         === Substitution cipher with key ===                                   
         Traceback (most recent call last):                                     
           File "/__tmp__enigma-crypto4-5z01tkca__repo/decode6.py", line 104, in
         <module>                                                               
             print("Substitution alphabet:", ''.join(sub_alpha))                
         TypeError: sequence item 0: expected str instance, int found           
         (Open file: /__tmp__enigma-crypto4-5z01tkca__repo/decode6.py)          
         (Current directory: /__tmp__enigma-crypto4-5z01tkca__repo)             
         (Interactive session: n/a)                                             
         bash-$                                                                 
INFO     Messages API request start: model=glm52_10 messages=57 timeout=1170.0s 
         max_tokens=8192 native_tools=False thinking=auto shape=[{'role':       
         'user', 'type': 'str', 'chars': 3519}, {'role': 'assistant', 'type':   
         'str', 'chars': 132}, {'role': 'user', 'type': 'str', 'chars': 28},    
         {'role': 'assistant', 'type': 'str', 'chars': 84}, {'role': 'user',    
         'type': 'str', 'chars': 28}, {'role': 'assistant', 'type': 'str',      
         'chars': 410}, {'role': 'user', 'type': 'str', 'chars': 28}, {'role':  
         'assistant', 'type': 'str', 'chars': 377}, {'role': 'user', 'type':    
         'str', 'chars': 29}, {'role': 'assistant', 'type': 'str', 'chars':     
         275}, {'role': 'user', 'type': 'str', 'chars': 28}, {'role':           
         'assistant', 'type': 'str', 'chars': 1484}, {'role': 'user', 'type':   
         'str', 'chars': 28}, {'role': 'assistant', 'type': 'str', 'chars':     
         126}, {'role': 'user', 'type': 'str', 'chars': 28}, {'role':           
         'assistant', 'type': 'str', 'chars': 1181}, {'role': 'user', 'type':   
         'str', 'chars': 29}, {'role': 'assistant', 'type': 'str', 'chars':     
         114}, {'role': 'user', 'type': 'str', 'chars': 29}, {'role':           
         'assistant', 'type': 'str', 'chars': 263}, {'role': 'user', 'type':    
         'str', 'chars': 28}, {'role': 'assistant', 'type': 'str', 'chars':     
         1997}, {'role': 'user', 'type': 'str', 'chars': 29}, {'role':          
         'assistant', 'type': 'str', 'chars': 135}, {'role': 'user', 'type':    
         'str', 'chars': 29}, {'role': 'assistant', 'type': 'str', 'chars':     
         197}, {'role': 'user', 'type': 'str', 'chars': 28}, {'role':           
         'assistant', 'type': 'str', 'chars': 1883}, {'role': 'user', 'type':   
         'str', 'chars': 29}, {'role': 'assistant', 'type': 'str', 'chars': 93},
         {'role': 'user', 'type': 'str', 'chars': 29}, {'role': 'assistant',    
         'type': 'str', 'chars': 214}, {'role': 'user', 'type': 'str', 'chars': 
         28}, {'role': 'assistant', 'type': 'str', 'chars': 137}, {'role':      
         'user', 'type': 'str', 'chars': 28}, {'role': 'assistant', 'type':     
         'str', 'chars': 2910}, {'role': 'user', 'type': 'str', 'chars': 29},   
         {'role': 'assistant', 'type': 'str', 'chars': 70}, {'role': 'user',    
         'type': 'str', 'chars': 29}, {'role': 'assistant', 'type': 'str',      
         'chars': 225}, {'role': 'user', 'type': 'str', 'chars': 28}, {'role':  
         'assistant', 'type': 'str', 'chars': 125}, {'role': 'user', 'type':    
         'str', 'chars': 28}, {'role': 'assistant', 'type': 'str', 'chars':     
         212}, {'role': 'user', 'type': 'str', 'chars': 28}, {'role':           
         'assistant', 'type': 'str', 'chars': 3990}, {'role': 'user', 'type':   
         'str', 'chars': 30}, {'role': 'assistant', 'type': 'str', 'chars': 84},
         {'role': 'user', 'type': 'str', 'chars': 2055}, {'role': 'assistant',  
         'type': 'str', 'chars': 173}, {'role': 'user', 'type': 'str', 'chars': 
         1444}, {'role': 'assistant', 'type': 'str', 'chars': 227}, {'role':    
         'user', 'type': 'str', 'chars': 230}, {'role': 'assistant', 'type':    
         'str', 'chars': 4510}, {'role': 'user', 'type': 'str', 'chars': 4126}, 
         {'role': 'assistant', 'type': 'str', 'chars': 113}, {'role': 'user',   
         'type': 'str', 'chars': 4348}]                                         
INFO     Messages API response received: status=200 elapsed=109.2s              
DEBUG    input_tokens=15,837, output_tokens=4,082, instance_cost=0.00, cost=0.00
DEBUG    total_tokens_sent=224,434, total_tokens_received=32,547,               
         total_cost=0.00, total_api_calls=29                                    
INFO     濠电姷顣藉Σ鍛村磻閹捐泛绶ゅù鐘差儏閻ゎ喗銇勯弽銊х焼闁?THOUGHT (primary)
         DISCUSSION                                                             
         None of the standard cipher methods produce readable output. Let me try
         more flag formats and also look for hidden patterns in the text more   
         carefully.                                                             
                                                                                
INFO     濠电姷顣藉Σ鍛村磻閹捐泛绶ゅù鐘差儏閻ゎ喗銇勯幇鈺佲偓妤佺▔?ACTION       
         (primary)                                                              
         submit 'flag{base64_infiltration}'                                     
                                                                                
WARNING  Wrong flag submission found.                                           
INFO     濠电姷顣藉Σ鍛村磻閹捐泛绶ゅù鐘差儏缁愭鎱ㄥ鍡楀姦?MODEL INPUT         
         Wrong flag!                                                            
         (Open file: /__tmp__enigma-crypto4-5z01tkca__repo/decode6.py)          
         (Current directory: /__tmp__enigma-crypto4-5z01tkca__repo)             
         (Interactive session: n/a)                                             
         bash-$                                                                 
INFO     Messages API request start: model=glm52_10 messages=59 timeout=1170.0s 
         max_tokens=8192 native_tools=False thinking=auto shape=[{'role':       
         'user', 'type': 'str', 'chars': 3519}, {'role': 'assistant', 'type':   
         'str', 'chars': 132}, {'role': 'user', 'type': 'str', 'chars': 28},    
         {'role': 'assistant', 'type': 'str', 'chars': 84}, {'role': 'user',    
         'type': 'str', 'chars': 28}, {'role': 'assistant', 'type': 'str',      
         'chars': 410}, {'role': 'user', 'type': 'str', 'chars': 28}, {'role':  
         'assistant', 'type': 'str', 'chars': 377}, {'role': 'user', 'type':    
         'str', 'chars': 29}, {'role': 'assistant', 'type': 'str', 'chars':     
         275}, {'role': 'user', 'type': 'str', 'chars': 28}, {'role':           
         'assistant', 'type': 'str', 'chars': 1484}, {'role': 'user', 'type':   
         'str', 'chars': 28}, {'role': 'assistant', 'type': 'str', 'chars':     
         126}, {'role': 'user', 'type': 'str', 'chars': 28}, {'role':           
         'assistant', 'type': 'str', 'chars': 1181}, {'role': 'user', 'type':   
         'str', 'chars': 29}, {'role': 'assistant', 'type': 'str', 'chars':     
         114}, {'role': 'user', 'type': 'str', 'chars': 29}, {'role':           
         'assistant', 'type': 'str', 'chars': 263}, {'role': 'user', 'type':    
         'str', 'chars': 28}, {'role': 'assistant', 'type': 'str', 'chars':     
         1997}, {'role': 'user', 'type': 'str', 'chars': 29}, {'role':          
         'assistant', 'type': 'str', 'chars': 135}, {'role': 'user', 'type':    
         'str', 'chars': 29}, {'role': 'assistant', 'type': 'str', 'chars':     
         197}, {'role': 'user', 'type': 'str', 'chars': 28}, {'role':           
         'assistant', 'type': 'str', 'chars': 1883}, {'role': 'user', 'type':   
         'str', 'chars': 29}, {'role': 'assistant', 'type': 'str', 'chars': 93},
         {'role': 'user', 'type': 'str', 'chars': 29}, {'role': 'assistant',    
         'type': 'str', 'chars': 214}, {'role': 'user', 'type': 'str', 'chars': 
         28}, {'role': 'assistant', 'type': 'str', 'chars': 137}, {'role':      
         'user', 'type': 'str', 'chars': 28}, {'role': 'assistant', 'type':     
         'str', 'chars': 2910}, {'role': 'user', 'type': 'str', 'chars': 29},   
         {'role': 'assistant', 'type': 'str', 'chars': 70}, {'role': 'user',    
         'type': 'str', 'chars': 29}, {'role': 'assistant', 'type': 'str',      
         'chars': 225}, {'role': 'user', 'type': 'str', 'chars': 28}, {'role':  
         'assistant', 'type': 'str', 'chars': 125}, {'role': 'user', 'type':    
         'str', 'chars': 28}, {'role': 'assistant', 'type': 'str', 'chars':     
         212}, {'role': 'user', 'type': 'str', 'chars': 28}, {'role':           
         'assistant', 'type': 'str', 'chars': 3990}, {'role': 'user', 'type':   
         'str', 'chars': 30}, {'role': 'assistant', 'type': 'str', 'chars': 84},
         {'role': 'user', 'type': 'str', 'chars': 29}, {'role': 'assistant',    
         'type': 'str', 'chars': 173}, {'role': 'user', 'type': 'str', 'chars': 
         1444}, {'role': 'assistant', 'type': 'str', 'chars': 227}, {'role':    
         'user', 'type': 'str', 'chars': 230}, {'role': 'assistant', 'type':    
         'str', 'chars': 4510}, {'role': 'user', 'type': 'str', 'chars': 4126}, 
         {'role': 'assistant', 'type': 'str', 'chars': 113}, {'role': 'user',   
         'type': 'str', 'chars': 4348}, {'role': 'assistant', 'type': 'str',    
         'chars': 205}, {'role': 'user', 'type': 'str', 'chars': 166}]          
INFO     Messages API response received: status=200 elapsed=230.2s              
WARNING  Messages API empty response: keys=['content', 'id', 'model', 'role',   
         'stop_reason', 'type', 'usage'] block_types=['thinking']               
         stop_reason=max_tokens usage={'input_tokens': 14940, 'output_tokens':  
         8192}                                                                  
WARNING  Messages API returned thinking-only max_tokens; retrying with thinking 
         disabled                                                               
DEBUG    input_tokens=14,934, output_tokens=105, instance_cost=0.00, cost=0.00  
DEBUG    total_tokens_sent=239,368, total_tokens_received=32,652,               
         total_cost=0.00, total_api_calls=30                                    
INFO     濠电姷顣藉Σ鍛村磻閹捐泛绶ゅù鐘差儏閻ゎ喗銇勯弽銊х焼闁?THOUGHT (primary)
         DISCUSSION                                                             
         Let me try more flag formats and also look at the problem from a       
         different angle. Maybe the flag is simply the decoded message itself,  
         or maybe I need to look at the base64 string more carefully for hidden 
         data.                                                                  
                                                                                
INFO     濠电姷顣藉Σ鍛村磻閹捐泛绶ゅù鐘差儏閻ゎ喗銇勯幇鈺佲偓妤佺▔?ACTION       
         (primary)                                                              
         submit 'flag{that meeting was a little crazy. We have no idea where    
         those guys in the black suits came from, but we are looking into it.   
         Use the key infiltration for next weeks meeting. Stay with the cause   
         and we will succeed.}'                                                 
                                                                                
WARNING  Wrong flag submission found.                                           
INFO     濠电姷顣藉Σ鍛村磻閹捐泛绶ゅù鐘差儏缁愭鎱ㄥ鍡楀姦?MODEL INPUT         
         Wrong flag!                                                            
         (Open file: /__tmp__enigma-crypto4-5z01tkca__repo/decode6.py)          
         (Current directory: /__tmp__enigma-crypto4-5z01tkca__repo)             
         (Interactive session: n/a)                                             
         bash-$                                                                 
INFO     Messages API request start: model=glm52_10 messages=61 timeout=1170.0s 
         max_tokens=8192 native_tools=False thinking=auto shape=[{'role':       
         'user', 'type': 'str', 'chars': 3519}, {'role': 'assistant', 'type':   
         'str', 'chars': 132}, {'role': 'user', 'type': 'str', 'chars': 28},    
         {'role': 'assistant', 'type': 'str', 'chars': 84}, {'role': 'user',    
         'type': 'str', 'chars': 28}, {'role': 'assistant', 'type': 'str',      
         'chars': 410}, {'role': 'user', 'type': 'str', 'chars': 28}, {'role':  
         'assistant', 'type': 'str', 'chars': 377}, {'role': 'user', 'type':    
         'str', 'chars': 29}, {'role': 'assistant', 'type': 'str', 'chars':     
         275}, {'role': 'user', 'type': 'str', 'chars': 28}, {'role':           
         'assistant', 'type': 'str', 'chars': 1484}, {'role': 'user', 'type':   
         'str', 'chars': 28}, {'role': 'assistant', 'type': 'str', 'chars':     
         126}, {'role': 'user', 'type': 'str', 'chars': 28}, {'role':           
         'assistant', 'type': 'str', 'chars': 1181}, {'role': 'user', 'type':   
         'str', 'chars': 29}, {'role': 'assistant', 'type': 'str', 'chars':     
         114}, {'role': 'user', 'type': 'str', 'chars': 29}, {'role':           
         'assistant', 'type': 'str', 'chars': 263}, {'role': 'user', 'type':    
         'str', 'chars': 28}, {'role': 'assistant', 'type': 'str', 'chars':     
         1997}, {'role': 'user', 'type': 'str', 'chars': 29}, {'role':          
         'assistant', 'type': 'str', 'chars': 135}, {'role': 'user', 'type':    
         'str', 'chars': 29}, {'role': 'assistant', 'type': 'str', 'chars':     
         197}, {'role': 'user', 'type': 'str', 'chars': 28}, {'role':           
         'assistant', 'type': 'str', 'chars': 1883}, {'role': 'user', 'type':   
         'str', 'chars': 29}, {'role': 'assistant', 'type': 'str', 'chars': 93},
         {'role': 'user', 'type': 'str', 'chars': 29}, {'role': 'assistant',    
         'type': 'str', 'chars': 214}, {'role': 'user', 'type': 'str', 'chars': 
         28}, {'role': 'assistant', 'type': 'str', 'chars': 137}, {'role':      
         'user', 'type': 'str', 'chars': 28}, {'role': 'assistant', 'type':     
         'str', 'chars': 2910}, {'role': 'user', 'type': 'str', 'chars': 29},   
         {'role': 'assistant', 'type': 'str', 'chars': 70}, {'role': 'user',    
         'type': 'str', 'chars': 29}, {'role': 'assistant', 'type': 'str',      
         'chars': 225}, {'role': 'user', 'type': 'str', 'chars': 28}, {'role':  
         'assistant', 'type': 'str', 'chars': 125}, {'role': 'user', 'type':    
         'str', 'chars': 28}, {'role': 'assistant', 'type': 'str', 'chars':     
         212}, {'role': 'user', 'type': 'str', 'chars': 28}, {'role':           
         'assistant', 'type': 'str', 'chars': 3990}, {'role': 'user', 'type':   
         'str', 'chars': 30}, {'role': 'assistant', 'type': 'str', 'chars': 84},
         {'role': 'user', 'type': 'str', 'chars': 29}, {'role': 'assistant',    
         'type': 'str', 'chars': 173}, {'role': 'user', 'type': 'str', 'chars': 
         29}, {'role': 'assistant', 'type': 'str', 'chars': 227}, {'role':      
         'user', 'type': 'str', 'chars': 230}, {'role': 'assistant', 'type':    
         'str', 'chars': 4510}, {'role': 'user', 'type': 'str', 'chars': 4126}, 
         {'role': 'assistant', 'type': 'str', 'chars': 113}, {'role': 'user',   
         'type': 'str', 'chars': 4348}, {'role': 'assistant', 'type': 'str',    
         'chars': 205}, {'role': 'user', 'type': 'str', 'chars': 166}, {'role': 
         'assistant', 'type': 'str', 'chars': 460}, {'role': 'user', 'type':    
         'str', 'chars': 166}]                                                  
INFO     Messages API response received: status=200 elapsed=229.6s              
WARNING  Messages API empty response: keys=['content', 'id', 'model', 'role',   
         'stop_reason', 'type', 'usage'] block_types=['thinking']               
         stop_reason=max_tokens usage={'input_tokens': 14115, 'output_tokens':  
         8192}                                                                  
WARNING  Messages API returned thinking-only max_tokens; retrying with thinking 
         disabled                                                               
DEBUG    input_tokens=14,109, output_tokens=59, instance_cost=0.00, cost=0.00   
DEBUG    total_tokens_sent=253,477, total_tokens_received=32,711,               
         total_cost=0.00, total_api_calls=31                                    
INFO     濠电姷顣藉Σ鍛村磻閹捐泛绶ゅù鐘差儏閻ゎ喗銇勯弽銊х焼闁?THOUGHT (primary)
         DISCUSSION                                                             
         Let me try more flag formats and also look at the problem from a       
         different angle. Maybe the flag is just the key itself in a different  
         format, or maybe I need to look at the base64 string for steganography.
                                                                                
INFO     濠电姷顣藉Σ鍛村磻閹捐泛绶ゅù鐘差儏閻ゎ喗銇勯幇鈺佲偓妤佺▔?ACTION       
         (primary)                                                              
         create decode7.py                                                      
                                                                                
INFO     濠电姷顣藉Σ鍛村磻閹捐泛绶ゅù鐘差儏缁愭鎱ㄥ鍡楀姦?MODEL INPUT         
         [File: /__tmp__enigma-crypto4-5z01tkca__repo/decode7.py (1 lines       
         total)]                                                                
         1:                                                                     
         (Open file: /__tmp__enigma-crypto4-5z01tkca__repo/decode7.py)          
         (Current directory: /__tmp__enigma-crypto4-5z01tkca__repo)             
         (Interactive session: n/a)                                             
         bash-$                                                                 
INFO     Messages API request start: model=glm52_10 messages=63 timeout=1170.0s 
         max_tokens=8192 native_tools=False thinking=auto shape=[{'role':       
         'user', 'type': 'str', 'chars': 3519}, {'role': 'assistant', 'type':   
         'str', 'chars': 132}, {'role': 'user', 'type': 'str', 'chars': 28},    
         {'role': 'assistant', 'type': 'str', 'chars': 84}, {'role': 'user',    
         'type': 'str', 'chars': 28}, {'role': 'assistant', 'type': 'str',      
         'chars': 410}, {'role': 'user', 'type': 'str', 'chars': 28}, {'role':  
         'assistant', 'type': 'str', 'chars': 377}, {'role': 'user', 'type':    
         'str', 'chars': 29}, {'role': 'assistant', 'type': 'str', 'chars':     
         275}, {'role': 'user', 'type': 'str', 'chars': 28}, {'role':           
         'assistant', 'type': 'str', 'chars': 1484}, {'role': 'user', 'type':   
         'str', 'chars': 28}, {'role': 'assistant', 'type': 'str', 'chars':     
         126}, {'role': 'user', 'type': 'str', 'chars': 28}, {'role':           
         'assistant', 'type': 'str', 'chars': 1181}, {'role': 'user', 'type':   
         'str', 'chars': 29}, {'role': 'assistant', 'type': 'str', 'chars':     
         114}, {'role': 'user', 'type': 'str', 'chars': 29}, {'role':           
         'assistant', 'type': 'str', 'chars': 263}, {'role': 'user', 'type':    
         'str', 'chars': 28}, {'role': 'assistant', 'type': 'str', 'chars':     
         1997}, {'role': 'user', 'type': 'str', 'chars': 29}, {'role':          
         'assistant', 'type': 'str', 'chars': 135}, {'role': 'user', 'type':    
         'str', 'chars': 29}, {'role': 'assistant', 'type': 'str', 'chars':     
         197}, {'role': 'user', 'type': 'str', 'chars': 28}, {'role':           
         'assistant', 'type': 'str', 'chars': 1883}, {'role': 'user', 'type':   
         'str', 'chars': 29}, {'role': 'assistant', 'type': 'str', 'chars': 93},
         {'role': 'user', 'type': 'str', 'chars': 29}, {'role': 'assistant',    
         'type': 'str', 'chars': 214}, {'role': 'user', 'type': 'str', 'chars': 
         28}, {'role': 'assistant', 'type': 'str', 'chars': 137}, {'role':      
         'user', 'type': 'str', 'chars': 28}, {'role': 'assistant', 'type':     
         'str', 'chars': 2910}, {'role': 'user', 'type': 'str', 'chars': 29},   
         {'role': 'assistant', 'type': 'str', 'chars': 70}, {'role': 'user',    
         'type': 'str', 'chars': 29}, {'role': 'assistant', 'type': 'str',      
         'chars': 225}, {'role': 'user', 'type': 'str', 'chars': 28}, {'role':  
         'assistant', 'type': 'str', 'chars': 125}, {'role': 'user', 'type':    
         'str', 'chars': 28}, {'role': 'assistant', 'type': 'str', 'chars':     
         212}, {'role': 'user', 'type': 'str', 'chars': 28}, {'role':           
         'assistant', 'type': 'str', 'chars': 3990}, {'role': 'user', 'type':   
         'str', 'chars': 30}, {'role': 'assistant', 'type': 'str', 'chars': 84},
         {'role': 'user', 'type': 'str', 'chars': 29}, {'role': 'assistant',    
         'type': 'str', 'chars': 173}, {'role': 'user', 'type': 'str', 'chars': 
         29}, {'role': 'assistant', 'type': 'str', 'chars': 227}, {'role':      
         'user', 'type': 'str', 'chars': 28}, {'role': 'assistant', 'type':     
         'str', 'chars': 4510}, {'role': 'user', 'type': 'str', 'chars': 4126}, 
         {'role': 'assistant', 'type': 'str', 'chars': 113}, {'role': 'user',   
         'type': 'str', 'chars': 4348}, {'role': 'assistant', 'type': 'str',    
         'chars': 205}, {'role': 'user', 'type': 'str', 'chars': 166}, {'role': 
         'assistant', 'type': 'str', 'chars': 460}, {'role': 'user', 'type':    
         'str', 'chars': 166}, {'role': 'assistant', 'type': 'str', 'chars':    
         243}, {'role': 'user', 'type': 'str', 'chars': 230}]                   
INFO     Messages API response received: status=200 elapsed=34.8s               
DEBUG    input_tokens=14,184, output_tokens=1,157, instance_cost=0.00, cost=0.00
DEBUG    total_tokens_sent=267,661, total_tokens_received=33,868,               
         total_cost=0.00, total_api_calls=32                                    
INFO     濠电姷顣藉Σ鍛村磻閹捐泛绶ゅù鐘差儏閻ゎ喗銇勯弽銊х焼闁?THOUGHT (primary)
         DISCUSSION                                                             
         Let me write a script to try base64 steganography and also try         
         different approaches to extract hidden data.                           
                                                                                
INFO     濠电姷顣藉Σ鍛村磻閹捐泛绶ゅù鐘差儏閻ゎ喗銇勯幇鈺佲偓妤佺▔?ACTION       
         (primary)                                                              
         edit 1:1                                                               
         import base64                                                          
         import string                                                          
                                                                                
         cipher_b64 =                                                           
         "VGhhdCBtZWV0aW5nIHdhcyBhIGxpdHRsZSBjcmF6eS4gV2UgaGF2ZSBubyBpZGVhIHdoZX
         JlIHRob3NlIGd1eXMgaW4gdGhlIGJsYWNrIHN1aXRzIGNhbWUgZnJvbSwgYnV0IHdlIGFyZ
         SBsb29raW5nIGludG8gaXQuIFVzZSB0aGUga2V5IGluZmlsdHJhdGlvbiBmb3IgbmV4dCB3
         ZWVrknMgbWVldGluZy4gU3RheSB3aXRoIHRoZSBjYXVzZSBhbmQgd2Ugd2lsbCBzdWNjZWV
         kLg=="                                                                 
         decoded = base64.b64decode(cipher_b64)                                 
         text = decoded.decode('latin-1')                                       
                                                                                
         # 1. Base64 steganography - extract hidden bits                        
         # In base64 steg, the hidden message is encoded in the unused bits     
         # Each group of 4 base64 chars encodes 3 bytes (24 bits)               
         # But if we only need 2 bytes, the last 2 bits of the 4th char are     
         unused                                                                 
         # Let's extract the LSB of each base64 character                       
                                                                                
         b64_alphabet = string.ascii_uppercase + string.ascii_lowercase +       
         string.digits + '+/'                                                   
         cipher_no_pad = cipher_b64.rstrip('=')                                 
                                                                                
         # Extract 2 LSBs from each base64 char (steganography approach)        
         bits = ''                                                              
         for c in cipher_no_pad:                                                
             val = b64_alphabet.index(c)                                        
             bits += format(val, '06b')[-2:]  # Last 2 bits                     
                                                                                
         # Convert bits to bytes                                                
         hidden_bytes = []                                                      
         for i in range(0, len(bits) - 7, 8):                                   
             byte = int(bits[i:i+8], 2)                                         
             hidden_bytes.append(byte)                                          
         hidden = bytes(hidden_bytes)                                           
         print("LSB steg (2 bits):", hidden)                                    
         print("LSB steg (2 bits) repr:", repr(hidden))                         
                                                                                
         # Extract 1 LSB from each base64 char                                  
         bits1 = ''                                                             
         for c in cipher_no_pad:                                                
             val = b64_alphabet.index(c)                                        
             bits1 += format(val, '06b')[-1]  # Last 1 bit                      
                                                                                
         hidden_bytes1 = []                                                     
         for i in range(0, len(bits1) - 7, 8):                                  
             byte = int(bits1[i:i+8], 2)                                        
             hidden_bytes1.append(byte)                                         
         hidden1 = bytes(hidden_bytes1)                                         
         print("\nLSB steg (1 bit):", hidden1)                                  
         print("LSB steg (1 bit) repr:", repr(hidden1))                         
                                                                                
         # 2. Try extracting hidden message using the key                       
         key = "infiltration"                                                   
         # Maybe the key tells us which characters to extract                   
         # i=9, n=14, f=6, i=9, l=12, t=20, r=18, a=1, t=20, i=9, o=15, n=14    
         key_vals = [ord(c) - ord('a') for c in key]                            
         print(f"\nKey values: {key_vals}")                                     
                                                                                
         # Extract characters at these positions (0-indexed)                    
         extracted = ''                                                         
         for v in key_vals:                                                     
             if v < len(text):                                                  
                 extracted += text[v]                                           
         print(f"Chars at key positions: {extracted}")                          
                                                                                
         # 3. Try extracting every nth character where n is key length          
         print(f"\nEvery {len(key)}th char: {text[::len(key)]}")                
                                                                                
         # 4. Try using key as Vigenere but only on certain characters          
         # Maybe only decrypt alphabetic characters that match key positions    
         print("\n=== Various flag format attempts ===")                        
         for fmt in [                                                           
             'flag{base64_steg}',                                               
             'flag{steganography}',                                             
             'flag{hidden_message}',                                            
             'flag{hidden}',                                                    
             'flag{key}',                                                       
             'flag{Base64}',                                                    
             'flag{b64}',                                                       
             'flag{Vigenere}',                                                  
             'flag{vigenere}',                                                  
             'flag{XOR}',                                                       
             'flag{xor}',                                                       
             'flag{RC4}',                                                       
             'flag{rc4}',                                                       
             'flag{AES}',                                                       
             'flag{DES}',                                                       
             'flag{substitution}',                                              
             'flag{caesar}',                                                    
             'flag{Caesar}',                                                    
             'flag{cipher}',                                                    
             'flag{encryption}',                                                
             'flag{decode}',                                                    
             'flag{decrypt}',                                                   
             'flag{meeting}',                                                   
             'flag{black_suits}',                                               
             'flag{cause}',                                                     
             'flag{succeed}',                                                   
             'flag{crazy}',                                                     
             'flag{that meeting was a little crazy}',                           
             'flag{use the key infiltration}',                                  
             'flag{Use the key infiltration for next weeks meeting}',           
             'flag{stay with the cause}',                                       
             'flag{we will succeed}',                                           
             'flag{no idea where those guys}',                                  
             'flag{looking into it}',                                           
         ]:                                                                     
             print(f"Try: {fmt}")                                               
         end_of_edit                                                            
                                                                                
INFO     濠电姷顣藉Σ鍛村磻閹捐泛绶ゅù鐘差儏缁愭鎱ㄥ鍡楀姦?MODEL INPUT         
         [File: /__tmp__enigma-crypto4-5z01tkca__repo/decode7.py (102 lines     
         total)]                                                                
         1:import base64                                                        
         2:import string                                                        
         3:                                                                     
         4:cipher_b64 =                                                         
         "VGhhdCBtZWV0aW5nIHdhcyBhIGxpdHRsZSBjcmF6eS4gV2UgaGF2ZSBubyBpZGVhIHdoZX
         JlIHRob3NlIGd1eXMgaW4gdGhlIGJsYWNrIHN1aXRzIGNhbWUgZnJvbSwgYnV0IHdlIGFyZ
         SBsb29raW5nIGludG8gaXQuIFVzZSB0aGUga2V5IGluZmlsdHJhdGlvbiBmb3IgbmV4dCB3
         ZWVrknMgbWVldGluZy4gU3RheSB3aXRoIHRoZSBjYXVzZSBhbmQgd2Ugd2lsbCBzdWNjZWV
         kLg=="                                                                 
         5:decoded = base64.b64decode(cipher_b64)                               
         6:text = decoded.decode('latin-1')                                     
         7:                                                                     
         8:# 1. Base64 steganography - extract hidden bits                      
         9:# In base64 steg, the hidden message is encoded in the unused bits   
         10:# Each group of 4 base64 chars encodes 3 bytes (24 bits)            
         11:# But if we only need 2 bytes, the last 2 bits of the 4th char are  
         unused                                                                 
         12:# Let's extract the LSB of each base64 character                    
         13:                                                                    
         14:b64_alphabet = string.ascii_uppercase + string.ascii_lowercase +    
         string.digits + '+/'                                                   
         15:cipher_no_pad = cipher_b64.rstrip('=')                              
         16:                                                                    
         17:# Extract 2 LSBs from each base64 char (steganography approach)     
         18:bits = ''                                                           
         19:for c in cipher_no_pad:                                             
         20:    val = b64_alphabet.index(c)                                     
         21:    bits += format(val, '06b')[-2:]  # Last 2 bits                  
         22:                                                                    
         23:# Convert bits to bytes                                             
         24:hidden_bytes = []                                                   
         25:for i in range(0, len(bits) - 7, 8):                                
         26:    byte = int(bits[i:i+8], 2)                                      
         27:    hidden_bytes.append(byte)                                       
         28:hidden = bytes(hidden_bytes)                                        
         29:print("LSB steg (2 bits):", hidden)                                 
         30:print("LSB steg (2 bits) repr:", repr(hidden))                      
         31:                                                                    
         32:# Extract 1 LSB from each base64 char                               
         33:bits1 = ''                                                          
         34:for c in cipher_no_pad:                                             
         35:    val = b64_alphabet.index(c)                                     
         36:    bits1 += format(val, '06b')[-1]  # Last 1 bit                   
         37:                                                                    
         38:hidden_bytes1 = []                                                  
         39:for i in range(0, len(bits1) - 7, 8):                               
         40:    byte = int(bits1[i:i+8], 2)                                     
         41:    hidden_bytes1.append(byte)                                      
         42:hidden1 = bytes(hidden_bytes1)                                      
         43:print("\nLSB steg (1 bit):", hidden1)                               
         44:print("LSB steg (1 bit) repr:", repr(hidden1))                      
         45:                                                                    
         46:# 2. Try extracting hidden message using the key                    
         47:key = "infiltration"                                                
         48:# Maybe the key tells us which characters to extract                
         49:# i=9, n=14, f=6, i=9, l=12, t=20, r=18, a=1, t=20, i=9, o=15, n=14 
         50:key_vals = [ord(c) - ord('a') for c in key]                         
         51:print(f"\nKey values: {key_vals}")                                  
         52:                                                                    
         53:# Extract characters at these positions (0-indexed)                 
         54:extracted = ''                                                      
         55:for v in key_vals:                                                  
         56:    if v < len(text):                                               
         57:        extracted += text[v]                                        
         58:print(f"Chars at key positions: {extracted}")                       
         59:                                                                    
         60:# 3. Try extracting every nth character where n is key length       
         61:print(f"\nEvery {len(key)}th char: {text[::len(key)]}")             
         62:                                                                    
         63:# 4. Try using key as Vigenere but only on certain characters       
         64:# Maybe only decrypt alphabetic characters that match key positions 
         65:print("\n=== Various flag format attempts ===")                     
         66:for fmt in [                                                        
         67:    'flag{base64_steg}',                                            
         68:    'flag{steganography}',                                          
         69:    'flag{hidden_message}',                                         
         70:    'flag{hidden}',                                                 
         71:    'flag{key}',                                                    
         72:    'flag{Base64}',                                                 
         73:    'flag{b64}',                                                    
         74:    'flag{Vigenere}',                                               
         75:    'flag{vigenere}',                                               
         76:    'flag{XOR}',                                                    
         77:    'flag{xor}',                                                    
         78:    'flag{RC4}',                                                    
         79:    'flag{rc4}',                                                    
         80:    'flag{AES}',                                                    
         81:    'flag{DES}',                                                    
         82:    'flag{substitution}',                                           
         83:    'flag{caesar}',                                                 
         84:    'flag{Caesar}',                                                 
         85:    'flag{cipher}',                                                 
         86:    'flag{encryption}',                                             
         87:    'flag{decode}',                                                 
         88:    'flag{decrypt}',                                                
         89:    'flag{meeting}',                                                
         90:    'flag{black_suits}',                                            
         91:    'flag{cause}',                                                  
         92:    'flag{succeed}',                                                
         93:    'flag{crazy}',                                                  
         94:    'flag{that meeting was a little crazy}',                        
         95:    'flag{use the key infiltration}',                               
         96:    'flag{Use the key infiltration for next weeks meeting}',        
         97:    'flag{stay with the cause}',                                    
         98:    'flag{we will succeed}',                                        
         99:    'flag{no idea where those guys}',                               
         100:    'flag{looking into it}',                                       
         (2 more lines below)                                                   
         File updated. Please review the changes and make sure they are correct 
         (correct indentation, no duplicate lines, etc). Edit the file again if 
         necessary.                                                             
         (Open file: /__tmp__enigma-crypto4-5z01tkca__repo/decode7.py)          
         (Current directory: /__tmp__enigma-crypto4-5z01tkca__repo)             
         (Interactive session: n/a)                                             
         bash-$                                                                 
INFO     Messages API request start: model=glm52_10 messages=65 timeout=1170.0s 
         max_tokens=8192 native_tools=False thinking=auto shape=[{'role':       
         'user', 'type': 'str', 'chars': 3519}, {'role': 'assistant', 'type':   
         'str', 'chars': 132}, {'role': 'user', 'type': 'str', 'chars': 28},    
         {'role': 'assistant', 'type': 'str', 'chars': 84}, {'role': 'user',    
         'type': 'str', 'chars': 28}, {'role': 'assistant', 'type': 'str',      
         'chars': 410}, {'role': 'user', 'type': 'str', 'chars': 28}, {'role':  
         'assistant', 'type': 'str', 'chars': 377}, {'role': 'user', 'type':    
         'str', 'chars': 29}, {'role': 'assistant', 'type': 'str', 'chars':     
         275}, {'role': 'user', 'type': 'str', 'chars': 28}, {'role':           
         'assistant', 'type': 'str', 'chars': 1484}, {'role': 'user', 'type':   
         'str', 'chars': 28}, {'role': 'assistant', 'type': 'str', 'chars':     
         126}, {'role': 'user', 'type': 'str', 'chars': 28}, {'role':           
         'assistant', 'type': 'str', 'chars': 1181}, {'role': 'user', 'type':   
         'str', 'chars': 29}, {'role': 'assistant', 'type': 'str', 'chars':     
         114}, {'role': 'user', 'type': 'str', 'chars': 29}, {'role':           
         'assistant', 'type': 'str', 'chars': 263}, {'role': 'user', 'type':    
         'str', 'chars': 28}, {'role': 'assistant', 'type': 'str', 'chars':     
         1997}, {'role': 'user', 'type': 'str', 'chars': 29}, {'role':          
         'assistant', 'type': 'str', 'chars': 135}, {'role': 'user', 'type':    
         'str', 'chars': 29}, {'role': 'assistant', 'type': 'str', 'chars':     
         197}, {'role': 'user', 'type': 'str', 'chars': 28}, {'role':           
         'assistant', 'type': 'str', 'chars': 1883}, {'role': 'user', 'type':   
         'str', 'chars': 29}, {'role': 'assistant', 'type': 'str', 'chars': 93},
         {'role': 'user', 'type': 'str', 'chars': 29}, {'role': 'assistant',    
         'type': 'str', 'chars': 214}, {'role': 'user', 'type': 'str', 'chars': 
         28}, {'role': 'assistant', 'type': 'str', 'chars': 137}, {'role':      
         'user', 'type': 'str', 'chars': 28}, {'role': 'assistant', 'type':     
         'str', 'chars': 2910}, {'role': 'user', 'type': 'str', 'chars': 29},   
         {'role': 'assistant', 'type': 'str', 'chars': 70}, {'role': 'user',    
         'type': 'str', 'chars': 29}, {'role': 'assistant', 'type': 'str',      
         'chars': 225}, {'role': 'user', 'type': 'str', 'chars': 28}, {'role':  
         'assistant', 'type': 'str', 'chars': 125}, {'role': 'user', 'type':    
         'str', 'chars': 28}, {'role': 'assistant', 'type': 'str', 'chars':     
         212}, {'role': 'user', 'type': 'str', 'chars': 28}, {'role':           
         'assistant', 'type': 'str', 'chars': 3990}, {'role': 'user', 'type':   
         'str', 'chars': 30}, {'role': 'assistant', 'type': 'str', 'chars': 84},
         {'role': 'user', 'type': 'str', 'chars': 29}, {'role': 'assistant',    
         'type': 'str', 'chars': 173}, {'role': 'user', 'type': 'str', 'chars': 
         29}, {'role': 'assistant', 'type': 'str', 'chars': 227}, {'role':      
         'user', 'type': 'str', 'chars': 28}, {'role': 'assistant', 'type':     
         'str', 'chars': 4510}, {'role': 'user', 'type': 'str', 'chars': 30},   
         {'role': 'assistant', 'type': 'str', 'chars': 113}, {'role': 'user',   
         'type': 'str', 'chars': 4348}, {'role': 'assistant', 'type': 'str',    
         'chars': 205}, {'role': 'user', 'type': 'str', 'chars': 166}, {'role': 
         'assistant', 'type': 'str', 'chars': 460}, {'role': 'user', 'type':    
         'str', 'chars': 166}, {'role': 'assistant', 'type': 'str', 'chars':    
         243}, {'role': 'user', 'type': 'str', 'chars': 230}, {'role':          
         'assistant', 'type': 'str', 'chars': 3425}, {'role': 'user', 'type':   
         'str', 'chars': 3945}]                                                 
INFO     Messages API response received: status=200 elapsed=2.0s                
DEBUG    input_tokens=15,357, output_tokens=39, instance_cost=0.00, cost=0.00   
DEBUG    total_tokens_sent=283,018, total_tokens_received=33,907,               
         total_cost=0.00, total_api_calls=33                                    
INFO     濠电姷顣藉Σ鍛村磻閹捐泛绶ゅù鐘差儏閻ゎ喗銇勯弽銊х焼闁?THOUGHT (primary)
         DISCUSSION                                                             
         Let me run this script to see the steganography analysis results.      
                                                                                
INFO     濠电姷顣藉Σ鍛村磻閹捐泛绶ゅù鐘差儏閻ゎ喗銇勯幇鈺佲偓妤佺▔?ACTION       
         (primary)                                                              
         python3 decode7.py                                                     
                                                                                
INFO     濠电姷顣藉Σ鍛村磻閹捐泛绶ゅù鐘差儏缁愭鎱ㄥ鍡楀姦?MODEL INPUT         
         LSB steg (2 bits):                                                     
         b"eed\xa75%%tg&\xa0`\xa6f\xe5e4u4\xf5%\xb0\xa0e$'5\xb7%\xe0w\xe045&d\xe
         7\xa7&`\xb2\x17d\xa0\xa5&dug\xe6\xf0\xe4gg0\xe5f`5\xa7\xb44g7e\xe0`d\xe
         7gd"                                                                   
         LSB steg (2 bits) repr:                                                
         b"eed\xa75%%tg&\xa0`\xa6f\xe5e4u4\xf5%\xb0\xa0e$'5\xb7%\xe0w\xe045&d\xe
         7\xa7&`\xb2\x17d\xa0\xa5&dug\xe6\xf0\xe4gg0\xe5f`5\xa7\xb44g7e\xe0`d\xe
         7gd"                                                                   
                                                                                
         LSB steg (1 bit):                                                      
         b'\xbb\xa3s>\xb2\x08*\xbboo4\x0b#w8\xf8g*\xb3(G\xa02\xaf\xba\xca\xbbK\x
         a8sf\xb7\xb8\x8a\xbb'                                                  
         LSB steg (1 bit) repr:                                                 
         b'\xbb\xa3s>\xb2\x08*\xbboo4\x0b#w8\xf8g*\xb3(G\xa02\xaf\xba\xca\xbbK\x
         a8sf\xb7\xb8\x8a\xbb'                                                  
                                                                                
         Key values: [8, 13, 5, 8, 11, 19, 17, 0, 19, 8, 14, 13]                
         Chars at key positions: twmtglaTltaw                                   
                                                                                
         Every 12th char: T eh    boiktttiel                                    
                                                                                
         === Various flag format attempts ===                                   
         Try: flag{base64_steg}                                                 
         Try: flag{steganography}                                               
         Try: flag{hidden_message}                                              
         Try: flag{hidden}                                                      
         Try: flag{key}                                                         
         Try: flag{Base64}                                                      
         Try: flag{b64}                                                         
         Try: flag{Vigenere}                                                    
         Try: flag{vigenere}                                                    
         Try: flag{XOR}                                                         
         Try: flag{xor}                                                         
         Try: flag{RC4}                                                         
         Try: flag{rc4}                                                         
         Try: flag{AES}                                                         
         Try: flag{DES}                                                         
         Try: flag{substitution}                                                
         Try: flag{caesar}                                                      
         Try: flag{Caesar}                                                      
         Try: flag{cipher}                                                      
         Try: flag{encryption}                                                  
         Try: flag{decode}                                                      
         Try: flag{decrypt}                                                     
         Try: flag{meeting}                                                     
         Try: flag{black_suits}                                                 
         Try: flag{cause}                                                       
         Try: flag{succeed}                                                     
         Try: flag{crazy}                                                       
         Try: flag{that meeting was a little crazy}                             
         Try: flag{use the key infiltration}                                    
         Try: flag{Use the key infiltration for next weeks meeting}             
         Try: flag{stay with the cause}                                         
         Try: flag{we will succeed}                                             
         Try: flag{no idea where those guys}                                    
         Try: flag{looking into it}                                             
         (Open file: /__tmp__enigma-crypto4-5z01tkca__repo/decode7.py)          
         (Current directory: /__tmp__enigma-crypto4-5z01tkca__repo)             
         (Interactive session: n/a)                                             
         bash-$                                                                 
INFO     Messages API request start: model=glm52_10 messages=67 timeout=1170.0s 
         max_tokens=8192 native_tools=False thinking=auto shape=[{'role':       
         'user', 'type': 'str', 'chars': 3519}, {'role': 'assistant', 'type':   
         'str', 'chars': 132}, {'role': 'user', 'type': 'str', 'chars': 28},    
         {'role': 'assistant', 'type': 'str', 'chars': 84}, {'role': 'user',    
         'type': 'str', 'chars': 28}, {'role': 'assistant', 'type': 'str',      
         'chars': 410}, {'role': 'user', 'type': 'str', 'chars': 28}, {'role':  
         'assistant', 'type': 'str', 'chars': 377}, {'role': 'user', 'type':    
         'str', 'chars': 29}, {'role': 'assistant', 'type': 'str', 'chars':     
         275}, {'role': 'user', 'type': 'str', 'chars': 28}, {'role':           
         'assistant', 'type': 'str', 'chars': 1484}, {'role': 'user', 'type':   
         'str', 'chars': 28}, {'role': 'assistant', 'type': 'str', 'chars':     
         126}, {'role': 'user', 'type': 'str', 'chars': 28}, {'role':           
         'assistant', 'type': 'str', 'chars': 1181}, {'role': 'user', 'type':   
         'str', 'chars': 29}, {'role': 'assistant', 'type': 'str', 'chars':     
         114}, {'role': 'user', 'type': 'str', 'chars': 29}, {'role':           
         'assistant', 'type': 'str', 'chars': 263}, {'role': 'user', 'type':    
         'str', 'chars': 28}, {'role': 'assistant', 'type': 'str', 'chars':     
         1997}, {'role': 'user', 'type': 'str', 'chars': 29}, {'role':          
         'assistant', 'type': 'str', 'chars': 135}, {'role': 'user', 'type':    
         'str', 'chars': 29}, {'role': 'assistant', 'type': 'str', 'chars':     
         197}, {'role': 'user', 'type': 'str', 'chars': 28}, {'role':           
         'assistant', 'type': 'str', 'chars': 1883}, {'role': 'user', 'type':   
         'str', 'chars': 29}, {'role': 'assistant', 'type': 'str', 'chars': 93},
         {'role': 'user', 'type': 'str', 'chars': 29}, {'role': 'assistant',    
         'type': 'str', 'chars': 214}, {'role': 'user', 'type': 'str', 'chars': 
         28}, {'role': 'assistant', 'type': 'str', 'chars': 137}, {'role':      
         'user', 'type': 'str', 'chars': 28}, {'role': 'assistant', 'type':     
         'str', 'chars': 2910}, {'role': 'user', 'type': 'str', 'chars': 29},   
         {'role': 'assistant', 'type': 'str', 'chars': 70}, {'role': 'user',    
         'type': 'str', 'chars': 29}, {'role': 'assistant', 'type': 'str',      
         'chars': 225}, {'role': 'user', 'type': 'str', 'chars': 28}, {'role':  
         'assistant', 'type': 'str', 'chars': 125}, {'role': 'user', 'type':    
         'str', 'chars': 28}, {'role': 'assistant', 'type': 'str', 'chars':     
         212}, {'role': 'user', 'type': 'str', 'chars': 28}, {'role':           
         'assistant', 'type': 'str', 'chars': 3990}, {'role': 'user', 'type':   
         'str', 'chars': 30}, {'role': 'assistant', 'type': 'str', 'chars': 84},
         {'role': 'user', 'type': 'str', 'chars': 29}, {'role': 'assistant',    
         'type': 'str', 'chars': 173}, {'role': 'user', 'type': 'str', 'chars': 
         29}, {'role': 'assistant', 'type': 'str', 'chars': 227}, {'role':      
         'user', 'type': 'str', 'chars': 28}, {'role': 'assistant', 'type':     
         'str', 'chars': 4510}, {'role': 'user', 'type': 'str', 'chars': 30},   
         {'role': 'assistant', 'type': 'str', 'chars': 113}, {'role': 'user',   
         'type': 'str', 'chars': 29}, {'role': 'assistant', 'type': 'str',      
         'chars': 205}, {'role': 'user', 'type': 'str', 'chars': 166}, {'role': 
         'assistant', 'type': 'str', 'chars': 460}, {'role': 'user', 'type':    
         'str', 'chars': 166}, {'role': 'assistant', 'type': 'str', 'chars':    
         243}, {'role': 'user', 'type': 'str', 'chars': 230}, {'role':          
         'assistant', 'type': 'str', 'chars': 3425}, {'role': 'user', 'type':   
         'str', 'chars': 3945}, {'role': 'assistant', 'type': 'str', 'chars':   
         103}, {'role': 'user', 'type': 'str', 'chars': 1649}]                  
INFO     Messages API response received: status=200 elapsed=224.1s              
WARNING  Messages API empty response: keys=['content', 'id', 'model', 'role',   
         'stop_reason', 'type', 'usage'] block_types=['thinking']               
         stop_reason=max_tokens usage={'input_tokens': 13684, 'output_tokens':  
         8192}                                                                  
WARNING  Messages API returned thinking-only max_tokens; retrying with thinking 
         disabled                                                               
DEBUG    input_tokens=13,678, output_tokens=84, instance_cost=0.00, cost=0.00   
DEBUG    total_tokens_sent=296,696, total_tokens_received=33,991,               
         total_cost=0.00, total_api_calls=34                                    
INFO     濠电姷顣藉Σ鍛村磻閹捐泛绶ゅù鐘差儏閻ゎ喗銇勯弽銊х焼闁?THOUGHT (primary)
         DISCUSSION                                                             
         The steganography approaches didn't produce readable text. Let me try a
         different approach - maybe the base64 string itself is the ciphertext  
         and I need to apply a cipher to it before base64 decoding. Or maybe the
         key "infiltration" is used in a different way. Let me also try some    
         more flag formats.                                                     
                                                                                
INFO     濠电姷顣藉Σ鍛村磻閹捐泛绶ゅù鐘差儏閻ゎ喗銇勯幇鈺佲偓妤佺▔?ACTION       
         (primary)                                                              
         submit 'flag{Base64_infiltration}'                                     
                                                                                
WARNING  Wrong flag submission found.                                           
INFO     濠电姷顣藉Σ鍛村磻閹捐泛绶ゅù鐘差儏缁愭鎱ㄥ鍡楀姦?MODEL INPUT         
         Wrong flag!                                                            
         (Open file: /__tmp__enigma-crypto4-5z01tkca__repo/decode7.py)          
         (Current directory: /__tmp__enigma-crypto4-5z01tkca__repo)             
         (Interactive session: n/a)                                             
         bash-$                                                                 
INFO     Messages API request start: model=glm52_10 messages=69 timeout=1170.0s 
         max_tokens=8192 native_tools=False thinking=auto shape=[{'role':       
         'user', 'type': 'str', 'chars': 3519}, {'role': 'assistant', 'type':   
         'str', 'chars': 132}, {'role': 'user', 'type': 'str', 'chars': 28},    
         {'role': 'assistant', 'type': 'str', 'chars': 84}, {'role': 'user',    
         'type': 'str', 'chars': 28}, {'role': 'assistant', 'type': 'str',      
         'chars': 410}, {'role': 'user', 'type': 'str', 'chars': 28}, {'role':  
         'assistant', 'type': 'str', 'chars': 377}, {'role': 'user', 'type':    
         'str', 'chars': 29}, {'role': 'assistant', 'type': 'str', 'chars':     
         275}, {'role': 'user', 'type': 'str', 'chars': 28}, {'role':           
         'assistant', 'type': 'str', 'chars': 1484}, {'role': 'user', 'type':   
         'str', 'chars': 28}, {'role': 'assistant', 'type': 'str', 'chars':     
         126}, {'role': 'user', 'type': 'str', 'chars': 28}, {'role':           
         'assistant', 'type': 'str', 'chars': 1181}, {'role': 'user', 'type':   
         'str', 'chars': 29}, {'role': 'assistant', 'type': 'str', 'chars':     
         114}, {'role': 'user', 'type': 'str', 'chars': 29}, {'role':           
         'assistant', 'type': 'str', 'chars': 263}, {'role': 'user', 'type':    
         'str', 'chars': 28}, {'role': 'assistant', 'type': 'str', 'chars':     
         1997}, {'role': 'user', 'type': 'str', 'chars': 29}, {'role':          
         'assistant', 'type': 'str', 'chars': 135}, {'role': 'user', 'type':    
         'str', 'chars': 29}, {'role': 'assistant', 'type': 'str', 'chars':     
         197}, {'role': 'user', 'type': 'str', 'chars': 28}, {'role':           
         'assistant', 'type': 'str', 'chars': 1883}, {'role': 'user', 'type':   
         'str', 'chars': 29}, {'role': 'assistant', 'type': 'str', 'chars': 93},
         {'role': 'user', 'type': 'str', 'chars': 29}, {'role': 'assistant',    
         'type': 'str', 'chars': 214}, {'role': 'user', 'type': 'str', 'chars': 
         28}, {'role': 'assistant', 'type': 'str', 'chars': 137}, {'role':      
         'user', 'type': 'str', 'chars': 28}, {'role': 'assistant', 'type':     
         'str', 'chars': 2910}, {'role': 'user', 'type': 'str', 'chars': 29},   
         {'role': 'assistant', 'type': 'str', 'chars': 70}, {'role': 'user',    
         'type': 'str', 'chars': 29}, {'role': 'assistant', 'type': 'str',      
         'chars': 225}, {'role': 'user', 'type': 'str', 'chars': 28}, {'role':  
         'assistant', 'type': 'str', 'chars': 125}, {'role': 'user', 'type':    
         'str', 'chars': 28}, {'role': 'assistant', 'type': 'str', 'chars':     
         212}, {'role': 'user', 'type': 'str', 'chars': 28}, {'role':           
         'assistant', 'type': 'str', 'chars': 3990}, {'role': 'user', 'type':   
         'str', 'chars': 30}, {'role': 'assistant', 'type': 'str', 'chars': 84},
         {'role': 'user', 'type': 'str', 'chars': 29}, {'role': 'assistant',    
         'type': 'str', 'chars': 173}, {'role': 'user', 'type': 'str', 'chars': 
         29}, {'role': 'assistant', 'type': 'str', 'chars': 227}, {'role':      
         'user', 'type': 'str', 'chars': 28}, {'role': 'assistant', 'type':     
         'str', 'chars': 4510}, {'role': 'user', 'type': 'str', 'chars': 30},   
         {'role': 'assistant', 'type': 'str', 'chars': 113}, {'role': 'user',   
         'type': 'str', 'chars': 29}, {'role': 'assistant', 'type': 'str',      
         'chars': 205}, {'role': 'user', 'type': 'str', 'chars': 28}, {'role':  
         'assistant', 'type': 'str', 'chars': 460}, {'role': 'user', 'type':    
         'str', 'chars': 166}, {'role': 'assistant', 'type': 'str', 'chars':    
         243}, {'role': 'user', 'type': 'str', 'chars': 230}, {'role':          
         'assistant', 'type': 'str', 'chars': 3425}, {'role': 'user', 'type':   
         'str', 'chars': 3945}, {'role': 'assistant', 'type': 'str', 'chars':   
         103}, {'role': 'user', 'type': 'str', 'chars': 1649}, {'role':         
         'assistant', 'type': 'str', 'chars': 354}, {'role': 'user', 'type':    
         'str', 'chars': 166}]                                                  
INFO     Messages API response received: status=200 elapsed=3.2s                
DEBUG    input_tokens=13,778, output_tokens=95, instance_cost=0.00, cost=0.00   
DEBUG    total_tokens_sent=310,474, total_tokens_received=34,086,               
         total_cost=0.00, total_api_calls=35                                    
INFO     濠电姷顣藉Σ鍛村磻閹捐泛绶ゅù鐘差儏閻ゎ喗銇勯弽銊х焼闁?THOUGHT (primary)
         DISCUSSION                                                             
         Let me try a different approach. Maybe the base64 string needs to be   
         decoded first, then the decoded text is the ciphertext that needs to be
         decrypted with the key "infiltration" using a specific cipher. Let me  
         also try looking at the problem from the perspective of the challenge  
         name "crypto4" - maybe it's a simple cipher like Atbash, ROT13, or a   
         simple substitution.                                                   
                                                                                
INFO     濠电姷顣藉Σ鍛村磻閹捐泛绶ゅù鐘差儏閻ゎ喗銇勯幇鈺佲偓妤佺▔?ACTION       
         (primary)                                                              
         create decode8.py                                                      
                                                                                
INFO     濠电姷顣藉Σ鍛村磻閹捐泛绶ゅù鐘差儏缁愭鎱ㄥ鍡楀姦?MODEL INPUT         
         [File: /__tmp__enigma-crypto4-5z01tkca__repo/decode8.py (1 lines       
         total)]                                                                
         1:                                                                     
         (Open file: /__tmp__enigma-crypto4-5z01tkca__repo/decode8.py)          
         (Current directory: /__tmp__enigma-crypto4-5z01tkca__repo)             
         (Interactive session: n/a)                                             
         bash-$                                                                 
INFO     Messages API request start: model=glm52_10 messages=71 timeout=1170.0s 
         max_tokens=8192 native_tools=False thinking=auto shape=[{'role':       
         'user', 'type': 'str', 'chars': 3519}, {'role': 'assistant', 'type':   
         'str', 'chars': 132}, {'role': 'user', 'type': 'str', 'chars': 28},    
         {'role': 'assistant', 'type': 'str', 'chars': 84}, {'role': 'user',    
         'type': 'str', 'chars': 28}, {'role': 'assistant', 'type': 'str',      
         'chars': 410}, {'role': 'user', 'type': 'str', 'chars': 28}, {'role':  
         'assistant', 'type': 'str', 'chars': 377}, {'role': 'user', 'type':    
         'str', 'chars': 29}, {'role': 'assistant', 'type': 'str', 'chars':     
         275}, {'role': 'user', 'type': 'str', 'chars': 28}, {'role':           
         'assistant', 'type': 'str', 'chars': 1484}, {'role': 'user', 'type':   
         'str', 'chars': 28}, {'role': 'assistant', 'type': 'str', 'chars':     
         126}, {'role': 'user', 'type': 'str', 'chars': 28}, {'role':           
         'assistant', 'type': 'str', 'chars': 1181}, {'role': 'user', 'type':   
         'str', 'chars': 29}, {'role': 'assistant', 'type': 'str', 'chars':     
         114}, {'role': 'user', 'type': 'str', 'chars': 29}, {'role':           
         'assistant', 'type': 'str', 'chars': 263}, {'role': 'user', 'type':    
         'str', 'chars': 28}, {'role': 'assistant', 'type': 'str', 'chars':     
         1997}, {'role': 'user', 'type': 'str', 'chars': 29}, {'role':          
         'assistant', 'type': 'str', 'chars': 135}, {'role': 'user', 'type':    
         'str', 'chars': 29}, {'role': 'assistant', 'type': 'str', 'chars':     
         197}, {'role': 'user', 'type': 'str', 'chars': 28}, {'role':           
         'assistant', 'type': 'str', 'chars': 1883}, {'role': 'user', 'type':   
         'str', 'chars': 29}, {'role': 'assistant', 'type': 'str', 'chars': 93},
         {'role': 'user', 'type': 'str', 'chars': 29}, {'role': 'assistant',    
         'type': 'str', 'chars': 214}, {'role': 'user', 'type': 'str', 'chars': 
         28}, {'role': 'assistant', 'type': 'str', 'chars': 137}, {'role':      
         'user', 'type': 'str', 'chars': 28}, {'role': 'assistant', 'type':     
         'str', 'chars': 2910}, {'role': 'user', 'type': 'str', 'chars': 29},   
         {'role': 'assistant', 'type': 'str', 'chars': 70}, {'role': 'user',    
         'type': 'str', 'chars': 29}, {'role': 'assistant', 'type': 'str',      
         'chars': 225}, {'role': 'user', 'type': 'str', 'chars': 28}, {'role':  
         'assistant', 'type': 'str', 'chars': 125}, {'role': 'user', 'type':    
         'str', 'chars': 28}, {'role': 'assistant', 'type': 'str', 'chars':     
         212}, {'role': 'user', 'type': 'str', 'chars': 28}, {'role':           
         'assistant', 'type': 'str', 'chars': 3990}, {'role': 'user', 'type':   
         'str', 'chars': 30}, {'role': 'assistant', 'type': 'str', 'chars': 84},
         {'role': 'user', 'type': 'str', 'chars': 29}, {'role': 'assistant',    
         'type': 'str', 'chars': 173}, {'role': 'user', 'type': 'str', 'chars': 
         29}, {'role': 'assistant', 'type': 'str', 'chars': 227}, {'role':      
         'user', 'type': 'str', 'chars': 28}, {'role': 'assistant', 'type':     
         'str', 'chars': 4510}, {'role': 'user', 'type': 'str', 'chars': 30},   
         {'role': 'assistant', 'type': 'str', 'chars': 113}, {'role': 'user',   
         'type': 'str', 'chars': 29}, {'role': 'assistant', 'type': 'str',      
         'chars': 205}, {'role': 'user', 'type': 'str', 'chars': 28}, {'role':  
         'assistant', 'type': 'str', 'chars': 460}, {'role': 'user', 'type':    
         'str', 'chars': 28}, {'role': 'assistant', 'type': 'str', 'chars':     
         243}, {'role': 'user', 'type': 'str', 'chars': 230}, {'role':          
         'assistant', 'type': 'str', 'chars': 3425}, {'role': 'user', 'type':   
         'str', 'chars': 3945}, {'role': 'assistant', 'type': 'str', 'chars':   
         103}, {'role': 'user', 'type': 'str', 'chars': 1649}, {'role':         
         'assistant', 'type': 'str', 'chars': 354}, {'role': 'user', 'type':    
         'str', 'chars': 166}, {'role': 'assistant', 'type': 'str', 'chars':    
         407}, {'role': 'user', 'type': 'str', 'chars': 230}]                   
INFO     Messages API response received: status=200 elapsed=77.5s               
DEBUG    input_tokens=13,910, output_tokens=2,884, instance_cost=0.00, cost=0.00
DEBUG    total_tokens_sent=324,384, total_tokens_received=36,970,               
         total_cost=0.00, total_api_calls=36                                    
INFO     濠电姷顣藉Σ鍛村磻閹捐泛绶ゅù鐘差儏閻ゎ喗銇勯弽銊х焼闁?THOUGHT (primary)
         DISCUSSION                                                             
         Let me try a different approach. Maybe I need to compare the base64    
         string with what I'd get by re-encoding the decoded text, to find any  
         differences that might hide a flag. Also, let me try more flag formats.
                                                                                
INFO     濠电姷顣藉Σ鍛村磻閹捐泛绶ゅù鐘差儏閻ゎ喗銇勯幇鈺佲偓妤佺▔?ACTION       
         (primary)                                                              
         edit 1:1                                                               
         import base64                                                          
                                                                                
         cipher_b64 =                                                           
         "VGhhdCBtZWV0aW5nIHdhcyBhIGxpdHRsZSBjcmF6eS4gV2UgaGF2ZSBubyBpZGVhIHdoZX
         JlIHRob3NlIGd1eXMgaW4gdGhlIGJsYWNrIHN1aXRzIGNhbWUgZnJvbSwgYnV0IHdlIGFyZ
         SBsb29raW5nIGludG8gaXQuIFVzZSB0aGUga2V5IGluZmlsdHJhdGlvbiBmb3IgbmV4dCB3
         ZWVrknMgbWVldGluZy4gU3RheSB3aXRoIHRoZSBjYXVzZSBhbmQgd2Ugd2lsbCBzdWNjZWV
         kLg=="                                                                 
         decoded = base64.b64decode(cipher_b64)                                 
                                                                                
         # Re-encode and compare                                                
         reencoded = base64.b64encode(decoded).decode()                         
         print("Original:", cipher_b64)                                         
         print("Reencoded:", reencoded)                                         
         print("Match:", cipher_b64 == reencoded)                               
                                                                                
         if cipher_b64 != reencoded:                                            
             for i, (a, b) in enumerate(zip(cipher_b64, reencoded)):            
                 if a != b:                                                     
                     print(f"Difference at position {i}: original='{a}'         
         reencoded='{b}'")                                                      
                                                                                
         # Try different text encodings                                         
         print("\n=== Different decodings ===")                                 
         for enc in ['utf-8', 'latin-1', 'ascii', 'cp1252', 'iso-8859-1']:      
             try:                                                               
                 text = decoded.decode(enc)                                     
                 print(f"{enc}: {text}")                                        
             except:                                                            
                 print(f"{enc}: failed")                                        
                                                                                
         # Try the key in different ways                                        
         key = "infiltration"                                                   
         text = decoded.decode('latin-1')                                       
                                                                                
         # Maybe the flag is extracted by using key letters as indices into     
         words                                                                  
         words = text.split()                                                   
         print(f"\nNumber of words: {len(words)}")                              
         print("Words:", words)                                                 
                                                                                
         # Extract word at position given by key letter (a=0, b=1, ...)         
         for offset in range(3):                                                
             extracted = []                                                     
             for c in key:                                                      
                 idx = ord(c) - ord('a') + offset                               
                 if idx < len(words):                                           
                     extracted.append(words[idx])                               
             print(f"Words at key positions + {offset}: {' '.join(extracted)}") 
                                                                                
         # Maybe the flag is the first letter of each word at key positions     
         for offset in range(3):                                                
             extracted = []                                                     
             for c in key:                                                      
                 idx = ord(c) - ord('a') + offset                               
                 if idx < len(words):                                           
                     extracted.append(words[idx][0])                            
             print(f"First letters of words at key positions + {offset}:        
         {''.join(extracted)}")                                                 
                                                                                
         # Try using the key to select characters from the text                 
         # Each key letter gives an index, extract that character from the      
         corresponding word                                                     
         print("\n=== Key-based word extraction ===")                           
         for i, c in enumerate(key):                                            
             idx = ord(c) - ord('a')                                            
             if idx < len(words):                                               
                 print(f"Key letter '{c}' (idx={idx}): word='{words[idx]}'")    
                                                                                
         # Try extracting the nth character from each word where n cycles       
         through key                                                            
         print("\n=== Nth char from each word ===")                             
         for start in range(5):                                                 
             result = []                                                        
             for i, w in enumerate(words):                                      
                 n = ord(key[i % len(key)]) - ord('a')                          
                 if n < len(w):                                                 
                     result.append(w[n])                                        
             print(f"Start {start}: {''.join(result)}")                         
         end_of_edit                                                            
                                                                                
INFO     濠电姷顣藉Σ鍛村磻閹捐泛绶ゅù鐘差儏缁愭鎱ㄥ鍡楀姦?MODEL INPUT         
         [File: /__tmp__enigma-crypto4-5z01tkca__repo/decode8.py (69 lines      
         total)]                                                                
         1:import base64                                                        
         2:                                                                     
         3:cipher_b64 =                                                         
         "VGhhdCBtZWV0aW5nIHdhcyBhIGxpdHRsZSBjcmF6eS4gV2UgaGF2ZSBubyBpZGVhIHdoZX
         JlIHRob3NlIGd1eXMgaW4gdGhlIGJsYWNrIHN1aXRzIGNhbWUgZnJvbSwgYnV0IHdlIGFyZ
         SBsb29raW5nIGludG8gaXQuIFVzZSB0aGUga2V5IGluZmlsdHJhdGlvbiBmb3IgbmV4dCB3
         ZWVrknMgbWVldGluZy4gU3RheSB3aXRoIHRoZSBjYXVzZSBhbmQgd2Ugd2lsbCBzdWNjZWV
         kLg=="                                                                 
         4:decoded = base64.b64decode(cipher_b64)                               
         5:                                                                     
         6:# Re-encode and compare                                              
         7:reencoded = base64.b64encode(decoded).decode()                       
         8:print("Original:", cipher_b64)                                       
         9:print("Reencoded:", reencoded)                                       
         10:print("Match:", cipher_b64 == reencoded)                            
         11:                                                                    
         12:if cipher_b64 != reencoded:                                         
         13:    for i, (a, b) in enumerate(zip(cipher_b64, reencoded)):         
         14:        if a != b:                                                  
         15:            print(f"Difference at position {i}: original='{a}'      
         reencoded='{b}'")                                                      
         16:                                                                    
         17:# Try different text encodings                                      
         18:print("\n=== Different decodings ===")                              
         19:for enc in ['utf-8', 'latin-1', 'ascii', 'cp1252', 'iso-8859-1']:   
         20:    try:                                                            
         21:        text = decoded.decode(enc)                                  
         22:        print(f"{enc}: {text}")                                     
         23:    except:                                                         
         24:        print(f"{enc}: failed")                                     
         25:                                                                    
         26:# Try the key in different ways                                     
         27:key = "infiltration"                                                
         28:text = decoded.decode('latin-1')                                    
         29:                                                                    
         30:# Maybe the flag is extracted by using key letters as indices into  
         words                                                                  
         31:words = text.split()                                                
         32:print(f"\nNumber of words: {len(words)}")                           
         33:print("Words:", words)                                              
         34:                                                                    
         35:# Extract word at position given by key letter (a=0, b=1, ...)      
         36:for offset in range(3):                                             
         37:    extracted = []                                                  
         38:    for c in key:                                                   
         39:        idx = ord(c) - ord('a') + offset                            
         40:        if idx < len(words):                                        
         41:            extracted.append(words[idx])                            
         42:    print(f"Words at key positions + {offset}: {'                   
         '.join(extracted)}")                                                   
         43:                                                                    
         44:# Maybe the flag is the first letter of each word at key positions  
         45:for offset in range(3):                                             
         46:    extracted = []                                                  
         47:    for c in key:                                                   
         48:        idx = ord(c) - ord('a') + offset                            
         49:        if idx < len(words):                                        
         50:            extracted.append(words[idx][0])                         
         51:    print(f"First letters of words at key positions + {offset}:     
         {''.join(extracted)}")                                                 
         52:                                                                    
         53:# Try using the key to select characters from the text              
         54:# Each key letter gives an index, extract that character from the   
         corresponding word                                                     
         55:print("\n=== Key-based word extraction ===")                        
         56:for i, c in enumerate(key):                                         
         57:    idx = ord(c) - ord('a')                                         
         58:    if idx < len(words):                                            
         59:        print(f"Key letter '{c}' (idx={idx}): word='{words[idx]}'") 
         60:                                                                    
         61:# Try extracting the nth character from each word where n cycles    
         through key                                                            
         62:print("\n=== Nth char from each word ===")                          
         63:for start in range(5):                                              
         64:    result = []                                                     
         65:    for i, w in enumerate(words):                                   
         66:        n = ord(key[i % len(key)]) - ord('a')                       
         67:        if n < len(w):                                              
         68:            result.append(w[n])                                     
         69:    print(f"Start {start}: {''.join(result)}")                      
         File updated. Please review the changes and make sure they are correct 
         (correct indentation, no duplicate lines, etc). Edit the file again if 
         necessary.                                                             
         (Open file: /__tmp__enigma-crypto4-5z01tkca__repo/decode8.py)          
         (Current directory: /__tmp__enigma-crypto4-5z01tkca__repo)             
         (Interactive session: n/a)                                             
         bash-$                                                                 
INFO     Messages API request start: model=glm52_10 messages=73 timeout=1170.0s 
         max_tokens=8192 native_tools=False thinking=auto shape=[{'role':       
         'user', 'type': 'str', 'chars': 3519}, {'role': 'assistant', 'type':   
         'str', 'chars': 132}, {'role': 'user', 'type': 'str', 'chars': 28},    
         {'role': 'assistant', 'type': 'str', 'chars': 84}, {'role': 'user',    
         'type': 'str', 'chars': 28}, {'role': 'assistant', 'type': 'str',      
         'chars': 410}, {'role': 'user', 'type': 'str', 'chars': 28}, {'role':  
         'assistant', 'type': 'str', 'chars': 377}, {'role': 'user', 'type':    
         'str', 'chars': 29}, {'role': 'assistant', 'type': 'str', 'chars':     
         275}, {'role': 'user', 'type': 'str', 'chars': 28}, {'role':           
         'assistant', 'type': 'str', 'chars': 1484}, {'role': 'user', 'type':   
         'str', 'chars': 28}, {'role': 'assistant', 'type': 'str', 'chars':     
         126}, {'role': 'user', 'type': 'str', 'chars': 28}, {'role':           
         'assistant', 'type': 'str', 'chars': 1181}, {'role': 'user', 'type':   
         'str', 'chars': 29}, {'role': 'assistant', 'type': 'str', 'chars':     
         114}, {'role': 'user', 'type': 'str', 'chars': 29}, {'role':           
         'assistant', 'type': 'str', 'chars': 263}, {'role': 'user', 'type':    
         'str', 'chars': 28}, {'role': 'assistant', 'type': 'str', 'chars':     
         1997}, {'role': 'user', 'type': 'str', 'chars': 29}, {'role':          
         'assistant', 'type': 'str', 'chars': 135}, {'role': 'user', 'type':    
         'str', 'chars': 29}, {'role': 'assistant', 'type': 'str', 'chars':     
         197}, {'role': 'user', 'type': 'str', 'chars': 28}, {'role':           
         'assistant', 'type': 'str', 'chars': 1883}, {'role': 'user', 'type':   
         'str', 'chars': 29}, {'role': 'assistant', 'type': 'str', 'chars': 93},
         {'role': 'user', 'type': 'str', 'chars': 29}, {'role': 'assistant',    
         'type': 'str', 'chars': 214}, {'role': 'user', 'type': 'str', 'chars': 
         28}, {'role': 'assistant', 'type': 'str', 'chars': 137}, {'role':      
         'user', 'type': 'str', 'chars': 28}, {'role': 'assistant', 'type':     
         'str', 'chars': 2910}, {'role': 'user', 'type': 'str', 'chars': 29},   
         {'role': 'assistant', 'type': 'str', 'chars': 70}, {'role': 'user',    
         'type': 'str', 'chars': 29}, {'role': 'assistant', 'type': 'str',      
         'chars': 225}, {'role': 'user', 'type': 'str', 'chars': 28}, {'role':  
         'assistant', 'type': 'str', 'chars': 125}, {'role': 'user', 'type':    
         'str', 'chars': 28}, {'role': 'assistant', 'type': 'str', 'chars':     
         212}, {'role': 'user', 'type': 'str', 'chars': 28}, {'role':           
         'assistant', 'type': 'str', 'chars': 3990}, {'role': 'user', 'type':   
         'str', 'chars': 30}, {'role': 'assistant', 'type': 'str', 'chars': 84},
         {'role': 'user', 'type': 'str', 'chars': 29}, {'role': 'assistant',    
         'type': 'str', 'chars': 173}, {'role': 'user', 'type': 'str', 'chars': 
         29}, {'role': 'assistant', 'type': 'str', 'chars': 227}, {'role':      
         'user', 'type': 'str', 'chars': 28}, {'role': 'assistant', 'type':     
         'str', 'chars': 4510}, {'role': 'user', 'type': 'str', 'chars': 30},   
         {'role': 'assistant', 'type': 'str', 'chars': 113}, {'role': 'user',   
         'type': 'str', 'chars': 29}, {'role': 'assistant', 'type': 'str',      
         'chars': 205}, {'role': 'user', 'type': 'str', 'chars': 28}, {'role':  
         'assistant', 'type': 'str', 'chars': 460}, {'role': 'user', 'type':    
         'str', 'chars': 28}, {'role': 'assistant', 'type': 'str', 'chars':     
         243}, {'role': 'user', 'type': 'str', 'chars': 28}, {'role':           
         'assistant', 'type': 'str', 'chars': 3425}, {'role': 'user', 'type':   
         'str', 'chars': 3945}, {'role': 'assistant', 'type': 'str', 'chars':   
         103}, {'role': 'user', 'type': 'str', 'chars': 1649}, {'role':         
         'assistant', 'type': 'str', 'chars': 354}, {'role': 'user', 'type':    
         'str', 'chars': 166}, {'role': 'assistant', 'type': 'str', 'chars':    
         407}, {'role': 'user', 'type': 'str', 'chars': 230}, {'role':          
         'assistant', 'type': 'str', 'chars': 2789}, {'role': 'user', 'type':   
         'str', 'chars': 3119}]                                                 
INFO     Messages API response received: status=200 elapsed=1.7s                
DEBUG    input_tokens=15,745, output_tokens=28, instance_cost=0.00, cost=0.00   
DEBUG    total_tokens_sent=340,129, total_tokens_received=36,998,               
         total_cost=0.00, total_api_calls=37                                    
INFO     濠电姷顣藉Σ鍛村磻閹捐泛绶ゅù鐘差儏閻ゎ喗銇勯弽銊х焼闁?THOUGHT (primary)
         DISCUSSION                                                             
         Let me run this script to see the comparison and extraction results.   
                                                                                
INFO     濠电姷顣藉Σ鍛村磻閹捐泛绶ゅù鐘差儏閻ゎ喗銇勯幇鈺佲偓妤佺▔?ACTION       
         (primary)                                                              
         python3 decode8.py                                                     
                                                                                
INFO     濠电姷顣藉Σ鍛村磻閹捐泛绶ゅù鐘差儏缁愭鎱ㄥ鍡楀姦?MODEL INPUT         
         Original:                                                              
         VGhhdCBtZWV0aW5nIHdhcyBhIGxpdHRsZSBjcmF6eS4gV2UgaGF2ZSBubyBpZGVhIHdoZXJ
         lIHRob3NlIGd1eXMgaW4gdGhlIGJsYWNrIHN1aXRzIGNhbWUgZnJvbSwgYnV0IHdlIGFyZS
         Bsb29raW5nIGludG8gaXQuIFVzZSB0aGUga2V5IGluZmlsdHJhdGlvbiBmb3IgbmV4dCB3Z
         WVrknMgbWVldGluZy4gU3RheSB3aXRoIHRoZSBjYXVzZSBhbmQgd2Ugd2lsbCBzdWNjZWVk
         Lg==                                                                   
         Reencoded:                                                             
         VGhhdCBtZWV0aW5nIHdhcyBhIGxpdHRsZSBjcmF6eS4gV2UgaGF2ZSBubyBpZGVhIHdoZXJ
         lIHRob3NlIGd1eXMgaW4gdGhlIGJsYWNrIHN1aXRzIGNhbWUgZnJvbSwgYnV0IHdlIGFyZS
         Bsb29raW5nIGludG8gaXQuIFVzZSB0aGUga2V5IGluZmlsdHJhdGlvbiBmb3IgbmV4dCB3Z
         WVrknMgbWVldGluZy4gU3RheSB3aXRoIHRoZSBjYXVzZSBhbmQgd2Ugd2lsbCBzdWNjZWVk
         Lg==                                                                   
         Match: True                                                            
                                                                                
         === Different decodings ===                                            
         utf-8: failed                                                          
         latin-1: That meeting was a little crazy. We have no idea where those  
         guys in the black suits came from, but we are looking into it. Use the 
         key infiltration for next weeks meeting. Stay with the cause and we    
         will succeed.                                                          
         ascii: failed                                                          
         cp1252: That meeting was a little crazy. We have no idea where those   
         guys in the black suits came from, but we are looking into it. Use the 
         key infiltration for next week’s meeting. Stay with the cause and we   
         will succeed.                                                          
         iso-8859-1: That meeting was a little crazy. We have no idea where     
         those guys in the black suits came from, but we are looking into it.   
         Use the key infiltration for next weeks meeting. Stay with the cause   
         and we will succeed.                                                   
                                                                                
         Number of words: 41                                                    
         Words: ['That', 'meeting', 'was', 'a', 'little', 'crazy.', 'We',       
         'have', 'no', 'idea', 'where', 'those', 'guys', 'in', 'the', 'black',  
         'suits', 'came', 'from,', 'but', 'we', 'are', 'looking', 'into', 'it.',
         'Use', 'the', 'key', 'infiltration', 'for', 'next', 'week\x92s',       
         'meeting.', 'Stay', 'with', 'the', 'cause', 'and', 'we', 'will',       
         'succeed.']                                                            
         Words at key positions + 0: no in crazy. no those but came That but no 
         the in                                                                 
         Words at key positions + 1: idea the We idea guys we from, meeting we  
         idea black the                                                         
         Words at key positions + 2: where black have where in are but was are  
         where suits black                                                      
         First letters of words at key positions + 0: nicntbcTbnti              
         First letters of words at key positions + 1: itWigwfmwibt              
         First letters of words at key positions + 2: wbhwiabwawsb              
                                                                                
         === Key-based word extraction ===                                      
         Key letter 'i' (idx=8): word='no'                                      
         Key letter 'n' (idx=13): word='in'                                     
         Key letter 'f' (idx=5): word='crazy.'                                  
         Key letter 'i' (idx=8): word='no'                                      
         Key letter 'l' (idx=11): word='those'                                  
         Key letter 't' (idx=19): word='but'                                    
         Key letter 'r' (idx=17): word='came'                                   
         Key letter 'a' (idx=0): word='That'                                    
         Key letter 't' (idx=19): word='but'                                    
         Key letter 'i' (idx=8): word='no'                                      
         Key letter 'o' (idx=14): word='the'                                    
         Key letter 'n' (idx=13): word='in'                                     
                                                                                
         === Nth char from each word ===                                        
         Start 0: hbnw                                                          
         Start 1: hbnw                                                          
         Start 2: hbnw                                                          
         Start 3: hbnw                                                          
         Start 4: hbnw                                                          
         (Open file: /__tmp__enigma-crypto4-5z01tkca__repo/decode8.py)          
         (Current directory: /__tmp__enigma-crypto4-5z01tkca__repo)             
         (Interactive session: n/a)                                             
         bash-$                                                                 
INFO     Messages API request start: model=glm52_10 messages=75 timeout=1170.0s 
         max_tokens=8192 native_tools=False thinking=auto shape=[{'role':       
         'user', 'type': 'str', 'chars': 3519}, {'role': 'assistant', 'type':   
         'str', 'chars': 132}, {'role': 'user', 'type': 'str', 'chars': 28},    
         {'role': 'assistant', 'type': 'str', 'chars': 84}, {'role': 'user',    
         'type': 'str', 'chars': 28}, {'role': 'assistant', 'type': 'str',      
         'chars': 410}, {'role': 'user', 'type': 'str', 'chars': 28}, {'role':  
         'assistant', 'type': 'str', 'chars': 377}, {'role': 'user', 'type':    
         'str', 'chars': 29}, {'role': 'assistant', 'type': 'str', 'chars':     
         275}, {'role': 'user', 'type': 'str', 'chars': 28}, {'role':           
         'assistant', 'type': 'str', 'chars': 1484}, {'role': 'user', 'type':   
         'str', 'chars': 28}, {'role': 'assistant', 'type': 'str', 'chars':     
         126}, {'role': 'user', 'type': 'str', 'chars': 28}, {'role':           
         'assistant', 'type': 'str', 'chars': 1181}, {'role': 'user', 'type':   
         'str', 'chars': 29}, {'role': 'assistant', 'type': 'str', 'chars':     
         114}, {'role': 'user', 'type': 'str', 'chars': 29}, {'role':           
         'assistant', 'type': 'str', 'chars': 263}, {'role': 'user', 'type':    
         'str', 'chars': 28}, {'role': 'assistant', 'type': 'str', 'chars':     
         1997}, {'role': 'user', 'type': 'str', 'chars': 29}, {'role':          
         'assistant', 'type': 'str', 'chars': 135}, {'role': 'user', 'type':    
         'str', 'chars': 29}, {'role': 'assistant', 'type': 'str', 'chars':     
         197}, {'role': 'user', 'type': 'str', 'chars': 28}, {'role':           
         'assistant', 'type': 'str', 'chars': 1883}, {'role': 'user', 'type':   
         'str', 'chars': 29}, {'role': 'assistant', 'type': 'str', 'chars': 93},
         {'role': 'user', 'type': 'str', 'chars': 29}, {'role': 'assistant',    
         'type': 'str', 'chars': 214}, {'role': 'user', 'type': 'str', 'chars': 
         28}, {'role': 'assistant', 'type': 'str', 'chars': 137}, {'role':      
         'user', 'type': 'str', 'chars': 28}, {'role': 'assistant', 'type':     
         'str', 'chars': 2910}, {'role': 'user', 'type': 'str', 'chars': 29},   
         {'role': 'assistant', 'type': 'str', 'chars': 70}, {'role': 'user',    
         'type': 'str', 'chars': 29}, {'role': 'assistant', 'type': 'str',      
         'chars': 225}, {'role': 'user', 'type': 'str', 'chars': 28}, {'role':  
         'assistant', 'type': 'str', 'chars': 125}, {'role': 'user', 'type':    
         'str', 'chars': 28}, {'role': 'assistant', 'type': 'str', 'chars':     
         212}, {'role': 'user', 'type': 'str', 'chars': 28}, {'role':           
         'assistant', 'type': 'str', 'chars': 3990}, {'role': 'user', 'type':   
         'str', 'chars': 30}, {'role': 'assistant', 'type': 'str', 'chars': 84},
         {'role': 'user', 'type': 'str', 'chars': 29}, {'role': 'assistant',    
         'type': 'str', 'chars': 173}, {'role': 'user', 'type': 'str', 'chars': 
         29}, {'role': 'assistant', 'type': 'str', 'chars': 227}, {'role':      
         'user', 'type': 'str', 'chars': 28}, {'role': 'assistant', 'type':     
         'str', 'chars': 4510}, {'role': 'user', 'type': 'str', 'chars': 30},   
         {'role': 'assistant', 'type': 'str', 'chars': 113}, {'role': 'user',   
         'type': 'str', 'chars': 29}, {'role': 'assistant', 'type': 'str',      
         'chars': 205}, {'role': 'user', 'type': 'str', 'chars': 28}, {'role':  
         'assistant', 'type': 'str', 'chars': 460}, {'role': 'user', 'type':    
         'str', 'chars': 28}, {'role': 'assistant', 'type': 'str', 'chars':     
         243}, {'role': 'user', 'type': 'str', 'chars': 28}, {'role':           
         'assistant', 'type': 'str', 'chars': 3425}, {'role': 'user', 'type':   
         'str', 'chars': 30}, {'role': 'assistant', 'type': 'str', 'chars':     
         103}, {'role': 'user', 'type': 'str', 'chars': 1649}, {'role':         
         'assistant', 'type': 'str', 'chars': 354}, {'role': 'user', 'type':    
         'str', 'chars': 166}, {'role': 'assistant', 'type': 'str', 'chars':    
         407}, {'role': 'user', 'type': 'str', 'chars': 230}, {'role':          
         'assistant', 'type': 'str', 'chars': 2789}, {'role': 'user', 'type':   
         'str', 'chars': 3119}, {'role': 'assistant', 'type': 'str', 'chars':   
         106}, {'role': 'user', 'type': 'str', 'chars': 2858}]                  
INFO     Messages API response received: status=200 elapsed=226.0s              
WARNING  Messages API empty response: keys=['content', 'id', 'model', 'role',   
         'stop_reason', 'type', 'usage'] block_types=['thinking']               
         stop_reason=max_tokens usage={'input_tokens': 15511, 'output_tokens':  
         8192}                                                                  
WARNING  Messages API returned thinking-only max_tokens; retrying with thinking 
         disabled                                                               
DEBUG    input_tokens=15,505, output_tokens=84, instance_cost=0.00, cost=0.00   
DEBUG    total_tokens_sent=355,634, total_tokens_received=37,082,               
         total_cost=0.00, total_api_calls=38                                    
INFO     濠电姷顣藉Σ鍛村磻閹捐泛绶ゅù鐘差儏閻ゎ喗銇勯弽銊х焼闁?THOUGHT (primary)
         DISCUSSION                                                             
         The base64 matches perfectly when re-encoded, so there's no            
         steganography in the base64 encoding itself. The text is a simple      
         message with the key "infiltration" mentioned. Let me try more flag    
         formats - maybe the flag is just the key in a specific format, or maybe
         I need to look at this differently.                                    
                                                                                
INFO     濠电姷顣藉Σ鍛村磻閹捐泛绶ゅù鐘差儏閻ゎ喗銇勯幇鈺佲偓妤佺▔?ACTION       
         (primary)                                                              
         submit 'flag{infiltration}'                                            
                                                                                
WARNING  Wrong flag submission found.                                           
INFO     濠电姷顣藉Σ鍛村磻閹捐泛绶ゅù鐘差儏缁愭鎱ㄥ鍡楀姦?MODEL INPUT         
         Wrong flag!                                                            
         (Open file: /__tmp__enigma-crypto4-5z01tkca__repo/decode8.py)          
         (Current directory: /__tmp__enigma-crypto4-5z01tkca__repo)             
         (Interactive session: n/a)                                             
         bash-$                                                                 
INFO     Messages API request start: model=glm52_10 messages=77 timeout=1170.0s 
         max_tokens=8192 native_tools=False thinking=auto shape=[{'role':       
         'user', 'type': 'str', 'chars': 3519}, {'role': 'assistant', 'type':   
         'str', 'chars': 132}, {'role': 'user', 'type': 'str', 'chars': 28},    
         {'role': 'assistant', 'type': 'str', 'chars': 84}, {'role': 'user',    
         'type': 'str', 'chars': 28}, {'role': 'assistant', 'type': 'str',      
         'chars': 410}, {'role': 'user', 'type': 'str', 'chars': 28}, {'role':  
         'assistant', 'type': 'str', 'chars': 377}, {'role': 'user', 'type':    
         'str', 'chars': 29}, {'role': 'assistant', 'type': 'str', 'chars':     
         275}, {'role': 'user', 'type': 'str', 'chars': 28}, {'role':           
         'assistant', 'type': 'str', 'chars': 1484}, {'role': 'user', 'type':   
         'str', 'chars': 28}, {'role': 'assistant', 'type': 'str', 'chars':     
         126}, {'role': 'user', 'type': 'str', 'chars': 28}, {'role':           
         'assistant', 'type': 'str', 'chars': 1181}, {'role': 'user', 'type':   
         'str', 'chars': 29}, {'role': 'assistant', 'type': 'str', 'chars':     
         114}, {'role': 'user', 'type': 'str', 'chars': 29}, {'role':           
         'assistant', 'type': 'str', 'chars': 263}, {'role': 'user', 'type':    
         'str', 'chars': 28}, {'role': 'assistant', 'type': 'str', 'chars':     
         1997}, {'role': 'user', 'type': 'str', 'chars': 29}, {'role':          
         'assistant', 'type': 'str', 'chars': 135}, {'role': 'user', 'type':    
         'str', 'chars': 29}, {'role': 'assistant', 'type': 'str', 'chars':     
         197}, {'role': 'user', 'type': 'str', 'chars': 28}, {'role':           
         'assistant', 'type': 'str', 'chars': 1883}, {'role': 'user', 'type':   
         'str', 'chars': 29}, {'role': 'assistant', 'type': 'str', 'chars': 93},
         {'role': 'user', 'type': 'str', 'chars': 29}, {'role': 'assistant',    
         'type': 'str', 'chars': 214}, {'role': 'user', 'type': 'str', 'chars': 
         28}, {'role': 'assistant', 'type': 'str', 'chars': 137}, {'role':      
         'user', 'type': 'str', 'chars': 28}, {'role': 'assistant', 'type':     
         'str', 'chars': 2910}, {'role': 'user', 'type': 'str', 'chars': 29},   
         {'role': 'assistant', 'type': 'str', 'chars': 70}, {'role': 'user',    
         'type': 'str', 'chars': 29}, {'role': 'assistant', 'type': 'str',      
         'chars': 225}, {'role': 'user', 'type': 'str', 'chars': 28}, {'role':  
         'assistant', 'type': 'str', 'chars': 125}, {'role': 'user', 'type':    
         'str', 'chars': 28}, {'role': 'assistant', 'type': 'str', 'chars':     
         212}, {'role': 'user', 'type': 'str', 'chars': 28}, {'role':           
         'assistant', 'type': 'str', 'chars': 3990}, {'role': 'user', 'type':   
         'str', 'chars': 30}, {'role': 'assistant', 'type': 'str', 'chars': 84},
         {'role': 'user', 'type': 'str', 'chars': 29}, {'role': 'assistant',    
         'type': 'str', 'chars': 173}, {'role': 'user', 'type': 'str', 'chars': 
         29}, {'role': 'assistant', 'type': 'str', 'chars': 227}, {'role':      
         'user', 'type': 'str', 'chars': 28}, {'role': 'assistant', 'type':     
         'str', 'chars': 4510}, {'role': 'user', 'type': 'str', 'chars': 30},   
         {'role': 'assistant', 'type': 'str', 'chars': 113}, {'role': 'user',   
         'type': 'str', 'chars': 29}, {'role': 'assistant', 'type': 'str',      
         'chars': 205}, {'role': 'user', 'type': 'str', 'chars': 28}, {'role':  
         'assistant', 'type': 'str', 'chars': 460}, {'role': 'user', 'type':    
         'str', 'chars': 28}, {'role': 'assistant', 'type': 'str', 'chars':     
         243}, {'role': 'user', 'type': 'str', 'chars': 28}, {'role':           
         'assistant', 'type': 'str', 'chars': 3425}, {'role': 'user', 'type':   
         'str', 'chars': 30}, {'role': 'assistant', 'type': 'str', 'chars':     
         103}, {'role': 'user', 'type': 'str', 'chars': 29}, {'role':           
         'assistant', 'type': 'str', 'chars': 354}, {'role': 'user', 'type':    
         'str', 'chars': 166}, {'role': 'assistant', 'type': 'str', 'chars':    
         407}, {'role': 'user', 'type': 'str', 'chars': 230}, {'role':          
         'assistant', 'type': 'str', 'chars': 2789}, {'role': 'user', 'type':   
         'str', 'chars': 3119}, {'role': 'assistant', 'type': 'str', 'chars':   
         106}, {'role': 'user', 'type': 'str', 'chars': 2858}, {'role':         
         'assistant', 'type': 'str', 'chars': 348}, {'role': 'user', 'type':    
         'str', 'chars': 166}]                                                  
INFO     Messages API response received: status=200 elapsed=2.1s                
DEBUG    input_tokens=14,967, output_tokens=48, instance_cost=0.00, cost=0.00   
DEBUG    total_tokens_sent=370,601, total_tokens_received=37,130,               
         total_cost=0.00, total_api_calls=39                                    
INFO     濠电姷顣藉Σ鍛村磻閹捐泛绶ゅù鐘差儏閻ゎ喗銇勯弽銊х焼闁?THOUGHT (primary)
         DISCUSSION                                                             
         Let me try more flag formats and also try using the key "infiltration" 
         with a Vigenere cipher on the base64 string, then decoding the result. 
                                                                                
INFO     濠电姷顣藉Σ鍛村磻閹捐泛绶ゅù鐘差儏閻ゎ喗銇勯幇鈺佲偓妤佺▔?ACTION       
         (primary)                                                              
         create decode9.py                                                      
                                                                                
INFO     濠电姷顣藉Σ鍛村磻閹捐泛绶ゅù鐘差儏缁愭鎱ㄥ鍡楀姦?MODEL INPUT         
         [File: /__tmp__enigma-crypto4-5z01tkca__repo/decode9.py (1 lines       
         total)]                                                                
         1:                                                                     
         (Open file: /__tmp__enigma-crypto4-5z01tkca__repo/decode9.py)          
         (Current directory: /__tmp__enigma-crypto4-5z01tkca__repo)             
         (Interactive session: n/a)                                             
         bash-$                                                                 
INFO     Messages API request start: model=glm52_10 messages=79 timeout=1170.0s 
         max_tokens=8192 native_tools=False thinking=auto shape=[{'role':       
         'user', 'type': 'str', 'chars': 3519}, {'role': 'assistant', 'type':   
         'str', 'chars': 132}, {'role': 'user', 'type': 'str', 'chars': 28},    
         {'role': 'assistant', 'type': 'str', 'chars': 84}, {'role': 'user',    
         'type': 'str', 'chars': 28}, {'role': 'assistant', 'type': 'str',      
         'chars': 410}, {'role': 'user', 'type': 'str', 'chars': 28}, {'role':  
         'assistant', 'type': 'str', 'chars': 377}, {'role': 'user', 'type':    
         'str', 'chars': 29}, {'role': 'assistant', 'type': 'str', 'chars':     
         275}, {'role': 'user', 'type': 'str', 'chars': 28}, {'role':           
         'assistant', 'type': 'str', 'chars': 1484}, {'role': 'user', 'type':   
         'str', 'chars': 28}, {'role': 'assistant', 'type': 'str', 'chars':     
         126}, {'role': 'user', 'type': 'str', 'chars': 28}, {'role':           
         'assistant', 'type': 'str', 'chars': 1181}, {'role': 'user', 'type':   
         'str', 'chars': 29}, {'role': 'assistant', 'type': 'str', 'chars':     
         114}, {'role': 'user', 'type': 'str', 'chars': 29}, {'role':           
         'assistant', 'type': 'str', 'chars': 263}, {'role': 'user', 'type':    
         'str', 'chars': 28}, {'role': 'assistant', 'type': 'str', 'chars':     
         1997}, {'role': 'user', 'type': 'str', 'chars': 29}, {'role':          
         'assistant', 'type': 'str', 'chars': 135}, {'role': 'user', 'type':    
         'str', 'chars': 29}, {'role': 'assistant', 'type': 'str', 'chars':     
         197}, {'role': 'user', 'type': 'str', 'chars': 28}, {'role':           
         'assistant', 'type': 'str', 'chars': 1883}, {'role': 'user', 'type':   
         'str', 'chars': 29}, {'role': 'assistant', 'type': 'str', 'chars': 93},
         {'role': 'user', 'type': 'str', 'chars': 29}, {'role': 'assistant',    
         'type': 'str', 'chars': 214}, {'role': 'user', 'type': 'str', 'chars': 
         28}, {'role': 'assistant', 'type': 'str', 'chars': 137}, {'role':      
         'user', 'type': 'str', 'chars': 28}, {'role': 'assistant', 'type':     
         'str', 'chars': 2910}, {'role': 'user', 'type': 'str', 'chars': 29},   
         {'role': 'assistant', 'type': 'str', 'chars': 70}, {'role': 'user',    
         'type': 'str', 'chars': 29}, {'role': 'assistant', 'type': 'str',      
         'chars': 225}, {'role': 'user', 'type': 'str', 'chars': 28}, {'role':  
         'assistant', 'type': 'str', 'chars': 125}, {'role': 'user', 'type':    
         'str', 'chars': 28}, {'role': 'assistant', 'type': 'str', 'chars':     
         212}, {'role': 'user', 'type': 'str', 'chars': 28}, {'role':           
         'assistant', 'type': 'str', 'chars': 3990}, {'role': 'user', 'type':   
         'str', 'chars': 30}, {'role': 'assistant', 'type': 'str', 'chars': 84},
         {'role': 'user', 'type': 'str', 'chars': 29}, {'role': 'assistant',    
         'type': 'str', 'chars': 173}, {'role': 'user', 'type': 'str', 'chars': 
         29}, {'role': 'assistant', 'type': 'str', 'chars': 227}, {'role':      
         'user', 'type': 'str', 'chars': 28}, {'role': 'assistant', 'type':     
         'str', 'chars': 4510}, {'role': 'user', 'type': 'str', 'chars': 30},   
         {'role': 'assistant', 'type': 'str', 'chars': 113}, {'role': 'user',   
         'type': 'str', 'chars': 29}, {'role': 'assistant', 'type': 'str',      
         'chars': 205}, {'role': 'user', 'type': 'str', 'chars': 28}, {'role':  
         'assistant', 'type': 'str', 'chars': 460}, {'role': 'user', 'type':    
         'str', 'chars': 28}, {'role': 'assistant', 'type': 'str', 'chars':     
         243}, {'role': 'user', 'type': 'str', 'chars': 28}, {'role':           
         'assistant', 'type': 'str', 'chars': 3425}, {'role': 'user', 'type':   
         'str', 'chars': 30}, {'role': 'assistant', 'type': 'str', 'chars':     
         103}, {'role': 'user', 'type': 'str', 'chars': 29}, {'role':           
         'assistant', 'type': 'str', 'chars': 354}, {'role': 'user', 'type':    
         'str', 'chars': 28}, {'role': 'assistant', 'type': 'str', 'chars':     
         407}, {'role': 'user', 'type': 'str', 'chars': 230}, {'role':          
         'assistant', 'type': 'str', 'chars': 2789}, {'role': 'user', 'type':   
         'str', 'chars': 3119}, {'role': 'assistant', 'type': 'str', 'chars':   
         106}, {'role': 'user', 'type': 'str', 'chars': 2858}, {'role':         
         'assistant', 'type': 'str', 'chars': 348}, {'role': 'user', 'type':    
         'str', 'chars': 166}, {'role': 'assistant', 'type': 'str', 'chars':    
         178}, {'role': 'user', 'type': 'str', 'chars': 230}]                   
INFO     Messages API response received: status=200 elapsed=222.1s              
WARNING  Messages API empty response: keys=['content', 'id', 'model', 'role',   
         'stop_reason', 'type', 'usage'] block_types=['thinking']               
         stop_reason=max_tokens usage={'input_tokens': 15052, 'output_tokens':  
         8192}                                                                  
WARNING  Messages API returned thinking-only max_tokens; retrying with thinking 
         disabled                                                               
DEBUG    input_tokens=15,046, output_tokens=1,652, instance_cost=0.00, cost=0.00
DEBUG    total_tokens_sent=385,647, total_tokens_received=38,782,               
         total_cost=0.00, total_api_calls=40                                    
INFO     濠电姷顣藉Σ鍛村磻閹捐泛绶ゅù鐘差儏閻ゎ喗銇勯弽銊х焼闁?THOUGHT (primary)
         DISCUSSION                                                             
         Let me try a comprehensive approach - maybe the base64 string is the   
         ciphertext that needs to be decrypted with Vigenere using key          
         "infiltration", then base64 decoded. Or maybe the decoded text needs to
         be Vigenere decrypted with the key to reveal the flag.                 
                                                                                
INFO     濠电姷顣藉Σ鍛村磻閹捐泛绶ゅù鐘差儏閻ゎ喗銇勯幇鈺佲偓妤佺▔?ACTION       
         (primary)                                                              
         edit 1:1                                                               
         import base64                                                          
         import string                                                          
                                                                                
         cipher_b64 =                                                           
         "VGhhdCBtZWV0aW5nIHdhcyBhIGxpdHRsZSBjcmF6eS4gV2UgaGF2ZSBubyBpZGVhIHdoZX
         JlIHRob3NlIGd1eXMgaW4gdGhlIGJsYWNrIHN1aXRzIGNhbWUgZnJvbSwgYnV0IHdlIGFyZ
         SBsb29raW5nIGludG8gaXQuIFVzZSB0aGUga2V5IGluZmlsdHJhdGlvbiBmb3IgbmV4dCB3
         ZWVrknMgbWVldGluZy4gU3RheSB3aXRoIHRoZSBjYXVzZSBhbmQgd2Ugd2lsbCBzdWNjZWV
         kLg=="                                                                 
         decoded = base64.b64decode(cipher_b64)                                 
         text = decoded.decode('latin-1')                                       
         key = "infiltration"                                                   
                                                                                
         # 1. Vigenere decrypt the base64 string, then base64 decode            
         def vigenere_decrypt(ciphertext, key):                                 
             result = []                                                        
             key_idx = 0                                                        
             for c in ciphertext:                                               
                 if c.isalpha():                                                
                     shift = ord(key[key_idx % len(key)].lower()) - ord('a')    
                     if c.isupper():                                            
                         result.append(chr((ord(c) - ord('A') - shift) % 26 +   
         ord('A')))                                                             
                     else:                                                      
                         result.append(chr((ord(c) - ord('a') - shift) % 26 +   
         ord('a')))                                                             
                     key_idx += 1                                               
                 else:                                                          
                     result.append(c)                                           
             return ''.join(result)                                             
                                                                                
         def vigenere_encrypt(plaintext, key):                                  
             result = []                                                        
             key_idx = 0                                                        
             for c in plaintext:                                                
                 if c.isalpha():                                                
                     shift = ord(key[key_idx % len(key)].lower()) - ord('a')    
                     if c.isupper():                                            
                         result.append(chr((ord(c) - ord('A') + shift) % 26 +   
         ord('A')))                                                             
                     else:                                                      
                         result.append(chr((ord(c) - ord('a') + shift) % 26 +   
         ord('a')))                                                             
                     key_idx += 1                                               
                 else:                                                          
                     result.append(c)                                           
             return ''.join(result)                                             
                                                                                
         # Vigenere decrypt the base64 string                                   
         vig_dec_b64 = vigenere_decrypt(cipher_b64, key)                        
         print("Vigenere decrypt of base64:", vig_dec_b64)                      
         try:                                                                   
             vig_dec_decoded = base64.b64decode(vig_dec_b64)                    
             print("  -> base64 decoded:", vig_dec_decoded)                     
         except:                                                                
             print("  -> not valid base64")                                     
                                                                                
         # Vigenere encrypt the base64 string                                   
         vig_enc_b64 = vigenere_encrypt(cipher_b64, key)                        
         print("\nVigenere encrypt of base64:", vig_enc_b64)                    
         try:                                                                   
             vig_enc_decoded = base64.b64decode(vig_enc_b64)                    
             print("  -> base64 decoded:", vig_enc_decoded)                     
         except:                                                                
             print("  -> not valid base64")                                     
                                                                                
         # 2. Maybe the text is Vigenere encrypted and we need to decrypt it    
         vig_dec_text = vigenere_decrypt(text, key)                             
         print("\nVigenere decrypt of text:", vig_dec_text)                     
                                                                                
         # 3. Maybe the text is Vigenere encrypted with key, and we need to find
         the flag                                                               
         # Try all possible keys of length 1-12 and look for "flag" in the      
         result                                                                 
         print("\n=== Brute force Vigenere with short keys ===")                
         for key_len in range(1, 13):                                           
             for key_start in range(26 ** min(key_len, 3)):  # Limit brute force
                 if key_len <= 3:                                               
                     test_key = ''.join(chr(ord('a') + (key_start // (26 ** i) %
         26)) for i in range(key_len))                                          
                 else:                                                          
                     break                                                      
                 result = vigenere_decrypt(text, test_key)                      
                 if 'flag' in result.lower() or 'ctf' in result.lower() or '{'  
         in result:                                                             
                     print(f"Key '{test_key}': {result}")                       
                                                                                
         # 4. Try Atbash cipher                                                 
         def atbash(text):                                                      
             result = []                                                        
             for c in text:                                                     
                 if c.isupper():                                                
                     result.append(chr(ord('Z') - (ord(c) - ord('A'))))         
                 elif c.islower():                                              
                     result.append(chr(ord('z') - (ord(c) - ord('a'))))         
                 else:                                                          
                     result.append(c)                                           
             return ''.join(result)                                             
                                                                                
         print("\nAtbash of text:", atbash(text))                               
                                                                                
         # 5. Try ROT13                                                         
         import codecs                                                          
         print("ROT13 of text:", codecs.decode(text, 'rot_13'))                 
                                                                                
         # 6. Try all Caesar shifts on the text                                 
         print("\n=== Caesar shifts ===")                                       
         for shift in range(26):                                                
             shifted = ''                                                       
             for c in text:                                                     
                 if c.isalpha():                                                
                     if c.isupper():                                            
                         shifted += chr((ord(c) - ord('A') + shift) % 26 +      
         ord('A'))                                                              
                     else:                                                      
                         shifted += chr((ord(c) - ord('a') + shift) % 26 +      
         ord('a'))                                                              
                 else:                                                          
                     shifted += c                                               
             if 'flag' in shifted.lower() or 'ctf' in shifted.lower() or '{' in 
         shifted:                                                               
                 print(f"Shift {shift}: {shifted}")                             
                                                                                
         # 7. Maybe the flag is hidden in the first letters of each sentence    
         sentences = [s.strip() for s in text.split('. ') if s]                 
         print(f"\nFirst letters of sentences: {''.join(s[0] for s in           
         sentences)}")                                                          
                                                                                
         # 8. Try extracting every character at position given by key           
         print("\n=== Character extraction with key ===")                       
         for start in range(5):                                                 
             result = ''                                                        
             for i, c in enumerate(text):                                       
                 if i % len(key) == start:                                      
                     result += c                                                
             print(f"Every {len(key)} chars starting at {start}: {result[:80]}")
                                                                                
         # 9. Try the key as a columnar transposition                           
         print("\n=== Columnar transposition decrypt ===")                      
         # Decrypt with key "infiltration"                                      
         key_order = sorted(range(len(key)), key=lambda i: key[i])              
         print(f"Key order: {key_order}")                                       
         # Remove non-alpha for transposition                                   
         alpha_text = ''.join(c for c in text if c.isalpha())                   
         print(f"Alpha text length: {len(alpha_text)}")                         
         num_cols = len(key)                                                    
         num_rows = len(alpha_text) // num_cols + (1 if len(alpha_text) %       
         num_cols else 0)                                                       
         print(f"Cols: {num_cols}, Rows: {num_rows}")                           
                                                                                
         # Fill columns in key order                                            
         grid = [''] * num_cols                                                 
         idx = 0                                                                
         for col in key_order:                                                  
             for row in range(num_rows):                                        
                 if idx < len(alpha_text):                                      
                     grid[col] += alpha_text[idx]                               
                     idx += 1                                                   
                                                                                
         # Read rows                                                            
         result = ''                                                            
         for row in range(num_rows):                                            
             for col in range(num_cols):                                        
                 if row < len(grid[col]):                                       
                     result += grid[col][row]                                   
         print(f"Columnar transposition: {result}")                             
         end_of_edit                                                            
                                                                                
INFO     濠电姷顣藉Σ鍛村磻閹捐泛绶ゅù鐘差儏缁愭鎱ㄥ鍡楀姦?MODEL INPUT         
         [File: /__tmp__enigma-crypto4-5z01tkca__repo/decode9.py (148 lines     
         total)]                                                                
         1:import base64                                                        
         2:import string                                                        
         3:                                                                     
         4:cipher_b64 =                                                         
         "VGhhdCBtZWV0aW5nIHdhcyBhIGxpdHRsZSBjcmF6eS4gV2UgaGF2ZSBubyBpZGVhIHdoZX
         JlIHRob3NlIGd1eXMgaW4gdGhlIGJsYWNrIHN1aXRzIGNhbWUgZnJvbSwgYnV0IHdlIGFyZ
         SBsb29raW5nIGludG8gaXQuIFVzZSB0aGUga2V5IGluZmlsdHJhdGlvbiBmb3IgbmV4dCB3
         ZWVrknMgbWVldGluZy4gU3RheSB3aXRoIHRoZSBjYXVzZSBhbmQgd2Ugd2lsbCBzdWNjZWV
         kLg=="                                                                 
         5:decoded = base64.b64decode(cipher_b64)                               
         6:text = decoded.decode('latin-1')                                     
         7:key = "infiltration"                                                 
         8:                                                                     
         9:# 1. Vigenere decrypt the base64 string, then base64 decode          
         10:def vigenere_decrypt(ciphertext, key):                              
         11:    result = []                                                     
         12:    key_idx = 0                                                     
         13:    for c in ciphertext:                                            
         14:        if c.isalpha():                                             
         15:            shift = ord(key[key_idx % len(key)].lower()) - ord('a') 
         16:            if c.isupper():                                         
         17:                result.append(chr((ord(c) - ord('A') - shift) % 26 +
         ord('A')))                                                             
         18:            else:                                                   
         19:                result.append(chr((ord(c) - ord('a') - shift) % 26 +
         ord('a')))                                                             
         20:            key_idx += 1                                            
         21:        else:                                                       
         22:            result.append(c)                                        
         23:    return ''.join(result)                                          
         24:                                                                    
         25:def vigenere_encrypt(plaintext, key):                               
         26:    result = []                                                     
         27:    key_idx = 0                                                     
         28:    for c in plaintext:                                             
         29:        if c.isalpha():                                             
         30:            shift = ord(key[key_idx % len(key)].lower()) - ord('a') 
         31:            if c.isupper():                                         
         32:                result.append(chr((ord(c) - ord('A') + shift) % 26 +
         ord('A')))                                                             
         33:            else:                                                   
         34:                result.append(chr((ord(c) - ord('a') + shift) % 26 +
         ord('a')))                                                             
         35:            key_idx += 1                                            
         36:        else:                                                       
         37:            result.append(c)                                        
         38:    return ''.join(result)                                          
         39:                                                                    
         40:# Vigenere decrypt the base64 string                                
         41:vig_dec_b64 = vigenere_decrypt(cipher_b64, key)                     
         42:print("Vigenere decrypt of base64:", vig_dec_b64)                   
         43:try:                                                                
         44:    vig_dec_decoded = base64.b64decode(vig_dec_b64)                 
         45:    print("  -> base64 decoded:", vig_dec_decoded)                  
         46:except:                                                             
         47:    print("  -> not valid base64")                                  
         48:                                                                    
         49:# Vigenere encrypt the base64 string                                
         50:vig_enc_b64 = vigenere_encrypt(cipher_b64, key)                     
         51:print("\nVigenere encrypt of base64:", vig_enc_b64)                 
         52:try:                                                                
         53:    vig_enc_decoded = base64.b64decode(vig_enc_b64)                 
         54:    print("  -> base64 decoded:", vig_enc_decoded)                  
         55:except:                                                             
         56:    print("  -> not valid base64")                                  
         57:                                                                    
         58:# 2. Maybe the text is Vigenere encrypted and we need to decrypt it 
         59:vig_dec_text = vigenere_decrypt(text, key)                          
         60:print("\nVigenere decrypt of text:", vig_dec_text)                  
         61:                                                                    
         62:# 3. Maybe the text is Vigenere encrypted with key, and we need to  
         find the flag                                                          
         63:# Try all possible keys of length 1-12 and look for "flag" in the   
         result                                                                 
         64:print("\n=== Brute force Vigenere with short keys ===")             
         65:for key_len in range(1, 13):                                        
         66:    for key_start in range(26 ** min(key_len, 3)):  # Limit brute   
         force                                                                  
         67:        if key_len <= 3:                                            
         68:            test_key = ''.join(chr(ord('a') + (key_start // (26 **  
         i) % 26)) for i in range(key_len))                                     
         69:        else:                                                       
         70:            break                                                   
         71:        result = vigenere_decrypt(text, test_key)                   
         72:        if 'flag' in result.lower() or 'ctf' in result.lower() or   
         '{' in result:                                                         
         73:            print(f"Key '{test_key}': {result}")                    
         74:                                                                    
         75:# 4. Try Atbash cipher                                              
         76:def atbash(text):                                                   
         77:    result = []                                                     
         78:    for c in text:                                                  
         79:        if c.isupper():                                             
         80:            result.append(chr(ord('Z') - (ord(c) - ord('A'))))      
         81:        elif c.islower():                                           
         82:            result.append(chr(ord('z') - (ord(c) - ord('a'))))      
         83:        else:                                                       
         84:            result.append(c)                                        
         85:    return ''.join(result)                                          
         86:                                                                    
         87:print("\nAtbash of text:", atbash(text))                            
         88:                                                                    
         89:# 5. Try ROT13                                                      
         90:import codecs                                                       
         91:print("ROT13 of text:", codecs.decode(text, 'rot_13'))              
         92:                                                                    
         93:# 6. Try all Caesar shifts on the text                              
         94:print("\n=== Caesar shifts ===")                                    
         95:for shift in range(26):                                             
         96:    shifted = ''                                                    
         97:    for c in text:                                                  
         98:        if c.isalpha():                                             
         99:            if c.isupper():                                         
         100:                shifted += chr((ord(c) - ord('A') + shift) % 26 +  
         ord('A'))                                                              
         (48 more lines below)                                                  
         File updated. Please review the changes and make sure they are correct 
         (correct indentation, no duplicate lines, etc). Edit the file again if 
         necessary.                                                             
         (Open file: /__tmp__enigma-crypto4-5z01tkca__repo/decode9.py)          
         (Current directory: /__tmp__enigma-crypto4-5z01tkca__repo)             
         (Interactive session: n/a)                                             
         bash-$                                                                 
INFO     Messages API request start: model=glm52_10 messages=81 timeout=1170.0s 
         max_tokens=8192 native_tools=False thinking=auto shape=[{'role':       
         'user', 'type': 'str', 'chars': 3519}, {'role': 'assistant', 'type':   
         'str', 'chars': 132}, {'role': 'user', 'type': 'str', 'chars': 28},    
         {'role': 'assistant', 'type': 'str', 'chars': 84}, {'role': 'user',    
         'type': 'str', 'chars': 28}, {'role': 'assistant', 'type': 'str',      
         'chars': 410}, {'role': 'user', 'type': 'str', 'chars': 28}, {'role':  
         'assistant', 'type': 'str', 'chars': 377}, {'role': 'user', 'type':    
         'str', 'chars': 29}, {'role': 'assistant', 'type': 'str', 'chars':     
         275}, {'role': 'user', 'type': 'str', 'chars': 28}, {'role':           
         'assistant', 'type': 'str', 'chars': 1484}, {'role': 'user', 'type':   
         'str', 'chars': 28}, {'role': 'assistant', 'type': 'str', 'chars':     
         126}, {'role': 'user', 'type': 'str', 'chars': 28}, {'role':           
         'assistant', 'type': 'str', 'chars': 1181}, {'role': 'user', 'type':   
         'str', 'chars': 29}, {'role': 'assistant', 'type': 'str', 'chars':     
         114}, {'role': 'user', 'type': 'str', 'chars': 29}, {'role':           
         'assistant', 'type': 'str', 'chars': 263}, {'role': 'user', 'type':    
         'str', 'chars': 28}, {'role': 'assistant', 'type': 'str', 'chars':     
         1997}, {'role': 'user', 'type': 'str', 'chars': 29}, {'role':          
         'assistant', 'type': 'str', 'chars': 135}, {'role': 'user', 'type':    
         'str', 'chars': 29}, {'role': 'assistant', 'type': 'str', 'chars':     
         197}, {'role': 'user', 'type': 'str', 'chars': 28}, {'role':           
         'assistant', 'type': 'str', 'chars': 1883}, {'role': 'user', 'type':   
         'str', 'chars': 29}, {'role': 'assistant', 'type': 'str', 'chars': 93},
         {'role': 'user', 'type': 'str', 'chars': 29}, {'role': 'assistant',    
         'type': 'str', 'chars': 214}, {'role': 'user', 'type': 'str', 'chars': 
         28}, {'role': 'assistant', 'type': 'str', 'chars': 137}, {'role':      
         'user', 'type': 'str', 'chars': 28}, {'role': 'assistant', 'type':     
         'str', 'chars': 2910}, {'role': 'user', 'type': 'str', 'chars': 29},   
         {'role': 'assistant', 'type': 'str', 'chars': 70}, {'role': 'user',    
         'type': 'str', 'chars': 29}, {'role': 'assistant', 'type': 'str',      
         'chars': 225}, {'role': 'user', 'type': 'str', 'chars': 28}, {'role':  
         'assistant', 'type': 'str', 'chars': 125}, {'role': 'user', 'type':    
         'str', 'chars': 28}, {'role': 'assistant', 'type': 'str', 'chars':     
         212}, {'role': 'user', 'type': 'str', 'chars': 28}, {'role':           
         'assistant', 'type': 'str', 'chars': 3990}, {'role': 'user', 'type':   
         'str', 'chars': 30}, {'role': 'assistant', 'type': 'str', 'chars': 84},
         {'role': 'user', 'type': 'str', 'chars': 29}, {'role': 'assistant',    
         'type': 'str', 'chars': 173}, {'role': 'user', 'type': 'str', 'chars': 
         29}, {'role': 'assistant', 'type': 'str', 'chars': 227}, {'role':      
         'user', 'type': 'str', 'chars': 28}, {'role': 'assistant', 'type':     
         'str', 'chars': 4510}, {'role': 'user', 'type': 'str', 'chars': 30},   
         {'role': 'assistant', 'type': 'str', 'chars': 113}, {'role': 'user',   
         'type': 'str', 'chars': 29}, {'role': 'assistant', 'type': 'str',      
         'chars': 205}, {'role': 'user', 'type': 'str', 'chars': 28}, {'role':  
         'assistant', 'type': 'str', 'chars': 460}, {'role': 'user', 'type':    
         'str', 'chars': 28}, {'role': 'assistant', 'type': 'str', 'chars':     
         243}, {'role': 'user', 'type': 'str', 'chars': 28}, {'role':           
         'assistant', 'type': 'str', 'chars': 3425}, {'role': 'user', 'type':   
         'str', 'chars': 30}, {'role': 'assistant', 'type': 'str', 'chars':     
         103}, {'role': 'user', 'type': 'str', 'chars': 29}, {'role':           
         'assistant', 'type': 'str', 'chars': 354}, {'role': 'user', 'type':    
         'str', 'chars': 28}, {'role': 'assistant', 'type': 'str', 'chars':     
         407}, {'role': 'user', 'type': 'str', 'chars': 28}, {'role':           
         'assistant', 'type': 'str', 'chars': 2789}, {'role': 'user', 'type':   
         'str', 'chars': 3119}, {'role': 'assistant', 'type': 'str', 'chars':   
         106}, {'role': 'user', 'type': 'str', 'chars': 2858}, {'role':         
         'assistant', 'type': 'str', 'chars': 348}, {'role': 'user', 'type':    
         'str', 'chars': 166}, {'role': 'assistant', 'type': 'str', 'chars':    
         178}, {'role': 'user', 'type': 'str', 'chars': 230}, {'role':          
         'assistant', 'type': 'str', 'chars': 5543}, {'role': 'user', 'type':   
         'str', 'chars': 4261}]                                                 
INFO     Messages API response received: status=200 elapsed=1.9s                
DEBUG    input_tokens=18,058, output_tokens=27, instance_cost=0.00, cost=0.00   
DEBUG    total_tokens_sent=403,705, total_tokens_received=38,809,               
         total_cost=0.00, total_api_calls=41                                    
INFO     濠电姷顣藉Σ鍛村磻閹捐泛绶ゅù鐘差儏閻ゎ喗銇勯弽銊х焼闁?THOUGHT (primary)
         DISCUSSION                                                             
         Let me run this comprehensive script to see all the results.           
                                                                                
INFO     濠电姷顣藉Σ鍛村磻閹捐泛绶ゅù鐘差儏閻ゎ喗銇勯幇鈺佲偓妤佺▔?ACTION       
         (primary)                                                              
         python3 decode9.py                                                     
                                                                                
DEBUG    Summarizing current observation for input python3 decode9.py           
                                                                                
DEBUG    📂 Copying /tmp/tmpahlqi7u4 to container                               
         batch-fb10011707f2-sweagent-enigma-latest-04b7cd1c92 (ID: c9cab6ee2558)
         at /output/python3_decode9_py__1788206188633                           
DEBUG    Copying /tmp/tmpahlqi7u4 to container at                               
         /output/python3_decode9_py__1788206188633 with command: docker cp      
         /tmp/tmpahlqi7u4                                                       
         c9cab6ee2558d92e1926c48f09dce0981bf69f629e9b007c663ddbece3dc9113:/outpu
         t/python3_decode9_py__1788206188633                                    
DEBUG    ✅ Successfully copied /tmp/tmpahlqi7u4 to container                   
         batch-fb10011707f2-sweagent-enigma-latest-04b7cd1c92                   
INFO     濠电姷顣藉Σ鍛村磻閹捐泛绶ゅù鐘差儏缁愭鎱ㄥ鍡楀姦?MODEL INPUT         
         Warning: Command output exceeded window, saved command to a file       
         /output/python3_decode9_py__1788206188633. Use 'open                   
         /output/python3_decode9_py__1788206188633' to view the full output.    
                                                                                
                                                                                
         Vigenere decrypt of base64:                                            
         NTczsJKtGOH0nO5aDZsolyIzUTpcyZGzISIbozX6rN4yK2BpaNX2LFThwqQwIGCzUUvbUPY
         sRHYgn3AdVBv1tEVghO4sqYugAVQbYDFdVZA1vPGgRGUznJMtUfYckSdyKaN0VCvaPPFfRE
         Oko29msL5uRGsmpT8ynSIjPOVgREO0sTPyp2C5RGsmLzdfyZYomGsnnvTzw3AvivV4kUN3M
         OImccTpbDNxqYypRn4nD3RowEO3sKMgXOAoGKNwQKQrOZKhieCtv2Hbv2azkCIrpJFwUOKr
         Ug==                                                                   
           -> base64 decoded:                                                   
         b'573\xb0\x92\xad\x18\xe1\xf4\x9c\xeeZ\r\x9b(\x97"3Q:\\\xc9\x91\xb3!"\x
         1b\xa35\xfa\xac\xde2+`ih\xd5\xf6,T\xe1\xc2\xa40 `\xb3QK\xdbP\xf6,Dv    
         \x9fp\x1dT\x1b\xf5\xb4E`\x84\xee,\xa9\x8b\xa0\x01T\x1b`1]U\x905\xbc\xf1
         \xa0De3\x9c\x93-Q\xf6\x1c\x91\'r)\xa3tT+\xda<\xf1_DC\xa4\xa3of\xb0\xben
         Dk&\xa5?2\x9d"#<\xe5`DC\xb4\xb13\xf2\xa7`\xb9Dk&/7_\xc9\x96(\x98k\'\x9e
         \xf4\xf3\xc3p/\x8a\xf5x\x91Cw0\xe2&q\xc4\xe9l3q\xa9\x8c\xa9F~\'\x0fth\x
         c0C\xb7\xb0\xa3                                                        
         \\\xe0(\x18\xa3p@\xa4+9\x92\xa1\x89\xe0\xad\xbfa\xdb\xbff\xb3\x90"+\xa4
         \x91pP\xe2\xabR'                                                       
                                                                                
         Vigenere encrypt of base64:                                            
         DTmpoVStSEJ0nE5aNPoatyUpWTfciPClQSUrqzN6rX4oG2NxaZN2NFJhggMiQGOpWUlbEFU
         eZHKwp3AtVLl1pQDgtE4uqOuqQRCjYPVfVPA1fFCsZGGppJCtEvUosSpoMaD0VMlwBXFrHG
         Oao29wiH5gZGecrT8onCYfBWVsHGO0iTZol2O5ZGecNztfiPUauGedpvJzg3QrudV4wKP3M
         EIwsyFxbPDzqOyzHj4zL3RamGO3iKWwTAIoSAPwGKAhKLShuuEtl2Hll2wlsCUhrJVwEEGd
         Cg==                                                                   
           -> base64 decoded:                                                   
         b'\r9\xa9\xa1T\xadHBt\x9cNZ4\xfa\x1a\xb7%)Y7\xdc\x88\xf0\xa5A%+\xab3z\x
         ad~(\x1bcqi\x93v4Ra\x82\x03"@c\xa9YI[\x10U\x1edr\xb0\xa7p-T\xb9u\xa5\x0
         0\xe0\xb4N.\xa8\xeb\xaaA\x10\xa3`\xf5_T\xf05|P\xacda\xa9\xa4\x90\xad\x1
         2\xf5(\xb1*h1\xa0\xf4T\xc9p\x05qk\x1cc\x9a\xa3op\x88~`dg\x9c\xad?(\x9c&
         \x1f\x05el\x1cc\xb4\x896h\x97c\xb9dg\x9c7;_\x88\xf5\x1a\xb8g\x9d\xa6\xf
         2s\x83t+\xb9\xd5x\xc0\xa3\xf70B0\xb3!ql\xf0\xf3\xa8\xec\xb3\x1e>3/tZ\x9
         8c\xb7\x88\xa5\xb0L\x02(H\x03\xf0\x18\xa0!(\xb4\xa1\xba\xe1-\x97a\xe5\x
         97l%\xb0%!\xac\x95p\x10A\x9d\n'                                        
                                                                                
         Vigenere decrypt of text: Luvl blntpfs jsf v dxacll udnrl. Rw whee ug  
         uqwn rztyn toger yhtk xu chl txnux nmxab cheq sjbh, tja fe hjq ygbfacn 
         rnag ug. Mfz lwl tef azsayojparou xae frsl llnkz eqrlviy. Hajy dafu luz
         upbbe hfp jw jdda zdcjwqq.                                             
                                                                                
         === Brute force Vigenere with short keys ===                           
         Key 'vj': Yyfk rvjknel nfj f cnkycj twrep. Bv mrav sf nujr byjij kmfxv 
         lldj ne yyj sqrhb xlnkx tfdj wwfr, szk bv fij ctfpzsx neyf nk. Zjj kmv 
         pvd zswncyifknfs wti svck bvjbx djvyzsx. Xkfp bzyy yyj tflxv fei nj    
         nncq jzthvju.                                                          
                                                                                
         ... (110 more lines in /output/python3_decode9_py__1788206188633)      
         (Open file: /__tmp__enigma-crypto4-5z01tkca__repo/decode9.py)          
         (Current directory: /__tmp__enigma-crypto4-5z01tkca__repo)             
         (Interactive session: n/a)                                             
         bash-$                                                                 
INFO     Messages API request start: model=glm52_10 messages=83 timeout=1170.0s 
         max_tokens=8192 native_tools=False thinking=auto shape=[{'role':       
         'user', 'type': 'str', 'chars': 3519}, {'role': 'assistant', 'type':   
         'str', 'chars': 132}, {'role': 'user', 'type': 'str', 'chars': 28},    
         {'role': 'assistant', 'type': 'str', 'chars': 84}, {'role': 'user',    
         'type': 'str', 'chars': 28}, {'role': 'assistant', 'type': 'str',      
         'chars': 410}, {'role': 'user', 'type': 'str', 'chars': 28}, {'role':  
         'assistant', 'type': 'str', 'chars': 377}, {'role': 'user', 'type':    
         'str', 'chars': 29}, {'role': 'assistant', 'type': 'str', 'chars':     
         275}, {'role': 'user', 'type': 'str', 'chars': 28}, {'role':           
         'assistant', 'type': 'str', 'chars': 1484}, {'role': 'user', 'type':   
         'str', 'chars': 28}, {'role': 'assistant', 'type': 'str', 'chars':     
         126}, {'role': 'user', 'type': 'str', 'chars': 28}, {'role':           
         'assistant', 'type': 'str', 'chars': 1181}, {'role': 'user', 'type':   
         'str', 'chars': 29}, {'role': 'assistant', 'type': 'str', 'chars':     
         114}, {'role': 'user', 'type': 'str', 'chars': 29}, {'role':           
         'assistant', 'type': 'str', 'chars': 263}, {'role': 'user', 'type':    
         'str', 'chars': 28}, {'role': 'assistant', 'type': 'str', 'chars':     
         1997}, {'role': 'user', 'type': 'str', 'chars': 29}, {'role':          
         'assistant', 'type': 'str', 'chars': 135}, {'role': 'user', 'type':    
         'str', 'chars': 29}, {'role': 'assistant', 'type': 'str', 'chars':     
         197}, {'role': 'user', 'type': 'str', 'chars': 28}, {'role':           
         'assistant', 'type': 'str', 'chars': 1883}, {'role': 'user', 'type':   
         'str', 'chars': 29}, {'role': 'assistant', 'type': 'str', 'chars': 93},
         {'role': 'user', 'type': 'str', 'chars': 29}, {'role': 'assistant',    
         'type': 'str', 'chars': 214}, {'role': 'user', 'type': 'str', 'chars': 
         28}, {'role': 'assistant', 'type': 'str', 'chars': 137}, {'role':      
         'user', 'type': 'str', 'chars': 28}, {'role': 'assistant', 'type':     
         'str', 'chars': 2910}, {'role': 'user', 'type': 'str', 'chars': 29},   
         {'role': 'assistant', 'type': 'str', 'chars': 70}, {'role': 'user',    
         'type': 'str', 'chars': 29}, {'role': 'assistant', 'type': 'str',      
         'chars': 225}, {'role': 'user', 'type': 'str', 'chars': 28}, {'role':  
         'assistant', 'type': 'str', 'chars': 125}, {'role': 'user', 'type':    
         'str', 'chars': 28}, {'role': 'assistant', 'type': 'str', 'chars':     
         212}, {'role': 'user', 'type': 'str', 'chars': 28}, {'role':           
         'assistant', 'type': 'str', 'chars': 3990}, {'role': 'user', 'type':   
         'str', 'chars': 30}, {'role': 'assistant', 'type': 'str', 'chars': 84},
         {'role': 'user', 'type': 'str', 'chars': 29}, {'role': 'assistant',    
         'type': 'str', 'chars': 173}, {'role': 'user', 'type': 'str', 'chars': 
         29}, {'role': 'assistant', 'type': 'str', 'chars': 227}, {'role':      
         'user', 'type': 'str', 'chars': 28}, {'role': 'assistant', 'type':     
         'str', 'chars': 4510}, {'role': 'user', 'type': 'str', 'chars': 30},   
         {'role': 'assistant', 'type': 'str', 'chars': 113}, {'role': 'user',   
         'type': 'str', 'chars': 29}, {'role': 'assistant', 'type': 'str',      
         'chars': 205}, {'role': 'user', 'type': 'str', 'chars': 28}, {'role':  
         'assistant', 'type': 'str', 'chars': 460}, {'role': 'user', 'type':    
         'str', 'chars': 28}, {'role': 'assistant', 'type': 'str', 'chars':     
         243}, {'role': 'user', 'type': 'str', 'chars': 28}, {'role':           
         'assistant', 'type': 'str', 'chars': 3425}, {'role': 'user', 'type':   
         'str', 'chars': 30}, {'role': 'assistant', 'type': 'str', 'chars':     
         103}, {'role': 'user', 'type': 'str', 'chars': 29}, {'role':           
         'assistant', 'type': 'str', 'chars': 354}, {'role': 'user', 'type':    
         'str', 'chars': 28}, {'role': 'assistant', 'type': 'str', 'chars':     
         407}, {'role': 'user', 'type': 'str', 'chars': 28}, {'role':           
         'assistant', 'type': 'str', 'chars': 2789}, {'role': 'user', 'type':   
         'str', 'chars': 29}, {'role': 'assistant', 'type': 'str', 'chars':     
         106}, {'role': 'user', 'type': 'str', 'chars': 2858}, {'role':         
         'assistant', 'type': 'str', 'chars': 348}, {'role': 'user', 'type':    
         'str', 'chars': 166}, {'role': 'assistant', 'type': 'str', 'chars':    
         178}, {'role': 'user', 'type': 'str', 'chars': 230}, {'role':          
         'assistant', 'type': 'str', 'chars': 5543}, {'role': 'user', 'type':   
         'str', 'chars': 4261}, {'role': 'assistant', 'type': 'str', 'chars':   
         98}, {'role': 'user', 'type': 'str', 'chars': 2655}]                   
INFO     Messages API response received: status=200 elapsed=2.7s                
DEBUG    input_tokens=18,475, output_tokens=62, instance_cost=0.00, cost=0.00   
DEBUG    total_tokens_sent=422,180, total_tokens_received=38,871,               
         total_cost=0.00, total_api_calls=42                                    
INFO     濠电姷顣藉Σ鍛村磻閹捐泛绶ゅù鐘差儏閻ゎ喗銇勯弽銊х焼闁?THOUGHT (primary)
         DISCUSSION                                                             
         Let me look at the full output to see if any of the approaches produced
         something interesting.                                                 
                                                                                
INFO     濠电姷顣藉Σ鍛村磻閹捐泛绶ゅù鐘差儏閻ゎ喗銇勯幇鈺佲偓妤佺▔?ACTION       
         (primary)                                                              
         open /output/python3_decode9_py__1788206188633                         
                                                                                
INFO     濠电姷顣藉Σ鍛村磻閹捐泛绶ゅù鐘差儏缁愭鎱ㄥ鍡楀姦?MODEL INPUT         
         ⚠️  WARNING: You are now opening a summarizer output file.             
             Current file: /output/python3_decode9_py__1788206188633            
             Any EDIT commands will modify THIS file, not your original source  
         file.                                                                  
             If you want to edit your original source file, use 'open           
         <original_file_path>' first.                                           
                                                                                
         [File: /output/python3_decode9_py__1788206188633 (120 lines total)] ⚠️ 
         SUMMARIZER OUTPUT FILE                                                 
         1:Vigenere decrypt of base64:                                          
         NTczsJKtGOH0nO5aDZsolyIzUTpcyZGzISIbozX6rN4yK2BpaNX2LFThwqQwIGCzUUvbUPY
         sRHYgn3AdVBv1tEVghO4sqYugAVQbYDFdVZA1vPGgRGUznJMtUfYckSdyKaN0VCvaPPFfRE
         Oko29msL5uRGsmpT8ynSIjPOVgREO0sTPyp2C5RGsmLzdfyZYomGsnnvTzw3AvivV4kUN3M
         OImccTpbDNxqYypRn4nD3RowEO3sKMgXOAoGKNwQKQrOZKhieCtv2Hbv2azkCIrpJFwUOKr
         Ug==                                                                   
         2:  -> base64 decoded:                                                 
         b'573\xb0\x92\xad\x18\xe1\xf4\x9c\xeeZ\r\x9b(\x97"3Q:\\\xc9\x91\xb3!"\x
         1b\xa35\xfa\xac\xde2+`ih\xd5\xf6,T\xe1\xc2\xa40 `\xb3QK\xdbP\xf6,Dv    
         \x9fp\x1dT\x1b\xf5\xb4E`\x84\xee,\xa9\x8b\xa0\x01T\x1b`1]U\x905\xbc\xf1
         \xa0De3\x9c\x93-Q\xf6\x1c\x91\'r)\xa3tT+\xda<\xf1_DC\xa4\xa3of\xb0\xben
         Dk&\xa5?2\x9d"#<\xe5`DC\xb4\xb13\xf2\xa7`\xb9Dk&/7_\xc9\x96(\x98k\'\x9e
         \xf4\xf3\xc3p/\x8a\xf5x\x91Cw0\xe2&q\xc4\xe9l3q\xa9\x8c\xa9F~\'\x0fth\x
         c0C\xb7\xb0\xa3                                                        
         \\\xe0(\x18\xa3p@\xa4+9\x92\xa1\x89\xe0\xad\xbfa\xdb\xbff\xb3\x90"+\xa4
         \x91pP\xe2\xabR'                                                       
         3:                                                                     
         4:Vigenere encrypt of base64:                                          
         DTmpoVStSEJ0nE5aNPoatyUpWTfciPClQSUrqzN6rX4oG2NxaZN2NFJhggMiQGOpWUlbEFU
         eZHKwp3AtVLl1pQDgtE4uqOuqQRCjYPVfVPA1fFCsZGGppJCtEvUosSpoMaD0VMlwBXFrHG
         Oao29wiH5gZGecrT8onCYfBWVsHGO0iTZol2O5ZGecNztfiPUauGedpvJzg3QrudV4wKP3M
         EIwsyFxbPDzqOyzHj4zL3RamGO3iKWwTAIoSAPwGKAhKLShuuEtl2Hll2wlsCUhrJVwEEGd
         Cg==                                                                   
         5:  -> base64 decoded:                                                 
         b'\r9\xa9\xa1T\xadHBt\x9cNZ4\xfa\x1a\xb7%)Y7\xdc\x88\xf0\xa5A%+\xab3z\x
         ad~(\x1bcqi\x93v4Ra\x82\x03"@c\xa9YI[\x10U\x1edr\xb0\xa7p-T\xb9u\xa5\x0
         0\xe0\xb4N.\xa8\xeb\xaaA\x10\xa3`\xf5_T\xf05|P\xacda\xa9\xa4\x90\xad\x1
         2\xf5(\xb1*h1\xa0\xf4T\xc9p\x05qk\x1cc\x9a\xa3op\x88~`dg\x9c\xad?(\x9c&
         \x1f\x05el\x1cc\xb4\x896h\x97c\xb9dg\x9c7;_\x88\xf5\x1a\xb8g\x9d\xa6\xf
         2s\x83t+\xb9\xd5x\xc0\xa3\xf70B0\xb3!ql\xf0\xf3\xa8\xec\xb3\x1e>3/tZ\x9
         8c\xb7\x88\xa5\xb0L\x02(H\x03\xf0\x18\xa0!(\xb4\xa1\xba\xe1-\x97a\xe5\x
         97l%\xb0%!\xac\x95p\x10A\x9d\n'                                        
         6:                                                                     
         7:Vigenere decrypt of text: Luvl blntpfs jsf v dxacll udnrl. Rw whee ug
         uqwn rztyn toger yhtk xu chl txnux nmxab cheq sjbh, tja fe hjq ygbfacn 
         rnag ug. Mfz lwl tef azsayojparou xae frsl llnkz eqrlviy. Hajy dafu luz
         upbbe hfp jw jdda zdcjwqq.                                             
         8:                                                                     
         9:=== Brute force Vigenere with short keys ===                         
         10:Key 'vj': Yyfk rvjknel nfj f cnkycj twrep. Bv mrav sf nujr byjij    
         kmfxv lldj ne yyj sqrhb xlnkx tfdj wwfr, szk bv fij ctfpzsx neyf nk.   
         Zjj kmv pvd zswncyifknfs wti svck bvjbx djvyzsx. Xkfp bzyy yyj tflxv   
         fei nj nncq jzthvju.                                                   
         11:Key 'ip': Lsse epweayy hsd s waelww njlrj. Op zlnp fz aowl oswcw    
         ezzkp yfqd ay lsw mdluv kfaek nsxw qjze, mme op scw wgzctfr aylz ae.   
         Mdw ezp cpq tfqawlcseazf qgc fppe opwvk xwpltfr. Kesj otls lsw nsfkp   
         syv hw hawd dmnupwo.                                                   
         12:Key 'gs': Npub gmybcva eua u tcbnty klitg. Qm bipm hw clyi qpyzy    
         bbwmm acsa cv npy jfiws mccbm kuuy nlwg, job qm uzy tiweqho cvnw cb.   
         Oay bbm ems qhnctnzubcwh niz hmrb qmysm uymnqho. Mbug qqnp npy kucmm   
         uvx ey ectf aokwmyl.                                                   
         13:Key 'yu': Vncz okgzkti ccy c rkzvrg itgbe. Yk jgxk pu kjgg yngxg    
         zjuuk iaay kt vng hngeq uakzu icsg ltuo, hwz yk cxg rqumopm ktvu kz.   
         Wyg zjk mka oplkrvxczkup lqx pkzz ykgqu sgkvopm. Uzce yovn vng icauk   
         ctf cg ckrn ywiekgj.                                                   
         14:Key 'waa': Xhax meitirg wes a pitxle grady. Wi haze ns idia wleri   
         thsse kuyw in xhe flagk syitw caqe fvom, fut ae ave lsokmng mnts it.   
         Yse xhe oey mnfmltvatmon jor rexx weiks qeexink. Stey wmth xhe gauwe   
         ard wi wipl syccied.                                                   
         15:Key 'nga': Gbag gerniaa wnm a yctgfe plams. Wr baiy nb cdru wuyrr   
         nhbme toyf cn gbe ofape shctf wazy feim, oot jy aey lbikvhg vhtb ct.   
         Hme gbe xyy vhfvfteutvin sir ayxg qeres zyegcnt. Mtns wvnh gbe puufy   
         aax wr qiyf shwcryd.                                                   
         16:Key 'oga': Fbaf geqniza wmm a xctffe olals. Wq bahy na cdqu wtyrq   
         nhame soye cn fbe nfaoe sgcte wayy fdim, not iy ady laikuhg uhta ct.   
         Gme fbe wyy uhfuftdutuin rir zyxf qeqes yyefcns. Mtms wunh fbe ouuey   
         azx wq qixf sgwcqyd.                                                   
         17:Key 'mja': Hyah deskibx woj a zzthce qianp. Ws yajv nc zdsr wvvrs   
         khcje ulyg zn hye pcaqb siztg taav fffm, plt kv afv lcfkweg wetc zt.   
         Ije hye yvy wefwctfrtwfn tfr bvxh nesbs avehznu. Jtop wwkh hye qrugv   
         abu ws nizc sitcsvd.                                                   
         18:Key 'jla': Kwak beviiev wrh a cxtkae tgaqn. Wv wamt nf xdvp wytrv   
         ihfhe xjyj xn kwe saatz slxtj radt fidm, sjt nt ait lfdkzcg zctf xt.   
         Lhe kwe bty zcfzatiptzdn wdr etxk levzs dtekxnx. Htrn wzih kwe tpujt   
         aes wv lica slrcvtd.                                                   
         19:Key 'vqa': Yray wejdisq wfc a qstyve hbaei. Wj raao nt sdjk wmorj   
         dhtce leyx sn yre gvahu szstx maro fwym, get bo awo ltyknxg nxtt st.   
         Zce yre poy nxfnvtwktnyn kyr soxy gejus roeysnl. Ctfi wndh yre hkuxo   
         asn wj giqv szmcjod.                                                   
         20:Key 'gua': Nnan seyzihm wuy a fotnre wxate. Wy napk ni odyg wbkry   
         zhiye aaym on nne vrawq sootm iagk flum, vat qk alk liukctg ctti ot.   
         Oye nne eky ctfcrtlgtcun zur hkxn ceyqs gkenona. Ytue wczh nne wgumk   
         ahj wy cifr soicykd.                                                   
         21:Key 'dya': Qjaq oebviki wxu a iktqne ztawa. Wb jasg nl kdbc wegrb   
         vhlue dwyp kn qje ynazm srktp eajg foqm, ywt tg aog llqkfpg fptl kt.   
         Rue qje hgy fpffntoctfqn cqr kgxq yebms jgeqknd. Utxa wfvh qje zcupg   
         akf wb yiin srecbgd.                                                   
         22:Key 'lza': Iiai netuich wpt a ajtime rsaoz. Wt iakf nd jdtb wwfrt   
         uhdte vvyh jn iie qmarl sjjth dabf fgpm, qvt lf agf ldpkxog xotd jt.   
         Jte iie zfy xofxmtgbtxpn upr cfxi xetls bfeijnv. Ttpz wxuh iie rbuhf   
         ace wt xiam sjdctfd.                                                   
         23:Key 'gub': Nnzn sdyzhhm vuy z fosnrd wxzte. Vy nzpk mi ocyg vbkqy   
         zgiyd aaxm om nnd vrzwq roosm izgk elul, vas qk zlk kiujctf ctsi os.   
         Oyd nnd ekx ctecrslgscum zuq hkwn cdyqr gkdnoma. Ysue vczg nnd wgtmk   
         zhj vy chfr roibykc.                                                   
         24:Key 'lvb': Imzi rdtyhcl vpx z ansiqd rwzod. Vt mzkj md nctf vwjqt   
         ygdxd vzxh nm imd qqzrp rjnsh hzbj egtl, qzs lj zgj kdtjxsf xssd ns.   
         Jxd imd zjx xsexqsgfsxtm utq cjwi bdtpr bjdinmv. Xspd vxyg imd rfthj   
         zci vt bhaq rjhbtjc.                                                   
         25:Key 'nyb': Gjzg odrvhai vnu z yksgnd ptzma. Vr jzig mb kcrc vugqr   
         vgbud twxf km gjd onzpm rhksf ezzg eeql, ows jg zeg kbqjvpf vpsb ks.   
         Hud gjd xgx vpevnsecsvqm sqq agwg ydrmr zgdgkmt. Usna vvvg gjd pctfg   
         zaf vr yhyn rhebrgc.                                                   
         26:Key 'gac': Nhyn mcytghg uus y firnlc wryty. Uy hype li ibya ubepy   
         tfisc auwm il nhc vlywk qoirm cyge dlok, vur qe yle jioicne cnri ir.   
         Osc nhc eew cndclrlarcol zop hevn wcykq gecnila. Sruy uctf nhc wasme   
         yhd uy wgfl qocayeb.                                                   
         27:Key 'adc': Teyt jceqgnd uap y lfrtic coyzv. Ue eyvb lo fbex uhbpe   
         qfopc grws fl tec biych qufrs zymb drlk, brr wb yrb joliike ikro fr.   
         Upc tec kbw ikdiirrxrill flp nbvt tcehq mbctflg. Prav uiqf tec cxssb   
         yna ue tgli quzaebb.                                                   
         28:Key 'lfc': Icyi hctogcb upn y adrigc rmyot. Ut cykz ld dbtv uwzpt   
         ofdnc vpwh dl icc qgyrf qjdrh xybz dgjk, qpr lz ygz jdjixie xird dr.   
         Jnc icc zzw xidxgrgvrxjl ujp czvi rctfq bzcidlv. Nrpt uxof icc rvshz   
         ycy ut rgag qjxatzb.                                                   
         29:Key 'loc': Ityi yctfgcs upe y aurixc rdyok. Ut tykq ld ubtm uwqpt   
         ffdec vgwh ul itc qxyrw qjurh oybq dgak, qgr lq ygq jdaixze xzrd ur.   
         Jec itc zqw xzdxxrgmrxal uap cqvi ictwq bqciulv. Erpk uxff itc rmshq   
         ycp ut igax qjoatqb.                                                   
         30:Key 'cad': Rhxr mbctflg tys x jiqrlb arxxy. Tc hxte km iaca tfeoc   
         temsb euvq ik rhb zlxak psiqq cxke cpoj, zuq ue xpe imohgnd gnqm iq.   
         Ssb rhb iev gncglqpaqgok doo leur wbckp kebrike. Sqyy tgte rhb aarqe   
         xld tc wfjl psczcea.                                                   
         31:Key 'pgd': Ebxe gbpnfya tlm x wcqefb nlxks. Tp bxgy kz capu tsyop   
         nezmb rovd ck ebb mfxne pfcqd wxxy ccij, moq hy xcy izihthd thqz cq.   
         Fmb ebb vyv thctfqcuqtik qio yyue qbpep xybeckr. Mqls ttne ebb nurdy   
         xyx tp qfwf pfwzpya.                                                   
         32:Key 'yjd': Vyxv dbgkfpx tcj x nzqvcb eixbp. Tg yxxv kq zagr tjvog   
         keqjb ilvu zk vyb dcxeb pwzqu txov ctfj, dlq yv xtv iqfhked keqq zq.   
         Wjb vyb mvv keckcqtrqkfk hfo pvuv nbgbp ovbvzki. Jqcp tkke vyb erruv   
         xpu tg nfnc pwtzgva.                                                   
         33:Key 'oce': Ffwf kaqreze smq w xgpfja opwlw. Sq fwhc ja gzqy stcnq   
         rdaqa ssue gj ffa njwoi oggpe awyc bdmi, nsp ic wdc hamgulc ulpa gp.   
         Gqa ffa wcu ulbujpdypumj rmn zctf uaqio ycafgjs. Qpmw surd ffa oyqec   
         wzb sq uexj ogayqcz.                                                   
         34:Key 'vnf': Yuvy zzjgdst rff v qvoyyz hevel. Rj uvar it vyjn rmrmj   
         gctfz lhtx vi yuz gyvhx nzvox pvrr awbh, gho br vwr gtbfnab naot vo.   
         Zfz yuz prt naanyownonbi kbm srsy jzjxn rrzyvil. Fofl rngc yuz hnpxr   
         vsq rj jdqy nzpxjry.                                                   
         35:Key 'nsf': Gpvg uzrbdao rna v yqogtz pzvmg. Rr pvim ib qyri rummr   
         bcbaz tctf qi gpz otvps nhqof kvzm aewh, oco jm vem gbwfvvb vvob qo.   
         Haz gpz xmt vvavtoeiovwi swm amsg ezrsn zmzgqit. Aong rvbc gpz pipfm   
         val rr edyt nhkxrmy.                                                   
         36:Key 'mvf': Hmvh rzsydbl rox v znohqz qwvnd. Rs mvjj ic nysf rvjms   
         yccxz uztg ni hmz pqvqp ninog hvaj afth, pzo kj vfj gctfwsb wsoc no.   
         Ixz hmz yjt wsawqoffowti ttm bjsh bzspn ajzhniu. Xood rwyc hmz qfpgj   
         vbi rs bdzq nihxsjy.                                                   
         37:Key 'ubg': Zguz lyksctf qgr u rhnzky iqufx. Qk gubd hu hxkz qndlk   
         sbury mtsy hh zgy hkuij mahny busd zxng, htn cd uxd funeoma omnu hn.   
         Ary zgy qds omzoknxznonh lnl tdrz vykjm sdyzhhm. Rngx qosb zgy izoyd   
         utc qk vcrk mabwkdx.                                                   
         38:Key 'sgg': Bbub gymncva qim u tcnbfy kluhs. Qm budy hw cxmu qpylm   
         nbwmy oosa ch bby jfuke mccna wuuy zzig, jon ey uzy fwieqha qhnw cn.   
         Cmy bby sys qhzqfnzunqih nil vyrb qymem uyybcho. Mnis qqnb bby kuoay   
         uvx qm qctf mcwwmyx.                                                   
         39:Key 'hah': Mhtm mxxtbgg pts t eimmlx vrtsy. Px htoe gh iwxa paekx   
         tahsx zurl ig mhx ultvk lniml ctfe ykof, uum pe tke ehodbnz bnmh im.   
         Nsx mhx der bnyblmkambog yok geqm wxxkl fexmigz. Smty pbta mhx vanle   
         tgd px wbel lncvxew.                                                   
         40:Key 'ofh': Fctf hxqobzb pmn t xdmfgx omtlt. Pq cthz ga dwqv ptzkq   
         oaanx spre dg fcx ngtof lgdme xtyz ydjf, npm iz tdz eajduiz uima dm.   
         Gnx fcx wzr uiyugmdvmujg rjk zzqf rxqfl yzxfdgs. Nmmt puoa fcx ovnez   
         tzy pq rbxg lgxvqzw.                                                   
         41:Key 'qfh': Dctd hxoobxb pkn t vdmdgx mmtjt. Po ctfz gy dwov przko   
         oaynx qprc dg dcx lgtmf ledmc xtwz ybjf, lpm gz tbz eyjdsiz simy dm.   
         Enx dcx uzr siysgmbvmsjg pjk xzqd rxofl wzxddgq. Nmkt psoa dcx mvncz   
         txy po rbvg lexvozw.                                                   
         42:Key 'xjh': Wytw dxhkbqx pdj t ozmwcx fitcp. Ph ytyv gr zwhr pkvkh   
         karjx jlrv zg wyx ectfb lxzmv ttpv yuff, elm zv tuv erfdlez lemr zm.   
         Xjx wyx nvr leylcmurmlfg ifk qvqw nxhbl pvxwzgj. Jmdp plka wyx frnvv   
         tqu ph nboc lxtvhvw.                                                   
         43:Key 'uph': Zstz xxkebtr pgd t rtmzwx ictfj. Pk stbp gu twkl pnpkk   
         eaudx mfry tg zsx hwtiv latmy ntsp yxzf, hfm cp txp euzdoyz oymu tm.   
         Adx zsx qpr oyyowmxlmozg lzk tpqz hxkvl spxztgm. Dmgj poea zsx ilnyp   
         tto pk hbrw lanvkpw.                                                   
         44:Key 'pvh': Emte rxpybyl plx t wnmeqx nwtkd. Pp mtgj gz nwpf psjkp   
         yazxx rzrd ng emx mqtnp lfnmd htxj yctf, mzm hj tcj eztdtsz tsmz nm.   
         Fxx emx vjr tsytqmcfmttg qtk yjqe bxppl xjxengr. Xmld ptya emx nfndj   
         tyi pp bbwq lfhvpjw.                                                   
         45:Key 'pii': Ezse ewplayy olk s waledw njskq. Op zsgw fz avps oswjp   
         lzzkw rmqd af ezw mdsnc kfald usxw xcge, mml hw scw dzgctfy tflz al.   
         Fkw ezw vwq tfxtdlcsltgf qgj ywpe owpck xwweafr. Kllq otlz ezw nsmdw   
         syv op oawd kfuupwv.                                                   
         46:Key 'rpi': Cssc xwneawr ojd s utlcww lcsij. On ssep fx tvnl oqpjn   
         ezxdw pfqb tf csw kwslv kdtlb nsvp xaze, kfl fp sap dxzcryy rylx tl.   
         Ddw csw tpq ryxrwlallrzf ozj wppc hwnvk vpwctfp. Dljj orez csw llmbp   
         swo on hauw kdnunpv.                                                   
         47:Key 'gvi': Nmsn rwyyahl oux s fnlnqw wwstd. Oy mspj fi nvyf objjy   
         yzixw azqm nf nmw vqswp konlm hsgj xlte, vzl qj slj ditccsy csli nl.   
         Oxw nmw ejq csxcqllflctf ztj hjpn bwypk gjwnnfa. Xlud ocyz nmw wfmmj   
         shi oy bafq kohuyjv.                                                   
         48:Key 'zaj': Uhru mvftzog nbs r mikulv drray. Nf hrwe ep iufa nieif   
         typsv hupt ie uhv clrdk jvikt crne wsod, cuk xe rse cpobjnx jnkp ik.   
         Vsv uhv lep jnwjlksakjoe goi oeou wvfkj nevuieh. Skby njty uhv dalte   
         rod nf wzml jvctfeu.                                                   
         49:Key 'vjj': Yyry dvjkzsx nfj r qzkycv hirep. Nj yrav et zujr nmvij   
         kytjv llpx ze yyv gcrhb jzzkx trrv wwfd, glk bv rwv ctfbnex nekt zk.   
         Zjv yyv pvp newnckwrknfe kfi svoy nvjbj rvvyzel. Jkfp nnky yyv hrlxv   
         rsu nj nzqc jzttjvu.                                                   
         50:Key 'zgk': Ubqu gufnyoa mbm q mcjufu dlqas. Mf bqwy dp ctfu miyhf   
         nxpmu hoot cd ubu cfqde ivcjt wqny vsic, coj xy qsy bpiajhw jhjp cj.   
         Vmu ubu lyo jhvjfjsujjid gih oynu qufei nyuucdh. Mjbs mjnx ubu dukty   
         qox mf qymf ivwsfyt.                                                   
         51:Key 'ocl': Ffpf ktqrxze lmq p xgifjt opplw. Lq fphc ca gsqy ltcgq   
         rwaqt ssne gc fft njpoi hggie apyc udmb, nsi ic pdc aamzulv ulia gi.   
         Gqt fft wcn uluujidyiumc rmg zcmf utqih yctfgcs. Qimw lurw fft oyjec   
         pzb lq uxxj hgarqcs.                                                   
         52:Key 'zkl': Uxpu ctfjxow lbi p myiubt dhpao. Lf xpwu cp ysfq liugf   
         jwpit hknt yc uxt cbpda hvyit spnu useb, cki xu psu apezjdv jdip yi.   
         Vit uxt lun jdujbisqijec geg oumu mtfah nutuych. Iibo ljjw uxt dqjtu   
         pot lf mxmb hvsrfus.                                                   
         53:Key 'zul': Unpu stfzxom lby p moiurt dxpae. Lf npwk cp osfg likgf   
         zwpyt hant oc unt crpdq hvoit ipnk usub, cai xk psk apuzjtv jtip oi.   
         Vyt unt lkn jtujrisgijuc gug okmu ctfqh nktuoch. Yibe ljzw unt dgjtk   
         poj lf cxmr hvirfks.                                                   
         54:Key 'dlm': Qwoq bsbiwkv kxh o ixhqas zgown. Kb wost bl xrbp ketfb   
         ivlhs djmp xb qws yaozz grxhp rojt toda, yjh tt oot zldyfcu fchl xh.   
         Rhs qws htm fctfahophfdb cdf ktlq lsbzg jtsqxbd. Hhxn kfiv qws zpipt   
         oks kb lwia grrqbtr.                                                   
         55:Key 'flm': Owoo bsziwiv kvh o gxhoas xgoun. Kz woqt bj xrzp kctfz   
         ivjhs bjmn xb ows waoxz gpxhn roht tmda, wjh rt omt zjdydcu dchj xh.   
         Phs ows ftm dctdahmphddb adf itlo lszzg htsoxbb. Hhvn kdiv ows xpint   
         ois kz lwga gprqztr.                                                   
         56:Key 'dvm': Qmoq rsbywkl kxx o inhqqs zwowd. Kb mosj bl nrbf kejfb   
         yvlxs dzmp nb qms yqozp grnhp hojj tota, yzh tj ooj zltyfsu fshl nh.   
         Rxs qms hjm fstfqhofhftb ctf kjlq bsbpg jjsqnbd. Xhxd kfyv qms zfipj   
         oki kb bwiq grhqbjr.                                                   
         57:Key 'jin': Kznk ervlvey jrk n cagkdr tjnqq. Jv znmw af aqvs jywev   
         lufkr xmlj aa kzr sdntc flagj undw sigz, smg nw niw yfgxzft zfgf ag.   
         Lkr kzr bwl zfszdgisgzga wge ewkk orvcf dwrkaax. Kgrq jzlu kzr tshjw   
         nev jv ovcd flupvwq.                                                   
         58:Key 'zbo': Ugmu lqfsuof ibr m mhfukq dqmax. If gmwd zp hpfz iiddf   
         stprq htkt hz ugq ckmdj evhft bmnd rsny, ctf xd msd xpnwjms jmfp hf.   
         Vrq ugq ldk jmrjkfszfjnz gnd odju vqfje ndquhzh. Rfbx ijst ugq dzgtd   
         moc if vumk evbofdp.                                                   
         59:Key 'pho': Eame fqpmuyz ill m wbfeeq nkmkr. Ip amgx zz bppt isxdp   
         mtzlq rnkd bz eaq memnd efbfd vmxx rchy, mnf hx mcx xzhwtgs tgfz bf.   
         Flq eaq vxk tgrtefctfthz qhd yxje pqpde xxqebzr. Lflr itmt eaq ntgdx   
         myw ip puwe efvopxp.                                                   
         60:Key 'jpo': Ksmk xqveuer ird m ctfkwq tcmqj. Iv smmp zf tpvl iypdv   
         etfdq xfkj tz ksq swmtv eltfj nmdp rizy, sff np mip xfzwzys zyff tf.   
         Ldq ksq bpk zyrzwfilfzzz wzd epjk hqvve dpqktzx. Dfrj izet ksq tlgjp   
         meo iv hucw elnovpp.                                                   
         61:Key 'spo': Bsmb xqmeuvr iid m ttfbwq kcmhj. Im smdp zw tpml ippdm   
         etwdq ofka tz bsq jwmkv ectfa nmup rzzy, jff ep mzp xwzwqys qyfw tf.   
         Cdq bsq spk qyrqwfzlfqzz nzd vpjb hqmve upqbtzo. Dfij iqet bsq klgap   
         mvo im hutw ecnompp.                                                   
         62:Key 'jro': Kqmk vqvcuep irb m crfkuq tamqh. Iv qmmn zf rpvj iyndv   
         ctfbq xdkj rz kqq sumtt elrfj lmdn rixy, sdf nn min xfxwzws zwff rf.   
         Lbq kqq bnk zwrzufijfzxz wxd enjk fqvte dnqkrzx. Bfrh izct kqq tjgjn   
         mem iv fucu ellovnp.                                                   
         63:Key 'gso': Npmn uqybuho iua m fqfntq wzmtg. Iy pmpm zi qpyi ibmdy   
         btiaq ackm qz npq vtmws eoqfm kmgm rlwy, vcf qm mlm xiwwcvs cvfi qf.   
         Oaq npq emk cvrctflifcwz zwd hmjn eqyse gmqnqza. Afug icbt npq wigmm   
         mhl iy euft eokoymp.                                                   
         64:Key 'guo': Nnmn sqyzuhm iuy m fofnrq wxmte. Iy nmpk zi opyg ibkdy   
         ztiyq aakm oz nnq vrmwq eoofm imgk rluy, vaf qk mlk xiuwcts ctfi of.   
         Oyq nnq ekk ctrcrflgfcuz zud hkjn cqyqe gkqnoza. Yfue iczt nnq wggmk   
         mhj iy cufr eoioykp.                                                   
         65:Key 'ahp': Talt fpemtnz hal l lbetep cklzr. He alvx yo boet hhxce   
         msolp gnjs by tap belcd dubes vlmx qrhx, bne wx lrx wohvigr igeo be.   
         Ulp tap kxj igqieerteihy fhc nxit ppedd mxptbyg. Lear hims tap ctfsx   
         lnw he ptle duvnexo.                                                   
         66:Key 'irp': Lqll vpwctfp hsb l drelup ualrh. Hw qlnn yg rowj hzncw   
         csgbp ydjk ry lqp tulut dmrek llen qjxx, tde on ljn wgxvawr aweg re.   
         Mbp lqp cnj awqauejjeaxy xxc fnil fpwtd enplryy. Besh hacs lqp ujfkn   
         lfm hw ftdu dmlnwno.                                                   
         67:Key 'gup': Nnln spyzthm huy l foenrp wxlte. Hy nlpk yi ooyg hbkcy   
         zsiyp aajm oy nnp vrlwq dooem ilgk qlux, vae qk llk wiuvctr ctei oe.   
         Oyp nnp ekj ctqcrelgecuy zuc hkin cpyqd gkpnoya. Yeue hczs nnp wgfmk   
         lhj hy ctfr doinyko.                                                   
         68:Key 'bdq': Seks jodqsmd gzp k kfdsio bokyv. Gd ekub xn fndx ggbbd   
         qrnpo frir fx seo aikbh ctfdr zklb pqlw, ard vb kqb vnluhkq hkdn fd.   
         Tpo seo jbi hkphidqxdhlx elb mbhs todhc lbosfxf. Pdzv ghqr seo bxerb   
         kma gd tski ctzmdbn.                                                   
         69:Key 'bxq': Skks podwsmj gzv k kldsoo bukyb. Gd kkuh xn lndd gghbd   
         wrnvo fxir lx sko aokbn ctldr fklh pqrw, axd vh kqh vnruhqq hqdn ld.   
         Tvo sko jhi hqphodqddhrx erb mhhs zodnc lhoslxf. Vdzb ghwr sko bderh   
         kmg gd zsko ctfmdhn.                                                   
         70:Key 'agr': Tbjt gnenrna fam j lcctfn cljzs. Fe bjvy wo cmeu fhyae   
         nqomn gohs cw tbn bfjce buccs wjmy oriv, boc wy jry uoitihp ihco cc.   
         Umn tbn kyh ihoifcruciiw fia nygt qneeb myntcwg. Mcas finq tbn cudsy   
         jnx fe qrlf buwleym.                                                   
         71:Key 'pjr': Eyje dnpkryx flj j wzcecn nijkp. Fp yjgv wz zmpr fsvap   
         kqzjn rlhd zw eyn mcjnb bfzcd tjxv ocfv, mlc hv jcv uzfttep tecz zc.   
         Fjn eyn vvh teotcccrctfw qfa yvge nnpbb xvnezwr. Jclp ftkq eyn nrddv   
         jyu fp nrwc bftlpvm.                                                   
         72:Key 'dmr': Qvjq anbhrku fxg j iwcqzn zfjwm. Fb vjss wl wmbo fesab   
         hqlgn dihp ww qvn yzjzy brwcp qjjs oocv, yic ts jos ulctfbp fbcl wc.   
         Rgn qvn hsh fbofzcoocfcw cca ksgq knbyb jsnqwwd. Gcxm ffhq qvn zodps   
         jkr fb kriz brqlbsm.                                                   
         73:Key 'htr': Mojm tnxargn ftz j epcmsn vyjsf. Fx ojol wh pmxh falax   
         aqhzn zbhl pw mon usjvr bnpcl jjfl okvv, ubc pl jkl uhvtbup buch pc.   
         Nzn mon dlh buobsckhcbvw yva glgm dnxrb flnmpwz. Zctf fbaq mon vhdll   
         jgk fx dres bnjlxlm.                                                   
         74:Key 'yvr': Vmjv rngyrpl fcx j nncvqn ewjbd. Fg mjxj wq nmgf fjjag   
         yqqxn izhu nw vmn dqjep bwncu hjoj ottv, dzc yj jtj uqttksp kscq nc.   
         Wxn vmn mjh ksokqctfcktw hta pjgv bngpb ojnvnwi. Xccd fkyq vmn efduj   
         jpi fg brnq bwhlgjm.                                                   
         75:Key 'lls': Iwii bmtiqcv eph i axbiam rgion. Et wikt vd xltp ewtzt   
         ipdhm vjgh xv iwm qairz ajxbh ribt ngdu, qjb lt igt tddsxco xcbd xb.   
         Jhm iwm ztg xcnxabgpbxdv udz ctfi lmtza btmixvv. Hbpn exip iwm rpcht   
         ics et lqaa ajrkttl.                                                   
         76:Key 'zzs': Uiiu nmfuqoh ebt i mjbumm dsiaz. Ef iiwf vp jlfb eifzf   
         upptm hvgt jv uim cmidl avjbt dinf nspu, cvb xf isf tppsjoo jobp jb.   
         Vtm uim lfg jonjmbsbbjpv gpz offu xmfla nfmujvh. Tbbz ejup uim dbctf   
         ioe ef xqmm avdkffl.                                                   
         77:Key 'ebt': Pghp llaspjf dwr h hhapkl yqhvx. Da ghrd uk hkaz dddya   
         sokrl ctfo hu pgl xkhyj zqhao bhid mnnt, xta sd hnd sknremn emak ha.   
         Qrl pgl gdf emmekanzaenu bny jdep vlajz idlphuc. Rawx deso pgl yzbod   
         hjc da vphk zqbjadk.                                                   
         78:Key 'ilt': Lwhl blwipfv dsh h dxalal ughrn. Dw whnt ug xkwp dztyw   
         ioghl yjfk xu lwl tahuz zmxak rhet mjdt, tja ot hjt sgdracn acag xa.   
         Mhl lwl ctf acmaaajpaadu xdy ftel llwzz etllxuy. Hasn daio lwl upbkt   
         hfs dw lpda zmrjwtk.                                                   
         79:Key 'bgu': Sbgs gkdnoma czm g kczsfk blgys. Cd bguy tn cjdu cgyxd   
         nnnmk foer ct sbk afgbe ytczr wgly lqis, aoz vy gqy rniqhhm hhzn cz.   
         Tmk sbk jye hhlhfzquzhit eix myds qkdey lyksctf. Mzzs chnn sbk buary   
         gmx cd qokf ytwidyj.                                                   
         80:Key 'hnu': Mugm zkxgogt ctf g evzmyk vegsl. Cx ugor th vjxn carxx   
         gnhfk zhel vt muk uygvx ynvzl pgfr lkbs, uhz pr gkr rhbqbam bazh vz.   
         Nfk muk dre balbyzknzbbt ybx grdm jkxxy frkmvtz. Fztl cbgn muk vnalr   
         ggq cx joey ynpixrj.                                                   
         81:Key 'pou': Etge ykpfoys cle g wuzexk ndgkk. Cp tggq tz ujpm csqxp   
         fnzek rged ut etk mxgnw yfuzd ogxq lcas, mgz hq gcq rzaqtzm tzzz uz.   
         Fek etk vqe tzltxzcmztat qax yqde ikpwy xqkeutr. Ezlk ctfn etk nmadq   
         gyp cp iowx yfoipqj.                                                   
         82:Key 'ozu': Figf nkquozh cmt g xjzfmk osglz. Cq ighf ta jjqb ctfxq   
         unatk svee jt fik nmgol ygjze dgyf ldps, nvz if gdf rapquom uoza jz.   
         Gtk fik wfe uolumzdbzupt rpx zfdf xkqly yfkfjts. Tzmz cuun fik obaef   
         gze cq xoxm ygdiqfj.                                                   
         83:Key 'rov': Ctfc yjnfnws bje f uuycxj ldfik. Bn tfeq sx uinm bqqwn   
         fmxej pgdb us ctj kxflw xduyb ofvq kaar, kgy fq faq qxaprzl rzyx uy.   
         Dej ctj tqd rzkrxyamyras oaw wqcc ijnwx vqjcusp. Eyjk brfm ctj lmzbq   
         fwp bn inux xdohnqi.                                                   
         84:Key 'zsv': Upfu ujfbnoo bba f mqyutj dzfag. Bf pfwm sp qifi bimwf   
         bmpaj hcdt qs upj ctfds xvqyt kfnm kswr, ccy xm fsm qpwpjvl jvyp qy.   
         Vaj upj lmd jvkjtysiyjws gww omcu ejfsx nmjuqsh. Aybg bjbm upj diztm   
         fol bf enmt xvkhfmi.                                                   
         85:Key 'ayv': Tjft ojevnni bau f lkytnj ctfza. Be jfvg so kiec bhgwe   
         vmouj gwds ks tjj bnfcm xukys efmg krqr, bwy wg frg qoqpipl ipyo ky.   
         Uuj tjj kgd ipkinyrcyiqs fqw ngct yjemx mgjtksg. Uyaa bivm tjj cczsg   
         fnf be ynln xuehegi.                                                   
         86:Key 'tex': Adda ihlpluc zho d sewahh jndgu. Zl ddca qv eglw zoaul   
         pkvoh nqbz eq adh ihdjg vbewz ydta iykp, iqw da dya ovknpjj pjwv ew.   
         Boh adh rab pjiphwywwpkq mku uaaa shlgv tahaeqn. Owhu zppk adh jwxza   
         duz zl slsh vbyflag.                                                   
         87:Key 'sjx': Bydb dhmklvx zij d tzwbch kidhp. Zm yddv qw zgmr zpvum   
         kkwjh olba zq byh jcdkb vczwa tduv izfp, jlw ev dzv owfnqej qeww zw.   
         Cjh byh svb qeiqcwzrwqfq nfu vvab nhmbv uvhbzqo. Jwip zqkk byh krxav   
         dvu zm nltc vctfmvg.                                                   
         88:Key 'zcy': Ufcu kgfrkoe ybq c mgvujg dpcaw. Yf fcwc pp gffy yictf   
         rjpqg hsat gp ufg cjcdi uvgvt acnc hsmo, csv xc csc npmmjli jlvp gv.   
         Vqg ufg lca jlhjjvsyvjmp gmt oczu ugfiu ncgugph. Qvbw yjrj ufg dywtc   
         cob yf ukmj uvaefcf.                                                   
         89:Key 'jfy': Kcck hgvokeb yrn c cdvkgg tmcqt. Yv ccmz pf dfvv yyztv   
         ojfng xpaj dp kcg sgctf uldvj xcdz hijo, spv nz ciz nfjmzii zivf dv.   
         Lng kcg bza zihzgvivvzjp wjt ezzk rgvfu dzgkdpx. Nvrt yzoj kcg tvwjz   
         cey yv rkcg ulxevzf.                                                   
         90:Key 'cly': Rwcr bgciklv yyh c jxvrag agcxn. Yc wctt pm xfcp yfttc   
         ijmhg ejaq xp rwg zacaz usxvq rckt hpdo, zjv ut cpt nmdmgci gcvm xv.   
         Shg rwg ita gchgavppvgdp ddt ltzr lgczu ktgrxpe. Hvyn ygij rwg apwqt   
         cls yc lkja usrectf.                                                   
         91:Key 'gty': Nocn tgyakhn yuz c fpvnsg wyctf. Yy ocpl pi pfyh yblty   
         ajizg abam pp nog vscwr uopvm jcgl hlvo, vbv ql cll nivmcui cuvi pv.   
         Ozg nog ela cuhcsvlhvcvp zvt hlzn dgyru glgnppa. Zvuf ycaj nog whwml   
         chk yy dkfs uojeylf.                                                   
         92:Key 'uyy': Zjcz ogkvkti ygu c rkvzng itcfa. Yk jcbg pu kfkc yngtk   
         vjuug mway kp zjg hncim uakvy ecsg hxqo, hwv cg cxg nuqmopi opvu kv.   
         Aug zjg qga ophonvxcvoqp lqt tgzz ygkmu sggzkpm. Uvga yovj zjg icwyg   
         ctf yk ykrn uaeekgf.                                                   
         93:Key 'czy': Ricr ngcuklh yyt c jjvrmg ascxz. Yc ictf pm jfcb yfftc   
         ujmtg evaq jp rig zmcal usjvq dckf hppo, zvv uf cpf nmpmgoi govm jv.   
         Stg rig ifa gohgmvpbvgpp dpt lfzr xgclu kfgrjpe. Tvyz yguj rig abwqf   
         cle yc xkjm usdecff.                                                   
         94:Key 'tzy': Aica nglukuh yht c sjvamg jscgz. Yl iccf pv jflb yoftl   
         ujvtg nvaz jp aig imcjl ubjvz dctf hypo, ivv df cyf nvpmpoi povv jv.   
         Btg aig rfa pohpmvybvppp mpt ufza xgllu tfgajpn. Tvhz ypuj aig jbwzf   
         cue yl xksm ubdelff.                                                   
         95:Key 'yzy': Vicv nggukph yct c njvvmg escbz. Yg icxf pq jfgb yjftg   
         ujqtg ivau jp vig dmcel uwjvu dcof htpo, dvv yf ctf nqpmkoi kovq jv.   
         Wtg vig mfa kohkmvtbvkpp hpt pfzv xgglu ofgvjpi. Tvcz ykuj vig ebwuf   
         cpe yg xknm uwdegff.                                                   
         96:Key 'klz': Jwbj bfuijdv xqh b bxujaf sgbpn. Xu wblt oe xeup xxtsu   
         iiehf wjzi xo jwf rabsz tkxui rbct ghdn, rju mt bht medlych ycue xu.   
         Khf jwf atz ycgyauhpuydo vds dtyj lfuzt ctfjxow. Huqn xyii jwf spvit   
         bds xu ljba tkrdute.                                                   
         97:Key 'roz': Ctbc yfnfjws xje b uuucxf ldbik. Xn tbeq ox uenm xqqsn   
         fixef pgzb uo ctf kxblw tduub obvq gaan, kgu fq baq mxalrzh rzux uu.   
         Def ctf tqz rzgrxuamurao oas wqyc ifnwt vqfcuop. Eujk xrfi ctf lmvbq   
         bwp xn ijux tdodnqe.                                                   
         98:Key 'rsz': Cpbc ufnbjwo xja b uquctf lzbig. Xn pbem ox qeni xqmsn   
         bixaf pczb qo cpf ktbls tdqub kbvm gawn, kcu fm bam mxwlrvh rvux qu.   
         Daf cpf tmz rvgrtuaiurwo ows wmyc efnst vmfcqop. Aujg xrbi cpf livbm   
         bwl xn ejut tdkdnme.                                                   
         99:Key 'mzz': Hibh nfsujbh xot b zjuhmf qsbnz. Xs ibjf oc jesb xvfss   
         uictf uvzg jo hif pmbql tijug dbaf gfpn, pvu kf bff mcplwoh wouc ju.   
         Itf hif yfz wogwmufbuwpo tps bfyh xfslt affhjou. Tuoz xwui hif qbvgf   
         bbe xs xjzm tiddsfe.                                                   
         100:Key 'szz': Bibb nfmujvh xit b tjubmf ksbhz. Xm ibdf ow jemb xpfsm  
         uiwtf ovza jo bif jmbkl tcjua dbuf gzpn, jvu ef bzf mwplqoh qouw ju.   
         Ctf bif sfz qogqmuzbuqpo nps vfyb xfmlt uffbjoo. Tuiz xqui bif kbvaf   
         bve xm xjtm tcddmfe.                                                   
         (20 more lines below)                                                  
         (Open file: /output/python3_decode9_py__1788206188633)                 
         (Current directory: /__tmp__enigma-crypto4-5z01tkca__repo)             
         (Interactive session: n/a)                                             
         bash-$                                                                 
INFO     Messages API request start: model=glm52_10 messages=1 timeout=1170.0s  
         max_tokens=8192 native_tools=False thinking=auto shape=[{'role':       
         'user', 'type': 'str', 'chars': 76296}]                                
INFO     Messages API response received: status=200 elapsed=93.2s               
DEBUG    input_tokens=30,925, output_tokens=3,155, instance_cost=0.00, cost=0.00
DEBUG    total_tokens_sent=453,105, total_tokens_received=42,026,               
         total_cost=0.00, total_api_calls=43                                    
INFO     Messages API request start: model=glm52_10 messages=5 timeout=1170.0s  
         max_tokens=8192 native_tools=False thinking=auto shape=[{'role':       
         'user', 'type': 'str', 'chars': 6182}, {'role': 'assistant', 'type':   
         'str', 'chars': 98}, {'role': 'user', 'type': 'str', 'chars': 2655},   
         {'role': 'assistant', 'type': 'str', 'chars': 160}, {'role': 'user',   
         'type': 'str', 'chars': 23425}]                                        
INFO     Messages API response received: status=200 elapsed=2.3s                
DEBUG    input_tokens=16,623, output_tokens=35, instance_cost=0.00, cost=0.00   
DEBUG    total_tokens_sent=469,728, total_tokens_received=42,061,               
         total_cost=0.00, total_api_calls=44                                    
INFO     濠电姷顣藉Σ鍛村磻閹捐泛绶ゅù鐘差儏閻ゎ喗銇勯弽銊х焼闁?THOUGHT (primary)
         DISCUSSION                                                             
         Let me see the remaining lines of the output.                          
                                                                                
INFO     濠电姷顣藉Σ鍛村磻閹捐泛绶ゅù鐘差儏閻ゎ喗銇勯幇鈺佲偓妤佺▔?ACTION       
         (primary)                                                              
         goto 100                                                               
                                                                                
INFO     濠电姷顣藉Σ鍛村磻閹捐泛绶ゅù鐘差儏缁愭鎱ㄥ鍡楀姦?MODEL INPUT         
         [File: /output/python3_decode9_py__1788206188633 (120 lines total)] ⚠️ 
         SUMMARIZER OUTPUT FILE                                                 
         (20 more lines above)                                                  
         21:Key 'dya': Qjaq oebviki wxu a iktqne ztawa. Wb jasg nl kdbc wegrb   
         vhlue dwyp kn qje ynazm srktp eajg foqm, ywt tg aog llqkfpg fptl kt.   
         Rue qje hgy fpffntoctfqn cqr kgxq yebms jgeqknd. Utxa wfvh qje zcupg   
         akf wb yiin srecbgd.                                                   
         22:Key 'lza': Iiai netuich wpt a ajtime rsaoz. Wt iakf nd jdtb wwfrt   
         uhdte vvyh jn iie qmarl sjjth dabf fgpm, qvt lf agf ldpkxog xotd jt.   
         Jte iie zfy xofxmtgbtxpn upr cfxi xetls bfeijnv. Ttpz wxuh iie rbuhf   
         ace wt xiam sjdctfd.                                                   
         23:Key 'gub': Nnzn sdyzhhm vuy z fosnrd wxzte. Vy nzpk mi ocyg vbkqy   
         zgiyd aaxm om nnd vrzwq roosm izgk elul, vas qk zlk kiujctf ctsi os.   
         Oyd nnd ekx ctecrslgscum zuq hkwn cdyqr gkdnoma. Ysue vczg nnd wgtmk   
         zhj vy chfr roibykc.                                                   
         24:Key 'lvb': Imzi rdtyhcl vpx z ansiqd rwzod. Vt mzkj md nctf vwjqt   
         ygdxd vzxh nm imd qqzrp rjnsh hzbj egtl, qzs lj zgj kdtjxsf xssd ns.   
         Jxd imd zjx xsexqsgfsxtm utq cjwi bdtpr bjdinmv. Xspd vxyg imd rfthj   
         zci vt bhaq rjhbtjc.                                                   
         25:Key 'nyb': Gjzg odrvhai vnu z yksgnd ptzma. Vr jzig mb kcrc vugqr   
         vgbud twxf km gjd onzpm rhksf ezzg eeql, ows jg zeg kbqjvpf vpsb ks.   
         Hud gjd xgx vpevnsecsvqm sqq agwg ydrmr zgdgkmt. Usna vvvg gjd pctfg   
         zaf vr yhyn rhebrgc.                                                   
         26:Key 'gac': Nhyn mcytghg uus y firnlc wryty. Uy hype li ibya ubepy   
         tfisc auwm il nhc vlywk qoirm cyge dlok, vur qe yle jioicne cnri ir.   
         Osc nhc eew cndclrlarcol zop hevn wcykq gecnila. Sruy uctf nhc wasme   
         yhd uy wgfl qocayeb.                                                   
         27:Key 'adc': Teyt jceqgnd uap y lfrtic coyzv. Ue eyvb lo fbex uhbpe   
         qfopc grws fl tec biych qufrs zymb drlk, brr wb yrb joliike ikro fr.   
         Upc tec kbw ikdiirrxrill flp nbvt tcehq mbctflg. Prav uiqf tec cxssb   
         yna ue tgli quzaebb.                                                   
         28:Key 'lfc': Icyi hctogcb upn y adrigc rmyot. Ut cykz ld dbtv uwzpt   
         ofdnc vpwh dl icc qgyrf qjdrh xybz dgjk, qpr lz ygz jdjixie xird dr.   
         Jnc icc zzw xidxgrgvrxjl ujp czvi rctfq bzcidlv. Nrpt uxof icc rvshz   
         ycy ut rgag qjxatzb.                                                   
         29:Key 'loc': Ityi yctfgcs upe y aurixc rdyok. Ut tykq ld ubtm uwqpt   
         ffdec vgwh ul itc qxyrw qjurh oybq dgak, qgr lq ygq jdaixze xzrd ur.   
         Jec itc zqw xzdxxrgmrxal uap cqvi ictwq bqciulv. Erpk uxff itc rmshq   
         ycp ut igax qjoatqb.                                                   
         30:Key 'cad': Rhxr mbctflg tys x jiqrlb arxxy. Tc hxte km iaca tfeoc   
         temsb euvq ik rhb zlxak psiqq cxke cpoj, zuq ue xpe imohgnd gnqm iq.   
         Ssb rhb iev gncglqpaqgok doo leur wbckp kebrike. Sqyy tgte rhb aarqe   
         xld tc wfjl psczcea.                                                   
         31:Key 'pgd': Ebxe gbpnfya tlm x wcqefb nlxks. Tp bxgy kz capu tsyop   
         nezmb rovd ck ebb mfxne pfcqd wxxy ccij, moq hy xcy izihthd thqz cq.   
         Fmb ebb vyv thctfqcuqtik qio yyue qbpep xybeckr. Mqls ttne ebb nurdy   
         xyx tp qfwf pfwzpya.                                                   
         32:Key 'yjd': Vyxv dbgkfpx tcj x nzqvcb eixbp. Tg yxxv kq zagr tjvog   
         keqjb ilvu zk vyb dcxeb pwzqu txov ctfj, dlq yv xtv iqfhked keqq zq.   
         Wjb vyb mvv keckcqtrqkfk hfo pvuv nbgbp ovbvzki. Jqcp tkke vyb erruv   
         xpu tg nfnc pwtzgva.                                                   
         33:Key 'oce': Ffwf kaqreze smq w xgpfja opwlw. Sq fwhc ja gzqy stcnq   
         rdaqa ssue gj ffa njwoi oggpe awyc bdmi, nsp ic wdc hamgulc ulpa gp.   
         Gqa ffa wcu ulbujpdypumj rmn zctf uaqio ycafgjs. Qpmw surd ffa oyqec   
         wzb sq uexj ogayqcz.                                                   
         34:Key 'vnf': Yuvy zzjgdst rff v qvoyyz hevel. Rj uvar it vyjn rmrmj   
         gctfz lhtx vi yuz gyvhx nzvox pvrr awbh, gho br vwr gtbfnab naot vo.   
         Zfz yuz prt naanyownonbi kbm srsy jzjxn rrzyvil. Fofl rngc yuz hnpxr   
         vsq rj jdqy nzpxjry.                                                   
         35:Key 'nsf': Gpvg uzrbdao rna v yqogtz pzvmg. Rr pvim ib qyri rummr   
         bcbaz tctf qi gpz otvps nhqof kvzm aewh, oco jm vem gbwfvvb vvob qo.   
         Haz gpz xmt vvavtoeiovwi swm amsg ezrsn zmzgqit. Aong rvbc gpz pipfm   
         val rr edyt nhkxrmy.                                                   
         36:Key 'mvf': Hmvh rzsydbl rox v znohqz qwvnd. Rs mvjj ic nysf rvjms   
         yccxz uztg ni hmz pqvqp ninog hvaj afth, pzo kj vfj gctfwsb wsoc no.   
         Ixz hmz yjt wsawqoffowti ttm bjsh bzspn ajzhniu. Xood rwyc hmz qfpgj   
         vbi rs bdzq nihxsjy.                                                   
         37:Key 'ubg': Zguz lyksctf qgr u rhnzky iqufx. Qk gubd hu hxkz qndlk   
         sbury mtsy hh zgy hkuij mahny busd zxng, htn cd uxd funeoma omnu hn.   
         Ary zgy qds omzoknxznonh lnl tdrz vykjm sdyzhhm. Rngx qosb zgy izoyd   
         utc qk vcrk mabwkdx.                                                   
         38:Key 'sgg': Bbub gymncva qim u tcnbfy kluhs. Qm budy hw cxmu qpylm   
         nbwmy oosa ch bby jfuke mccna wuuy zzig, jon ey uzy fwieqha qhnw cn.   
         Cmy bby sys qhzqfnzunqih nil vyrb qymem uyybcho. Mnis qqnb bby kuoay   
         uvx qm qctf mcwwmyx.                                                   
         39:Key 'hah': Mhtm mxxtbgg pts t eimmlx vrtsy. Px htoe gh iwxa paekx   
         tahsx zurl ig mhx ultvk lniml ctfe ykof, uum pe tke ehodbnz bnmh im.   
         Nsx mhx der bnyblmkambog yok geqm wxxkl fexmigz. Smty pbta mhx vanle   
         tgd px wbel lncvxew.                                                   
         40:Key 'ofh': Fctf hxqobzb pmn t xdmfgx omtlt. Pq cthz ga dwqv ptzkq   
         oaanx spre dg fcx ngtof lgdme xtyz ydjf, npm iz tdz eajduiz uima dm.   
         Gnx fcx wzr uiyugmdvmujg rjk zzqf rxqfl yzxfdgs. Nmmt puoa fcx ovnez   
         tzy pq rbxg lgxvqzw.                                                   
         41:Key 'qfh': Dctd hxoobxb pkn t vdmdgx mmtjt. Po ctfz gy dwov przko   
         oaynx qprc dg dcx lgtmf ledmc xtwz ybjf, lpm gz tbz eyjdsiz simy dm.   
         Enx dcx uzr siysgmbvmsjg pjk xzqd rxofl wzxddgq. Nmkt psoa dcx mvncz   
         txy po rbvg lexvozw.                                                   
         42:Key 'xjh': Wytw dxhkbqx pdj t ozmwcx fitcp. Ph ytyv gr zwhr pkvkh   
         karjx jlrv zg wyx ectfb lxzmv ttpv yuff, elm zv tuv erfdlez lemr zm.   
         Xjx wyx nvr leylcmurmlfg ifk qvqw nxhbl pvxwzgj. Jmdp plka wyx frnvv   
         tqu ph nboc lxtvhvw.                                                   
         43:Key 'uph': Zstz xxkebtr pgd t rtmzwx ictfj. Pk stbp gu twkl pnpkk   
         eaudx mfry tg zsx hwtiv latmy ntsp yxzf, hfm cp txp euzdoyz oymu tm.   
         Adx zsx qpr oyyowmxlmozg lzk tpqz hxkvl spxztgm. Dmgj poea zsx ilnyp   
         tto pk hbrw lanvkpw.                                                   
         44:Key 'pvh': Emte rxpybyl plx t wnmeqx nwtkd. Pp mtgj gz nwpf psjkp   
         yazxx rzrd ng emx mqtnp lfnmd htxj yctf, mzm hj tcj eztdtsz tsmz nm.   
         Fxx emx vjr tsytqmcfmttg qtk yjqe bxppl xjxengr. Xmld ptya emx nfndj   
         tyi pp bbwq lfhvpjw.                                                   
         45:Key 'pii': Ezse ewplayy olk s waledw njskq. Op zsgw fz avps oswjp   
         lzzkw rmqd af ezw mdsnc kfald usxw xcge, mml hw scw dzgctfy tflz al.   
         Fkw ezw vwq tfxtdlcsltgf qgj ywpe owpck xwweafr. Kllq otlz ezw nsmdw   
         syv op oawd kfuupwv.                                                   
         46:Key 'rpi': Cssc xwneawr ojd s utlcww lcsij. On ssep fx tvnl oqpjn   
         ezxdw pfqb tf csw kwslv kdtlb nsvp xaze, kfl fp sap dxzcryy rylx tl.   
         Ddw csw tpq ryxrwlallrzf ozj wppc hwnvk vpwctfp. Dljj orez csw llmbp   
         swo on hauw kdnunpv.                                                   
         47:Key 'gvi': Nmsn rwyyahl oux s fnlnqw wwstd. Oy mspj fi nvyf objjy   
         yzixw azqm nf nmw vqswp konlm hsgj xlte, vzl qj slj ditccsy csli nl.   
         Oxw nmw ejq csxcqllflctf ztj hjpn bwypk gjwnnfa. Xlud ocyz nmw wfmmj   
         shi oy bafq kohuyjv.                                                   
         48:Key 'zaj': Uhru mvftzog nbs r mikulv drray. Nf hrwe ep iufa nieif   
         typsv hupt ie uhv clrdk jvikt crne wsod, cuk xe rse cpobjnx jnkp ik.   
         Vsv uhv lep jnwjlksakjoe goi oeou wvfkj nevuieh. Skby njty uhv dalte   
         rod nf wzml jvctfeu.                                                   
         49:Key 'vjj': Yyry dvjkzsx nfj r qzkycv hirep. Nj yrav et zujr nmvij   
         kytjv llpx ze yyv gcrhb jzzkx trrv wwfd, glk bv rwv ctfbnex nekt zk.   
         Zjv yyv pvp newnckwrknfe kfi svoy nvjbj rvvyzel. Jkfp nnky yyv hrlxv   
         rsu nj nzqc jzttjvu.                                                   
         50:Key 'zgk': Ubqu gufnyoa mbm q mcjufu dlqas. Mf bqwy dp ctfu miyhf   
         nxpmu hoot cd ubu cfqde ivcjt wqny vsic, coj xy qsy bpiajhw jhjp cj.   
         Vmu ubu lyo jhvjfjsujjid gih oynu qufei nyuucdh. Mjbs mjnx ubu dukty   
         qox mf qymf ivwsfyt.                                                   
         51:Key 'ocl': Ffpf ktqrxze lmq p xgifjt opplw. Lq fphc ca gsqy ltcgq   
         rwaqt ssne gc fft njpoi hggie apyc udmb, nsi ic pdc aamzulv ulia gi.   
         Gqt fft wcn uluujidyiumc rmg zcmf utqih yctfgcs. Qimw lurw fft oyjec   
         pzb lq uxxj hgarqcs.                                                   
         52:Key 'zkl': Uxpu ctfjxow lbi p myiubt dhpao. Lf xpwu cp ysfq liugf   
         jwpit hknt yc uxt cbpda hvyit spnu useb, cki xu psu apezjdv jdip yi.   
         Vit uxt lun jdujbisqijec geg oumu mtfah nutuych. Iibo ljjw uxt dqjtu   
         pot lf mxmb hvsrfus.                                                   
         53:Key 'zul': Unpu stfzxom lby p moiurt dxpae. Lf npwk cp osfg likgf   
         zwpyt hant oc unt crpdq hvoit ipnk usub, cai xk psk apuzjtv jtip oi.   
         Vyt unt lkn jtujrisgijuc gug okmu ctfqh nktuoch. Yibe ljzw unt dgjtk   
         poj lf cxmr hvirfks.                                                   
         54:Key 'dlm': Qwoq bsbiwkv kxh o ixhqas zgown. Kb wost bl xrbp ketfb   
         ivlhs djmp xb qws yaozz grxhp rojt toda, yjh tt oot zldyfcu fchl xh.   
         Rhs qws htm fctfahophfdb cdf ktlq lsbzg jtsqxbd. Hhxn kfiv qws zpipt   
         oks kb lwia grrqbtr.                                                   
         55:Key 'flm': Owoo bsziwiv kvh o gxhoas xgoun. Kz woqt bj xrzp kctfz   
         ivjhs bjmn xb ows waoxz gpxhn roht tmda, wjh rt omt zjdydcu dchj xh.   
         Phs ows ftm dctdahmphddb adf itlo lszzg htsoxbb. Hhvn kdiv ows xpint   
         ois kz lwga gprqztr.                                                   
         56:Key 'dvm': Qmoq rsbywkl kxx o inhqqs zwowd. Kb mosj bl nrbf kejfb   
         yvlxs dzmp nb qms yqozp grnhp hojj tota, yzh tj ooj zltyfsu fshl nh.   
         Rxs qms hjm fstfqhofhftb ctf kjlq bsbpg jjsqnbd. Xhxd kfyv qms zfipj   
         oki kb bwiq grhqbjr.                                                   
         57:Key 'jin': Kznk ervlvey jrk n cagkdr tjnqq. Jv znmw af aqvs jywev   
         lufkr xmlj aa kzr sdntc flagj undw sigz, smg nw niw yfgxzft zfgf ag.   
         Lkr kzr bwl zfszdgisgzga wge ewkk orvcf dwrkaax. Kgrq jzlu kzr tshjw   
         nev jv ovcd flupvwq.                                                   
         58:Key 'zbo': Ugmu lqfsuof ibr m mhfukq dqmax. If gmwd zp hpfz iiddf   
         stprq htkt hz ugq ckmdj evhft bmnd rsny, ctf xd msd xpnwjms jmfp hf.   
         Vrq ugq ldk jmrjkfszfjnz gnd odju vqfje ndquhzh. Rfbx ijst ugq dzgtd   
         moc if vumk evbofdp.                                                   
         59:Key 'pho': Eame fqpmuyz ill m wbfeeq nkmkr. Ip amgx zz bppt isxdp   
         mtzlq rnkd bz eaq memnd efbfd vmxx rchy, mnf hx mcx xzhwtgs tgfz bf.   
         Flq eaq vxk tgrtefctfthz qhd yxje pqpde xxqebzr. Lflr itmt eaq ntgdx   
         myw ip puwe efvopxp.                                                   
         60:Key 'jpo': Ksmk xqveuer ird m ctfkwq tcmqj. Iv smmp zf tpvl iypdv   
         etfdq xfkj tz ksq swmtv eltfj nmdp rizy, sff np mip xfzwzys zyff tf.   
         Ldq ksq bpk zyrzwfilfzzz wzd epjk hqvve dpqktzx. Dfrj izet ksq tlgjp   
         meo iv hucw elnovpp.                                                   
         61:Key 'spo': Bsmb xqmeuvr iid m ttfbwq kcmhj. Im smdp zw tpml ippdm   
         etwdq ofka tz bsq jwmkv ectfa nmup rzzy, jff ep mzp xwzwqys qyfw tf.   
         Cdq bsq spk qyrqwfzlfqzz nzd vpjb hqmve upqbtzo. Dfij iqet bsq klgap   
         mvo im hutw ecnompp.                                                   
         62:Key 'jro': Kqmk vqvcuep irb m crfkuq tamqh. Iv qmmn zf rpvj iyndv   
         ctfbq xdkj rz kqq sumtt elrfj lmdn rixy, sdf nn min xfxwzws zwff rf.   
         Lbq kqq bnk zwrzufijfzxz wxd enjk fqvte dnqkrzx. Bfrh izct kqq tjgjn   
         mem iv fucu ellovnp.                                                   
         63:Key 'gso': Npmn uqybuho iua m fqfntq wzmtg. Iy pmpm zi qpyi ibmdy   
         btiaq ackm qz npq vtmws eoqfm kmgm rlwy, vcf qm mlm xiwwcvs cvfi qf.   
         Oaq npq emk cvrctflifcwz zwd hmjn eqyse gmqnqza. Afug icbt npq wigmm   
         mhl iy euft eokoymp.                                                   
         64:Key 'guo': Nnmn sqyzuhm iuy m fofnrq wxmte. Iy nmpk zi opyg ibkdy   
         ztiyq aakm oz nnq vrmwq eoofm imgk rluy, vaf qk mlk xiuwcts ctfi of.   
         Oyq nnq ekk ctrcrflgfcuz zud hkjn cqyqe gkqnoza. Yfue iczt nnq wggmk   
         mhj iy cufr eoioykp.                                                   
         65:Key 'ahp': Talt fpemtnz hal l lbetep cklzr. He alvx yo boet hhxce   
         msolp gnjs by tap belcd dubes vlmx qrhx, bne wx lrx wohvigr igeo be.   
         Ulp tap kxj igqieerteihy fhc nxit ppedd mxptbyg. Lear hims tap ctfsx   
         lnw he ptle duvnexo.                                                   
         66:Key 'irp': Lqll vpwctfp hsb l drelup ualrh. Hw qlnn yg rowj hzncw   
         csgbp ydjk ry lqp tulut dmrek llen qjxx, tde on ljn wgxvawr aweg re.   
         Mbp lqp cnj awqauejjeaxy xxc fnil fpwtd enplryy. Besh hacs lqp ujfkn   
         lfm hw ftdu dmlnwno.                                                   
         67:Key 'gup': Nnln spyzthm huy l foenrp wxlte. Hy nlpk yi ooyg hbkcy   
         zsiyp aajm oy nnp vrlwq dooem ilgk qlux, vae qk llk wiuvctr ctei oe.   
         Oyp nnp ekj ctqcrelgecuy zuc hkin cpyqd gkpnoya. Yeue hczs nnp wgfmk   
         lhj hy ctfr doinyko.                                                   
         68:Key 'bdq': Seks jodqsmd gzp k kfdsio bokyv. Gd ekub xn fndx ggbbd   
         qrnpo frir fx seo aikbh ctfdr zklb pqlw, ard vb kqb vnluhkq hkdn fd.   
         Tpo seo jbi hkphidqxdhlx elb mbhs todhc lbosfxf. Pdzv ghqr seo bxerb   
         kma gd tski ctzmdbn.                                                   
         69:Key 'bxq': Skks podwsmj gzv k kldsoo bukyb. Gd kkuh xn lndd gghbd   
         wrnvo fxir lx sko aokbn ctldr fklh pqrw, axd vh kqh vnruhqq hqdn ld.   
         Tvo sko jhi hqphodqddhrx erb mhhs zodnc lhoslxf. Vdzb ghwr sko bderh   
         kmg gd zsko ctfmdhn.                                                   
         70:Key 'agr': Tbjt gnenrna fam j lcctfn cljzs. Fe bjvy wo cmeu fhyae   
         nqomn gohs cw tbn bfjce buccs wjmy oriv, boc wy jry uoitihp ihco cc.   
         Umn tbn kyh ihoifcruciiw fia nygt qneeb myntcwg. Mcas finq tbn cudsy   
         jnx fe qrlf buwleym.                                                   
         71:Key 'pjr': Eyje dnpkryx flj j wzcecn nijkp. Fp yjgv wz zmpr fsvap   
         kqzjn rlhd zw eyn mcjnb bfzcd tjxv ocfv, mlc hv jcv uzfttep tecz zc.   
         Fjn eyn vvh teotcccrctfw qfa yvge nnpbb xvnezwr. Jclp ftkq eyn nrddv   
         jyu fp nrwc bftlpvm.                                                   
         72:Key 'dmr': Qvjq anbhrku fxg j iwcqzn zfjwm. Fb vjss wl wmbo fesab   
         hqlgn dihp ww qvn yzjzy brwcp qjjs oocv, yic ts jos ulctfbp fbcl wc.   
         Rgn qvn hsh fbofzcoocfcw cca ksgq knbyb jsnqwwd. Gcxm ffhq qvn zodps   
         jkr fb kriz brqlbsm.                                                   
         73:Key 'htr': Mojm tnxargn ftz j epcmsn vyjsf. Fx ojol wh pmxh falax   
         aqhzn zbhl pw mon usjvr bnpcl jjfl okvv, ubc pl jkl uhvtbup buch pc.   
         Nzn mon dlh buobsckhcbvw yva glgm dnxrb flnmpwz. Zctf fbaq mon vhdll   
         jgk fx dres bnjlxlm.                                                   
         74:Key 'yvr': Vmjv rngyrpl fcx j nncvqn ewjbd. Fg mjxj wq nmgf fjjag   
         yqqxn izhu nw vmn dqjep bwncu hjoj ottv, dzc yj jtj uqttksp kscq nc.   
         Wxn vmn mjh ksokqctfcktw hta pjgv bngpb ojnvnwi. Xccd fkyq vmn efduj   
         jpi fg brnq bwhlgjm.                                                   
         75:Key 'lls': Iwii bmtiqcv eph i axbiam rgion. Et wikt vd xltp ewtzt   
         ipdhm vjgh xv iwm qairz ajxbh ribt ngdu, qjb lt igt tddsxco xcbd xb.   
         Jhm iwm ztg xcnxabgpbxdv udz ctfi lmtza btmixvv. Hbpn exip iwm rpcht   
         ics et lqaa ajrkttl.                                                   
         76:Key 'zzs': Uiiu nmfuqoh ebt i mjbumm dsiaz. Ef iiwf vp jlfb eifzf   
         upptm hvgt jv uim cmidl avjbt dinf nspu, cvb xf isf tppsjoo jobp jb.   
         Vtm uim lfg jonjmbsbbjpv gpz offu xmfla nfmujvh. Tbbz ejup uim dbctf   
         ioe ef xqmm avdkffl.                                                   
         77:Key 'ebt': Pghp llaspjf dwr h hhapkl yqhvx. Da ghrd uk hkaz dddya   
         sokrl ctfo hu pgl xkhyj zqhao bhid mnnt, xta sd hnd sknremn emak ha.   
         Qrl pgl gdf emmekanzaenu bny jdep vlajz idlphuc. Rawx deso pgl yzbod   
         hjc da vphk zqbjadk.                                                   
         78:Key 'ilt': Lwhl blwipfv dsh h dxalal ughrn. Dw whnt ug xkwp dztyw   
         ioghl yjfk xu lwl tahuz zmxak rhet mjdt, tja ot hjt sgdracn acag xa.   
         Mhl lwl ctf acmaaajpaadu xdy ftel llwzz etllxuy. Hasn daio lwl upbkt   
         hfs dw lpda zmrjwtk.                                                   
         79:Key 'bgu': Sbgs gkdnoma czm g kczsfk blgys. Cd bguy tn cjdu cgyxd   
         nnnmk foer ct sbk afgbe ytczr wgly lqis, aoz vy gqy rniqhhm hhzn cz.   
         Tmk sbk jye hhlhfzquzhit eix myds qkdey lyksctf. Mzzs chnn sbk buary   
         gmx cd qokf ytwidyj.                                                   
         80:Key 'hnu': Mugm zkxgogt ctf g evzmyk vegsl. Cx ugor th vjxn carxx   
         gnhfk zhel vt muk uygvx ynvzl pgfr lkbs, uhz pr gkr rhbqbam bazh vz.   
         Nfk muk dre balbyzknzbbt ybx grdm jkxxy frkmvtz. Fztl cbgn muk vnalr   
         ggq cx joey ynpixrj.                                                   
         81:Key 'pou': Etge ykpfoys cle g wuzexk ndgkk. Cp tggq tz ujpm csqxp   
         fnzek rged ut etk mxgnw yfuzd ogxq lcas, mgz hq gcq rzaqtzm tzzz uz.   
         Fek etk vqe tzltxzcmztat qax yqde ikpwy xqkeutr. Ezlk ctfn etk nmadq   
         gyp cp iowx yfoipqj.                                                   
         82:Key 'ozu': Figf nkquozh cmt g xjzfmk osglz. Cq ighf ta jjqb ctfxq   
         unatk svee jt fik nmgol ygjze dgyf ldps, nvz if gdf rapquom uoza jz.   
         Gtk fik wfe uolumzdbzupt rpx zfdf xkqly yfkfjts. Tzmz cuun fik obaef   
         gze cq xoxm ygdiqfj.                                                   
         83:Key 'rov': Ctfc yjnfnws bje f uuycxj ldfik. Bn tfeq sx uinm bqqwn   
         fmxej pgdb us ctj kxflw xduyb ofvq kaar, kgy fq faq qxaprzl rzyx uy.   
         Dej ctj tqd rzkrxyamyras oaw wqcc ijnwx vqjcusp. Eyjk brfm ctj lmzbq   
         fwp bn inux xdohnqi.                                                   
         84:Key 'zsv': Upfu ujfbnoo bba f mqyutj dzfag. Bf pfwm sp qifi bimwf   
         bmpaj hcdt qs upj ctfds xvqyt kfnm kswr, ccy xm fsm qpwpjvl jvyp qy.   
         Vaj upj lmd jvkjtysiyjws gww omcu ejfsx nmjuqsh. Aybg bjbm upj diztm   
         fol bf enmt xvkhfmi.                                                   
         85:Key 'ayv': Tjft ojevnni bau f lkytnj ctfza. Be jfvg so kiec bhgwe   
         vmouj gwds ks tjj bnfcm xukys efmg krqr, bwy wg frg qoqpipl ipyo ky.   
         Uuj tjj kgd ipkinyrcyiqs fqw ngct yjemx mgjtksg. Uyaa bivm tjj cczsg   
         fnf be ynln xuehegi.                                                   
         86:Key 'tex': Adda ihlpluc zho d sewahh jndgu. Zl ddca qv eglw zoaul   
         pkvoh nqbz eq adh ihdjg vbewz ydta iykp, iqw da dya ovknpjj pjwv ew.   
         Boh adh rab pjiphwywwpkq mku uaaa shlgv tahaeqn. Owhu zppk adh jwxza   
         duz zl slsh vbyflag.                                                   
         87:Key 'sjx': Bydb dhmklvx zij d tzwbch kidhp. Zm yddv qw zgmr zpvum   
         kkwjh olba zq byh jcdkb vczwa tduv izfp, jlw ev dzv owfnqej qeww zw.   
         Cjh byh svb qeiqcwzrwqfq nfu vvab nhmbv uvhbzqo. Jwip zqkk byh krxav   
         dvu zm nltc vctfmvg.                                                   
         88:Key 'zcy': Ufcu kgfrkoe ybq c mgvujg dpcaw. Yf fcwc pp gffy yictf   
         rjpqg hsat gp ufg cjcdi uvgvt acnc hsmo, csv xc csc npmmjli jlvp gv.   
         Vqg ufg lca jlhjjvsyvjmp gmt oczu ugfiu ncgugph. Qvbw yjrj ufg dywtc   
         cob yf ukmj uvaefcf.                                                   
         89:Key 'jfy': Kcck hgvokeb yrn c cdvkgg tmcqt. Yv ccmz pf dfvv yyztv   
         ojfng xpaj dp kcg sgctf uldvj xcdz hijo, spv nz ciz nfjmzii zivf dv.   
         Lng kcg bza zihzgvivvzjp wjt ezzk rgvfu dzgkdpx. Nvrt yzoj kcg tvwjz   
         cey yv rkcg ulxevzf.                                                   
         90:Key 'cly': Rwcr bgciklv yyh c jxvrag agcxn. Yc wctt pm xfcp yfttc   
         ijmhg ejaq xp rwg zacaz usxvq rckt hpdo, zjv ut cpt nmdmgci gcvm xv.   
         Shg rwg ita gchgavppvgdp ddt ltzr lgczu ktgrxpe. Hvyn ygij rwg apwqt   
         cls yc lkja usrectf.                                                   
         91:Key 'gty': Nocn tgyakhn yuz c fpvnsg wyctf. Yy ocpl pi pfyh yblty   
         ajizg abam pp nog vscwr uopvm jcgl hlvo, vbv ql cll nivmcui cuvi pv.   
         Ozg nog ela cuhcsvlhvcvp zvt hlzn dgyru glgnppa. Zvuf ycaj nog whwml   
         chk yy dkfs uojeylf.                                                   
         92:Key 'uyy': Zjcz ogkvkti ygu c rkvzng itcfa. Yk jcbg pu kfkc yngtk   
         vjuug mway kp zjg hncim uakvy ecsg hxqo, hwv cg cxg nuqmopi opvu kv.   
         Aug zjg qga ophonvxcvoqp lqt tgzz ygkmu sggzkpm. Uvga yovj zjg icwyg   
         ctf yk ykrn uaeekgf.                                                   
         93:Key 'czy': Ricr ngcuklh yyt c jjvrmg ascxz. Yc ictf pm jfcb yfftc   
         ujmtg evaq jp rig zmcal usjvq dckf hppo, zvv uf cpf nmpmgoi govm jv.   
         Stg rig ifa gohgmvpbvgpp dpt lfzr xgclu kfgrjpe. Tvyz yguj rig abwqf   
         cle yc xkjm usdecff.                                                   
         94:Key 'tzy': Aica nglukuh yht c sjvamg jscgz. Yl iccf pv jflb yoftl   
         ujvtg nvaz jp aig imcjl ubjvz dctf hypo, ivv df cyf nvpmpoi povv jv.   
         Btg aig rfa pohpmvybvppp mpt ufza xgllu tfgajpn. Tvhz ypuj aig jbwzf   
         cue yl xksm ubdelff.                                                   
         95:Key 'yzy': Vicv nggukph yct c njvvmg escbz. Yg icxf pq jfgb yjftg   
         ujqtg ivau jp vig dmcel uwjvu dcof htpo, dvv yf ctf nqpmkoi kovq jv.   
         Wtg vig mfa kohkmvtbvkpp hpt pfzv xgglu ofgvjpi. Tvcz ykuj vig ebwuf   
         cpe yg xknm uwdegff.                                                   
         96:Key 'klz': Jwbj bfuijdv xqh b bxujaf sgbpn. Xu wblt oe xeup xxtsu   
         iiehf wjzi xo jwf rabsz tkxui rbct ghdn, rju mt bht medlych ycue xu.   
         Khf jwf atz ycgyauhpuydo vds dtyj lfuzt ctfjxow. Huqn xyii jwf spvit   
         bds xu ljba tkrdute.                                                   
         97:Key 'roz': Ctbc yfnfjws xje b uuucxf ldbik. Xn tbeq ox uenm xqqsn   
         fixef pgzb uo ctf kxblw tduub obvq gaan, kgu fq baq mxalrzh rzux uu.   
         Def ctf tqz rzgrxuamurao oas wqyc ifnwt vqfcuop. Eujk xrfi ctf lmvbq   
         bwp xn ijux tdodnqe.                                                   
         98:Key 'rsz': Cpbc ufnbjwo xja b uquctf lzbig. Xn pbem ox qeni xqmsn   
         bixaf pczb qo cpf ktbls tdqub kbvm gawn, kcu fm bam mxwlrvh rvux qu.   
         Daf cpf tmz rvgrtuaiurwo ows wmyc efnst vmfcqop. Aujg xrbi cpf livbm   
         bwl xn ejut tdkdnme.                                                   
         99:Key 'mzz': Hibh nfsujbh xot b zjuhmf qsbnz. Xs ibjf oc jesb xvfss   
         uictf uvzg jo hif pmbql tijug dbaf gfpn, pvu kf bff mcplwoh wouc ju.   
         Itf hif yfz wogwmufbuwpo tps bfyh xfslt affhjou. Tuoz xwui hif qbvgf   
         bbe xs xjzm tiddsfe.                                                   
         100:Key 'szz': Bibb nfmujvh xit b tjubmf ksbhz. Xm ibdf ow jemb xpfsm  
         uiwtf ovza jo bif jmbkl tcjua dbuf gzpn, jvu ef bzf mwplqoh qouw ju.   
         Ctf bif sfz qogqmuzbuqpo nps vfyb xfmlt uffbjoo. Tuiz xqui bif kbvaf   
         bve xm xjtm tcddmfe.                                                   
         101:                                                                   
         102:Atbash of text: Gszg nvvgrmt dzh z orggov xizab. Dv szev ml rwvz   
         dsviv gslhv tfbh rm gsv yozxp hfrgh xznv uiln, yfg dv ziv ollprmt rmgl 
         rg. Fhv gsv pvb rmurogizgrlm uli mvcg dvvph nvvgrmt. Hgzb drgs gsv     
         xzfhv zmw dv droo hfxxvvw.                                             
         103:ROT13 of text: Gung zrrgvat jnf n yvggyr penml. Jr unir ab vqrn    
         jurer gubfr thlf va gur oynpx fhvgf pnzr sebz, ohg jr ner ybbxvat vagb 
         vg. Hfr gur xrl vasvygengvba sbe arkg jrrxf zrrgvat. Fgnl jvgu gur     
         pnhfr naq jr jvyy fhpprrq.                                             
         104:                                                                   
         105:=== Caesar shifts ===                                              
         106:                                                                   
         107:First letters of sentences: TWUS                                   
         108:                                                                   
         109:=== Character extraction with key ===                              
         110:Every 12 chars starting at 0: T eh    boiktttiel                   
         111:Every 12 chars starting at 1: hw awgbcuotei it                     
         112:Every 12 chars starting at 2: aacvhulatk.yownhas                   
         113:Every 12 chars starting at 3: tsreeyam i  neg nu                   
         114:Every 12 chars starting at 4:   a rscewnUi e.tdc                   
         115:                                                                   
         116:=== Columnar transposition decrypt ===                             
         117:Key order: [7, 2, 0, 3, 9, 4, 1, 11, 10, 6, 5, 8]                  
         118:Alpha text length: 168                                             
         119:Cols: 12, Rows: 14                                                 
         120:Columnar transposition:                                            
         hoaeeweTdeaeaoltfikhwbttvkihrtsaeliheitoohmtwaoenntsmtemicnkoglebheelkf
         eiieguetelsoydncutcitsurietrywaniuinnaoaseugnctefwiziasSgcsxihtynretwec
         tleUWteaaaeawtrsehlnysdmer                                             
         (Open file: /output/python3_decode9_py__1788206188633)                 
         (Current directory: /__tmp__enigma-crypto4-5z01tkca__repo)             
         (Interactive session: n/a)                                             
         bash-$                                                                 
INFO     Messages API request start: model=glm52_10 messages=1 timeout=1170.0s  
         max_tokens=8192 native_tools=False thinking=auto shape=[{'role':       
         'user', 'type': 'str', 'chars': 65265}]                                
INFO     Messages API response received: status=200 elapsed=69.2s               
DEBUG    input_tokens=30,145, output_tokens=2,276, instance_cost=0.00, cost=0.00
DEBUG    total_tokens_sent=499,873, total_tokens_received=44,337,               
         total_cost=0.00, total_api_calls=45                                    
INFO     Messages API request start: model=glm52_10 messages=5 timeout=1170.0s  
         max_tokens=8192 native_tools=False thinking=auto shape=[{'role':       
         'user', 'type': 'str', 'chars': 7834}, {'role': 'assistant', 'type':   
         'str', 'chars': 160}, {'role': 'user', 'type': 'str', 'chars': 23425}, 
         {'role': 'assistant', 'type': 'str', 'chars': 73}, {'role': 'user',    
         'type': 'str', 'chars': 19793}]                                        
INFO     Messages API response received: status=200 elapsed=241.7s              
WARNING  Messages API empty response: keys=['content', 'id', 'model', 'role',   
         'stop_reason', 'type', 'usage'] block_types=['thinking']               
         stop_reason=max_tokens usage={'input_tokens': 25279, 'output_tokens':  
         8192}                                                                  
WARNING  Messages API returned thinking-only max_tokens; retrying with thinking 
         disabled                                                               
DEBUG    input_tokens=25,273, output_tokens=808, instance_cost=0.00, cost=0.00  
DEBUG    total_tokens_sent=525,146, total_tokens_received=45,145,               
         total_cost=0.00, total_api_calls=46                                    
INFO     濠电姷顣藉Σ鍛村磻閹捐泛绶ゅù鐘差儏閻ゎ喗銇勯弽銊х焼闁?THOUGHT (primary)
         DISCUSSION                                                             
         None of the previous approaches found the flag. Let me try several new 
         approaches: XOR, Beaufort cipher, Autokey cipher, and also try Vigenere
         on just the first letters of each word. Let me also look at the raw    
         bytes more carefully and try some other ideas.                         
                                                                                
INFO     濠电姷顣藉Σ鍛村磻閹捐泛绶ゅù鐘差儏閻ゎ喗銇勯幇鈺佲偓妤佺▔?ACTION       
         (primary)                                                              
         cat > decode10.py << 'PYEOF'                                           
         import base64                                                          
                                                                                
         with open('chall.txt', 'r') as f:                                      
             data = f.read().strip()                                            
                                                                                
         decoded = base64.b64decode(data)                                       
         text = decoded.decode('latin-1')                                       
         key = "infiltration"                                                   
                                                                                
         print("=== Raw bytes ===")                                             
         print(repr(decoded))                                                   
         print()                                                                
                                                                                
         # XOR with key                                                         
         print("=== XOR with key 'infiltration' ===")                           
         xor_result = bytes([decoded[i] ^ ord(key[i % len(key)]) for i in       
         range(len(decoded))])                                                  
         print(repr(xor_result))                                                
         print(xor_result.decode('latin-1'))                                    
         print()                                                                
                                                                                
         # Beaufort cipher (key - cipher mod 26)                                
         print("=== Beaufort cipher ===")                                       
         alpha_only = ''.join(c for c in text if c.isalpha())                   
         beaufort = ''                                                          
         for i, c in enumerate(alpha_only):                                     
             if c.isupper():                                                    
                 beaufort += chr((ord(key[i % len(key)].upper()) - ord(c)) % 26 
         + ord('A'))                                                            
             else:                                                              
                 beaufort += chr((ord(key[i % len(key)].lower()) - ord(c)) % 26 
         + ord('a'))                                                            
         print(beaufort)                                                        
         print()                                                                
                                                                                
         # Autokey cipher decrypt                                               
         print("=== Autokey cipher decrypt ===")                                
         autokey = ''                                                           
         full_key = key.lower()                                                 
         for i, c in enumerate(alpha_only):                                     
             if i < len(full_key):                                              
                 k = full_key[i]                                                
             else:                                                              
                 k = autokey[i - len(full_key)].lower()                         
             if c.isupper():                                                    
                 autokey += chr((ord(c) - ord(k)) % 26 + ord('A'))              
             else:                                                              
                 autokey += chr((ord(c) - ord(k)) % 26 + ord('a'))              
         print(autokey)                                                         
         print()                                                                
                                                                                
         # Vigenere on first letters of each word                               
         print("=== First letters of each word ===")                            
         words = text.split()                                                   
         first_letters = ''.join(w[0] for w in words if w)                      
         print("First letters:", first_letters)                                 
         vig_first = ''                                                         
         for i, c in enumerate(first_letters):                                  
             k = key[i % len(key)]                                              
             if c.isupper():                                                    
                 vig_first += chr((ord(c) - ord(k.upper())) % 26 + ord('A'))    
             else:                                                              
                 vig_first += chr((ord(c) - ord(k.lower())) % 26 + ord('a'))    
         print("Vigenere decrypt of first letters:", vig_first)                 
         print()                                                                
                                                                                
         # Try Vigenere encrypt of first letters                                
         vig_enc_first = ''                                                     
         for i, c in enumerate(first_letters):                                  
             k = key[i % len(key)]                                              
             if c.isupper():                                                    
                 vig_enc_first += chr((ord(c) + ord(k.upper()) - 2*ord('A')) %  
         26 + ord('A'))                                                         
             else:                                                              
                 vig_enc_first += chr((ord(c) + ord(k.lower()) - 2*ord('a')) %  
         26 + ord('a'))                                                         
         print("Vigenere encrypt of first letters:", vig_enc_first)             
         print()                                                                
                                                                                
         # Try the key as a simple shift on each word's first letter            
         print("=== Shift first letters by key position ===")                   
         for shift in range(26):                                                
             shifted = ''.join(chr((ord(c.lower()) - ord('a') + shift) % 26 +   
         ord('a')) for c in first_letters)                                      
             if 'flag' in shifted or 'ctf' in shifted:                          
                 print(f"Shift {shift}: {shifted}")                             
                                                                                
         PYEOF                                                                  
         python3 decode10.py                                                    
                                                                                
INFO     濠电姷顣藉Σ鍛村磻閹捐泛绶ゅù鐘差儏缁愭鎱ㄥ鍡楀姦?MODEL INPUT         
         === Raw bytes ===                                                      
         b'\n*az\xbb^\xc6\xd5F\x86\x17B\x06\xd6VWF\x96\xe6r\x07v\x172\x06\x12\x0
         6\xc6\x97GF\xc6R\x067&\x17\xa7\x92\xe2\x05vR\x06\x86\x17fR\x06\xe6\xf2\
         x06\x96FV\x12\x07v\x86W&R\x07F\x86\xf76R\x06wW\x972\x06\x96\xe2\x07F\x8
         6R\x06&\xc6\x166\xb2\x077V\x97G2\x066\x16\xd6R\x06g&\xf6\xd2\xc2\x06\'W
         B\x07vR\x06\x17&R\x06\xc6\xf6\xf6\xb6\x96\xe6r\x06\x96\xe7F\xf2\x06\x97
         B\xe2\x05W6R\x07F\x86R\x06\xb6W\x92\x06\x96\xe6f\x96\xc7G&\x17F\x96\xf6
         \xe2\x06f\xf7"\x06\xe6W\x87B\x07vVV\xb9\'2\x06\xd6VWF\x96\xe6r\xe2\x057
         F\x17\x92\x07v\x97F\x82\x07F\x86R\x066\x17W6R\x06\x16\xe6B\x07vR\x07v\x
         96\xc6\xc2\x077V66VVB\xe0'                                             
                                                                                
         === XOR with key 'infiltration' ===                                    
         b'cD\x07\x13\xd7*\xb4\xb42\xefx,o\xb80>*\xe2\x94\x13s\x1fx\\o|`\xaf\xfb
         34\xa7&oXH~\xc9\xf4\x8bi\x02                                           
         g\xf2~\t<o\x88\x94o\xfa2$ss\x1f\xe99O<a/\xea\x83D3r\x1e8\xf9[h\xf0\x8bk
         2\xf43rO\xa9x_\xdca^:\xe35Sr_y\xb8;h\x01O\x9a\xa6\xb0gS>-i\x1f<`~J&t\xa
         7\x82\x9f\xd9\xf8\x8f\x1c`\xff\x8b2\x80g\xe3+\x8dk>X4n*\xf2            
         g\xc2>\xfdh\xff\x88\x00\xff\xab3Tv2\xff\x99\x8co\x08\x91Kj\x92%\xe66n\x
         198?\xd7A[j\xa2$62\xff\x89\x1c\x8bkQ/{\xe6u\x17\xe3/\xedi/\xe84oZc%W&oy
         \x88+i\x10;k\x02\xe4\xa7\xb6nX8_X0?.\x94'                              
         cD×*´´2ïx,o¸0>*âsx\o|`¯û34§&oXH~Éôi gò~ <ooú2$ssé9O<a/êD3r             
         8ù[hðk2ô3rO©x_Üa^:ã5Sr_y¸;hO¦°gS>-i<`~J&t§Ùø                           
         `ÿ2gã+k>X4n*ò gÂ>ýhÿ ÿ«3Tv2ÿoKj%æ6n8?×A[j¢$62ÿ                          
         kQ/{æuã/íi/è4oZc%W&oy+i;kä§¶nX8_X0?.                                   
                                                                                
         === Beaufort cipher ===                                                
         ioCQGSYFXDlwnKZDICsfCdXktIKnPCMJxMpIRKKCSClhEJSMnWOFsaojpDzMjRODUXovPCJ
         ujicMKyWFANSIfwgDqOMJXRlMnWkFMYWFSl                                    
                                                                                
         === Autokey cipher decrypt ===                                         
         smSEOCWPXRpedLIVJJdgOoWzmOHaHCWFiCdAZJIAGJkoBRNVwCDXnktddIcAdOICYGkcVSX
         twrvOXpFNSXTGhaeLyKUYYOkPoLrMVFVRXj                                    
                                                                                
         === First letters of each word ===                                     
         First letters: *                                                       
         Vigenere decrypt of first letters: p                                   
                                                                                
         Vigenere encrypt of first letters: f                                   
                                                                                
         === Shift first letters by key position ===                            
         (Open file: /output/python3_decode9_py__1788206188633)                 
         (Current directory: /__tmp__enigma-crypto4-5z01tkca__repo)             
         (Interactive session: n/a)                                             
         bash-$                                                                 
INFO     Messages API request start: model=glm52_10 messages=1 timeout=1170.0s  
         max_tokens=8192 native_tools=False thinking=auto shape=[{'role':       
         'user', 'type': 'str', 'chars': 84851}]                                
INFO     Messages API response received: status=200 elapsed=247.8s              
WARNING  Messages API empty response: keys=['content', 'id', 'model', 'role',   
         'stop_reason', 'type', 'usage'] block_types=['thinking']               
         stop_reason=max_tokens usage={'input_tokens': 36095, 'output_tokens':  
         8192}                                                                  
WARNING  Messages API returned thinking-only max_tokens; retrying with thinking 
         disabled                                                               
DEBUG    input_tokens=36,089, output_tokens=2,725, instance_cost=0.00, cost=0.00
DEBUG    total_tokens_sent=561,235, total_tokens_received=47,870,               
         total_cost=0.00, total_api_calls=47                                    
INFO     Messages API request start: model=glm52_10 messages=5 timeout=1170.0s  
         max_tokens=8192 native_tools=False thinking=auto shape=[{'role':       
         'user', 'type': 'str', 'chars': 10731}, {'role': 'assistant', 'type':  
         'str', 'chars': 73}, {'role': 'user', 'type': 'str', 'chars': 19793},  
         {'role': 'assistant', 'type': 'str', 'chars': 2804}, {'role': 'user',  
         'type': 'str', 'chars': 1950}]                                         


stderr:


traceback:
Traceback (most recent call last):
  File "/data2/nfs/wangyingqi/Cyber-Zero/enigma-plus/scripts/ctfdojo_batch_generate.py", line 1308, in run_one_task
    result = subprocess.run(command, cwd=ENIGMA_ROOT, capture_output=True, text=True,
  File "/home/ubuntu/miniconda3/envs/enigma/lib/python3.10/subprocess.py", line 505, in run
    stdout, stderr = process.communicate(input, timeout=timeout)
  File "/home/ubuntu/miniconda3/envs/enigma/lib/python3.10/subprocess.py", line 1154, in communicate
    stdout, stderr = self._communicate(input, endtime, timeout)
  File "/home/ubuntu/miniconda3/envs/enigma/lib/python3.10/subprocess.py", line 2022, in _communicate
    self._check_timeout(endtime, orig_timeout, stdout, stderr)
  File "/home/ubuntu/miniconda3/envs/enigma/lib/python3.10/subprocess.py", line 1198, in _check_timeout
    raise TimeoutExpired(
subprocess.TimeoutExpired: Command '['/home/ubuntu/miniconda3/envs/enigma/bin/python', '/data2/nfs/wangyingqi/Cyber-Zero/enigma-plus/run.py', '--model_name', 'glm52_10', '--image_name', 'sweagent/enigma:latest', '--data_path', '/tmp/enigma-crypto4-5z01tkca/repo/challenge.json', '--repo_path', '/tmp/enigma-crypto4-5z01tkca/repo', '--config_file', 'config/default_ctf.yaml', '--per_instance_step_limit', '200', '--trajectory_path', '/data2/nfs/wangyingqi/Cyber-Zero/trajectories/ctfdojo_3traj_20260830_232646/traj_001/csawctf2011__crypto4-f2236c90b6/enigma_output/attempt-20260901T031025177579-57cae51c', '--messages_api_url', 'http://127.0.0.1:23106/v1/messages', '--messages_api_key', 'EMPTY']' timed out after 3600 seconds
